study,flowering,date,T2M_MAX,T2M_MIN,T2M,PRECTOTCORR,RH2M,T2M_RANGE,days,epidemic,T2MDEW
1,2011-09-18,2011-08-21,10.80431531723991,1.908780175176245,6.3565477462080775,0.3089999084444628,73.62204724409449,8.895535142063665,-28,0,-0.4
1,2011-09-18,2011-08-22,9.804528946806238,1.507156590472121,5.65584276863918,0.5973998229926565,84.25196850393701,8.297372356334117,-27,0,2
1,2011-09-18,2011-08-23,10.80431531723991,5.907925656910917,8.356120487075414,1.936399426252024,94.09448818897636,4.8963896603289925,-26,0,6.1
1,2011-09-18,2011-08-24,21.29779961546678,8.304849391155736,14.801324503311257,1.579332865382867,82.67716535433071,12.992950224311045,-25,0,9.1
1,2011-09-18,2011-08-25,21.29779961546678,12.70134586626789,16.999572740867336,3.756065553758361,83.07086614173228,8.59645374919889,-24,0,12.4
1,2011-09-18,2011-08-26,19.79384746848964,7.903225806451613,13.848536637470628,0,78.74015748031496,11.89062166203803,-23,0,9.5
1,2011-09-18,2011-08-27,29.29609057893612,11.30848109378338,20.30228583635975,0,72.04724409448819,17.98760948515274,-22,0,13.4
1,2011-09-18,2011-08-28,25.29694509720145,16.29886776329844,20.797906430249945,11.87246314889981,76.37795275590551,8.998077333903012,-21,0,15.6
1,2011-09-18,2011-08-29,22.28904080324717,14.30784020508438,18.298440504165775,7.031464583269752,90.5511811023622,7.981200598162788,-20,0,16.5
1,2011-09-18,2011-08-30,16.79448835718863,12.10318308053835,14.44883571886349,0.6935331278420449,91.73228346456692,4.691305276650279,-19,0,13
1,2011-09-18,2011-08-31,16.29886776329844,7.108523819696646,11.703695791497545,0.3433332316049587,62.20472440944881,9.190343943601793,-18,0,3.1
1,2011-09-18,2011-09-01,16.79448835718863,4.899594103823969,10.8470412305063,0,62.20472440944881,11.894894253364662,-17,0,2.7
1,2011-09-18,2011-09-02,21.79342020935697,3.506729331339457,12.650074770348214,0,61.41732283464566,18.286690878017513,-16,0,5.2
1,2011-09-18,2011-09-03,25.29694509720145,7.903225806451613,16.600085451826534,0,57.87401574803149,17.39371929074984,-15,0,7.9
1,2011-09-18,2011-09-04,29.29609057893612,13.90621662038026,21.60115359965819,0.4669331949827438,49.60629921259842,15.38987395855586,-14,0,10.7
1,2011-09-18,2011-09-05,25.29694509720145,10.10361033967101,17.70027771843623,5.795464949491873,77.55905511811024,15.193334757530442,-13,0,13.3
1,2011-09-18,2011-09-06,18.2898953215125,5.309762871181372,11.799829096346937,4.078798791467023,67.32283464566929,12.980132450331128,-12,0,4.5
1,2011-09-18,2011-09-07,17.29865413373211,7.706686605426191,12.502670369579151,0.3364665669728595,83.07086614173228,9.591967528305918,-11,0,8.9
1,2011-09-18,2011-09-08,16.29886776329844,12.30826746421705,14.303567613757744,0,92.51968503937007,3.9906002990813896,-10,0,12.5
1,2011-09-18,2011-09-09,18.80260628070925,12.70134586626789,15.751976073488567,2.101199377422404,88.58267716535433,6.101260414441359,-9,0,12.8
1,2011-09-18,2011-09-10,23.29737235633412,10.30869472334971,16.803033539841913,0.1098666341135868,79.13385826771653,12.988677632984407,-8,0,11.3
1,2011-09-18,2011-09-11,19.29822687459944,10.49668874172185,14.897457808160643,0,64.96062992125984,8.801538132877589,-7,0,8.2
1,2011-09-18,2011-09-12,26.28818628498184,9.308908352916044,17.79854731894894,0,53.54330708661416,16.9792779320658,-6,0,6.6
1,2011-09-18,2011-09-13,24.2886135441145,12.30826746421705,18.298440504165775,0,55.11811023622047,11.980346079897451,-5,0,9.2
1,2011-09-18,2011-09-14,23.29737235633412,6.903439436017944,15.100405896176031,0,69.68503937007874,16.393932920316175,-4,0,8.5
1,2011-09-18,2011-09-15,24.2886135441145,11.10339671010468,17.69600512710959,0,68.11023622047244,13.18521683400982,-3,0,9.6
1,2011-09-18,2011-09-16,27.79213843195898,13.30805383465072,20.550096133304848,0,70.47244094488188,14.48408459730826,-2,0,13.6
1,2011-09-18,2011-09-17,24.2886135441145,16.49540696432386,20.39201025421918,0.4669331949827438,79.5275590551181,7.793206579790642,-1,0,15.5
1,2011-09-18,2011-09-18,23.79299295022431,17.29865413373211,20.54582354197821,1.565599536118668,87.79527559055117,6.494338816492199,0,0,16.6
1,2011-09-18,2011-09-19,19.79384746848964,16.1108737449263,17.95236060670797,4.42899868770408,94.48818897637796,3.682973723563339,1,0,16.2
1,2011-09-18,2011-09-20,19.79384746848964,12.30826746421705,16.051057466353345,23.9234595782342,86.22047244094487,7.485580004272592,2,0,11.8
1,2011-09-18,2011-09-21,22.80175176244392,9.103823969237345,15.952787865840632,0,73.62204724409449,13.697927793206578,3,0,8.3
1,2011-09-18,2011-09-22,26.28818628498184,10.70177312540056,18.4949797051912,0,66.53543307086613,15.58641315958128,4,0,10.5
1,2011-09-18,2011-09-23,19.29822687459944,12.90643024994659,16.102328562273016,4.882198553422654,87.79527559055117,6.39179662465285,5,0,13.7
1,2011-09-18,2011-09-24,19.29822687459944,11.90664387951292,15.60243537705618,0,79.13385826771653,7.39158299508652,6,0,10.4
1,2011-09-18,2011-09-25,25.79256569109165,10.10361033967101,17.94808801538133,0,73.22834645669292,15.68895535142064,7,0,11.1
1,2011-09-18,2011-09-26,24.80132450331126,10.30869472334971,17.555009613330483,0,69.68503937007874,14.49262977996155,8,0,11.2
1,2011-09-18,2011-09-27,26.80089724417859,12.90643024994659,19.85366374706259,0,66.53543307086613,13.894466994232,9,0,12.7
1,2011-09-18,2011-09-28,32.30399487289041,12.10318308053835,22.20358897671438,0,64.96062992125984,20.200811792352056,10,0,13.6
1,2011-09-18,2011-09-29,33.32087160863064,17.50373851741081,25.412305063020725,0,51.57480314960629,15.81713309121983,11,0,14.7
1,2011-09-18,2011-09-30,25.79256569109165,19.00769066438795,22.4001281777398,0,68.50393700787401,6.784875026703698,12,0,17.7
1,2011-09-18,2011-10-01,19.79384746848964,14.90600299081393,17.349925229651785,30.21332438123721,90.94488188976378,4.887844477675712,13,0,16.8
1,2011-09-18,2011-10-02,22.69920957060457,12.90643024994659,17.80281991027558,10.17639698477126,82.67716535433071,9.79277932065798,14,0,15.6
1,2011-09-18,2011-10-03,20.80217902157658,12.10318308053835,16.452681051057468,0.04806665242469421,68.89763779527559,8.69899594103823,15,0,9.4
1,2011-09-18,2011-10-04,25.79256569109165,7.706686605426191,16.74962614825892,0,72.83464566929133,18.085879085665457,16,0,10.5
1,2011-09-18,2011-10-05,28.28775902584918,14.30784020508438,21.29779961546678,0,72.44094488188976,13.9799188207648,17,0,14.9
1,2011-09-18,2011-10-06,31.79128391369365,14.90600299081393,23.34864345225379,0,70.86614173228347,16.885280922879723,18,0,16.3
1,2011-09-18,2011-10-07,32.30399487289041,17.29865413373211,24.801324503311257,0,62.59842519685039,15.005340739158296,19,0,17.1
1,2011-09-18,2011-10-08,25.79256569109165,16.70049134800256,21.246528519547105,18.86959440900907,86.61417322834646,9.092074343089088,20,0,17.3
1,2011-09-18,2011-10-09,27.79213843195898,16.49540696432386,22.14377269814142,21.46519363994261,86.22047244094487,11.29673146763512,21,0,18.2
1,2011-09-18,2011-10-10,28.80046998504593,13.30805383465072,21.054261909848325,3.962065492721337,73.22834645669292,15.49241615039521,22,0,13.6
1,2011-09-18,2011-10-11,27.29651783806879,13.50459303567614,20.400555436872462,0.04806665242469421,70.07874015748031,13.791924802392652,23,0,12.9
1,2011-09-18,2011-10-12,21.29779961546678,14.90600299081393,18.101901303140355,0,85.8267716535433,6.39179662465285,24,0,15.5
1,2011-09-18,2011-10-13,27.29651783806879,16.90557573168126,22.101046784875024,34.33332316049683,87.79527559055117,10.39094210638753,25,0,17.1
1,2011-09-18,2011-10-14,26.80089724417859,15.30762657551805,21.05426190984832,2.30033265175328,77.95275590551181,11.49327066866054,26,0,15.1
1,2011-09-18,2011-10-15,27.29651783806879,14.90600299081393,21.10126041444136,0.1098666341135868,73.62204724409449,12.39051484725486,27,0,13.5
1,2011-09-18,2011-10-16,27.29651783806879,13.10296945097202,20.199743644520407,0.08926664021728925,66.53543307086613,14.19354838709677,28,0,11.1
2,2011-09-24,2011-08-27,26.1001922666097,13.30805383465072,19.70412305063021,0,76.37795275590551,12.79213843195898,-28,0,13.5
2,2011-09-24,2011-08-28,21.99850459303568,16.99957274086734,19.49903866695151,8.473464156010607,82.28346456692913,4.99893185216834,-27,0,14.8
2,2011-09-24,2011-08-29,23.00683614612262,16.70049134800256,19.85366374706259,25.28305917538987,90.15748031496062,6.306344798120058,-26,0,16.4
2,2011-09-24,2011-08-30,17.999359111301,11.80410168767357,14.901730399487285,18.97946104312265,96.06299212598424,6.19525742362743,-25,0,15.1
2,2011-09-24,2011-08-31,14.11130100405896,6.010467848750267,10.060884426404613,1.098666341135896,66.53543307086613,8.100833155308694,-24,0,3.8
2,2011-09-24,2011-09-01,16.40995513779107,3.515274513992736,9.962614825891905,2.162999359111296,59.84251968503936,12.894680623798331,-23,0,2
2,2011-09-24,2011-09-02,20.40910061952574,2.506942960905789,11.458021790215764,0.7621997741630366,59.84251968503936,17.902157658619952,-22,0,4.4
2,2011-09-24,2011-09-03,24.20316171758171,7.010254219183935,15.606707968382825,0,60.23622047244093,17.192907498397776,-21,0,6.3
2,2011-09-24,2011-09-04,30.20187994018372,10.30869472334971,20.255287331766716,0,52.36220472440944,19.89318521683401,-20,0,10.3
2,2011-09-24,2011-09-05,21.99850459303568,12.21427045503098,17.10638752403333,1.421399578844557,72.44094488188976,9.7842341380047,-19,0,12.5
2,2011-09-24,2011-09-06,14.00875881221961,8.112582781456954,11.06067079683828,8.967864009521776,72.83464566929133,5.896176030762655,-18,0,6.8
2,2011-09-24,2011-09-07,13.60713522751549,9.411450544755391,11.50929288613544,5.520798364207906,87.79527559055117,4.195684682760097,-17,0,9.6
2,2011-09-24,2011-09-08,15.80324716940825,11.41102328562273,13.607135227515489,6.523331400494413,94.09448818897636,4.392223883785521,-16,0,12
2,2011-09-24,2011-09-09,20.20401623584704,12.50480666524247,16.354411450544752,3.041932432020019,87.00787401574803,7.69920957060457,-15,0,11.9
2,2011-09-24,2011-09-10,23.00683614612262,8.90728476821192,15.95706045716727,0,77.16535433070865,14.0995513779107,-14,0,10.7
2,2011-09-24,2011-09-11,19.8109378337962,9.907071138645588,14.859004486220892,0.06179998168889256,65.74803149606299,9.903866695150612,-13,0,8.2
2,2011-09-24,2011-09-12,23.60499893185217,5.309762871181372,14.457380901516771,0,52.36220472440944,18.295236060670796,-12,0,6.2
2,2011-09-24,2011-09-13,24.90386669515061,10.41123691518906,17.657551805169835,0,52.75590551181102,14.492629779961552,-11,0,8.3
2,2011-09-24,2011-09-14,21.70796838282418,8.304849391155736,15.00640888698996,0,72.04724409448819,13.403118991668444,-10,0,8.3
2,2011-09-24,2011-09-15,22.40867336039308,9.907071138645588,16.157872249519336,0,70.86614173228347,12.501602221747492,-9,0,8.5
2,2011-09-24,2011-09-16,25.1944029053621,12.30826746421705,18.751335184789575,0,73.22834645669292,12.88613544114505,-8,0,12.3
2,2011-09-24,2011-09-17,24.49369792779321,14.70946378978851,19.60158085879086,0,74.80314960629921,9.7842341380047,-7,0,13.8
2,2011-09-24,2011-09-18,22.81884212775048,14.70946378978851,18.764152958769493,1.407666249580359,86.61417322834646,8.109378337961969,-6,0,14.5
2,2011-09-24,2011-09-19,19.00769066438795,14.00875881221961,16.50822473830378,9.26999725333414,91.33858267716536,4.998931852168342,-5,0,14.2
2,2011-09-24,2011-09-20,16.60649433881649,11.80410168767357,14.20529801324503,10.45793023468732,92.51968503937007,4.8023926511429185,-4,0,13.4
2,2011-09-24,2011-09-21,22.81884212775048,6.907712027344585,14.863277077547531,0.2540665913876694,75.19685039370079,15.911130100405892,-3,0,8.5
2,2011-09-24,2011-09-22,27.0059816278573,9.907071138645588,18.456526383251443,0.1785332804345785,65.74803149606299,17.09891048921171,-2,0,11
2,2011-09-24,2011-09-23,19.00769066438795,13.60713522751549,16.30741294595172,7.285531174657422,89.37007874015748,5.400555436872461,-1,0,13.6
2,2011-09-24,2011-09-24,17.999359111301,11.5050202948088,14.7521897030549,0.6111331522568548,83.07086614173228,6.494338816492201,0,0,10.3
2,2011-09-24,2011-09-25,22.81884212775048,10.30869472334971,16.563768425550094,0,72.83464566929133,12.510147404400769,1,0,9.4
2,2011-09-24,2011-09-26,23.39991454817347,6.907712027344585,15.153813287759029,0,68.50393700787401,16.492202520828883,2,0,9.3
2,2011-09-24,2011-09-27,25.31403546250801,10.00961333048494,17.661824396496474,0,67.32283464566929,15.304422132023069,3,0,11.1
2,2011-09-24,2011-09-28,27.80922879726554,12.30826746421705,20.058748130741293,0,65.74803149606299,15.50096133304849,4,0,12.6
2,2011-09-24,2011-09-29,31.19312112796411,14.11130100405896,22.652211066011535,0,54.33070866141732,17.081820123905146,5,0,13.2
2,2011-09-24,2011-09-30,31.70583208716086,17.70882290108951,24.707327494125185,0,62.20472440944881,13.997009186071352,6,0,16.1
2,2011-09-24,2011-10-01,19.1956846827601,14.41038239692374,16.80303353984192,14.94186223944823,90.5511811023622,4.785302285836359,7,0,14.9
2,2011-09-24,2011-10-02,24.40824610126042,12.50480666524247,18.456526383251443,7.862331003753781,79.5275590551181,11.903439436017951,8,0,14
2,2011-09-24,2011-10-03,21.19525742362743,12.50480666524247,16.85003204443495,0,63.7795275590551,8.690450758384962,9,0,10.1
2,2011-09-24,2011-10-04,25.70711386455886,7.809228797265542,16.7581713309122,0,73.22834645669292,17.897885067293316,10,0,9.9
2,2011-09-24,2011-10-05,27.19397564622944,12.11172826319163,19.652851954710535,0,69.68503937007874,15.08224738303781,11,0,12.7
2,2011-09-24,2011-10-06,30.81713309121982,14.70946378978851,22.763298440504165,0,67.71653543307086,16.107669301431308,12,0,15.8
2,2011-09-24,2011-10-07,31.39820551164281,16.99957274086734,24.198889126255075,0,66.92913385826772,14.398632770775473,13,0,16.1
2,2011-09-24,2011-10-08,23.00683614612262,17.60628070925016,20.30655842768639,0.9613330484939128,82.67716535433071,5.400555436872459,14,0,16.1
2,2011-09-24,2011-10-09,27.70668660542619,15.80324716940825,21.75496688741722,9.132663960692156,84.25196850393701,11.90343943601794,15,0,17.5
2,2011-09-24,2011-10-10,25.1944029053621,16.81157872249519,21.002990813928648,0.9613330484939128,74.80314960629921,8.382824182866909,16,0,15.2
2,2011-09-24,2011-10-11,27.39906002990814,12.11172826319163,19.75539414654988,0,69.29133858267717,15.287331766716507,17,0,12.5
2,2011-09-24,2011-10-12,22.40867336039308,16.1108737449263,19.25977355265969,1.586199530014966,81.88976377952756,6.297799615466779,18,0,14.2
2,2011-09-24,2011-10-13,23.99807733390301,15.4101687673574,19.704123050630205,32.16345713675344,89.76377952755905,8.58790856654561,19,0,16.1
2,2011-09-24,2011-10-14,26.81798760948515,16.49540696432386,21.656697286904503,5.005798516800439,75.59055118110236,10.322580645161292,20,0,15.5
2,2011-09-24,2011-10-15,27.99722281563768,14.30784020508438,21.15253151036103,5.548265022736302,77.95275590551181,13.6893826105533,21,0,14.3
2,2011-09-24,2011-10-16,23.99807733390301,13.60713522751549,18.80260628070925,11.58406323435165,79.13385826771653,10.390942106387518,22,0,12.9
2,2011-09-24,2011-10-17,25.70711386455886,11.5050202948088,18.60606707968383,0.04806665242469421,62.59842519685039,14.20209356975006,23,0,11.1
2,2011-09-24,2011-10-18,25.10895107882931,12.70989104892117,18.90942106387524,0,68.89763779527559,12.39906002990814,24,0,11.9
2,2011-09-24,2011-10-19,25.91219824823756,13.11151463362529,19.511856440931425,0,66.14173228346456,12.800683614612268,25,0,11.8
2,2011-09-24,2011-10-20,26.61290322580645,12.80388805810724,19.708395641956844,0,71.25984251968504,13.809015167699208,26,0,12.2
2,2011-09-24,2011-10-21,25.91219824823756,13.30805383465072,19.61012604144414,0,62.99212598425196,12.60414441358684,27,0,11.5
2,2011-09-24,2011-10-22,29.39863277077547,13.00897244178594,21.203802606280703,0,59.05511811023622,16.38966032898953,28,0,11.3
3,2011-09-15,2011-08-18,18.17026276436659,12.78679769280068,15.478530228583637,0.9887997070223092,92.1259842519685,5.38346507156591,-28,0,12.3
3,2011-09-15,2011-08-19,14.93163853877377,12.79534287545396,13.863490707113865,72.29224524674214,97.24409448818898,2.1362956633198102,-27,0,13
3,2011-09-15,2011-08-20,16.96539201025422,10.98376415295877,13.974578081606497,54.65865047151095,77.95275590551181,5.98162785729545,-26,0,9
3,2011-09-15,2011-08-21,12.28263191625721,3.378551591540269,7.83059175389874,0,80.70866141732283,8.904080324716942,-25,0,1.5
3,2011-09-15,2011-08-22,8.548387096774194,6.51463362529374,7.531510361033967,1.936399426252024,93.7007874015748,2.0337534714804537,-24,0,4.9
3,2011-09-15,2011-08-23,13.49604785302286,7.60841700491348,10.55223242896817,2.396465956602668,96.45669291338582,5.887630848109381,-23,0,7.8
3,2011-09-15,2011-08-24,18.63170262764367,10.81286049989319,14.72228156376843,0.4051332132938512,88.9763779527559,7.818842127750479,-22,0,10.3
3,2011-09-15,2011-08-25,24.83550523392437,13.24823755607776,19.041871395001063,0.1647999511703802,87.79527559055117,11.58726767784661,-21,0,13
3,2011-09-15,2011-08-26,24.45951719718009,10.78722495193335,17.623371074556722,0.1235999633777851,86.22047244094487,13.67229224524674,-20,0,14
3,2011-09-15,2011-08-27,24.56205938901944,12.46208075197607,18.512070070497753,0,84.25196850393701,12.09997863704337,-19,0,13.1
3,2011-09-15,2011-08-28,28.15103610339671,12.27408673360393,20.21256141850032,0,66.92913385826772,15.87694936979278,-18,0,13.1
3,2011-09-15,2011-08-29,29.53535569322794,15.06836146122623,22.301858577227087,0,60.23622047244093,14.466994232001712,-17,0,12.5
3,2011-09-15,2011-08-30,25.91219824823756,16.24759666737877,21.079897457808165,6.949064607684562,87.00787401574803,9.66460158085879,-16,0,14
3,2011-09-15,2011-08-31,19.94766075624867,10.50523392437513,15.2264473403119,19.21292764061403,66.14173228346456,9.44242683187354,-15,0,8.6
3,2011-09-15,2011-09-01,19.93057039094211,5.719931638538775,12.82525101474044,0,62.59842519685039,14.210638752403334,-14,0,1.9
3,2011-09-15,2011-09-02,17.48664815210425,6.480452894680624,11.983550523392438,0,72.44094488188976,11.006195257423627,-13,0,5.8
3,2011-09-15,2011-09-03,25.31403546250801,6.41636402478103,15.86519974364452,0,71.65354330708661,18.897671437726977,-12,0,5.8
3,2011-09-15,2011-09-04,28.54411450544755,6.010467848750267,17.27729117709891,0,67.71653543307086,22.53364665669728,-11,0,8.9
3,2011-09-15,2011-09-05,29.3473616748558,9.88998077333903,19.618671224097415,0,59.05511811023622,19.45738090151677,-10,0,8.5
3,2011-09-15,2011-09-06,19.74257637256996,13.0260628070925,16.38431958983123,10.8767967772454,92.51968503937007,6.7165135654774595,-9,0,12.2
3,2011-09-15,2011-09-07,16.99957274086734,11.48792992950224,14.24375133518479,19.29532761619922,91.33858267716536,5.5116428113651,-8,0,10.7
3,2011-09-15,2011-09-08,19.55458235419782,12.74407177953429,16.149327066866054,1.833399456770536,93.30708661417324,6.81051057466353,-7,0,13
3,2011-09-15,2011-09-09,18.46079897457808,13.5216834009827,15.991241187780387,12.49046296578874,91.73228346456692,4.9391155735953785,-6,0,13.1
3,2011-09-15,2011-09-10,23.39991454817347,8.522751548814355,15.961333048493913,0,87.00787401574803,14.877162999359117,-5,0,10.7
3,2011-09-15,2011-09-11,24.9893185216834,10.26596881008332,17.62764366588336,0,73.22834645669292,14.72334971160008,-4,0,11.3
3,2011-09-15,2011-09-12,23.38282418286691,11.0948515274514,17.238837855159154,0,78.34645669291338,12.287972655415508,-3,0,10.3
3,2011-09-15,2011-09-13,26.64708395641957,7.129886776329844,16.88848536637471,0,66.14173228346456,19.517197180089727,-2,0,9.8
3,2011-09-15,2011-09-14,18.9051484725486,7.3947874385815,13.14996795556505,0,74.40944881889763,11.5103610339671,-1,0,8.5
3,2011-09-15,2011-09-15,17.12775048066652,10.34287545396283,13.735312967314677,0,85.03937007874015,6.784875026703691,0,0,9.4
3,2011-09-15,2011-09-16,22.08395641956847,12.98333689382611,17.53364665669729,0,81.88976377952756,9.10061952574236,1,0,12.1
3,2011-09-15,2011-09-17,22.66502883999145,12.98333689382611,17.824182866908778,0,77.95275590551181,9.68169194616534,2,0,11.7
3,2011-09-15,2011-09-18,23.89553514206366,10.15488143559068,17.02520828882717,0,79.5275590551181,13.74065370647298,3,0,11.3
3,2011-09-15,2011-09-19,27.45033112582782,13.21405682546464,20.33219397564623,0,70.86614173228347,14.23627430036318,4,0,12.2
3,2011-09-15,2011-09-20,22.20358897671438,12.89788506729331,17.550737022003844,0.4943998535111405,87.00787401574803,9.30570390942107,5,0,12.6
3,2011-09-15,2011-09-21,22.8530228583636,13.82930997650075,18.341166417432177,0.2609332560197686,81.1023622047244,9.023712881862853,6,0,13.7
3,2011-09-15,2011-09-22,26.74962614825892,12.48771629993591,19.618671224097415,0,81.1023622047244,14.26190984832301,7,0,12.5
3,2011-09-15,2011-09-23,17.23029267250588,11.73574022644734,14.48301644947661,1.359599597155665,94.48818897637796,5.494552446058538,8,0,13.7
3,2011-09-15,2011-09-24,21.5370647297586,11.24866481521043,16.392864772484515,4.889065218054753,77.95275590551181,10.28839991454817,9,0,11.5
3,2011-09-15,2011-09-25,18.80260628070925,8.04849391155736,13.425550096133303,0,78.34645669291338,10.754112369151889,10,0,8.1
3,2011-09-15,2011-09-26,23.10937833796197,9.966887417218544,16.538132877590257,0,74.80314960629921,13.142490920743429,11,0,9.3
3,2011-09-15,2011-09-27,26.83507797479171,11.02649006622516,18.930784020508433,0,70.86614173228347,15.80858790856655,12,0,10.9
3,2011-09-15,2011-09-28,26.93762016663106,9.24054689168981,18.089083529160433,0,62.99212598425196,17.69707327494125,13,0,9.6
3,2011-09-15,2011-09-29,31.2785729544969,9.949797051911984,20.614185003204444,0,65.74803149606299,21.328775902584916,14,0,10.3
3,2011-09-15,2011-09-30,32.80816064943388,11.45374919888913,22.130954924161504,0,59.44881889763779,21.354411450544752,15,0,11.9
3,2011-09-15,2011-10-01,31.79128391369365,13.15424054689169,22.47276223029267,3.206732383190399,68.50393700787401,18.63704336680196,16,0,13.3
3,2011-09-15,2011-10-02,23.36573381756035,15.76906643879513,19.56740012817774,15.35386211737418,85.03937007874015,7.59666737876522,17,0,16
3,2011-09-15,2011-10-03,26.56163212988677,14.83764152958769,20.69963682973723,0,70.07874015748031,11.72399060029908,18,0,13
3,2011-09-15,2011-10-04,21.86178167058321,12.59025849177526,17.226020081179236,0,73.22834645669292,9.27152317880795,19,0,10.2
3,2011-09-15,2011-10-05,27.48451185644093,12.47062593462935,19.97756889553514,0,75.59055118110236,15.013885921811578,20,0,12.4
3,2011-09-15,2011-10-06,29.91134372997223,13.28241828669088,21.596881008331557,0.04119998779259504,70.47244094488188,16.62892544328135,21,0,15.2
3,2011-09-15,2011-10-07,30.16769920957061,16.39286477248451,23.28028199102756,5.046998504593034,70.07874015748031,13.7748344370861,22,0,15.2
3,2011-09-15,2011-10-08,28.0314035462508,15.14526810510575,21.588335825678275,0.5355998413037639,77.95275590551181,12.88613544114505,23,0,15
3,2011-09-15,2011-10-09,22.01559495834223,16.28177739799188,19.148686178167058,21.5750602740562,92.91338582677164,5.733817560350349,24,0,17.3
3,2011-09-15,2011-10-10,24.0835291604358,13.8891262550737,18.98632770775475,17.44132816553238,88.9763779527559,10.194402905362098,25,0,17.3
3,2011-09-15,2011-10-11,27.29651783806879,16.99957274086734,22.148045289468065,2.774132511368151,83.85826771653544,10.296945097201451,26,0,17
3,2011-09-15,2011-10-12,24.63042085024567,15.28199102755821,19.956205938901935,0.04119998779259504,80.70866141732283,9.34842982268746,27,0,13.6
3,2011-09-15,2011-10-13,19.36658833582568,15.4101687673574,17.38837855159154,11.41239661854914,96.45669291338582,3.956419568468279,28,0,15.8
4,2011-10-09,2011-09-11,24.15189062166204,10.06088442640461,17.106387524033323,0,70.47244094488188,14.091006195257432,-28,1,11.9
4,2011-10-09,2011-09-12,22.45994445631275,10.53941465498825,16.499679555650502,0.04806665242469421,75.19685039370079,11.920529801324502,-27,1,10.5
4,2011-10-09,2011-09-13,25.8096560563982,6.155735953856013,15.982696005127108,0,62.99212598425196,19.653920102542187,-26,1,10
4,2011-10-09,2011-09-14,17.91390728476821,6.813715018158513,12.363811151463365,0,73.62204724409449,11.100192266609698,-25,1,9.3
4,2011-10-09,2011-09-15,15.77761162144841,9.55671864986114,12.667165135654775,0,84.25196850393701,6.2208929715872685,-24,1,10.3
4,2011-10-09,2011-09-16,20.93890194402906,12.29972228156377,16.619312112796415,0,82.28346456692913,8.639179662465288,-23,1,12.7
4,2011-10-09,2011-09-17,21.34907071138646,12.09463789788507,16.721854304635766,0,77.95275590551181,9.25443281350139,-22,1,12.2
4,2011-10-09,2011-09-18,23.92971587267678,9.317453535569324,16.62358470412305,0,76.77165354330708,14.612262337107458,-21,1,11.6
4,2011-10-09,2011-09-19,26.73253578295236,12.50480666524247,19.618671224097415,0,68.50393700787401,14.227729117709892,-20,1,12.2
4,2011-10-09,2011-09-20,21.45161290322581,11.59047212134159,16.5210425122837,0.1716666158024793,83.85826771653544,9.861140781884222,-19,1,12.8
4,2011-10-09,2011-09-21,21.29779961546678,13.59859004486221,17.448194830164496,0.7141331217383424,80.31496062992126,7.69920957060457,-18,1,14.3
4,2011-10-09,2011-09-22,26.20273445844905,11.52211066011536,18.862422559282205,0,78.34645669291338,14.680623798333691,-17,1,12.9
4,2011-10-09,2011-09-23,16.64067506942961,10.87267677846614,13.756675923947874,0,90.5511811023622,5.767998290963469,-16,1,14.2
4,2011-10-09,2011-09-24,20.76799829096347,10.79577013458663,15.78188421277505,1.593066194647065,79.13385826771653,9.972228156376838,-15,1,12.3
4,2011-10-09,2011-09-25,18.15317239906003,7.505874813074129,12.82952360606708,0,77.95275590551181,10.6472975859859,-14,1,8.9
4,2011-10-09,2011-09-26,21.84469130527665,9.5738090151677,15.709250160222176,0,75.59055118110236,12.270882290108952,-13,1,10.2
4,2011-10-09,2011-09-27,26.39072847682119,10.25742362743004,18.324076052125616,0,70.07874015748031,16.133304849391152,-12,1,11.5
4,2011-10-09,2011-09-28,26.1001922666097,9.00982696005127,17.555009613330483,0,59.84251968503936,17.09036530655843,-11,1,10
4,2011-10-09,2011-09-29,30.88549455244606,9.377269814142275,20.131382183294168,0,59.05511811023622,21.50822473830378,-10,1,10.7
4,2011-10-09,2011-09-30,32.15018158513138,10.40269173253578,21.27643665883358,0,53.14960629921259,21.7474898525956,-9,1,12.1
4,2011-10-09,2011-10-01,31.19312112796411,11.7528305917539,21.472975859859005,0,63.38582677165353,19.44029053621021,-8,1,13.2
4,2011-10-09,2011-10-02,22.06686605426191,15.2478102969451,18.657338175603503,11.41926328318124,85.8267716535433,6.819055757316811,-7,1,16.4
4,2011-10-09,2011-10-03,25.74129459517197,14.44456312753685,20.09292886135441,0.09613330484938842,72.44094488188976,11.29673146763512,-6,1,13.6
4,2011-10-09,2011-10-04,20.81926938688314,11.76137577440718,16.29032258064516,0,72.83464566929133,9.05789361247596,-5,1,11.1
4,2011-10-09,2011-10-05,26.88634907071139,11.85537278359325,19.37086092715232,0,75.19685039370079,15.03097628711814,-4,1,13.1
4,2011-10-09,2011-10-06,29.09100619525742,12.10318308053835,20.59709463789789,0,70.86614173228347,16.98782311471907,-3,1,16.1
4,2011-10-09,2011-10-07,29.43281350138859,15.79470198675497,22.61375774407178,1.352732932523566,70.07874015748031,13.63811151463362,-2,1,15.8
4,2011-10-09,2011-10-08,27.43324076052126,14.41038239692374,20.9218115787225,0,76.37795275590551,13.02285836359752,-1,1,15.7
4,2011-10-09,2011-10-09,21.17816705832087,15.59816278572955,18.38816492202521,14.66719565416426,92.1259842519685,5.580004272591321,0,1,17.9
4,2011-10-09,2011-10-10,23.4682760093997,12.97479171117283,18.221533860286264,22.27546006653034,90.15748031496062,10.493484298226868,1,1,17.9
4,2011-10-09,2011-10-11,26.74962614825892,16.315958128605,21.53279213843196,2.073732718894007,83.85826771653544,10.433668019653918,2,1,17.7
4,2011-10-09,2011-10-12,24.2886135441145,14.55565050202948,19.42213202307199,0.2265999328592727,80.70866141732283,9.7329630420850215,3,1,14.5
4,2011-10-09,2011-10-13,18.85387737662893,14.47019867549669,16.66203802606281,0.5287331766716648,96.06299212598424,4.38367870113224,4,1,16.4
4,2011-10-09,2011-10-14,22.80175176244392,16.49540696432386,19.648579363383888,54.93331705679495,93.7007874015748,6.306344798120062,5,1,18.8
4,2011-10-09,2011-10-15,19.55458235419782,14.82055116428114,17.18756675923948,4.634998626667084,95.66929133858268,4.73403118991668,6,1,16.7
4,2011-10-09,2011-10-16,17.62337107455672,13.95748771629994,15.79042939542833,25.64012573625905,92.91338582677164,3.665883358256778,7,1,14.5
4,2011-10-09,2011-10-17,22.7675710318308,13.30805383465072,18.03781243324076,7.979064302499467,73.62204724409449,9.459517197180082,8,1,12.1
4,2011-10-09,2011-10-18,21.02435377056185,9.36017944883572,15.192266609698784,0.7484664448988383,71.65354330708661,11.66417432172613,9,1,10.1
4,2011-10-09,2011-10-19,21.81051057466353,11.70155949583422,16.756035035248875,0,73.62204724409449,10.108951078829312,10,1,11
4,2011-10-09,2011-10-20,22.42576372569964,10.93249305703909,16.679128391369364,0,69.29133858267717,11.493270668660548,11,1,10.6
4,2011-10-09,2011-10-21,22.3574022644734,9.88998077333903,16.123691518906213,0,67.32283464566929,12.46742149113437,12,1,9.6
4,2011-10-09,2011-10-22,24.30570390942106,11.47938474684896,17.89254432813501,0,70.07874015748031,12.8263191625721,13,1,11.3
4,2011-10-09,2011-10-23,26.59581286049989,13.701132236701561,20.14847254860073,0,70.47244094488188,12.89468062379833,14,1,13.6
4,2011-10-09,2011-10-24,28.57829523606067,13.81221961119419,21.195257423627428,0,68.89763779527559,14.76607562486648,15,1,15.2
4,2011-10-09,2011-10-25,20.51164281136509,14.06002990813929,17.28583635975219,3.989532151249733,88.9763779527559,6.451612903225799,16,1,16.6
4,2011-10-09,2011-10-26,24.63042085024567,12.67571031830805,18.65306558427686,18.3477278969695,74.80314960629921,11.95471053193762,17,1,15.2
4,2011-10-09,2011-10-27,26.33945738090151,10.79577013458663,18.56761375774407,0,65.35433070866142,15.54368724631488,18,1,13.1
4,2011-10-09,2011-10-28,28.28775902584918,10.59923093356121,19.443494979705193,0,59.44881889763779,17.68852809228797,19,1,12.7
4,2011-10-09,2011-10-29,21.96432386242256,12.96624652851955,17.465285195471054,0,85.03937007874015,8.99807733390301,20,1,15.6
4,2011-10-09,2011-10-30,19.98184148686178,13.90621662038026,16.94402905362102,23.79985961485642,94.09448818897636,6.075624866481519,21,1,16.7
4,2011-10-09,2011-10-31,20.15274513992737,10.55650502029481,15.35462508011109,2.986999114963226,75.98425196850394,9.596240119632558,22,1,10.5
4,2011-10-09,2011-11-01,19.452040162358472,9.197820978423414,14.324930570390944,0,73.22834645669292,10.254219183935058,23,1,8.4
4,2011-10-09,2011-11-02,20.30655842768639,8.539841914120913,14.423200170903652,0,66.92913385826772,11.766716513565475,24,1,8.1
4,2011-10-09,2011-11-03,21.17816705832087,6.608630634479812,13.89339884640034,0,66.92913385826772,14.569536423841058,25,1,8.6
4,2011-10-09,2011-11-04,27.04016235847041,8.292031617175816,17.666096987823114,0,67.32283464566929,18.748130741294595,26,1,10.4
4,2011-10-09,2011-11-05,28.57829523606067,11.26575518051698,19.922025208288822,0,71.65354330708661,17.31254005554369,27,1,12.6
4,2011-10-09,2011-11-06,26.42490920743431,12.60734885708182,19.516129032258064,0,74.40944881889763,13.81756035035249,28,1,14.2
5,2011-09-12,2011-08-15,26.03183080538346,14.5898312326426,20.31083101901303,4.607531968138687,78.34645669291338,11.44199957274086,-28,0,16.2
5,2011-09-12,2011-08-16,29.02264473403119,18.71715445417646,23.869899594103824,0.1167332987456859,54.72440944881889,10.30549027985473,-27,0,14.1
5,2011-09-12,2011-08-17,23.263191625721,10.95812860499893,17.110660115359963,0,73.22834645669292,12.30506302072207,-26,0,12.7
5,2011-09-12,2011-08-18,17.23029267250588,12.64152958769494,14.93591113010041,22.71492660298472,89.76377952755905,4.588763084810939,-25,0,14.3
5,2011-09-12,2011-08-19,17.89681691946165,9.308908352916044,13.602862636188846,59.16318247016815,94.48818897637796,8.587908566545606,-24,0,14.1
5,2011-09-12,2011-08-20,10.48814355906858,3.421277504806666,6.954710531937623,2.911465804010135,75.98425196850394,7.066866054261915,-23,0,2.3
5,2011-09-12,2011-08-21,10.46250801110874,0.6782738731040379,5.570390942106389,0,71.65354330708661,9.784234138004702,-22,0,0.6
5,2011-09-12,2011-08-22,9.086733603930783,1.635334330271309,5.361033967101047,0.6935331278420449,86.22047244094487,7.451399273659476,-21,0,3.1
5,2011-09-12,2011-08-23,11.17175817133091,6.407818842127751,8.78978850672933,3.36466566972868,94.09448818897636,4.7639393292031595,-20,0,7.5
5,2011-09-12,2011-08-24,20.8363597521897,8.2578508865627,14.5471053193762,0,80.70866141732283,12.578508865627,-19,0,9.8
5,2011-09-12,2011-08-25,20.28946806237983,13.29096346934416,16.790215765861994,1.641132847071759,81.88976377952756,6.998504593035669,-18,0,13.5
5,2011-09-12,2011-08-26,20.39201025421918,8.095492416150396,14.243751335184788,0,77.55905511811024,12.296517838068784,-17,0,10.6
5,2011-09-12,2011-08-27,28.66374706259347,12.8637043366802,20.763725699636836,0,70.07874015748031,15.800042725913269,-16,0,14.4
5,2011-09-12,2011-08-28,24.73296304208503,16.41850032044435,20.57573168126469,10.31373027741324,77.16535433070865,8.31446272164068,-15,0,16.4
5,2011-09-12,2011-08-29,24.30570390942106,15.70925016022217,20.007477034821616,16.60359508041628,88.58267716535433,8.596453749198888,-14,0,17.8
5,2011-09-12,2011-08-30,18.30698568681905,11.58192693868831,14.94445631275368,12.62779625843075,92.51968503937007,6.72505874813074,-13,0,15.4
5,2011-09-12,2011-08-31,15.76052125614185,6.172826319162573,10.966673787652212,0.05493331705679338,61.02362204724409,9.587694936979275,-12,0,4.3
5,2011-09-12,2011-09-01,17.04229865413373,3.745994445631275,10.394146549882503,0,59.05511811023622,13.296304208502455,-11,0,3.1
5,2011-09-12,2011-09-02,21.84469130527665,3.942533646656697,12.893612475966671,0,59.05511811023622,17.902157658619956,-10,0,5.6
5,2011-09-12,2011-09-03,25.07477034821619,8.4842982268746,16.779534287545395,0,57.08661417322834,16.59047212134159,-9,0,8.3
5,2011-09-12,2011-09-04,29.38154240546892,14.27365947447127,21.827600939970097,0.5424665059358631,47.63779527559054,15.10788293099765,-8,0,11.1
5,2011-09-12,2011-09-05,24.7842341380047,11.81264687032685,18.298440504165775,2.499465926084156,77.95275590551181,12.97158726767785,-7,0,14.2
5,2011-09-12,2011-09-06,15.99978637043367,6.843623157444991,11.421704763939331,10.26566362498855,68.11023622047244,9.15616321298868,-6,0,6.8
5,2011-09-12,2011-09-07,15.69215979491562,8.915829950865199,12.30399487289041,0.3913998840296529,86.22047244094487,6.776329844050421,-5,0,10.8
5,2011-09-12,2011-09-08,16.28177739799188,12.6158940397351,14.44883571886349,0.3021332438123636,94.09448818897636,3.6658833582567816,-4,0,14.1
5,2011-09-12,2011-09-09,19.38367870113224,12.8209784234138,16.10232856227302,1.503799554429776,89.37007874015748,6.56270027771844,-3,0,13.6
5,2011-09-12,2011-09-10,23.19483016449477,10.16342661824396,16.679128391369368,0.06866664632099173,79.13385826771653,13.03140354625081,-2,0,12
5,2011-09-12,2011-09-11,19.315317239906,10.1890621662038,14.7521897030549,0,64.1732283464567,9.1262550737022,-1,0,9.2
5,2011-09-12,2011-09-12,24.85259559923093,7.50160222174749,16.17709891048921,0,50.78740157480314,17.35099337748344,0,0,7.1
5,2011-09-12,2011-09-13,25.12604144413587,12.49626148258919,18.811151463362528,0,54.33070866141732,12.629779961546678,1,0,9.7
5,2011-09-12,2011-09-14,24.13480025635548,7.945951719718009,16.040375988036743,0,67.71653543307086,16.188848536637472,2,0,9.8
5,2011-09-12,2011-09-15,24.42533646656697,10.90685750907926,17.666096987823117,0,68.11023622047244,13.518478957487712,3,0,10.3
5,2011-09-12,2011-09-16,27.53578295236061,13.41059602649007,20.47318948942534,0,70.07874015748031,14.12518692587054,4,0,14.3
5,2011-09-12,2011-09-17,24.25443281350139,16.40995513779107,20.332193975646227,0.975066377758111,77.16535433070865,7.844477675710319,5,0,16.1
5,2011-09-12,2011-09-18,23.91262550737022,17.04229865413373,20.477462080751977,4.902798547318952,87.4015748031496,6.870326853236488,6,0,17.5
5,2011-09-12,2011-09-19,19.58876308481094,16.09378337961974,17.84127323221534,4.943998535111547,93.30708661417324,3.4949797051911986,7,0,17
5,2011-09-12,2011-09-20,18.63170262764367,12.65861995300149,15.64516129032258,19.04812768944365,87.4015748031496,5.97308267464218,8,0,13.6
5,2011-09-12,2011-09-21,22.45994445631275,8.565477462080752,15.512710959196752,0.4325998718222479,72.04724409448819,13.894466994232,9,0,9
5,2011-09-12,2011-09-22,26.78380687887203,10.41978209784234,18.601794488357186,0,64.96062992125984,16.36402478102969,10,0,11.2
5,2011-09-12,2011-09-23,20.69963682973724,13.79512924588763,17.247383037812433,3.453932309945969,87.79527559055117,6.904507583849611,11,0,14.9
5,2011-09-12,2011-09-24,19.07605212561418,11.86391796624653,15.469985045930354,0,77.95275590551181,7.212134159367649,12,0,11.1
5,2011-09-12,2011-09-25,25.17731254005555,10.31723990600299,17.74727622302927,0,71.65354330708661,14.86007263405256,13,0,11.5
5,2011-09-12,2011-09-26,24.27152317880795,9.864345225379193,17.06793420209357,0,68.50393700787401,14.407177953428755,14,0,11.5
5,2011-09-12,2011-09-27,26.62999359111301,11.62465285195471,19.12732322153386,0,66.53543307086613,15.0053407391583,15,0,12.7
5,2011-09-12,2011-09-28,30.81713309121982,12.36808374279,21.59260841700491,0,62.59842519685039,18.449049348429817,16,0,13.9
5,2011-09-12,2011-09-29,33.11578722495193,16.64067506942961,24.878231147190768,0,51.18110236220472,16.47511215552232,17,0,15
5,2011-09-12,2011-09-30,29.09100619525742,19.452040162358472,24.271523178807943,0,68.89763779527559,9.63896603289895,18,0,18.2
5,2011-09-12,2011-10-01,20.49455244605853,14.5898312326426,17.542191839350565,22.98959318826869,91.33858267716536,5.904721213415931,19,0,17
5,2011-09-12,2011-10-02,23.92971587267678,12.37662892544328,18.15317239906003,18.11426129947813,81.1023622047244,11.5530869472335,20,0,16
5,2011-09-12,2011-10-03,21.36616107669301,11.74428540910062,16.555223242896815,0,65.74803149606299,9.621875667592391,21,0,10.7
5,2011-09-12,2011-10-04,26.27109591967528,7.950224311044648,17.110660115359963,0,70.07874015748031,18.320871608630632,22,0,11.2
5,2011-09-12,2011-10-05,28.76628925443281,14.56419568468276,21.665242469557786,0,69.29133858267717,14.20209356975005,23,0,15.3
5,2011-09-12,2011-10-06,31.68874172185431,15.69215979491562,23.69045075838497,0,67.71653543307086,15.99658192693869,24,0,17
5,2011-09-12,2011-10-07,32.18436231574449,18.01644947660756,25.10040589617602,0,60.23622047244093,14.167912839136928,25,0,17.5
5,2011-09-12,2011-10-08,26.08310190130314,16.90557573168126,21.494338816492203,8.713797418134106,85.43307086614173,9.17752616962188,26,0,17.6
5,2011-09-12,2011-10-09,26.78380687887203,16.37577440717795,21.579790643024992,23.75865962706382,85.8267716535433,10.408032471694082,27,0,18.7
5,2011-09-12,2011-10-10,26.45908993804743,14.08566545609912,20.27237769707327,4.277932065797899,72.44094488188976,12.37342448194831,28,0,15
6,2011-11-07,2011-10-10,26.97180089724418,15.98269600512711,21.477248451185645,0,75.19685039370079,10.98910489211707,-28,0,16.6
6,2011-11-07,2011-10-11,26.78380687887203,14.66673787652211,20.72527237769707,12.46299630726034,75.19685039370079,12.117069002349922,-27,0,13.4
6,2011-11-07,2011-10-12,19.64003418073061,13.50459303567614,16.572313608203373,0,79.92125984251969,6.13544114505447,-26,0,12.6
6,2011-11-07,2011-10-13,17.41828669087802,13.33368938261055,15.375988036744284,36.25598925748466,92.1259842519685,4.084597308267471,-25,0,13.8
6,2011-11-07,2011-10-14,26.76671651356548,15.12817773979919,20.947447126682334,16.63106173894468,70.07874015748031,11.63853877376629,-24,0,14.5
6,2011-11-07,2011-10-15,22.22067934202094,14.49583422345653,18.358256782738735,0,85.43307086614173,7.72484511856441,-23,0,15.4
6,2011-11-07,2011-10-16,23.36573381756035,13.09442426831874,18.230079042939543,1.579332865382867,82.67716535433071,10.27130954924161,-22,0,12.7
6,2011-11-07,2011-10-17,24.75005340739158,8.462935270241402,16.60649433881649,1.393932920316161,68.50393700787401,16.287118137150177,-21,0,10.7
6,2011-11-07,2011-10-18,20.2211066011536,11.38538773766289,15.803247169408245,0,78.34645669291338,8.83571886349071,-20,0,11.1
6,2011-11-07,2011-10-19,20.20401623584704,11.00939970091861,15.606707968382825,0,80.70866141732283,9.194616534928429,-19,0,10.6
6,2011-11-07,2011-10-20,21.57124546037171,11.22302926725059,16.39713736381115,0.06179998168889256,80.70866141732283,10.34821619312112,-18,0,10.4
6,2011-11-07,2011-10-21,20.58000427259133,11.41102328562273,15.99551377910703,0.1441999572740826,75.98425196850394,9.168980986968602,-17,0,10.4
6,2011-11-07,2011-10-22,23.77590258491775,10.81286049989319,17.294381542405468,0,70.86614173228347,12.963042085024558,-16,0,10.3
6,2011-11-07,2011-10-23,27.17688528092288,13.69258705404828,20.43473616748558,0,70.86614173228347,13.484298226874598,-15,0,13.8
6,2011-11-07,2011-10-24,26.57872249519333,14.55565050202948,20.56718649861141,0,72.83464566929133,12.02307199316385,-14,0,15.8
6,2011-11-07,2011-10-25,23.36573381756035,16.58085879085666,19.973296304208503,49.24771874141666,82.28346456692913,6.784875026703691,-13,0,16.3
6,2011-11-07,2011-10-26,20.58000427259133,13.49604785302286,17.038026062807095,5.644398327585691,81.88976377952756,7.083956419568471,-12,0,13.1
6,2011-11-07,2011-10-27,21.40034180730613,6.775261696218756,14.087801751762443,1.977599414044619,69.68503937007874,14.625080111087374,-11,0,9.5
6,2011-11-07,2011-10-28,24.18607135227516,6.766716513565477,15.47639393292032,0,55.11811023622047,17.419354838709683,-10,0,8.6
6,2011-11-07,2011-10-29,16.41850032044435,8.433027130954924,12.425763725699635,1.723532822656949,87.00787401574803,7.985473189489424,-9,0,12.3
6,2011-11-07,2011-10-30,19.77675710318308,11.89809869685964,15.83742790002136,17.66106143375958,78.74015748031496,7.87865840632344,-8,0,11.9
6,2011-11-07,2011-10-31,21.31488998077334,6.51890621662038,13.91689809869686,0.06866664632099173,71.65354330708661,14.79598376415296,-7,0,6.5
6,2011-11-07,2011-11-01,20.15274513992737,7.296517838068788,13.724631488998078,0.6111331522568548,70.86614173228347,12.85622730185858,-6,0,6.6
6,2011-11-07,2011-11-02,19.1956846827601,6.924802392651143,13.06024353770562,0.8033997619556317,74.01574803149606,12.270882290108956,-5,0,7.1
6,2011-11-07,2011-11-03,19.82802819910275,8.770561845759453,14.2992950224311,0,73.62204724409449,11.057466353343298,-4,0,7.9
6,2011-11-07,2011-11-04,24.01516769920957,9.189275795770136,16.602221747489853,0,66.53543307086613,14.825891903439436,-3,0,8.2
6,2011-11-07,2011-11-05,29.53535569322794,11.41102328562273,20.473189489425337,0,64.1732283464567,18.124332407605213,-2,0,11.6
6,2011-11-07,2011-11-06,26.78380687887203,14.51292458876308,20.648365733817556,0,80.31496062992126,12.270882290108952,-1,0,14.4
6,2011-11-07,2011-11-07,25.98055970946379,10.07797479171117,18.02926725058748,2.094332712790305,77.55905511811024,15.90258491775262,0,0,13.1
6,2011-11-07,2011-11-08,29.3473616748558,14.51292458876308,21.93014313180944,2.368999298074272,72.83464566929133,14.834437086092722,1,0,14.2
6,2011-11-07,2011-11-09,28.80046998504593,14.92309335612049,21.86178167058321,0,65.74803149606299,13.87737662892544,2,0,14.2
6,2011-11-07,2011-11-10,28.74919888912626,14.94872890408032,21.84896389660329,0,77.95275590551181,13.800469985045938,3,0,16.3
6,2011-11-07,2011-11-11,25.57039094210639,15.11108737449263,20.34073915829951,24.21185949278237,83.07086614173228,10.45930356761376,4,0,16.3
6,2011-11-07,2011-11-12,20.46037171544542,14.11130100405896,17.28583635975219,0,86.22047244094487,6.349070711386458,5,0,14.2
6,2011-11-07,2011-11-13,15.64943388164922,12.13736381115146,13.89339884640034,0,88.18897637795276,3.51207007049776,6,0,12.5
6,2011-11-07,2011-11-14,16.23050630207221,11.915189062166201,14.072847682119209,3.460798974578069,88.58267716535433,4.31531723990601,7,0,11.1
6,2011-11-07,2011-11-15,16.13650929288614,11.19739371929075,13.666951506088443,10.72573015533922,91.73228346456692,4.939115573595389,8,0,11.4
6,2011-11-07,2011-11-16,23.34864345225379,6.570177312540055,14.95941038239692,8.342997528000723,75.59055118110236,16.778466139713736,9,0,7.9
6,2011-11-07,2011-11-17,23.75881221961119,12.06045716727195,17.90963469344157,1.737266151921148,70.47244094488188,11.69835505233924,10,0,10.1
6,2011-11-07,2011-11-18,24.35697500534074,12.06045716727195,18.208716086306342,0,74.40944881889763,12.29651783806879,11,0,10.7
6,2011-11-07,2011-11-19,22.42576372569964,10.0267036957915,16.226233710745568,0,71.25984251968504,12.39906002990814,12,0,9.9
6,2011-11-07,2011-11-20,20.4261909848323,11.19739371929075,15.811792352061524,0.06179998168889256,76.77165354330708,9.22879726554155,13,0,10.3
6,2011-11-07,2011-11-21,17.86263618884854,13.31659901730399,15.589617603076263,0.1029999694814876,88.9763779527559,4.546037171544551,14,0,13.6
6,2011-11-07,2011-11-22,22.61375774407178,14.71800897244179,18.665883358256785,9.874263740958895,83.85826771653544,7.895748771629989,15,0,14.6
6,2011-11-07,2011-11-23,26.15146336252937,11.20593890194403,18.6787011322367,3.728598895229965,70.47244094488188,14.94552446058534,16,0,11.7
6,2011-11-07,2011-11-24,27.77504806665242,14.05148472548601,20.913266396069215,0,69.68503937007874,13.723563341166413,17,0,14.1
6,2011-11-07,2011-11-25,28.97137363811152,15.50416577654347,22.237769707327494,14.31012909329507,75.19685039370079,13.467207861568047,18,0,16.1
6,2011-11-07,2011-11-26,28.78337961973937,14.53856013672292,21.660969878231143,2.265999328592784,75.59055118110236,14.244819483016451,19,0,17.1
6,2011-11-07,2011-11-27,25.58748130741294,11.47938474684896,18.53343302713095,2.293465987121181,75.59055118110236,14.10809656056398,20,0,15.8
6,2011-11-07,2011-11-28,26.18564409314249,15.31617175817133,20.75090792565691,0,77.95275590551181,10.869472334971158,21,0,15.6
6,2011-11-07,2011-11-29,26.01474044007691,15.50416577654347,20.75945310831019,0,77.95275590551181,10.51057466353344,22,0,15.6
6,2011-11-07,2011-11-30,28.356120487075412,15.51271095919675,21.93441572313608,0.3845332193975537,81.1023622047244,12.84340952787866,23,0,16.2
6,2011-11-07,2011-12-01,22.16940824610126,10.81286049989319,16.491134372997223,4.689931943723877,64.1732283464567,11.356547746208069,24,0,9.2
6,2011-11-07,2011-12-02,24.39115573595386,8.492843409527879,16.44199957274087,0,68.50393700787401,15.89831232642598,25,0,7.7
6,2011-11-07,2011-12-03,23.41700491348003,12.08609271523179,17.75154881435591,0,72.04724409448819,11.330912198248242,26,0,10.2
6,2011-11-07,2011-12-04,23.41700491348003,12.29972228156377,17.8583635975219,0,74.40944881889763,11.11728263191626,27,0,11.4
6,2011-11-07,2011-12-05,29.10809656056398,12.90643024994659,21.007263405255284,0,74.80314960629921,16.20166631061739,28,0,13
7,2011-10-06,2011-09-08,14.31638538773766,11.27430036317026,12.79534287545396,51.28025147251807,92.91338582677164,3.042085024567399,-28,1,12.9
7,2011-10-06,2011-09-09,16.17069002349925,11.24866481521043,13.70967741935484,29.36185796685689,92.51968503937007,4.9220252082888205,-27,1,11.3
7,2011-10-06,2011-09-10,21.45161290322581,6.0788293099765,13.765221106601157,8.60393078402052,85.8267716535433,15.372783593249313,-26,1,8.7
7,2011-10-06,2011-09-11,23.75881221961119,8.159581286049988,15.95919675283059,0,67.32283464566929,15.599230933561202,-25,1,8.9
7,2011-10-06,2011-09-12,22.13522751548814,9.599444563127538,15.86733603930784,0,72.44094488188976,12.535782952360602,-24,1,9.4
7,2011-10-06,2011-09-13,25.91219824823756,8.48002563554796,17.19611194189276,0,62.20472440944881,17.432172612689598,-23,1,9.6
7,2011-10-06,2011-09-14,17.98226874599445,7.048707541123692,12.515488143559072,0,69.68503937007874,10.933561204870758,-22,1,7.7
7,2011-10-06,2011-09-15,16.96539201025422,9.223456526383252,13.094424268318736,1.043733024079103,79.92125984251969,7.741935483870968,-21,1,8.7
7,2011-10-06,2011-09-16,21.62251655629139,11.5050202948088,16.563768425550094,0,79.13385826771653,10.117496261482591,-20,1,11.7
7,2011-10-06,2011-09-17,22.59666737876522,12.52189703054903,17.559282204657123,0,75.19685039370079,10.07477034821619,-19,1,12.1
7,2011-10-06,2011-09-18,18.78551591540269,10.30869472334971,14.5471053193762,0,80.70866141732283,8.47682119205298,-18,1,11.7
7,2011-10-06,2011-09-19,25.4849391155736,12.64152958769494,19.06323435163427,0.08239997558519008,68.89763779527559,12.84340952787866,-17,1,12.8
7,2011-10-06,2011-09-20,20.99017303994873,14.10275582140568,17.546464430677204,4.943998535111547,82.67716535433071,6.88741721854305,-16,1,13.2
7,2011-10-06,2011-09-21,23.84426404614399,10.71031830805384,17.277291177098917,0.9475997192297144,74.01574803149606,13.133945738090151,-15,1,11.2
7,2011-10-06,2011-09-22,24.579149754326,12.30826746421705,18.443708609271525,0,74.80314960629921,12.27088229010895,-14,1,12.4
7,2011-10-06,2011-09-23,16.60649433881649,11.19739371929075,13.90194402905362,1.620532853175462,90.94488188976378,5.40910061952574,-13,1,13
7,2011-10-06,2011-09-24,21.1268959624012,9.146549882503738,15.136722922452469,19.54252754295479,77.95275590551181,11.980346079897462,-12,1,10.7
7,2011-10-06,2011-09-25,16.84575945310831,7.240974150822474,12.043366801965393,0,75.19685039370079,9.604785302285835,-11,1,7.7
7,2011-10-06,2011-09-26,23.48536637470626,7.93740653706473,15.711386455885496,0,68.11023622047244,15.54795983764153,-10,1,8.4
7,2011-10-06,2011-09-27,24.93804742576373,10.27451399273659,17.60628070925016,0,68.50393700787401,14.66353343302714,-9,1,10.3
7,2011-10-06,2011-09-28,25.41657765434736,8.116855372783593,16.766716513565477,0,59.44881889763779,17.299722281563767,-8,1,9.2
7,2011-10-06,2011-09-29,28.18521683400983,9.505447553941464,18.845332193975647,0,59.84251968503936,18.679769280068363,-7,1,10.7
7,2011-10-06,2011-09-30,31.4836573381756,13.76949369792779,22.626575518051695,0,51.96850393700787,17.71416364024781,-6,1,12.3
7,2011-10-06,2011-10-01,29.67207861568041,14.41038239692374,22.041230506302075,0,64.1732283464567,15.261696218756668,-5,1,13.5
7,2011-10-06,2011-10-02,24.27152317880795,13.86349070711386,19.067506942960904,7.244331186864827,82.67716535433071,10.40803247169409,-4,1,14.7
7,2011-10-06,2011-10-03,25.74129459517197,12.40226447340312,19.071779534287543,0,66.53543307086613,13.339030121768849,-3,1,10.5
7,2011-10-06,2011-10-04,21.07562486648152,11.43665883358257,16.256141850032044,0,70.07874015748031,9.63896603289895,-2,1,10.2
7,2011-10-06,2011-10-05,26.08310190130314,10.55650502029481,18.319803460798976,0,74.80314960629921,15.52659688100833,-1,1,11.8
7,2011-10-06,2011-10-06,28.15103610339671,14.49583422345653,21.32343516342662,0,68.50393700787401,13.65520187994018,0,1,14.5
7,2011-10-06,2011-10-07,28.44157231360821,15.42725913266396,21.934415723136084,0.7072664571062433,66.53543307086613,13.01431318094425,1,1,15.1
7,2011-10-06,2011-10-08,24.69878231147191,14.26511429181799,19.481948301644948,1.805932798242139,78.74015748031496,10.433668019653918,2,1,15.1
7,2011-10-06,2011-10-09,19.67421491134373,15.13672292245247,17.4054689168981,13.12906277657399,93.30708661417324,4.537491988891258,3,1,17.1
7,2011-10-06,2011-10-10,23.10937833796197,14.33347575304422,18.721427045503095,14.96932889797662,90.15748031496062,8.77590258491775,4,1,16.9
7,2011-10-06,2011-10-11,25.22858363597522,14.92309335612049,20.075838496047854,14.76332895901365,84.64566929133858,10.30549027985473,5,1,15.8
7,2011-10-06,2011-10-12,21.36616107669301,13.91476180303354,17.640461439863277,2.87026581621754,81.88976377952756,7.4513992736594705,6,1,14.7
7,2011-10-06,2011-10-13,17.41828669087802,14.93163853877377,16.174962614825894,14.03546250801111,96.06299212598424,2.48664815210425,7,1,16
7,2011-10-06,2011-10-14,23.72463148899808,15.94851527451399,19.836573381756036,49.54985198522903,88.18897637795276,7.776116214484091,8,1,18.3
7,2011-10-06,2011-10-15,19.38367870113224,15.28199102755821,17.332834864345223,4.545731986449795,95.2755905511811,4.10168767357403,9,1,16.6
7,2011-10-06,2011-10-16,19.41785943174535,13.74385814996796,16.580858790856652,8.521530808435301,92.51968503937007,5.6740012817773895,10,1,13.8
7,2011-10-06,2011-10-17,23.70754112369152,12.76116214484085,18.234351634266183,0,72.04724409448819,10.946378978850673,11,1,11.5
7,2011-10-06,2011-10-18,22.40867336039308,9.34308908352916,15.87588122196112,0,68.50393700787401,13.06558427686392,12,1,9.4
7,2011-10-06,2011-10-19,21.89596240119632,10.81286049989319,16.354411450544756,0,70.86614173228347,11.083101901303133,13,1,10
7,2011-10-06,2011-10-20,22.88720358897671,9.958342234565263,16.422772911770988,0,69.68503937007874,12.928861354411444,14,1,10.4
7,2011-10-06,2011-10-21,22.1523178807947,8.80474257637257,15.478530228583637,0,63.38582677165353,13.347575304422133,15,1,9.1
7,2011-10-06,2011-10-22,24.42533646656697,8.958555864131597,16.691946165349286,0,67.32283464566929,15.466780602435374,16,1,10.8
7,2011-10-06,2011-10-23,26.28818628498184,12.59025849177526,19.43922238837855,0,68.11023622047244,13.69792779320658,17,1,12.7
7,2011-10-06,2011-10-24,27.29651783806879,14.82909634693442,21.062807092501608,0,66.14173228346456,12.46742149113437,18,1,14.2
7,2011-10-06,2011-10-25,20.95599230933561,14.20529801324503,17.58064516129032,17.48252815332498,86.61417322834646,6.750694296090579,19,1,16
7,2011-10-06,2011-10-26,23.09228797265541,13.684041871395,18.388164922025204,18.84212775048067,75.98425196850394,9.40824610126041,20,1,12.9
7,2011-10-06,2011-10-27,25.22858363597522,10.41123691518906,17.81991027558214,0,63.7795275590551,14.81734672078616,21,1,11.2
7,2011-10-06,2011-10-28,27.55287331766716,10.09506515701773,18.82396923734245,0,58.66141732283464,17.457808160649428,22,1,10.7
7,2011-10-06,2011-10-29,20.73381756035035,13.04315317239906,16.888485366374706,0,82.67716535433071,7.690664387951289,23,1,13.9
7,2011-10-06,2011-10-30,17.43537705618458,12.6158940397351,15.02563554795984,52.02185125278481,93.30708661417324,4.819483016449482,24,1,15.3
7,2011-10-06,2011-10-31,20.59709463789789,8.984191412091434,14.790643024994662,2.581865901669374,72.44094488188976,11.612903225806456,25,1,8.7
7,2011-10-06,2011-11-01,19.21277504806665,8.339030121768854,13.775902584917752,0,69.68503937007874,10.873744926297796,26,1,7
7,2011-10-06,2011-11-02,19.89638966032899,6.694082461012604,13.295236060670796,0,65.74803149606299,13.202307199316383,27,1,6.7
7,2011-10-06,2011-11-03,21.29779961546678,6.548814355906858,13.923306985686818,0,62.59842519685039,14.74898525955992,28,1,7.3
8,2012-09-06,2012-08-09,22.80175176244392,14.49583422345653,18.648792992950227,0,69.68503937007874,8.30591753898739,-28,0,13.6
8,2012-09-06,2012-08-10,28.28775902584918,14.10275582140568,21.19525742362743,0,70.86614173228347,14.1850032044435,-27,0,13.6
8,2012-09-06,2012-08-11,27.29651783806879,16.90557573168126,22.101046784875024,0,61.81102362204724,10.39094210638753,-26,0,14.5
8,2012-09-06,2012-08-12,29.29609057893612,17.91390728476821,23.604998931852165,0,55.11811023622047,11.382183294167907,-25,0,12.6
8,2012-09-06,2012-08-13,22.80175176244392,13.10296945097202,17.95236060670797,18.51252784813988,84.25196850393701,9.6987823114719,-24,0,14.7
8,2012-09-06,2012-08-14,26.28818628498184,12.30826746421705,19.298226874599443,0.4600665303506446,73.22834645669292,13.97991882076479,-23,0,13.8
8,2012-09-06,2012-08-15,26.80089724417859,16.29886776329844,21.549882503738516,0,66.53543307086613,10.50202948088015,-22,0,13.8
8,2012-09-06,2012-08-16,21.29779961546678,16.90557573168126,19.10168767357402,0,77.95275590551181,4.392223883785519,-21,0,14.3
8,2012-09-06,2012-08-17,28.28775902584918,15.7007049775689,21.99423200170904,0.1922666096987768,70.47244094488188,12.58705404828028,-20,0,15
8,2012-09-06,2012-08-18,24.80132450331126,16.90557573168126,20.85345011749626,0,72.83464566929133,7.89574877163,-19,0,14.5
8,2012-09-06,2012-08-19,22.80175176244392,17.70882290108951,20.255287331766716,4.943998535111547,75.19685039370079,5.092928861354412,-18,0,14.5
8,2012-09-06,2012-08-20,26.28818628498184,16.1108737449263,21.19953001495407,0.1647999511703802,69.29133858267717,10.17731254005554,-17,0,14.3
8,2012-09-06,2012-08-21,23.79299295022431,14.90600299081393,19.34949797051912,5.046998504593034,81.1023622047244,8.88698995941038,-16,0,15.2
8,2012-09-06,2012-08-22,29.29609057893612,17.11066011535997,23.203375347148047,0.04806665242469421,64.96062992125984,12.18543046357615,-15,0,14.9
8,2012-09-06,2012-08-23,28.80046998504593,16.29886776329844,22.549668874172184,0,54.33070866141732,12.50160222174749,-14,0,13.1
8,2012-09-06,2012-08-24,28.28775902584918,15.50416577654347,21.895962401196325,0,57.48031496062991,12.78359324930571,-13,0,12.4
8,2012-09-06,2012-08-25,23.29737235633412,8.501388592181158,15.899380474257638,4.875331888790555,89.37007874015748,14.79598376415296,-12,0,10.8
8,2012-09-06,2012-08-26,9.804528946806238,5.309762871181372,7.557145908993805,28.37305825983458,93.30708661417324,4.494766075624867,-11,0,6.7
8,2012-09-06,2012-08-27,15.80324716940825,7.505874813074129,11.65456099124119,18.23786126285592,89.37007874015748,8.29737235633412,-10,0,6.2
8,2012-09-06,2012-08-28,15.30762657551805,8.90728476821192,12.107455671864985,0,87.4015748031496,6.4003418073061304,-9,0,7.7
8,2012-09-06,2012-08-29,17.7942747276223,9.701986754966889,13.748130741294595,0.08926664021728925,84.64566929133858,8.092287972655415,-8,0,9.6
8,2012-09-06,2012-08-30,24.80132450331126,8.70647297585986,16.75389873958556,0,74.40944881889763,16.0948515274514,-7,0,10.2
8,2012-09-06,2012-08-31,27.29651783806879,13.30805383465072,20.30228583635975,0,67.32283464566929,13.988464003418072,-6,0,12.8
8,2012-09-06,2012-09-01,27.29651783806879,16.1108737449263,21.703695791497545,0,71.25984251968504,11.18564409314249,-5,0,14.8
8,2012-09-06,2012-09-02,29.79171117282632,16.70049134800256,23.24610126041444,0,65.35433070866142,13.09121982482376,-4,0,14.8
8,2012-09-06,2012-09-03,23.29737235633412,14.30784020508438,18.80260628070925,0,75.59055118110236,8.989532151249739,-3,0,13.8
8,2012-09-06,2012-09-04,25.79256569109165,11.10339671010468,18.447981200598164,0,68.11023622047244,14.689168980986969,-2,0,11.5
8,2012-09-06,2012-09-05,29.79171117282632,13.50459303567614,21.64815210425123,0,65.74803149606299,16.28711813715018,-1,0,12.7
8,2012-09-06,2012-09-06,27.29651783806879,16.90557573168126,22.101046784875024,0,68.89763779527559,10.39094210638753,0,0,15.4
8,2012-09-06,2012-09-07,32.30399487289041,18.40952787865841,25.356761375774408,0,57.87401574803149,13.894466994231998,1,0,14.5
8,2012-09-06,2012-09-08,23.79299295022431,10.41123691518906,17.102114932706684,6.228064821314121,78.34645669291338,13.38175603503525,2,0,16.3
8,2012-09-06,2012-09-09,21.29779961546678,14.90600299081393,18.101901303140355,0,94.09448818897636,6.39179662465285,3,0,15.7
8,2012-09-06,2012-09-10,16.79448835718863,13.10296945097202,14.948728904080326,36.28345591601305,95.66929133858268,3.6915189062166096,4,0,13.8
8,2012-09-06,2012-09-11,19.50331125827815,12.70134586626789,16.10232856227302,17.66106143375958,87.4015748031496,6.80196539201026,5,0,12.3
8,2012-09-06,2012-09-12,20.80217902157658,14.70091860713523,17.751548814355907,0,88.58267716535433,6.1012604144413505,6,0,13.4
8,2012-09-06,2012-09-13,23.29737235633412,11.5050202948088,17.40119632557146,0.08926664021728925,78.34645669291338,11.79235206152532,7,0,12.2
8,2012-09-06,2012-09-14,29.29609057893612,13.30805383465072,21.30207220679342,0,71.65354330708661,15.9880367442854,8,0,14.4
8,2012-09-06,2012-09-15,28.28775902584918,17.91390728476821,23.100833155308695,0,74.40944881889763,10.37385174108097,9,0,18.4
8,2012-09-06,2012-09-16,25.29694509720145,19.40076906643879,22.34885708182012,1.297799615466772,73.62204724409449,5.8961760307626605,10,0,18.7
8,2012-09-06,2012-09-17,31.29566331980346,18.40952787865841,24.852595599230938,2.993865779595325,65.74803149606299,12.88613544114505,11,0,17.5
8,2012-09-06,2012-09-18,22.28904080324717,15.10254219183935,18.695791497543254,3.172399060029903,82.67716535433071,7.186498611407819,12,0,18.8
8,2012-09-06,2012-09-19,20.28946806237983,9.308908352916044,14.799188207647935,104.8677022614215,90.15748031496062,10.980559709463783,13,0,12.3
8,2012-09-06,2012-09-20,19.29822687459944,7.505874813074129,13.402050843836784,0.5218665120395656,72.44094488188976,11.79235206152531,14,0,5.7
8,2012-09-06,2012-09-21,19.79384746848964,11.10339671010468,15.44862208929716,0,62.99212598425196,8.69045075838496,15,0,7.1
8,2012-09-06,2012-09-22,21.29779961546678,6.903439436017944,14.100619525742362,0,55.11811023622047,14.394360179448835,16,0,5.8
8,2012-09-06,2012-09-23,23.79299295022431,8.304849391155736,16.048921170690022,0,55.90551181102362,15.488143559068574,17,0,7.1
8,2012-09-06,2012-09-24,27.79213843195898,12.30826746421705,20.050202948088018,0,60.23622047244093,15.483870967741929,18,0,11
8,2012-09-06,2012-09-25,21.79342020935697,6.903439436017944,14.348429822687455,0.03433332316049587,70.47244094488188,14.889980773339026,19,0,7.3
8,2012-09-06,2012-09-26,15.80324716940825,2.703482161931211,9.25336466566973,0.1304666280098843,63.7795275590551,13.09976500747704,20,0,1
8,2012-09-06,2012-09-27,20.80217902157658,6.3052766502884,13.553727835932492,0,63.7795275590551,14.49690237128818,21,0,5.3
8,2012-09-06,2012-09-28,24.2886135441145,8.70647297585986,16.497543259987182,0,58.66141732283464,15.58214056825464,22,0,6.1
8,2012-09-06,2012-09-29,16.79448835718863,12.90643024994659,14.850459303567613,0.4051332132938512,78.34645669291338,3.88805810724204,23,0,9.3
8,2012-09-06,2012-09-30,26.80089724417859,12.49626148258919,19.648579363383888,1.606799523911263,72.83464566929133,14.3046357615894,24,0,12.9
8,2012-09-06,2012-10-01,21.29779961546678,15.9057893612476,18.60179448835719,11.9342631305887,86.22047244094487,5.39201025421918,25,0,16.1
8,2012-09-06,2012-10-02,19.79384746848964,14.30784020508438,17.05084383678701,52.87331766716514,88.9763779527559,5.486007263405261,26,0,16.4
8,2012-09-06,2012-10-03,21.29779961546678,15.9057893612476,18.60179448835719,72.29224524674214,88.9763779527559,5.39201025421918,27,0,18
8,2012-09-06,2012-10-04,25.29694509720145,15.30762657551805,20.30228583635975,0.1029999694814876,83.85826771653544,9.9893185216834,28,0,17.5
9,2012-09-09,2012-08-12,27.0059816278573,14.30784020508438,20.65691091647084,0,57.87401574803149,12.69814142277292,-28,0,12.3
9,2012-09-09,2012-08-13,19.8109378337962,12.60734885708182,16.20914334543901,1.380199591051962,81.88976377952756,7.203588976714379,-27,0,13.2
9,2012-09-09,2012-08-14,23.81008331553087,12.21427045503098,18.012176885280926,6.578264717551207,72.04724409448819,11.59581286049989,-26,0,12.9
9,2012-09-09,2012-08-15,23.70754112369152,13.30805383465072,18.50779747917112,0,71.65354330708661,10.3994872890408,-25,0,12.6
9,2012-09-09,2012-08-16,19.70839564195685,15.4101687673574,17.559282204657126,0.1304666280098843,78.74015748031496,4.298226874599452,-24,0,13.8
9,2012-09-09,2012-08-17,25.91219824823756,15.50416577654347,20.708182012390516,0.1304666280098843,72.44094488188976,10.408032471694089,-23,0,14.4
9,2012-09-09,2012-08-18,24.40824610126042,13.90621662038026,19.15723136082034,0,68.11023622047244,10.50202948088016,-22,0,12.4
9,2012-09-09,2012-08-19,24.20316171758171,15.00854518265328,19.605853450117497,0.06179998168889256,74.01574803149606,9.19461653492843,-21,0,13.2
9,2012-09-09,2012-08-20,25.50202948088015,14.11130100405896,19.806665242469556,0,69.68503937007874,11.39072847682119,-20,0,13.1
9,2012-09-09,2012-08-21,25.99765007477035,14.30784020508438,20.152745139927365,0.5493331705679623,73.22834645669292,11.689809869685968,-19,0,12.7
9,2012-09-09,2012-08-22,27.80922879726554,15.11108737449263,21.460158085879087,3.103732413708912,62.20472440944881,12.69814142277291,-18,0,13.5
9,2012-09-09,2012-08-23,27.19397564622944,14.90600299081393,21.04998931852169,0,53.14960629921259,12.28797265541551,-17,0,12
9,2012-09-09,2012-08-24,26.81798760948515,12.90643024994659,19.86220892971587,0,61.81102362204724,13.91155735953856,-16,0,11.3
9,2012-09-09,2012-08-25,19.8109378337962,8.80474257637257,14.307840205084386,1.860866115298933,87.00787401574803,11.006195257423627,-15,0,10.6
9,2012-09-09,2012-08-26,8.80474257637257,6.113010040589618,7.458876308481094,20.61372722556231,94.48818897637796,2.691732535782952,-14,0,6.4
9,2012-09-09,2012-08-27,11.41102328562273,6.510361033967101,8.960692159794915,4.030732139042328,91.73228346456692,4.900662251655628,-13,0,6.5
9,2012-09-09,2012-08-28,15.00854518265328,9.214911343729971,12.111728263191626,0,87.79527559055117,5.7936338389233075,-12,0,7.7
9,2012-09-09,2012-08-29,18.30698568681905,9.00982696005127,13.65840632343516,0,83.46456692913385,9.29715872676778,-11,0,9.3
9,2012-09-09,2012-08-30,24.49369792779321,8.304849391155736,16.399273659474474,0.08926664021728925,73.22834645669292,16.188848536637472,-10,0,9.6
9,2012-09-09,2012-08-31,25.91219824823756,10.71031830805384,18.3112582781457,0,66.92913385826772,15.20187994018372,-9,0,11.5
9,2012-09-09,2012-09-01,26.61290322580645,13.90621662038026,20.259559923093356,0,68.11023622047244,12.706686605426189,-8,0,13.5
9,2012-09-09,2012-09-02,27.60414441358684,14.50437940610981,21.054261909848325,0,63.7795275590551,13.09976500747703,-7,0,13.7
9,2012-09-09,2012-09-03,22.61375774407178,14.11130100405896,18.36252937406537,0,73.62204724409449,8.50245674001282,-6,0,12.9
9,2012-09-09,2012-09-04,23.19483016449477,12.30826746421705,17.75154881435591,0,66.53543307086613,10.886562700277722,-5,0,9.6
9,2012-09-09,2012-09-05,29.31318094424268,10.90685750907926,20.11001922666097,0,64.56692913385827,18.406323435163426,-4,0,11
9,2012-09-09,2012-09-06,29.50117496261483,15.11108737449263,22.30613116855373,0,63.38582677165353,14.3900875881222,-3,0,14.3
9,2012-09-09,2012-09-07,31.80837427900021,16.70049134800256,24.254432813501385,0,51.57480314960629,15.107882930997649,-2,0,14
9,2012-09-09,2012-09-08,27.80922879726554,18.7000640888699,23.25464644306772,0.08926664021728925,62.99212598425196,9.10916470839564,-1,0,13.2
9,2012-09-09,2012-09-09,20.40910061952574,16.1108737449263,18.25998718222602,4.257332071901601,90.94488188976378,4.29822687459944,0,0,16.7
9,2012-09-09,2012-09-10,17.40974150822474,12.60734885708182,15.00854518265328,38.64558854945523,95.66929133858268,4.80239265114292,1,0,15.7
9,2012-09-09,2012-09-11,22.40867336039308,12.30826746421705,17.358470412305067,13.28699606311227,87.00787401574803,10.100405896176031,2,0,12.6
9,2012-09-09,2012-09-12,24.69878231147191,12.4108096560564,18.554795983764155,0,85.8267716535433,12.287972655415508,3,0,13.4
9,2012-09-09,2012-09-13,23.50245674001282,12.00918607135227,17.755821405682546,0.04806665242469421,76.37795275590551,11.493270668660552,4,0,12
9,2012-09-09,2012-09-14,27.10852381969665,13.00897244178594,20.058748130741293,0.04806665242469421,72.44094488188976,14.09955137791071,5,0,13.5
9,2012-09-09,2012-09-15,25.50202948088015,15.30762657551805,20.4048280281991,0,75.59055118110236,10.1944029053621,6,0,16.5
9,2012-09-09,2012-09-16,27.50160222174749,17.31574449903867,22.40867336039308,0,74.01574803149606,10.18585772270882,7,0,17.3
9,2012-09-09,2012-09-17,31.00512710959197,17.20465712454604,24.104892117069006,0.1716666158024793,67.71653543307086,13.800469985045932,8,0,16.8
9,2012-09-09,2012-09-18,26.3052766502884,17.999359111301,22.152317880794698,9.819330423902102,84.25196850393701,8.305917538987398,9,0,17.4
9,2012-09-09,2012-09-19,18.81969664601581,10.00961333048494,14.414654988250376,83.66344187749868,88.18897637795276,8.81008331553087,10,0,12.7
9,2012-09-09,2012-09-20,18.81969664601581,5.104678487502671,11.96218756675924,2.005066072573015,73.62204724409449,13.71501815851314,11,0,4.8
9,2012-09-09,2012-09-21,18.61461226233711,9.907071138645588,14.26084170049135,0.4257332071901487,64.96062992125984,8.707541123691524,12,0,6.9
9,2012-09-09,2012-09-22,19.91348002563555,5.104678487502671,12.50907925656911,0,55.90551181102362,14.80880153813288,13,0,4.9
9,2012-09-09,2012-09-23,21.81051057466353,7.510147404400769,14.66032898953215,0,55.11811023622047,14.300363170262765,14,0,6.4
9,2012-09-09,2012-09-24,26.20273445844905,11.7101046784875,18.956419568468277,0,62.99212598425196,14.49262977996155,15,0,10.5
9,2012-09-09,2012-09-25,19.1956846827601,6.407818842127751,12.801751762443924,0.04806665242469421,74.80314960629921,12.787865840632348,16,0,8.5
9,2012-09-09,2012-09-26,14.41038239692374,0.7124546037171537,7.561418500320447,0.04806665242469421,64.1732283464567,13.697927793206588,17,0,1
9,2012-09-09,2012-09-27,19.8109378337962,4.104892117069003,11.9579149754326,0,65.74803149606299,15.706045716727196,18,0,4.5
9,2012-09-09,2012-09-28,20.99017303994873,8.112582781456954,14.551377910702842,0,60.62992125984251,12.877590258491775,19,0,5.1
9,2012-09-09,2012-09-29,15.4101687673574,11.60756248664815,13.508865627002775,0.1716666158024793,76.37795275590551,3.8026062807092487,20,0,8.7
9,2012-09-09,2012-09-30,22.81884212775048,11.90664387951292,17.3627430036317,0.9613330484939128,74.01574803149606,10.91219824823756,21,0,12.3
9,2012-09-09,2012-10-01,18.61461226233711,14.60692159794916,16.610766930143136,9.242530594805745,88.18897637795276,4.007690664387951,22,0,13.9
9,2012-09-09,2012-10-02,16.81157872249519,13.50459303567614,15.158085879085665,36.25598925748466,88.9763779527559,3.3069856868190524,23,0,15.6
9,2012-09-09,2012-10-03,18.7000640888699,15.11108737449263,16.905575731681267,46.5834528641621,91.33858267716536,3.588976714377271,24,0,16.7
9,2012-09-09,2012-10-04,26.1001922666097,14.70946378978851,20.404828028199105,1.984466078676718,82.67716535433071,11.39072847682119,25,0,15.9
9,2012-09-09,2012-10-05,30.49241615039521,15.99978637043367,23.24610126041444,0.04806665242469421,75.19685039370079,14.492629779961542,26,0,16.4
9,2012-09-09,2012-10-06,31.91091647083956,17.50373851741081,24.707327494125185,0,68.89763779527559,14.40717795342875,27,0,17.5
9,2012-09-09,2012-10-07,34.72228156376843,19.1102328562273,26.916257209997863,0,68.11023622047244,15.612048707541136,28,0,18.4
10,2012-09-13,2012-08-16,25.3994872890408,12.30826746421705,18.85387737662892,0,76.77165354330708,13.09121982482375,-28,0,12.4
10,2012-09-13,2012-08-17,25.8096560563982,13.0687887203589,19.43922238837855,0,76.37795275590551,12.7408673360393,-27,0,13
10,2012-09-13,2012-08-18,25.82674642170476,13.29950865199744,19.563127536851106,0,71.65354330708661,12.52723776970732,-26,0,11.3
10,2012-09-13,2012-08-19,25.690023499252305,12.84661397137364,19.26831873531297,0,71.65354330708661,12.84340952787866,-25,0,11.5
10,2012-09-13,2012-08-20,24.81841486861781,11.86391796624653,18.34116641743217,0,74.01574803149606,12.95449690237128,-24,0,11.5
10,2012-09-13,2012-08-21,26.45908993804743,12.63298440504166,19.546037171544544,0,72.44094488188976,13.826105533005771,-23,0,11.2
10,2012-09-13,2012-08-22,27.46742149113437,8.736381115146337,18.10190130314035,0,66.92913385826772,18.731040375988034,-22,0,8.8
10,2012-09-13,2012-08-23,25.74129459517197,9.513992736594744,17.627643665883355,0,64.56692913385827,16.227301858577224,-21,0,10.1
10,2012-09-13,2012-08-24,26.59581286049989,10.0267036957915,18.311258278145697,0,72.44094488188976,16.56910916470839,-20,0,9.9
10,2012-09-13,2012-08-25,27.0059816278573,10.05233924375134,18.52916043580432,0,71.25984251968504,16.953642384105958,-19,0,10.1
10,2012-09-13,2012-08-26,24.88677632984405,13.50459303567614,19.195684682760096,0,76.37795275590551,11.38218329416791,-18,0,11
10,2012-09-13,2012-08-27,21.99850459303568,10.49668874172185,16.247596667378765,1.565599536118668,88.18897637795276,11.501815851313829,-17,0,12.1
10,2012-09-13,2012-08-28,15.25635547959838,11.23157444990387,13.243964964751124,3.021332438123721,94.09448818897636,4.024781029694509,-16,0,10.9
10,2012-09-13,2012-08-29,22.13522751548814,11.96646015808588,17.05084383678701,2.993865779595325,81.49606299212599,10.16876735740226,-15,0,10.1
10,2012-09-13,2012-08-30,21.51997436445204,11.18030335398419,16.350138859218113,0,79.13385826771653,10.33967101046785,-14,0,9.8
10,2012-09-13,2012-08-31,25.02349925229652,8.770561845759453,16.89703054902799,0,76.77165354330708,16.252937406537068,-13,0,9.1
10,2012-09-13,2012-09-01,26.88634907071139,6.433454390087588,16.65990173039949,0,70.47244094488188,20.4528946806238,-12,0,9.5
10,2012-09-13,2012-09-02,28.7321085238197,9.223456526383252,18.977782525101475,0,67.71653543307086,19.50865199743645,-11,0,11
10,2012-09-13,2012-09-03,24.63042085024567,9.146549882503738,16.888485366374702,0,74.40944881889763,15.483870967741932,-10,0,11.4
10,2012-09-13,2012-09-04,20.0160222174749,9.1209143345439,14.5684682760094,0,74.40944881889763,10.895107882931,-9,0,8.2
10,2012-09-13,2012-09-05,28.11685537278359,9.488357188634907,18.80260628070925,0,76.77165354330708,18.628498184148683,-8,0,10.3
10,2012-09-13,2012-09-06,30.04806665242469,10.30014954069643,20.17410809656056,0.2471999267555702,72.44094488188976,19.747917111728263,-7,0,12
10,2012-09-13,2012-09-07,31.24439222388379,10.99230933561205,21.11835077974792,0,68.89763779527559,20.252082888271737,-6,0,12.7
10,2012-09-13,2012-09-08,30.61204870754112,11.10339671010468,20.8577227088229,0,60.23622047244093,19.50865199743644,-5,0,10.9
10,2012-09-13,2012-09-09,30.04806665242469,13.32514419995727,21.68660542619098,0,63.38582677165353,16.722922452467422,-4,0,10.1
10,2012-09-13,2012-09-10,29.44990386669515,15.29053621021149,22.37022003845332,0.9887997070223092,70.07874015748031,14.159367656483658,-3,0,12.9
10,2012-09-13,2012-09-11,28.08267464217047,14.59837641529588,21.340525528733178,5.452131717886886,72.44094488188976,13.484298226874593,-2,0,13.9
10,2012-09-13,2012-09-12,28.39030121768853,15.40162358470412,21.895962401196325,0,76.37795275590551,12.98867763298441,-1,0,14.8
10,2012-09-13,2012-09-13,26.7154454176458,14.5898312326426,20.6526383251442,0,64.56692913385827,12.1256141850032,0,0,13.5
10,2012-09-13,2012-09-14,24.56205938901944,13.87203588976714,19.21704763939329,0,75.59055118110236,10.690023499252298,1,0,12.2
10,2012-09-13,2012-09-15,31.26148258919034,13.17133091219825,22.216406750694297,0,71.65354330708661,18.09015167699209,2,0,11.9
10,2012-09-13,2012-09-16,32.18436231574449,12.56462294381542,22.37449262977995,0,68.50393700787401,19.619739371929064,3,0,11.6
10,2012-09-13,2012-09-17,32.63725699636829,13.88058107242042,23.258919034394356,0,66.92913385826772,18.75667592394787,4,0,13.3
10,2012-09-13,2012-09-18,29.97970519119846,15.35035248878445,22.665028839991457,0,63.7795275590551,14.629352702414009,5,0,11.6
10,2012-09-13,2012-09-19,26.85216834009827,15.81179235206153,21.331980346079902,0.617999816888954,74.80314960629921,11.04037598803674,6,0,13.3
10,2012-09-13,2012-09-20,24.579149754326,8.650929288613543,16.61503952146977,4.195532090212708,66.92913385826772,15.928220465712457,7,0,6.7
10,2012-09-13,2012-09-21,19.82802819910275,12.36808374279,16.098055970946376,45.56718649861139,88.18897637795276,7.459944456312749,8,0,11.9
10,2012-09-13,2012-09-22,21.91305276650288,6.95471053193762,14.43388164922025,5.795464949491873,64.56692913385827,14.95834223456526,9,0,5.1
10,2012-09-13,2012-09-23,22.10104678487503,8.398846400341807,15.24994659260842,0,69.68503937007874,13.702200384533224,10,0,8
10,2012-09-13,2012-09-24,26.04892117069002,10.69322794274728,18.37107455671865,0,77.16535433070865,15.35569322794274,11,0,11.7
10,2012-09-13,2012-09-25,19.55458235419782,13.32514419995727,16.439863277077546,19.6661275063326,94.09448818897636,6.229438154240549,12,0,15
10,2012-09-13,2012-09-26,16.86284981841487,2.336039307840204,9.599444563127536,20.55879390850549,57.87401574803149,14.526810510574665,13,0,0.4
10,2012-09-13,2012-09-27,16.13650929288614,3.951078829309976,10.043794061098058,0,73.22834645669292,12.185430463576164,14,0,3.1
10,2012-09-13,2012-09-28,18.92223883785516,6.967528305917538,12.94488357188635,0,70.47244094488188,11.954710531937623,15,0,5.5
10,2012-09-13,2012-09-29,21.93014313180944,9.12945951719718,15.52980132450331,0,68.89763779527559,12.80068361461226,16,0,7.5
10,2012-09-13,2012-09-30,24.45951719718009,10.73595385601367,17.59773552659688,1.503799554429776,75.19685039370079,13.723563341166422,17,0,9.9
10,2012-09-13,2012-10-01,29.19354838709678,11.12903225806452,20.161290322580648,0.8995330668050201,75.59055118110236,18.06451612903226,18,0,12.4
10,2012-09-13,2012-10-02,31.22730185857723,12.35099337748344,21.789147618030334,1.544999542222371,69.68503937007874,18.87630848109379,19,0,14.3
10,2012-09-13,2012-10-03,25.4849391155736,14.96581926938688,20.22537919248024,0.04119998779259504,84.25196850393701,10.51911984618672,20,0,15.7
10,2012-09-13,2012-10-04,24.35697500534074,16.65776543473617,20.507370220038453,0,82.67716535433071,7.69920957060457,21,0,16.1
10,2012-09-13,2012-10-05,26.90343943601794,15.88015381328776,21.39179662465285,0,80.70866141732283,11.02328562273018,22,0,15.8
10,2012-09-13,2012-10-06,31.63747062593463,15.6579790643025,23.647724845118564,0,67.71653543307086,15.979491561632129,23,0,15.5
10,2012-09-13,2012-10-07,33.35505233924376,17.52082888271737,25.43794061098057,0,62.59842519685039,15.834223456526392,24,0,15.1
10,2012-09-13,2012-10-08,30.49241615039521,14.04293954283273,22.26767784661397,0,61.02362204724409,16.44947660756248,25,0,12.4
10,2012-09-13,2012-10-09,30.54368724631489,14.5898312326426,22.566759239478746,0,64.96062992125984,15.953856013672288,26,0,12.5
10,2012-09-13,2012-10-10,24.75005340739158,16.07669301431318,20.413373210852377,0,79.92125984251969,8.6733603930784,27,0,12.5
10,2012-09-13,2012-10-11,18.78551591540269,13.86349070711386,16.324503311258276,6.035798211615344,89.76377952755905,4.922025208288831,28,0,14.4
11,2012-10-06,2012-09-08,30.61204870754112,11.10339671010468,20.8577227088229,0,60.23622047244093,19.50865199743644,-28,0,10.9
11,2012-10-06,2012-09-09,30.04806665242469,13.32514419995727,21.68660542619098,0,63.38582677165353,16.722922452467422,-27,0,10.1
11,2012-10-06,2012-09-10,29.44990386669515,15.29053621021149,22.37022003845332,0.9887997070223092,70.07874015748031,14.159367656483658,-26,0,12.9
11,2012-10-06,2012-09-11,28.08267464217047,14.59837641529588,21.340525528733178,5.452131717886886,72.44094488188976,13.484298226874593,-25,0,13.9
11,2012-10-06,2012-09-12,28.39030121768853,15.40162358470412,21.895962401196325,0,76.37795275590551,12.98867763298441,-24,0,14.8
11,2012-10-06,2012-09-13,26.7154454176458,14.5898312326426,20.6526383251442,0,64.56692913385827,12.1256141850032,-23,0,13.5
11,2012-10-06,2012-09-14,24.56205938901944,13.87203588976714,19.21704763939329,0,75.59055118110236,10.690023499252298,-22,0,12.2
11,2012-10-06,2012-09-15,31.26148258919034,13.17133091219825,22.216406750694297,0,71.65354330708661,18.09015167699209,-21,0,11.9
11,2012-10-06,2012-09-16,32.18436231574449,12.56462294381542,22.37449262977995,0,68.50393700787401,19.619739371929064,-20,0,11.6
11,2012-10-06,2012-09-17,32.63725699636829,13.88058107242042,23.258919034394356,0,66.92913385826772,18.75667592394787,-19,0,13.3
11,2012-10-06,2012-09-18,29.97970519119846,15.35035248878445,22.665028839991457,0,63.7795275590551,14.629352702414009,-18,0,11.6
11,2012-10-06,2012-09-19,26.85216834009827,15.81179235206153,21.331980346079902,0.617999816888954,74.80314960629921,11.04037598803674,-17,0,13.3
11,2012-10-06,2012-09-20,24.579149754326,8.650929288613543,16.61503952146977,4.195532090212708,66.92913385826772,15.928220465712457,-16,0,6.7
11,2012-10-06,2012-09-21,19.82802819910275,12.36808374279,16.098055970946376,45.56718649861139,88.18897637795276,7.459944456312749,-15,0,11.9
11,2012-10-06,2012-09-22,21.91305276650288,6.95471053193762,14.43388164922025,5.795464949491873,64.56692913385827,14.95834223456526,-14,0,5.1
11,2012-10-06,2012-09-23,22.10104678487503,8.398846400341807,15.24994659260842,0,69.68503937007874,13.702200384533224,-13,0,8
11,2012-10-06,2012-09-24,26.04892117069002,10.69322794274728,18.37107455671865,0,77.16535433070865,15.35569322794274,-12,0,11.7
11,2012-10-06,2012-09-25,19.55458235419782,13.32514419995727,16.439863277077546,19.6661275063326,94.09448818897636,6.229438154240549,-11,0,15
11,2012-10-06,2012-09-26,16.86284981841487,2.336039307840204,9.599444563127536,20.55879390850549,57.87401574803149,14.526810510574665,-10,0,0.4
11,2012-10-06,2012-09-27,16.13650929288614,3.951078829309976,10.043794061098058,0,73.22834645669292,12.185430463576164,-9,0,3.1
11,2012-10-06,2012-09-28,18.92223883785516,6.967528305917538,12.94488357188635,0,70.47244094488188,11.954710531937623,-8,0,5.5
11,2012-10-06,2012-09-29,21.93014313180944,9.12945951719718,15.52980132450331,0,68.89763779527559,12.80068361461226,-7,0,7.5
11,2012-10-06,2012-09-30,24.45951719718009,10.73595385601367,17.59773552659688,1.503799554429776,75.19685039370079,13.723563341166422,-6,0,9.9
11,2012-10-06,2012-10-01,29.19354838709678,11.12903225806452,20.161290322580648,0.8995330668050201,75.59055118110236,18.06451612903226,-5,0,12.4
11,2012-10-06,2012-10-02,31.22730185857723,12.35099337748344,21.789147618030334,1.544999542222371,69.68503937007874,18.87630848109379,-4,0,14.3
11,2012-10-06,2012-10-03,25.4849391155736,14.96581926938688,20.22537919248024,0.04119998779259504,84.25196850393701,10.51911984618672,-3,0,15.7
11,2012-10-06,2012-10-04,24.35697500534074,16.65776543473617,20.507370220038453,0,82.67716535433071,7.69920957060457,-2,0,16.1
11,2012-10-06,2012-10-05,26.90343943601794,15.88015381328776,21.39179662465285,0,80.70866141732283,11.02328562273018,-1,0,15.8
11,2012-10-06,2012-10-06,31.63747062593463,15.6579790643025,23.647724845118564,0,67.71653543307086,15.979491561632129,0,0,15.5
11,2012-10-06,2012-10-07,33.35505233924376,17.52082888271737,25.43794061098057,0,62.59842519685039,15.834223456526392,1,0,15.1
11,2012-10-06,2012-10-08,30.49241615039521,14.04293954283273,22.26767784661397,0,61.02362204724409,16.44947660756248,2,0,12.4
11,2012-10-06,2012-10-09,30.54368724631489,14.5898312326426,22.566759239478746,0,64.96062992125984,15.953856013672288,3,0,12.5
11,2012-10-06,2012-10-10,24.75005340739158,16.07669301431318,20.413373210852377,0,79.92125984251969,8.6733603930784,4,0,12.5
11,2012-10-06,2012-10-11,18.78551591540269,13.86349070711386,16.324503311258276,6.035798211615344,89.76377952755905,4.922025208288831,5,0,14.4
11,2012-10-06,2012-10-12,17.46955778679769,12.8637043366802,15.166631061738943,15.36759544663838,85.03937007874015,4.60585345011749,6,0,10.5
11,2012-10-06,2012-10-13,19.1102328562273,11.86391796624653,15.487075411236916,0,77.55905511811024,7.246314889980768,7,0,9.4
11,2012-10-06,2012-10-14,18.58043153172399,12.29972228156377,15.44007690664388,0,77.95275590551181,6.280709250160218,8,0,9.5
11,2012-10-06,2012-10-15,26.47618030335398,10.53086947233497,18.50352488784448,0,68.50393700787401,15.945310831019013,9,0,9.6
11,2012-10-06,2012-10-16,26.56163212988677,11.9579149754326,19.259773552659684,0,74.80314960629921,14.603717154454172,10,0,11.4
11,2012-10-06,2012-10-17,27.94595171971801,12.13736381115146,20.041657765434735,0,62.59842519685039,15.808587908566553,11,0,13.5
11,2012-10-06,2012-10-18,29.99679555650502,8.518478957487716,19.257637256996368,0,49.21259842519684,21.478316599017305,12,0,8
11,2012-10-06,2012-10-19,28.08267464217047,14.14548173467208,21.11407818842127,3.083132419812614,70.86614173228347,13.93719290749839,13,0,13
11,2012-10-06,2012-10-20,24.92095706045717,14.92309335612049,19.92202520828883,16.06799523911252,81.88976377952756,9.99786370433668,14,0,15.3
11,2012-10-06,2012-10-21,26.88634907071139,15.35889767143773,21.12262337107456,0.8926664021729209,85.8267716535433,11.52745139927366,15,0,16.7
11,2012-10-06,2012-10-22,30.32151249732963,14.9572740867336,22.639393292031613,0.7347331156346399,71.25984251968504,15.364238410596029,16,0,17.5
11,2012-10-06,2012-10-23,24.85259559923093,14.76928006836146,19.810937833796196,26.36799218726156,91.73228346456692,10.08331553086947,17,0,17.4
11,2012-10-06,2012-10-24,27.14270455030976,11.17175817133091,19.157231360820333,43.72692037720878,74.80314960629921,15.970946378978848,18,0,12.7
11,2012-10-06,2012-10-25,23.28028199102756,15.96560563982055,19.622943815424055,0,90.94488188976378,7.314676351207011,19,0,16.6
11,2012-10-06,2012-10-26,20.99017303994873,16.81157872249519,18.90087588122196,1.290932950834673,92.91338582677164,4.178594317453538,20,0,17.1
11,2012-10-06,2012-10-27,31.80837427900021,13.61568041016877,22.712027344584488,11.9273964659566,75.59055118110236,18.19269386883144,21,0,17.4
11,2012-10-06,2012-10-28,23.50245674001282,17.5891903439436,20.54582354197821,11.39179662465284,90.15748031496062,5.913266396069222,22,0,19.1
11,2012-10-06,2012-10-29,32.53471480452895,16.04251228370006,24.288613544114504,0.7278664510025408,75.19685039370079,16.492202520828894,23,0,19
11,2012-10-06,2012-10-30,33.49177526169622,18.51207007049776,26.001922666096988,0.2883999145481653,79.5275590551181,14.97970519119846,24,0,18.7
11,2012-10-06,2012-10-31,33.49177526169622,16.40995513779107,24.95086519974365,8.521530808435301,76.77165354330708,17.08182012390515,25,0,17.8
11,2012-10-06,2012-11-01,23.94680623798334,15.73488570818201,19.840845973082672,12.38746299630725,86.22047244094487,8.21192052980133,26,0,17.7
11,2012-10-06,2012-11-02,24.63042085024567,15.88869899594104,20.259559923093356,0.199133274330876,83.07086614173228,8.74172185430463,27,0,15.3
11,2012-10-06,2012-11-03,23.07519760734885,15.16235847041231,19.11877803888058,0.4669331949827438,82.28346456692913,7.912839136936542,28,0,14.5
12,2012-09-17,2012-08-20,23.84426404614399,12.76970732749412,18.306985686819058,0,70.86614173228347,11.074556718649871,-28,0,12.3
12,2012-09-17,2012-08-21,25.79256569109165,14.0942106387524,19.943388164922027,0,69.29133858267717,11.698355052339249,-27,0,12.9
12,2012-09-17,2012-08-22,26.21982482375561,13.8891262550737,20.054475539414653,0,66.92913385826772,12.330698568681909,-26,0,12.9
12,2012-09-17,2012-08-23,25.36530655842769,12.66716513565478,19.016235847041237,0.398266548661752,62.20472440944881,12.69814142277291,-25,0,11.4
12,2012-09-17,2012-08-24,25.38239692373424,10.8470412305063,18.11471907712027,0,63.38582677165353,14.535355693227942,-24,0,10.4
12,2012-09-17,2012-08-25,18.87096774193548,7.843409527878658,13.35718863490707,1.160466322824789,89.37007874015748,11.02755821405682,-23,0,11.5
12,2012-09-17,2012-08-26,9.394360179448835,5.258491775261696,7.326425977355266,10.78753013702811,94.48818897637796,4.135868404187139,-22,0,9.3
12,2012-09-17,2012-08-27,11.08630634479812,4.754325998718222,7.92031617175817,1.174199652088987,92.1259842519685,6.331980346079898,-21,0,6.7
12,2012-09-17,2012-08-28,15.17090365306558,6.988891262550737,11.079897457808158,0,89.76377952755905,8.182012390514842,-20,0,7.9
12,2012-09-17,2012-08-29,17.50373851741081,8.351847895748772,12.927793206579793,0,79.5275590551181,9.151890621662035,-19,0,9
12,2012-09-17,2012-08-30,21.57124546037171,7.83059175389874,14.700918607135224,0,74.80314960629921,13.740653706472967,-18,0,8.7
12,2012-09-17,2012-08-31,23.39991454817347,8.206579790643026,15.803247169408248,0,70.07874015748031,15.193334757530444,-17,0,10.6
12,2012-09-17,2012-09-01,23.82717368083743,12.8637043366802,18.345439008758817,0,67.71653543307086,10.963469344157229,-16,0,12.5
12,2012-09-17,2012-09-02,26.08310190130314,12.69280068361461,19.387951292458876,0,63.38582677165353,13.390301217688531,-15,0,12.7
12,2012-09-17,2012-09-03,21.36616107669301,11.87246314889981,16.61931211279641,0,72.04724409448819,9.4936979277932,-14,0,12.2
12,2012-09-17,2012-09-04,19.36658833582568,9.58235419782098,14.474471266823327,0,70.86614173228347,9.7842341380047,-13,0,8.4
12,2012-09-17,2012-09-05,26.73253578295236,8.245033112582782,17.48878444776757,0,64.96062992125984,18.48750267036958,-12,0,10
12,2012-09-17,2012-09-06,27.27942747276223,13.09442426831874,20.186925870540485,0,62.20472440944881,14.18500320444349,-11,0,12.7
12,2012-09-17,2012-09-07,30.71459089938048,15.16235847041231,22.938474684896395,0,53.54330708661416,15.55223242896817,-10,0,13
12,2012-09-17,2012-09-08,27.91177098910489,16.03396710104678,21.972869045075836,4.882198553422654,59.44881889763779,11.87780388805811,-9,0,13.5
12,2012-09-17,2012-09-09,20.35782952360607,15.19653920102542,17.777184362315744,11.89992980742821,92.1259842519685,5.161290322580651,-8,0,15.8
12,2012-09-17,2012-09-10,16.34159367656484,12.25699636829737,14.299295022431108,29.55412457655567,96.45669291338582,4.084597308267471,-7,0,15.9
12,2012-09-17,2012-09-11,21.5370647297586,11.41956846827601,16.478316599017305,11.21326334421826,83.46456692913385,10.117496261482591,-6,0,12.9
12,2012-09-17,2012-09-12,23.94680623798334,12.1629993591113,18.054902798547317,0.04119998779259504,80.70866141732283,11.783806878872038,-5,0,13.7
12,2012-09-17,2012-09-13,22.66502883999145,11.052125614185,16.858577227088226,0,75.98425196850394,11.61290322580645,-4,0,12
12,2012-09-17,2012-09-14,24.86968596453749,10.94103823969237,17.90536210211493,0,75.59055118110236,13.92864772484512,-3,0,12.3
12,2012-09-17,2012-09-15,25.04058961760308,13.4362315744499,19.23841059602649,0,78.34645669291338,11.604358043153178,-2,0,15.4
12,2012-09-17,2012-09-16,25.17731254005555,16.45268105105747,20.81499679555651,1.22913296914578,72.04724409448819,8.724631488998078,-1,0,16.2
12,2012-09-17,2012-09-17,29.21063875240333,15.97415082247383,22.59239478743858,0.5424665059358631,66.14173228346456,13.2364879299295,0,0,16.6
12,2012-09-17,2012-09-18,24.01516769920957,16.81157872249519,20.41337321085238,9.297463911862536,77.55905511811024,7.203588976714379,1,0,17.2
12,2012-09-17,2012-09-19,19.69130527665029,9.872890408032472,14.78209784234138,75.97277748954741,84.64566929133858,9.818414868617818,2,0,13.5
12,2012-09-17,2012-09-20,16.86284981841487,4.916684469130528,10.889767143772698,5.50019837031158,67.32283464566929,11.94616534928434,3,0,4.7
12,2012-09-17,2012-09-21,16.93975646229438,8.274941251869258,12.60734885708182,0.4875331888790413,66.53543307086613,8.664815210425122,4,0,6.7
12,2012-09-17,2012-09-22,17.98226874599445,4.523606067079683,11.252937406537066,0,53.54330708661416,13.458662678914768,5,0,4.6
12,2012-09-17,2012-09-23,20.13565477462081,5.634479812005981,12.885067293313396,0,62.59842519685039,14.50117496261483,6,0,5.8
12,2012-09-17,2012-09-24,24.04934842982269,10.14633625293741,17.09784234138005,0,60.23622047244093,13.90301217688528,7,0,9.8
12,2012-09-17,2012-09-25,19.67421491134373,5.275582140568254,12.474898525955991,0.2540665913876694,80.31496062992126,14.398632770775476,8,0,8.8
12,2012-09-17,2012-09-26,11.62465285195471,-0.5180516983550518,5.553300576799829,0.6797997985778466,68.50393700787401,12.142704550309762,9,0,0.6
12,2012-09-17,2012-09-27,17.17047639393292,3.284554582354199,10.22751548814356,0,65.74803149606299,13.88592181157872,10,0,4.1
12,2012-09-17,2012-09-28,18.01644947660756,5.198675496688741,11.607562486648147,0.4394665364543471,67.32283464566929,12.817773979918815,11,0,5
12,2012-09-17,2012-09-29,15.88869899594104,9.65926084170049,12.773979918820764,0.0755333109530909,75.19685039370079,6.229438154240549,12,0,7.9
12,2012-09-17,2012-09-30,21.1268959624012,11.35975218970306,16.24332407605213,1.593066194647065,77.95275590551181,9.76714377269814,13,0,11.6
12,2012-09-17,2012-10-01,15.88869899594104,13.31659901730399,14.602649006622514,10.09399700918607,91.73228346456692,2.57209997863705,14,0,13.1
12,2012-09-17,2012-10-02,16.17069002349925,11.38538773766289,13.778038880581072,27.83745841853084,88.9763779527559,4.7853022858363605,15,0,14.8
12,2012-09-17,2012-10-03,18.17026276436659,13.90621662038026,16.038239692373423,25.40665913876765,93.7007874015748,4.264046143986331,16,0,16.2
12,2012-09-17,2012-10-04,24.18607135227516,13.90621662038026,19.04614398632771,1.290932950834673,83.07086614173228,10.2798547318949,17,0,15.4
12,2012-09-17,2012-10-05,26.78380687887203,14.84618671224097,20.8149967955565,0.04119998779259504,75.98425196850394,11.937620166631062,18,0,15.8
12,2012-09-17,2012-10-06,29.65498825037385,16.17069002349925,22.91283913693655,0,70.47244094488188,13.4842982268746,19,0,17.2
12,2012-09-17,2012-10-07,31.41529587694937,17.04229865413373,24.22879726554155,1.084933011871698,70.47244094488188,14.372997222815638,20,0,18.2
12,2012-09-17,2012-10-08,24.0835291604358,16.88848536637471,20.486007263405256,3.385265663624978,75.19685039370079,7.195043794061089,21,0,17.9
12,2012-09-17,2012-10-09,28.18521683400983,15.11108737449263,21.64815210425123,2.094332712790305,74.01574803149606,13.0741294595172,22,0,16.8
12,2012-09-17,2012-10-10,19.53749198889126,12.88933988464003,16.213415936765646,12.52479628894923,92.1259842519685,6.648152104251231,23,0,17.8
12,2012-09-17,2012-10-11,16.52958769493698,10.8470412305063,13.68831446272164,7.656331064790805,85.43307086614173,5.682546464430679,24,0,11.1
12,2012-09-17,2012-10-12,18.66588335825678,9.88998077333903,14.277932065797906,0.5424665059358631,79.13385826771653,8.775902584917752,25,0,10.7
12,2012-09-17,2012-10-13,22.34031189916685,8.492843409527879,15.416577654347364,0.04119998779259504,68.50393700787401,13.84746848963897,26,0,10
12,2012-09-17,2012-10-14,22.63084810937834,8.915829950865199,15.77333903012177,0,67.71653543307086,13.715018158513145,27,0,9.6
12,2012-09-17,2012-10-15,22.88720358897671,9.795983764152956,16.341593676564834,0,67.32283464566929,13.091219824823751,28,0,10.1
13,2013-09-12,2013-08-15,16.29886776329844,2.506942960905789,9.402905362102114,0,80.70866141732283,13.79192480239265,-28,0,3.1
13,2013-09-12,2013-08-16,18.80260628070925,6.113010040589618,12.457808160649432,0,74.01574803149606,12.68959624011963,-27,0,5.6
13,2013-09-12,2013-08-17,18.2898953215125,6.903439436017944,12.596667378765222,0,75.98425196850394,11.386455885494556,-26,0,7.2
13,2013-09-12,2013-08-18,21.29779961546678,7.305063020722068,14.301431318094425,0,77.55905511811024,13.992736594744713,-25,0,8.1
13,2013-09-12,2013-08-19,23.29737235633412,8.90728476821192,16.10232856227302,0,74.01574803149606,14.3900875881222,-24,0,9.7
13,2013-09-12,2013-08-20,24.80132450331126,11.90664387951292,18.35398419141209,0,74.01574803149606,12.89468062379834,-23,0,12.1
13,2013-09-12,2013-08-21,26.80089724417859,15.10254219183935,20.95171971800897,0,68.11023622047244,11.69835505233924,-22,0,13.3
13,2013-09-12,2013-08-22,26.28818628498184,12.10318308053835,19.195684682760096,0,72.04724409448819,14.18500320444349,-21,0,13.8
13,2013-09-12,2013-08-23,13.30805383465072,4.104892117069003,8.70647297585986,12.87499618518632,94.48818897637796,9.203161717581716,-20,0,5.8
13,2013-09-12,2013-08-24,8.407391582995086,3.310190130314036,5.858790856654561,22.53639332255011,96.06299212598424,5.09720145268105,-19,0,5.5
13,2013-09-12,2013-08-25,10.30869472334971,6.113010040589618,8.210852381969664,28.73012482070376,96.06299212598424,4.195684682760092,-18,0,8.6
13,2013-09-12,2013-08-26,9.001281777397992,2.908566545609913,5.9549241615039525,51.66478469191563,94.48818897637796,6.092715231788079,-17,0,4
13,2013-09-12,2013-08-27,11.80410168767357,1.908780175176245,6.856440931424908,11.28192999053925,87.00787401574803,9.8953215124973255,-16,0,0.9
13,2013-09-12,2013-08-28,15.80324716940825,1.908780175176245,8.856013672292248,0.04119998779259504,81.1023622047244,13.894466994232005,-15,0,3.2
13,2013-09-12,2013-08-29,22.80175176244392,5.702841273232215,14.252296517838069,0,72.44094488188976,17.098910489211704,-14,0,6.5
13,2013-09-12,2013-08-30,25.79256569109165,10.30869472334971,18.05063020722068,0,62.59842519685039,15.48387096774194,-13,0,9.7
13,2013-09-12,2013-08-31,29.29609057893612,15.30762657551805,22.301858577227087,0,62.59842519685039,13.98846400341807,-12,0,13.2
13,2013-09-12,2013-09-01,22.80175176244392,16.29886776329844,19.55030976287118,0.1922666096987768,76.77165354330708,6.502883999145482,-11,0,15.5
13,2013-09-12,2013-09-02,18.80260628070925,15.50416577654347,17.153386028626358,4.058198797570725,79.5275590551181,3.2984405041657787,-10,0,15.4
13,2013-09-12,2013-09-03,18.2898953215125,11.90664387951292,15.09826960051271,0.3295999023407603,89.37007874015748,6.38325144199958,-9,0,12.7
13,2013-09-12,2013-09-04,15.80324716940825,6.113010040589618,10.958128604998931,0,77.55905511811024,9.690237128818632,-8,0,6.3
13,2013-09-12,2013-09-05,25.29694509720145,6.3052766502884,15.801110873744925,0,80.70866141732283,18.991668446913053,-7,0,10.4
13,2013-09-12,2013-09-06,26.80089724417859,13.10296945097202,19.951933347575302,0,77.55905511811024,13.697927793206569,-6,0,14
13,2013-09-12,2013-09-07,27.79213843195898,13.50459303567614,20.64836573381756,0,73.62204724409449,14.28754539628284,-5,0,14.1
13,2013-09-12,2013-09-08,23.29737235633412,16.29886776329844,19.798120059816277,0.1235999633777851,79.92125984251969,6.99850459303568,-4,0,15.9
13,2013-09-12,2013-09-09,29.29609057893612,13.90621662038026,21.60115359965819,5.65126499221779,75.59055118110236,15.38987395855586,-3,0,16.4
13,2013-09-12,2013-09-10,31.29566331980346,16.90557573168126,24.10061952574236,0,67.32283464566929,14.3900875881222,-2,0,16.7
13,2013-09-12,2013-09-11,31.79128391369365,16.70049134800256,24.245887630848102,0,60.23622047244093,15.090792565691087,-1,0,15
13,2013-09-12,2013-09-12,32.30399487289041,17.50373851741081,24.903866695150608,0,57.48031496062991,14.800256355479595,0,0,14.1
13,2013-09-12,2013-09-13,32.30399487289041,18.7000640888699,25.502029480880154,0,55.11811023622047,13.603930784020504,1,0,14.3
13,2013-09-12,2013-09-14,29.79171117282632,17.29865413373211,23.545182653279216,0,58.26771653543306,12.49305703909421,2,0,15
13,2013-09-12,2013-09-15,22.28904080324717,14.30784020508438,18.298440504165775,0,88.18897637795276,7.981200598162788,3,0,17.1
13,2013-09-12,2013-09-16,15.80324716940825,10.70177312540056,13.252510147404404,28.64772484511857,96.06299212598424,5.10147404400769,4,0,12
13,2013-09-12,2013-09-17,13.30805383465072,5.702841273232215,9.505447553941467,5.919064912869658,87.00787401574803,7.605212561418504,5,0,6.1
13,2013-09-12,2013-09-18,15.30762657551805,1.507156590472121,8.407391582995086,0.2403332621234711,73.62204724409449,13.800469985045927,6,0,1.8
13,2013-09-12,2013-09-19,20.28946806237983,4.711600085451826,12.500534073915826,0,66.14173228346456,15.577867976928005,7,0,4.2
13,2013-09-12,2013-09-20,17.7942747276223,11.5050202948088,14.649647511215552,0,89.76377952755905,6.289254432813502,8,0,13.5
13,2013-09-12,2013-09-21,20.28946806237983,11.70155949583422,15.995513779107023,65.26078066347239,94.48818897637796,8.58790856654561,9,0,13.2
13,2013-09-12,2013-09-22,16.79448835718863,11.10339671010468,13.948942533646656,7.848597674489582,93.7007874015748,5.691091647083949,10,0,11.2
13,2013-09-12,2013-09-23,14.80346079897458,8.90728476821192,11.85537278359325,4.600665303506588,93.30708661417324,5.8961760307626605,11,0,10.6
13,2013-09-12,2013-09-24,9.804528946806238,5.506302072206793,7.655415509506516,2.561265907773077,90.5511811023622,4.298226874599445,12,0,4.5
13,2013-09-12,2013-09-25,16.79448835718863,6.113010040589618,11.453749198889124,0.09613330484938842,79.13385826771653,10.681478316599012,13,0,5.5
13,2013-09-12,2013-09-26,21.29779961546678,5.907925656910917,13.60286263618885,0.04119998779259504,70.86614173228347,15.389873958555862,14,0,6.9
13,2013-09-12,2013-09-27,23.79299295022431,8.90728476821192,16.350138859218113,0,70.07874015748031,14.88570818201239,15,0,8.3
13,2013-09-12,2013-09-28,20.80217902157658,12.30826746421705,16.555223242896815,7.78679769280069,85.8267716535433,8.493911557359532,16,0,12
13,2013-09-12,2013-09-29,23.29737235633412,11.5050202948088,17.40119632557146,1.641132847071759,82.28346456692913,11.79235206152532,17,0,12.7
13,2013-09-12,2013-09-30,18.80260628070925,12.30826746421705,15.555436872463147,0.157933286538281,91.33858267716536,6.494338816492199,18,0,13.4
13,2013-09-12,2013-10-01,22.28904080324717,11.5050202948088,16.897030549027985,0.4257332071901487,79.13385826771653,10.784020508438369,19,0,10.5
13,2013-09-12,2013-10-02,24.2886135441145,11.30848109378338,17.79854731894894,0,66.92913385826772,12.98013245033112,20,0,9.6
13,2013-09-12,2013-10-03,26.28818628498184,12.70134586626789,19.494766075624867,0,77.55905511811024,13.586840418713953,21,0,13.1
13,2013-09-12,2013-10-04,22.80175176244392,13.30805383465072,18.05490279854732,0.04119998779259504,79.92125984251969,9.4936979277932,22,0,12.5
13,2013-09-12,2013-10-05,19.29822687459944,9.308908352916044,14.303567613757744,0,77.55905511811024,9.989318521683396,23,0,9
13,2013-09-12,2013-10-06,21.79342020935697,8.501388592181158,15.147404400769064,0,73.62204724409449,13.292031617175812,24,0,8.3
13,2013-09-12,2013-10-07,24.80132450331126,8.90728476821192,16.85430463576159,0,67.71653543307086,15.89403973509934,25,0,8.7
13,2013-09-12,2013-10-08,25.29694509720145,10.30869472334971,17.80281991027558,0,61.81102362204724,14.98825037385174,26,0,7.9
13,2013-09-12,2013-10-09,27.29651783806879,11.90664387951292,19.601580858790857,0,62.99212598425196,15.38987395855587,27,0,10.4
13,2013-09-12,2013-10-10,25.79256569109165,13.90621662038026,19.849391155735955,0,70.07874015748031,11.88634907071139,28,0,12.7
14,2013-09-21,2013-08-24,9.607989745780817,3.609271523178808,6.6086306344798125,52.87331766716514,96.06299212598424,5.998718222602008,-28,0,5.6
14,2013-09-21,2013-08-25,10.41123691518906,7.907498397778252,9.159367656483656,54.41145054475538,95.66929133858268,2.503738517410808,-27,0,8.4
14,2013-09-21,2013-08-26,8.010040589617603,2.60948515274514,5.309762871181372,33.86638996551409,94.48818897637796,5.400555436872462,-26,0,4.8
14,2013-09-21,2013-08-27,7.907498397778252,2.011322367015595,4.959410382396923,18.64986114078189,87.4015748031496,5.896176030762657,-25,0,0.4
14,2013-09-21,2013-08-28,14.41038239692374,4.010895107882931,9.210638752403336,0.1785332804345785,80.31496062992126,10.39948728904081,-24,0,3.1
14,2013-09-21,2013-08-29,22.81884212775048,5.514847254860072,14.166844691305275,0.04119998779259504,67.32283464566929,17.303994872890406,-23,0,6.1
14,2013-09-21,2013-08-30,25.91219824823756,9.710531937620168,17.811365092928863,0,55.51181102362204,16.20166631061739,-22,0,8.9
14,2013-09-21,2013-08-31,27.60414441358684,14.70946378978851,21.156804101687676,0,58.66141732283464,12.894680623798331,-21,0,12.2
14,2013-09-21,2013-09-01,19.40076906643879,15.21362956633198,17.307199316385386,3.845332193975651,81.1023622047244,4.187139500106811,-20,0,14.5
14,2013-09-21,2013-09-02,20.61418500320444,13.50459303567614,17.05938901944029,11.05533005767998,79.13385826771653,7.109591967528301,-19,0,14.3
14,2013-09-21,2013-09-03,19.99893185216834,11.60756248664815,15.803247169408245,0.2952665791802644,87.79527559055117,8.39136936552019,-18,0,12.5
14,2013-09-21,2013-09-04,16.90557573168126,5.104678487502671,11.005127109591966,0,71.65354330708661,11.80089724417859,-17,0,5.7
14,2013-09-21,2013-09-05,23.99807733390301,8.112582781456954,16.05533005767998,0,79.13385826771653,15.885494552446056,-16,0,10.1
14,2013-09-21,2013-09-06,23.70754112369152,12.50480666524247,18.106173894466995,0,75.19685039370079,11.20273445844905,-15,0,12.1
14,2013-09-21,2013-09-07,25.31403546250801,12.50480666524247,18.90942106387524,0.04806665242469421,72.04724409448819,12.80922879726554,-14,0,12.6
14,2013-09-21,2013-09-08,23.00683614612262,15.11108737449263,19.058961760307625,1.174199652088987,79.5275590551181,7.895748771629989,-13,0,14.1
14,2013-09-21,2013-09-09,28.20230719931639,14.11130100405896,21.156804101687676,4.593798638874489,70.07874015748031,14.09100619525743,-12,0,15.1
14,2013-09-21,2013-09-10,29.19354838709678,16.49540696432386,22.84447767571032,7.450331125827802,63.7795275590551,12.69814142277292,-11,0,15.2
14,2013-09-21,2013-09-11,29.60371715445418,15.50416577654347,22.553941465498824,13.30072939237647,55.51181102362204,14.09955137791071,-10,0,13.5
14,2013-09-21,2013-09-12,29.60371715445418,14.70946378978851,22.156590472121344,5.809198278756071,53.14960629921259,14.894253364665673,-9,0,12.6
14,2013-09-21,2013-09-13,30.40696432386243,15.9057893612476,23.156376842555012,11.08279671620838,50.39370078740157,14.50117496261483,-8,0,12.8
14,2013-09-21,2013-09-14,30.20187994018372,16.1108737449263,23.156376842555012,0.1373332926419835,50.78740157480314,14.091006195257416,-7,0,12.6
14,2013-09-21,2013-09-15,25.31403546250801,17.20465712454604,21.259346293527024,1.661732840968057,74.40944881889763,8.10937833796197,-6,0,13.1
14,2013-09-21,2013-09-16,17.70882290108951,11.60756248664815,14.65819269386883,11.51539658803063,95.2755905511811,6.101260414441358,-5,0,14.6
14,2013-09-21,2013-09-17,13.00897244178594,5.805383465071566,9.407177953428754,13.59599597155676,87.00787401574803,7.203588976714373,-4,0,6.3
14,2013-09-21,2013-09-18,14.60692159794916,0.01174962614825859,7.309335612048709,0.1304666280098843,72.83464566929133,14.595171971800902,-3,0,1.9
14,2013-09-21,2013-09-19,20.20401623584704,4.3099765007477044,12.256996368297372,0.04806665242469421,68.89763779527559,15.894039735099334,-2,0,5.3
14,2013-09-21,2013-09-20,17.70882290108951,12.70989104892117,15.209356975005338,9.99786370433668,90.15748031496062,4.998931852168338,-1,0,13.3
14,2013-09-21,2013-09-21,16.70049134800256,12.4108096560564,14.55565050202948,61.85491500595111,94.09448818897636,4.289681691946161,0,0,14.4
14,2013-09-21,2013-09-22,17.31574449903867,11.00939970091861,14.16257209997864,18.30652790917691,93.30708661417324,6.306344798120058,1,0,11.4
14,2013-09-21,2013-09-23,15.70925016022217,11.21448408459731,13.46186712240974,2.176732688375495,91.33858267716536,4.494766075624861,2,0,11.2
14,2013-09-21,2013-09-24,11.21448408459731,5.20722067934202,8.210852381969666,3.60499893185218,89.37007874015748,6.007263405255289,3,0,5.4
14,2013-09-21,2013-09-25,15.21362956633198,6.510361033967101,10.86199530014954,0.5836664937284581,77.16535433070865,8.703268532364879,4,0,5.2
14,2013-09-21,2013-09-26,19.8109378337962,5.309762871181372,12.560350352488786,0.04119998779259504,68.11023622047244,14.501174962614828,5,0,6.1
14,2013-09-21,2013-09-27,20.40910061952574,8.509933774834437,14.459517197180087,0,66.14173228346456,11.899166844691305,6,0,7.4
14,2013-09-21,2013-09-28,16.40995513779107,11.21448408459731,13.81221961119419,11.90679647206031,86.22047244094487,5.19547105319376,7,0,10.2
14,2013-09-21,2013-09-29,24.20316171758171,9.907071138645588,17.05511642811365,2.574999237037275,79.92125984251969,14.296090578936123,8,0,11.8
14,2013-09-21,2013-09-30,21.31488998077334,12.30826746421705,16.811578722495195,0.6729331339457474,88.9763779527559,9.006622516556291,9,0,13.2
14,2013-09-21,2013-10-01,21.19525742362743,11.5050202948088,16.350138859218116,1.187932981353185,80.70866141732283,9.690237128818632,10,0,11.1
14,2013-09-21,2013-10-02,23.81008331553087,13.50459303567614,18.657338175603503,0.1235999633777851,65.74803149606299,10.305490279854732,11,0,9.2
14,2013-09-21,2013-10-03,25.6045716727195,13.80367442854091,19.704123050630205,1.771599475081644,79.5275590551181,11.800897244178593,12,0,13.4
14,2013-09-21,2013-10-04,21.19525742362743,14.21384319589831,17.704550309762872,6.921597949156165,75.98425196850394,6.981414227729122,13,0,13.5
14,2013-09-21,2013-10-05,17.999359111301,9.112369151890622,13.555864131595811,0,73.62204724409449,8.886989959410379,14,0,8.5
14,2013-09-21,2013-10-06,19.8109378337962,8.304849391155736,14.057893612475969,0,70.07874015748031,11.506088442640465,15,0,7.6
14,2013-09-21,2013-10-07,22.10104678487503,9.505447553941464,15.803247169408248,0,62.59842519685039,12.595599230933566,16,0,8
14,2013-09-21,2013-10-08,21.70796838282418,8.509933774834437,15.108951078829309,0,57.08661417322834,13.198034607989744,17,0,7
14,2013-09-21,2013-10-09,24.49369792779321,10.50523392437513,17.49946592608417,0.2265999328592727,58.66141732283464,13.98846400341808,18,0,9.1
14,2013-09-21,2013-10-10,23.60499893185217,12.90643024994659,18.25571459089938,0,67.71653543307086,10.69856868190558,19,0,11.6
14,2013-09-21,2013-10-11,24.69878231147191,13.80367442854091,19.25122837000641,0.1167332987456859,71.25984251968504,10.895107882931,20,0,12.7
14,2013-09-21,2013-10-12,20.81926938688314,16.1108737449263,18.46507156590472,3.522598956266989,87.79527559055117,4.708395641956837,21,0,14.9
14,2013-09-21,2013-10-13,25.31403546250801,16.70049134800256,21.007263405255287,4.772331919309067,83.85826771653544,8.613544114505448,22,0,15.9
14,2013-09-21,2013-10-14,26.61290322580645,14.50437940610981,20.55864131595813,0.04806665242469421,72.44094488188976,12.108523819696638,23,0,15.7
14,2013-09-21,2013-10-15,26.3052766502884,14.90600299081393,20.605639820551165,0,67.71653543307086,11.399273659474469,24,0,13.9
14,2013-09-21,2013-10-16,19.6058534501175,17.40974150822474,18.50779747917112,1.366466261787764,83.46456692913385,2.1961119418927595,25,0,14.1
14,2013-09-21,2013-10-17,20.99017303994873,15.4101687673574,18.200170903653063,17.45506149479658,87.00787401574803,5.58000427259133,26,0,14.1
14,2013-09-21,2013-10-18,23.81008331553087,12.50480666524247,18.157444990386672,0.2197332682271735,80.70866141732283,11.305276650288402,27,0,12.8
14,2013-09-21,2013-10-19,26.3052766502884,11.90664387951292,19.10596026490066,1.503799554429776,65.35433070866142,14.398632770775478,28,0,12.3
15,2013-10-09,2013-09-11,29.60371715445418,15.50416577654347,22.553941465498824,13.30072939237647,55.51181102362204,14.09955137791071,-28,0,13.5
15,2013-10-09,2013-09-12,29.60371715445418,14.70946378978851,22.156590472121344,5.809198278756071,53.14960629921259,14.894253364665673,-27,0,12.6
15,2013-10-09,2013-09-13,30.40696432386243,15.9057893612476,23.156376842555012,11.08279671620838,50.39370078740157,14.50117496261483,-26,0,12.8
15,2013-10-09,2013-09-14,30.20187994018372,16.1108737449263,23.156376842555012,0.1373332926419835,50.78740157480314,14.091006195257416,-25,0,12.6
15,2013-10-09,2013-09-15,25.31403546250801,17.20465712454604,21.259346293527024,1.661732840968057,74.40944881889763,8.10937833796197,-24,0,13.1
15,2013-10-09,2013-09-16,17.70882290108951,11.60756248664815,14.65819269386883,11.51539658803063,95.2755905511811,6.101260414441358,-23,0,14.6
15,2013-10-09,2013-09-17,13.00897244178594,5.805383465071566,9.407177953428754,13.59599597155676,87.00787401574803,7.203588976714373,-22,0,6.3
15,2013-10-09,2013-09-18,14.60692159794916,0.01174962614825859,7.309335612048709,0.1304666280098843,72.83464566929133,14.595171971800902,-21,0,1.9
15,2013-10-09,2013-09-19,20.20401623584704,4.3099765007477044,12.256996368297372,0.04806665242469421,68.89763779527559,15.894039735099334,-20,0,5.3
15,2013-10-09,2013-09-20,17.70882290108951,12.70989104892117,15.209356975005338,9.99786370433668,90.15748031496062,4.998931852168338,-19,0,13.3
15,2013-10-09,2013-09-21,16.70049134800256,12.4108096560564,14.55565050202948,61.85491500595111,94.09448818897636,4.289681691946161,-18,0,14.4
15,2013-10-09,2013-09-22,17.31574449903867,11.00939970091861,14.16257209997864,18.30652790917691,93.30708661417324,6.306344798120058,-17,0,11.4
15,2013-10-09,2013-09-23,15.70925016022217,11.21448408459731,13.46186712240974,2.176732688375495,91.33858267716536,4.494766075624861,-16,0,11.2
15,2013-10-09,2013-09-24,11.21448408459731,5.20722067934202,8.210852381969666,3.60499893185218,89.37007874015748,6.007263405255289,-15,0,5.4
15,2013-10-09,2013-09-25,15.21362956633198,6.510361033967101,10.86199530014954,0.5836664937284581,77.16535433070865,8.703268532364879,-14,0,5.2
15,2013-10-09,2013-09-26,19.8109378337962,5.309762871181372,12.560350352488786,0.04119998779259504,68.11023622047244,14.501174962614828,-13,0,6.1
15,2013-10-09,2013-09-27,20.40910061952574,8.509933774834437,14.459517197180087,0,66.14173228346456,11.899166844691305,-12,0,7.4
15,2013-10-09,2013-09-28,16.40995513779107,11.21448408459731,13.81221961119419,11.90679647206031,86.22047244094487,5.19547105319376,-11,0,10.2
15,2013-10-09,2013-09-29,24.20316171758171,9.907071138645588,17.05511642811365,2.574999237037275,79.92125984251969,14.296090578936123,-10,0,11.8
15,2013-10-09,2013-09-30,21.31488998077334,12.30826746421705,16.811578722495195,0.6729331339457474,88.9763779527559,9.006622516556291,-9,0,13.2
15,2013-10-09,2013-10-01,21.19525742362743,11.5050202948088,16.350138859218116,1.187932981353185,80.70866141732283,9.690237128818632,-8,0,11.1
15,2013-10-09,2013-10-02,23.81008331553087,13.50459303567614,18.657338175603503,0.1235999633777851,65.74803149606299,10.305490279854732,-7,0,9.2
15,2013-10-09,2013-10-03,25.6045716727195,13.80367442854091,19.704123050630205,1.771599475081644,79.5275590551181,11.800897244178593,-6,0,13.4
15,2013-10-09,2013-10-04,21.19525742362743,14.21384319589831,17.704550309762872,6.921597949156165,75.98425196850394,6.981414227729122,-5,0,13.5
15,2013-10-09,2013-10-05,17.999359111301,9.112369151890622,13.555864131595811,0,73.62204724409449,8.886989959410379,-4,0,8.5
15,2013-10-09,2013-10-06,19.8109378337962,8.304849391155736,14.057893612475969,0,70.07874015748031,11.506088442640465,-3,0,7.6
15,2013-10-09,2013-10-07,22.10104678487503,9.505447553941464,15.803247169408248,0,62.59842519685039,12.595599230933566,-2,0,8
15,2013-10-09,2013-10-08,21.70796838282418,8.509933774834437,15.108951078829309,0,57.08661417322834,13.198034607989744,-1,0,7
15,2013-10-09,2013-10-09,24.49369792779321,10.50523392437513,17.49946592608417,0.2265999328592727,58.66141732283464,13.98846400341808,0,0,9.1
15,2013-10-09,2013-10-10,23.60499893185217,12.90643024994659,18.25571459089938,0,67.71653543307086,10.69856868190558,1,0,11.6
15,2013-10-09,2013-10-11,24.69878231147191,13.80367442854091,19.25122837000641,0.1167332987456859,71.25984251968504,10.895107882931,2,0,12.7
15,2013-10-09,2013-10-12,20.81926938688314,16.1108737449263,18.46507156590472,3.522598956266989,87.79527559055117,4.708395641956837,3,0,14.9
15,2013-10-09,2013-10-13,25.31403546250801,16.70049134800256,21.007263405255287,4.772331919309067,83.85826771653544,8.613544114505448,4,0,15.9
15,2013-10-09,2013-10-14,26.61290322580645,14.50437940610981,20.55864131595813,0.04806665242469421,72.44094488188976,12.108523819696638,5,0,15.7
15,2013-10-09,2013-10-15,26.3052766502884,14.90600299081393,20.605639820551165,0,67.71653543307086,11.399273659474469,6,0,13.9
15,2013-10-09,2013-10-16,19.6058534501175,17.40974150822474,18.50779747917112,1.366466261787764,83.46456692913385,2.1961119418927595,7,0,14.1
15,2013-10-09,2013-10-17,20.99017303994873,15.4101687673574,18.200170903653063,17.45506149479658,87.00787401574803,5.58000427259133,8,0,14.1
15,2013-10-09,2013-10-18,23.81008331553087,12.50480666524247,18.157444990386672,0.2197332682271735,80.70866141732283,11.305276650288402,9,0,12.8
15,2013-10-09,2013-10-19,26.3052766502884,11.90664387951292,19.10596026490066,1.503799554429776,65.35433070866142,14.398632770775478,10,0,12.3
15,2013-10-09,2013-10-20,28.81756035035249,13.70967741935484,21.263618884853663,0,55.90551181102362,15.10788293099765,11,0,12.3
15,2013-10-09,2013-10-21,21.99850459303568,15.9057893612476,18.95214697714164,14.68092898342846,79.13385826771653,6.09271523178808,12,0,14.3
15,2013-10-09,2013-10-22,26.3052766502884,12.30826746421705,19.30677205725272,29.69145786919768,77.55905511811024,13.997009186071349,13,0,14.2
15,2013-10-09,2013-10-23,26.40781884212775,16.99957274086734,21.703695791497545,10.57466353343304,81.49606299212599,9.40824610126041,14,0,16.5
15,2013-10-09,2013-10-24,21.81051057466353,16.81157872249519,19.31104464857936,54.46638386181218,90.94488188976378,4.99893185216834,15,0,18.3
15,2013-10-09,2013-10-25,25.91219824823756,12.70989104892117,19.311044648579365,7.237464522232727,76.77165354330708,13.202307199316389,16,0,13.5
15,2013-10-09,2013-10-26,24.9893185216834,15.4101687673574,20.1997436445204,10.49226355784782,81.88976377952756,9.579149754326002,17,0,15.6
15,2013-10-09,2013-10-27,23.00683614612262,14.70946378978851,18.85814996795557,20.90212714011048,72.44094488188976,8.29737235633411,18,0,12.3
15,2013-10-09,2013-10-28,23.60499893185217,7.206793420209357,15.405896176030764,0,54.72440944881889,16.39820551164281,19,0,7.1
15,2013-10-09,2013-10-29,27.99722281563768,11.5050202948088,19.75112155522324,0.04806665242469421,61.81102362204724,16.492202520828883,20,0,10.7
15,2013-10-09,2013-10-30,28.40739158299509,14.70946378978851,21.5584276863918,0.04806665242469421,65.74803149606299,13.69792779320658,21,0,13.4
15,2013-10-09,2013-10-31,28.20230719931639,15.60670796838282,21.904507583849604,0,65.35433070866142,12.595599230933573,22,0,13.9
15,2013-10-09,2013-11-01,28.20230719931639,16.315958128605,22.259132663960695,0,63.38582677165353,11.88634907071139,23,0,14
15,2013-10-09,2013-11-02,26.61290322580645,15.30762657551805,20.96026490066225,0.04119998779259504,70.86614173228347,11.305276650288398,24,0,14.7
15,2013-10-09,2013-11-03,23.99807733390301,17.60628070925016,20.802179021576585,4.01699880977813,81.1023622047244,6.391796624652848,25,0,16.8
15,2013-10-09,2013-11-04,24.40824610126042,13.90621662038026,19.15723136082034,0.315866573076562,63.7795275590551,10.50202948088016,26,0,10.2
15,2013-10-09,2013-11-05,25.50202948088015,10.30869472334971,17.90536210211493,0,61.81102362204724,15.19333475753044,27,0,9.8
15,2013-10-09,2013-11-06,24.90386669515061,13.70967741935484,19.30677205725273,0,62.20472440944881,11.194189275795772,28,0,10.3
16,2013-10-17,2013-09-19,19.24695577867977,10.18051698355052,14.713736381115144,0,83.85826771653544,9.06643879512925,-28,1,11.3
16,2013-10-17,2013-09-20,25.4849391155736,12.64152958769494,19.06323435163427,2.581865901669374,79.13385826771653,12.84340952787866,-27,1,14.7
16,2013-10-17,2013-09-21,28.0314035462508,16.37577440717795,22.203588976714375,16.31519516586809,77.16535433070865,11.65562913907285,-26,1,16.6
16,2013-10-17,2013-09-22,18.17026276436659,12.35953856013672,15.264900662251655,102.2309030426954,90.15748031496062,5.810724204229871,-25,1,16.9
16,2013-10-17,2013-09-23,17.45246742149114,11.92373424481948,14.68810083315531,27.72759178441726,88.18897637795276,5.528733176671659,-24,1,13.1
16,2013-10-17,2013-09-24,15.55543687246315,6.967528305917538,11.261482589190344,0.3501998962370578,70.07874015748031,8.587908566545613,-23,1,5.1
16,2013-10-17,2013-09-25,16.49540696432386,1.823328348643452,9.159367656483656,0,70.07874015748031,14.672078615680409,-22,1,2.4
16,2013-10-17,2013-09-26,19.5204016235847,3.874172185430464,11.697286904507582,0,67.71653543307086,15.646229438154236,-21,1,5.7
16,2013-10-17,2013-09-27,19.82802819910275,4.797051911984619,12.312540055543684,0,60.62992125984251,15.030976287118133,-20,1,5.8
16,2013-10-17,2013-09-28,18.10190130314036,8.206579790643026,13.154240546891693,2.231666005432288,81.88976377952756,9.895321512497333,-19,1,10
16,2013-10-17,2013-09-29,15.33326212347789,10.86413159581286,13.098696859645376,14.73586230048525,91.73228346456692,4.46913052766503,-18,1,13.3
16,2013-10-17,2013-09-30,19.17859431745354,13.25678273873104,16.21768852809229,2.623065889461969,90.5511811023622,5.921811578722501,-17,1,14.9
16,2013-10-17,2013-10-01,24.13480025635548,13.41059602649007,18.772698141422776,7.608264412366111,82.28346456692913,10.724204229865409,-16,1,13.7
16,2013-10-17,2013-10-02,22.80175176244392,14.23093356120487,18.516342661824396,8.212530899990838,83.85826771653544,8.570818201239051,-15,1,14.1
16,2013-10-17,2013-10-03,19.24695577867977,15.75197607348857,17.49946592608417,7.182531205175934,93.7007874015748,3.4949797051911986,-14,1,15.8
16,2013-10-17,2013-10-04,21.91305276650288,15.42725913266396,18.670155949583418,19.3914609210486,81.88976377952756,6.48579363383892,-13,1,14
16,2013-10-17,2013-10-05,22.40867336039308,7.591326639606922,15.000000000000002,0,62.20472440944881,14.817346720786158,-12,1,7.9
16,2013-10-17,2013-10-06,21.62251655629139,9.46272164067507,15.54261909848323,0,66.92913385826772,12.15979491561632,-11,1,9.1
16,2013-10-17,2013-10-07,19.69130527665029,9.513992736594744,14.602649006622515,0,65.74803149606299,10.177312540055546,-10,1,7.9
16,2013-10-17,2013-10-08,21.16107669301431,5.865199743644521,13.513138218329416,0,64.96062992125984,15.295876949369788,-9,1,6.5
16,2013-10-17,2013-10-09,22.51121555223243,7.693868831446272,15.102542191839351,0,67.32283464566929,14.817346720786157,-8,1,8.7
16,2013-10-17,2013-10-10,22.3574022644734,10.22324289681692,16.29032258064516,0,69.29133858267717,12.13415936765648,-7,1,10.6
16,2013-10-17,2013-10-11,24.32279427472762,12.10318308053835,18.212988677632985,0,66.14173228346456,12.21961119418927,-6,1,12.3
16,2013-10-17,2013-10-12,23.74172185430464,14.01730399487289,18.879512924588767,0.1785332804345785,68.50393700787401,9.72441785943175,-5,1,13
16,2013-10-17,2013-10-13,24.93804742576373,13.67549668874172,19.30677205725273,0.2471999267555702,72.44094488188976,11.26255073702201,-4,1,13.8
16,2013-10-17,2013-10-14,27.94595171971801,13.35077974791711,20.64836573381756,0,68.89763779527559,14.5951719718009,-3,1,16.4
16,2013-10-17,2013-10-15,23.77590258491775,15.80324716940825,19.789574877163,0,77.55905511811024,7.972655415509498,-2,1,15.8
16,2013-10-17,2013-10-16,17.76009399700919,13.81221961119419,15.78615680410169,6.022064882351145,92.1259842519685,3.947874385815,-1,1,15.1
16,2013-10-17,2013-10-17,22.95556505020295,13.03460798974578,17.995086519974365,9.66139713736382,83.85826771653544,9.92095706045717,0,1,14
16,2013-10-17,2013-10-18,25.04058961760308,12.59025849177526,18.815424054689167,0,71.65354330708661,12.45033112582782,1,1,12.4
16,2013-10-17,2013-10-19,25.895107882931,10.30014954069643,18.097628711813716,0,62.59842519685039,15.594958342234571,2,1,10.5
16,2013-10-17,2013-10-20,28.2364879299295,10.77013458662679,19.503311258278146,4.250465407269502,56.69291338582676,17.466353343302707,3,1,11.2
16,2013-10-17,2013-10-21,27.53578295236061,14.47874385814997,21.00726340525529,7.635731070894508,70.86614173228347,13.05703909421064,4,1,14.3
16,2013-10-17,2013-10-22,24.18607135227516,13.86349070711386,19.02478102969451,29.38932462538529,82.28346456692913,10.3225806451613,5,1,16.5
16,2013-10-17,2013-10-23,28.50993377483444,15.0427259132664,21.77632984405042,3.014465773491622,77.95275590551181,13.46720786156804,6,1,17
16,2013-10-17,2013-10-24,25.24567400128178,15.50416577654347,20.374919888912626,1.242866298409979,84.64566929133858,9.741508224738311,7,1,18.4
16,2013-10-17,2013-10-25,19.36658833582568,14.58128604998932,16.9739371929075,1.929532761619924,84.25196850393701,4.785302285836359,8,1,16.1
16,2013-10-17,2013-10-26,25.91219824823756,13.59859004486221,19.75539414654988,1.524399548326073,77.95275590551181,12.313608203375347,9,1,14.6
16,2013-10-17,2013-10-27,26.57872249519333,16.90557573168126,21.742149113437293,13.85006256294443,66.53543307086613,9.673146763512069,10,1,15
16,2013-10-17,2013-10-28,23.86135441145055,10.24033326212348,17.050843836787013,0,60.23622047244093,13.621021149327069,11,1,9.3
16,2013-10-17,2013-10-29,22.75048066652425,7.193975646229438,14.972228156376843,0,64.1732283464567,15.556505020294813,12,1,8.6
16,2013-10-17,2013-10-30,25.87801751762444,10.69322794274728,18.28562273018586,0,65.35433070866142,15.18478957487716,13,1,11.7
16,2013-10-17,2013-10-31,25.10895107882931,12.70134586626789,18.9051484725486,0,66.53543307086613,12.40760521256142,14,1,12.4
16,2013-10-17,2013-11-01,25.36530655842769,14.07712027344584,19.721213415936766,0,67.32283464566929,11.288186284981853,15,1,12.2
16,2013-10-17,2013-11-02,24.04934842982269,11.81264687032685,17.93099765007477,0,73.62204724409449,12.23670155949584,16,1,13.4
16,2013-10-17,2013-11-03,22.97265541550951,17.45246742149114,20.212561418500325,8.013397625659962,86.61417322834646,5.520187994018372,17,1,17.4
16,2013-10-17,2013-11-04,24.9893185216834,15.57252723776971,20.280922879726557,19.4326609088412,77.95275590551181,9.41679128391369,18,1,13.5
16,2013-10-17,2013-11-05,22.54539628284554,12.000640888699,17.27301858577227,0,71.65354330708661,10.544755394146542,19,1,11.5
16,2013-10-17,2013-11-06,16.95684682760094,11.73574022644734,14.34629352702414,0.1785332804345785,76.37795275590551,5.2211066011536005,20,1,10
16,2013-10-17,2013-11-07,19.98184148686178,11.47083956419569,15.726340525528734,0,75.98425196850394,8.511001922666088,21,1,10.1
16,2013-10-17,2013-11-08,24.95513779107029,12.95770134586627,18.95641956846828,0,71.65354330708661,11.997436445204018,22,1,11.9
16,2013-10-17,2013-11-09,27.77504806665242,13.53022858363597,20.652638325144196,0,68.50393700787401,14.24481948301645,23,1,13.7
16,2013-10-17,2013-11-10,30.28733176671651,17.05938901944029,23.673360393078397,0,61.02362204724409,13.22794274727622,24,1,16.2
16,2013-10-17,2013-11-11,29.87716299935911,20.30655842768639,25.09186071352275,2.767265846736052,64.56692913385827,9.57060457167272,25,1,17.9
16,2013-10-17,2013-11-12,25.07477034821619,16.13650929288614,20.605639820551165,12.19519638660847,71.25984251968504,8.938261055330052,26,1,13.9
16,2013-10-17,2013-11-13,25.57039094210639,11.68446913052767,18.62743003631703,4.978331858272043,59.44881889763779,13.88592181157872,27,1,9.6
16,2013-10-17,2013-11-14,26.42490920743431,10.07797479171117,18.25144199957274,0,55.51181102362204,16.34693441572314,28,1,7.7
17,2013-10-26,2013-09-28,14.5898312326426,9.197820978423414,11.893826105533009,9.359263893551429,90.5511811023622,5.392010254219187,-28,0,9
17,2013-10-26,2013-09-29,22.22067934202094,8.522751548814355,15.371715445417648,6.612598040711703,82.67716535433071,13.697927793206585,-27,0,11.2
17,2013-10-26,2013-09-30,22.03268532364879,11.19739371929075,16.615039521469768,0.5493331705679623,90.5511811023622,10.83529160435804,-26,0,13.2
17,2013-10-26,2013-10-01,17.77718436231574,9.864345225379193,13.820764793847466,1.277199621570475,86.61417322834646,7.912839136936547,-25,0,11.5
17,2013-10-26,2013-10-02,22.87011322367016,7.779320657979064,15.324716940824612,0.0755333109530909,68.50393700787401,15.090792565691096,-24,0,9.3
17,2013-10-26,2013-10-03,22.08395641956847,12.71843623157445,17.401196325571462,5.534531693472104,87.4015748031496,9.36552018799402,-23,0,13.3
17,2013-10-26,2013-10-04,19.99893185216834,12.83806878872036,16.418500320444352,23.73119296853542,79.92125984251969,7.16086306344798,-22,0,13.8
17,2013-10-26,2013-10-05,16.12796411023286,7.215338602862636,11.671651356547748,0,76.37795275590551,8.912625507370223,-21,0,8.2
17,2013-10-26,2013-10-06,18.46079897457808,6.027558214056825,12.244178594317452,0,72.04724409448819,12.433240760521254,-20,0,7.5
17,2013-10-26,2013-10-07,19.6058534501175,6.523178807947019,13.06451612903226,0,66.92913385826772,13.08267464217048,-19,0,7.5
17,2013-10-26,2013-10-08,20.06729331339457,6.09591967528306,13.081606494338814,0.0755333109530909,64.56692913385827,13.971373638111508,-18,0,6.7
17,2013-10-26,2013-10-09,21.98141422772912,8.189489425336467,15.085451826532791,0,65.35433070866142,13.791924802392652,-17,0,8.2
17,2013-10-26,2013-10-10,21.98141422772912,11.31702627643666,16.64922025208289,0,70.07874015748031,10.664387951292458,-16,0,10.9
17,2013-10-26,2013-10-11,23.07519760734885,11.80410168767357,17.43964964751121,0,74.40944881889763,11.27109591967528,-15,0,12.3
17,2013-10-26,2013-10-12,21.14398632770775,14.02584917752617,17.58491775261696,5.864131595812864,86.61417322834646,7.11813715018158,-14,0,14.8
17,2013-10-26,2013-10-13,24.52787865840632,15.13672292245247,19.832300790429393,12.97112949003571,83.07086614173228,9.391155735953848,-13,0,15.3
17,2013-10-26,2013-10-14,25.690023499252305,14.64110232856227,20.165562913907287,1.366466261787764,73.62204724409449,11.048921170690033,-12,0,15.7
17,2013-10-26,2013-10-15,24.76714377269814,12.8637043366802,18.81542405468917,0,69.68503937007874,11.90343943601794,-11,0,13.7
17,2013-10-26,2013-10-16,18.0848109378338,13.34223456526383,15.713522751548815,0.0755333109530909,85.8267716535433,4.742576372569971,-10,0,13.8
17,2013-10-26,2013-10-17,19.1956846827601,12.39371929074984,15.79470198675497,27.37052522354807,91.33858267716536,6.80196539201026,-9,0,13.6
17,2013-10-26,2013-10-18,21.38325144199957,10.81286049989319,16.09805597094638,3.247932370982994,79.92125984251969,10.570390942106378,-8,0,12.6
17,2013-10-26,2013-10-19,23.84426404614399,11.06921597949156,17.456740012817775,0.04119998779259504,64.96062992125984,12.775048066652433,-7,0,12.1
17,2013-10-26,2013-10-20,27.211066011536,10.79577013458663,19.003418073061315,0,58.66141732283464,16.415295876949372,-6,0,12.1
17,2013-10-26,2013-10-21,22.32322153386028,14.76928006836146,18.546250801110872,6.530198065126513,85.43307086614173,7.55394146549882,-5,0,13.8
17,2013-10-26,2013-10-22,24.51078829309976,11.052125614185,17.78145695364238,28.1807916501358,83.46456692913385,13.45866267891476,-4,0,14.2
17,2013-10-26,2013-10-23,25.53621021149327,15.12817773979919,20.33219397564623,23.29172643208105,78.34645669291338,10.40803247169408,-3,0,15.6
17,2013-10-26,2013-10-24,23.28028199102756,15.57252723776971,19.426404614398635,36.44825586718343,94.48818897637796,7.70775475325785,-2,0,18.4
17,2013-10-26,2013-10-25,21.91305276650288,11.86391796624653,16.888485366374706,3.543198950163287,84.64566929133858,10.049134800256349,-1,0,13.4
17,2013-10-26,2013-10-26,22.92138431958983,13.42768639179662,18.174535355693223,9.063997314371164,86.22047244094487,9.49369792779321,0,0,14.7
17,2013-10-26,2013-10-27,20.06729331339457,12.4108096560564,16.239051484725486,17.77092806787317,74.40944881889763,7.656483657338168,1,0,12.3
17,2013-10-26,2013-10-28,21.48579363383892,7.347788933988464,14.416791283913692,0,52.75590551181102,14.138004699850455,2,0,6.2
17,2013-10-26,2013-10-29,25.91219824823756,9.24054689168981,17.576372569963684,0,61.02362204724409,16.67165135654775,3,0,10
17,2013-10-26,2013-10-30,26.44199957274087,11.20593890194403,18.82396923734245,0,68.89763779527559,15.23606067079684,4,0,12.3
17,2013-10-26,2013-10-31,24.63042085024567,14.11130100405896,19.37086092715231,0,70.86614173228347,10.51911984618671,5,0,12.4
17,2013-10-26,2013-11-01,23.82717368083743,14.11984618671224,18.973509933774835,0,73.22834645669292,9.70732749412519,6,0,12.9
17,2013-10-26,2013-11-02,24.3740653706473,12.95770134586627,18.665883358256785,0,71.25984251968504,11.41636402478103,7,0,13.4
17,2013-10-26,2013-11-03,21.93014313180944,16.58085879085666,19.25550096133305,2.938932462538531,84.64566929133858,5.3492843409527815,8,0,16.7
17,2013-10-26,2013-11-04,22.10104678487503,12.06045716727195,17.08075197607349,2.176732688375495,63.7795275590551,10.04058961760308,9,0,10.9
17,2013-10-26,2013-11-05,23.48536637470626,8.116855372783593,15.801110873744928,0,64.56692913385827,15.368511001922666,10,0,9.8
17,2013-10-26,2013-11-06,22.03268532364879,9.949797051911984,15.991241187780386,0.1304666280098843,64.96062992125984,12.082888271736804,11,0,9.1
17,2013-10-26,2013-11-07,24.90386669515061,10.06942960905789,17.48664815210425,0,67.71653543307086,14.834437086092722,12,0,10.3
17,2013-10-26,2013-11-08,26.45908993804743,12.18008972441786,19.319589831232644,0,63.38582677165353,14.27900021362957,13,0,12.3
17,2013-10-26,2013-11-09,28.68083742790002,14.68382824182867,21.682332834864344,0,64.96062992125984,13.99700918607135,14,0,14.5
17,2013-10-26,2013-11-10,31.7741935483871,17.82845545823542,24.80132450331126,0,68.89763779527559,13.94573809015168,15,0,16.6
17,2013-10-26,2013-11-11,30.76586199530015,16.7688528092288,23.767357402264473,11.74886318552203,79.13385826771653,13.997009186071349,16,0,19
17,2013-10-26,2013-11-12,21.86178167058321,13.76949369792779,17.8156376842555,10.85619678334911,77.55905511811024,8.092287972655418,17,0,13.8
17,2013-10-26,2013-11-13,26.06601153599658,13.53022858363597,19.798120059816277,3.405865657521275,53.14960629921259,12.53578295236061,18,0,10.7
17,2013-10-26,2013-11-14,28.18521683400983,12.23136082033754,20.20828882717369,0,58.26771653543306,15.953856013672288,19,0,11.2
17,2013-10-26,2013-11-15,30.06515701773125,11.87246314889981,20.968810083315528,7.53273110141302,67.32283464566929,18.19269386883144,20,0,12.4
17,2013-10-26,2013-11-16,22.11813715018159,11.88955351420637,17.00384533219398,15.24399548326059,75.59055118110236,10.22858363597522,21,0,13
17,2013-10-26,2013-11-17,24.22025208288827,11.23157444990387,17.72591326639607,0,71.25984251968504,12.988677632984398,22,0,11.2
17,2013-10-26,2013-11-18,28.62956633198035,13.07733390301218,20.853450117496266,0,69.29133858267717,15.55223242896817,23,0,13.3
17,2013-10-26,2013-11-19,29.26190984832301,16.03396710104678,22.647938474684896,0.81713309121983,70.07874015748031,13.22794274727623,24,0,15.9
17,2013-10-26,2013-11-20,25.3994872890408,16.60649433881649,21.002990813928644,34.19598986785485,87.00787401574803,8.79299295022431,25,0,18.8
17,2013-10-26,2013-11-21,21.45161290322581,16.58940397350993,19.02050843836787,17.48252815332498,93.30708661417324,4.86220892971588,26,0,18.3
17,2013-10-26,2013-11-22,22.6479384746849,14.31638538773766,18.48216193121128,2.774132511368151,76.37795275590551,8.33155308694724,27,0,13.7
17,2013-10-26,2013-11-23,24.30570390942106,9.325998718222602,16.81585131382183,0,69.68503937007874,14.979705191198455,28,0,10.6
18,2013-08-13,2013-07-16,18.47788933988464,3.703268532364879,11.09057893612476,0.04119998779259504,73.62204724409449,14.774620807519762,-28,0,6.4
18,2013-08-13,2013-07-17,22.63084810937834,4.814142277291177,13.722495193334758,0,72.44094488188976,17.816705832087166,-27,0,8.3
18,2013-08-13,2013-07-18,23.33155308694723,13.8891262550737,18.610339671010465,0.04119998779259504,75.98425196850394,9.442426831873531,-26,0,13.2
18,2013-08-13,2013-07-19,13.90621662038026,5.916470839564196,9.911343729972227,0,81.88976377952756,7.989745780816064,-25,0,6.1
18,2013-08-13,2013-07-20,11.70155949583422,5.925016022217475,8.813287759025847,0,92.91338582677164,5.776543473616744,-24,0,7.1
18,2013-08-13,2013-07-21,11.63319803460799,4.617603076265755,8.125400555436872,2.204199346903891,82.67716535433071,7.015594958342234,-23,0,5
18,2013-08-13,2013-07-22,8.967101046784876,0.2937406537064735,4.630420850245675,0,74.80314960629921,8.673360393078402,-22,0,-1.6
18,2013-08-13,2013-07-23,9.13800469985046,-2.423627430036316,3.3571886349070716,0,78.74015748031496,11.561632129886776,-21,0,-1.7
18,2013-08-13,2013-07-24,11.18030335398419,-1.552018799401836,4.814142277291177,0.04119998779259504,74.40944881889763,12.732322153386026,-20,0,-0.3
18,2013-08-13,2013-07-25,14.68382824182867,-2.252723776970733,6.215552232428968,0,71.65354330708661,16.936552018799404,-19,0,1.1
18,2013-08-13,2013-07-26,18.7000640888699,2.771843623157444,10.735953856013673,0,70.86614173228347,15.928220465712457,-18,0,4.6
18,2013-08-13,2013-07-27,20.27237769707327,6.655629139072847,13.46400341807306,0.04119998779259504,72.04724409448819,13.616748558000424,-17,0,7.6
18,2013-08-13,2013-07-28,23.17773979918821,6.74535355693228,14.961546678060245,0,72.04724409448819,16.43238624225593,-16,0,9.2
18,2013-08-13,2013-07-29,25.62166203802606,8.343302713095493,16.982482375560778,0,70.86614173228347,17.278359324930566,-15,0,10.8
18,2013-08-13,2013-07-30,26.85216834009827,10.45396282845546,18.653065584276867,0,71.65354330708661,16.39820551164281,-14,0,12.7
18,2013-08-13,2013-07-31,27.56996368297372,11.97500534073916,19.77248451185644,0,67.32283464566929,15.59495834223456,-13,0,12.6
18,2013-08-13,2013-08-01,29.43281350138859,12.84661397137364,21.139713736381115,0,61.41732283464566,16.58619953001495,-12,0,12.9
18,2013-08-13,2013-08-02,23.77590258491775,12.69280068361461,18.23435163426618,0,79.13385826771653,11.083101901303138,-11,0,13.6
18,2013-08-13,2013-08-03,16.98248237556078,8.890194402905362,12.936338389233072,0,90.94488188976378,8.09228797265542,-10,0,10.4
18,2013-08-13,2013-08-04,17.72591326639607,9.317453535569324,13.521683400982695,30.59785760063477,82.67716535433071,8.408459730826747,-9,0,10
18,2013-08-13,2013-08-05,23.94680623798334,5.147404400769066,14.547105319376202,0.04119998779259504,71.65354330708661,18.799401837214273,-8,0,8.2
18,2013-08-13,2013-08-06,22.52830591753899,14.41892757957701,18.473616748558,10.19013031403546,77.95275590551181,8.10937833796198,-7,0,15.3
18,2013-08-13,2013-08-07,29.39863277077547,15.29908139286477,22.34885708182012,0,70.07874015748031,14.099551377910702,-6,0,15.7
18,2013-08-13,2013-08-08,28.44157231360821,15.38453321939756,21.913052766502886,0,69.29133858267717,13.057039094210648,-5,0,14.7
18,2013-08-13,2013-08-09,16.62358470412305,7.347788933988464,11.985686819055758,0.81713309121983,88.18897637795276,9.275795770134586,-4,0,8.8
18,2013-08-13,2013-08-10,7.813501388592181,5.087588122196111,6.450544755394146,10.45793023468732,93.30708661417324,2.72591326639607,-3,0,4.8
18,2013-08-13,2013-08-11,11.24866481521043,2.019867549668874,6.634266182439652,14.99679555650502,90.15748031496062,9.228797265541557,-2,0,4.2
18,2013-08-13,2013-08-12,18.25571459089938,1.908780175176245,10.082247383037812,0.04119998779259504,78.34645669291338,16.346934415723137,-1,0,6.2
18,2013-08-13,2013-08-13,13.37641529587695,8.556932279427473,10.966673787652212,2.492599261452057,89.37007874015748,4.819483016449476,0,0,8.3
18,2013-08-13,2013-08-14,10.12070070497757,2.788933988464004,6.454817346720787,4.147465437788014,76.37795275590551,7.331766716513567,1,0,1.1
18,2013-08-13,2013-08-15,16.32450331125828,-0.3129673146763512,8.005767998290963,0.6111331522568548,74.80314960629921,16.637470625934633,2,0,2.6
18,2013-08-13,2013-08-16,19.17859431745354,2.71202734458449,10.945310831019016,0.04119998779259504,71.25984251968504,16.466566972869053,3,0,5.8
18,2013-08-13,2013-08-17,20.0160222174749,4.797051911984619,12.40653706472976,0,72.83464566929133,15.218970305490284,4,0,7.2
18,2013-08-13,2013-08-18,21.89596240119632,8.001495406964324,14.948728904080324,0,73.62204724409449,13.894466994231998,5,0,8.9
18,2013-08-13,2013-08-19,24.30570390942106,9.36017944883572,16.83294167912839,0,70.86614173228347,14.94552446058534,6,0,10.3
18,2013-08-13,2013-08-20,27.04016235847041,12.68425550096133,19.86220892971587,0,70.07874015748031,14.355906857509082,7,0,12.7
18,2013-08-13,2013-08-21,29.33027130954924,15.23071993163854,22.28049562059389,0,62.59842519685039,14.0995513779107,8,0,13.8
18,2013-08-13,2013-08-22,28.74919888912626,14.03439436017945,21.391796624652855,0,74.01574803149606,14.714804528946807,9,0,13.7
18,2013-08-13,2013-08-23,15.72634052552873,5.053407391582995,10.389873958555864,12.87499618518632,89.37007874015748,10.672933133945737,10,0,6.7
18,2013-08-13,2013-08-24,8.163853877376628,4.720145268105107,6.441999572740867,23.74492629779962,95.66929133858268,3.4437086092715212,11,0,6.2
18,2013-08-13,2013-08-25,9.59089938047426,7.18115787224952,8.38602862636189,36.9426557206946,96.06299212598424,2.409741508224738,12,0,8.6
18,2013-08-13,2013-08-26,7.834864345225379,3.882717368083743,5.858790856654561,32.4381237220374,92.91338582677164,3.952146977141635,13,0,4.6
18,2013-08-13,2013-08-27,10.76158940397351,1.84041871395001,6.30100405896176,9.791863765373703,81.88976377952756,8.9211706900235,14,0,0.5
18,2013-08-13,2013-08-28,16.46977141636403,-0.637684255500961,7.916043580431534,0.04119998779259504,75.98425196850394,17.10745567186499,15,0,2.8
18,2013-08-13,2013-08-29,22.93847468489639,2.780388805810723,12.859431745353556,0,69.68503937007874,20.158085879085668,16,0,6.9
18,2013-08-13,2013-08-30,26.59581286049989,7.809228797265542,17.202520828882715,0,63.7795275590551,18.78658406323435,17,0,10.1
18,2013-08-13,2013-08-31,29.65498825037385,15.33326212347789,22.49412518692587,0,59.05511811023622,14.32172612689596,18,0,13.6
18,2013-08-13,2013-09-01,27.77504806665242,17.31574449903867,22.545396282845545,0,66.14173228346456,10.459303567613752,19,0,15.8
18,2013-08-13,2013-09-02,20.11856440931425,15.52980132450331,17.824182866908778,0.04119998779259504,78.74015748031496,4.588763084810939,20,0,15.8
18,2013-08-13,2013-09-03,20.03311258278146,12.06900234992523,16.051057466353345,0,84.64566929133858,7.96411023285623,21,0,13
18,2013-08-13,2013-09-04,17.35847041230506,6.241187780388806,11.799829096346931,0.04119998779259504,74.01574803149606,11.117282631916254,22,0,7.4
18,2013-08-13,2013-09-05,25.41657765434736,6.62999359111301,16.023285622730185,0,75.19685039370079,18.78658406323435,23,0,10.8
18,2013-08-13,2013-09-06,27.72377697073275,14.98290963469344,21.353343302713096,0,72.04724409448819,12.74086733603931,24,0,14.5
18,2013-08-13,2013-09-07,28.74919888912626,15.2050843836787,21.97714163640248,0,68.11023622047244,13.544114505447558,25,0,14.4
18,2013-08-13,2013-09-08,23.55372783593249,16.93975646229438,20.246742149113437,2.348399304177974,77.95275590551181,6.613971373638112,26,0,16.4
18,2013-08-13,2013-09-09,29.62080751976074,14.97436445204016,22.297585985900447,6.708731345561091,69.29133858267717,14.64644306772058,27,0,16.9
18,2013-08-13,2013-09-10,31.68874172185431,18.52916043580431,25.10895107882931,0,61.81102362204724,13.15958128605,28,0,17
19,2014-05-11,2014-04-13,25.8096560563982,20.631275368511,23.2204657124546,15.91692861720634,90.15748031496062,5.1783806878871985,-28,1,20
19,2014-05-11,2014-04-14,25.41657765434736,18.44370860927152,21.93014313180944,0,82.67716535433071,6.972869045075839,-27,1,17.9
19,2014-05-11,2014-04-15,21.22943815424055,17.26447340311899,19.24695577867977,0.9132663960692184,90.5511811023622,3.96496475112156,-26,1,16.4
19,2014-05-11,2014-04-16,26.27109591967528,17.28156376842555,21.776329844050416,9.44166386913662,81.1023622047244,8.98953215124973,-25,1,17.1
19,2014-05-11,2014-04-17,30.21897030549028,17.32428968169195,23.771629993591116,0.6729331339457474,77.55905511811024,12.89468062379833,-24,1,17.9
19,2014-05-11,2014-04-18,28.80046998504593,19.28113650929289,24.040803247169407,0,81.1023622047244,9.51933347575304,-23,1,18.3
19,2014-05-11,2014-04-19,30.04806665242469,18.63170262764367,24.339884640034175,0,83.07086614173228,11.41636402478102,-22,1,18.9
19,2014-05-11,2014-04-20,29.74044007690664,17.07647938474685,23.408459730826745,24.37665944395275,82.28346456692913,12.66396069215979,-21,1,18.3
19,2014-05-11,2014-04-21,29.22772911770989,18.30698568681905,23.767357402264473,13.48612933744315,77.55905511811024,10.92074343089084,-20,1,18.1
19,2014-05-11,2014-04-22,24.66460158085879,19.02478102969451,21.844691305276648,22.74239326151312,88.58267716535433,5.639820551164281,-19,1,18.7
19,2014-05-11,2014-04-23,27.07434308908353,17.28156376842555,22.17795342875454,0.02059999389629752,82.28346456692913,9.79277932065798,-18,1,18.4
19,2014-05-11,2014-04-24,25.86092715231788,18.63170262764367,22.246314889980773,2.011932737205115,86.61417322834646,7.229224524674212,-17,1,17.6
19,2014-05-11,2014-04-25,28.356120487075412,17.46955778679769,22.91283913693655,0,79.92125984251969,10.886562700277722,-16,1,16.6
19,2014-05-11,2014-04-26,27.56996368297372,15.49562059389019,21.53279213843195,0,75.98425196850394,12.074343089083532,-15,1,14.8
19,2014-05-11,2014-04-27,25.79256569109165,13.90621662038026,19.849391155735955,0,71.65354330708661,11.88634907071139,-14,1,12.7
19,2014-05-11,2014-04-28,25.45075838496048,13.08587908566546,19.26831873531297,0,70.86614173228347,12.36487929929502,-13,1,12.1
19,2014-05-11,2014-04-29,26.25400555436872,12.76116214484085,19.507583849604785,0,69.68503937007874,13.492843409527872,-12,1,12.6
19,2014-05-11,2014-04-30,27.8263191625721,15.89724417859432,21.861781670583213,0,65.35433070866142,11.92907498397778,-11,1,13.4
19,2014-05-11,2014-05-01,22.63084810937834,15.53834650715659,19.084597308267465,7.395397808771008,83.85826771653544,7.092501602221752,-10,1,15.2
19,2014-05-11,2014-05-02,27.43324076052126,14.64110232856227,21.037171544541767,0.3364665669728595,79.92125984251969,12.79213843195899,-9,1,15.6
19,2014-05-11,2014-05-03,27.84340952787866,16.09378337961974,21.9685964537492,0,75.59055118110236,11.74962614825892,-8,1,15.7
19,2014-05-11,2014-05-04,28.06558427686392,16.29886776329844,22.18222602008118,0,73.22834645669292,11.76671651356548,-7,1,15.5
19,2014-05-11,2014-05-05,27.07434308908353,17.29865413373211,22.18649861140782,0,74.80314960629921,9.77568895535142,-6,1,15.7
19,2014-05-11,2014-05-06,27.8263191625721,17.91390728476821,22.870113223670156,0,72.44094488188976,9.91241187780389,-5,1,16.3
19,2014-05-11,2014-05-07,30.44114505447554,16.1108737449263,23.27600939970092,0,68.50393700787401,14.33027130954924,-4,1,15.2
19,2014-05-11,2014-05-08,29.99679555650502,16.65776543473617,23.327280495620595,0,70.86614173228347,13.33903012176885,-3,1,15.5
19,2014-05-11,2014-05-09,29.33027130954924,17.24738303781243,23.288827173680836,0,72.04724409448819,12.08288827173681,-2,1,15.9
19,2014-05-11,2014-05-10,25.96346934415723,14.06002990813929,20.01174962614826,0,71.25984251968504,11.90343943601794,-1,1,12.7
19,2014-05-11,2014-05-11,25.02349925229652,14.86327707754753,19.943388164922027,0,71.25984251968504,10.160222174748991,0,1,11.9
19,2014-05-11,2014-05-12,26.44199957274087,12.54753257850887,19.49476607562487,0,73.62204724409449,13.894466994232,1,1,13.3
19,2014-05-11,2014-05-13,28.62956633198035,15.25635547959838,21.942960905789363,0,74.40944881889763,13.37321085238197,2,1,14.8
19,2014-05-11,2014-05-14,26.78380687887203,18.27280495620594,22.528305917538987,0,78.34645669291338,8.511001922666093,3,1,15.9
19,2014-05-11,2014-05-15,27.8263191625721,15.29053621021149,21.558427686391795,0,74.40944881889763,12.535782952360613,4,1,15.2
19,2014-05-11,2014-05-16,26.62999359111301,16.28177739799188,21.455885494552447,0,78.74015748031496,10.348216193121129,5,1,15.8
19,2014-05-11,2014-05-17,27.99722281563768,16.26468703268532,22.1309549241615,0,75.59055118110236,11.73253578295236,6,1,15.3
19,2014-05-11,2014-05-18,29.74044007690664,17.05938901944029,23.399914548173463,0,72.04724409448819,12.681051057466352,7,1,15.7
19,2014-05-11,2014-05-19,29.02264473403119,16.09378337961974,22.558214056825463,0,75.98425196850394,12.928861354411447,8,1,15.5
19,2014-05-11,2014-05-20,27.65541550950651,15.11108737449263,21.38325144199957,0,73.22834645669292,12.54432813501388,9,1,14.2
19,2014-05-11,2014-05-21,28.08267464217047,14.30784020508438,21.195257423627424,0,64.1732283464567,13.77483443708609,10,1,13.1
19,2014-05-11,2014-05-22,26.81798760948515,15.98269600512711,21.40034180730613,6.743064668721587,83.85826771653544,10.83529160435804,11,1,17.6
19,2014-05-11,2014-05-23,21.62251655629139,17.82845545823542,19.72548600726341,39.16745506149479,97.63779527559056,3.7940610980559697,12,1,19.8
19,2014-05-11,2014-05-24,18.10190130314036,13.85494552446059,15.978423413800474,8.638264107181016,94.48818897637796,4.246955778679769,13,1,14.9
19,2014-05-11,2014-05-25,17.45246742149114,14.0942106387524,15.77333903012177,13.95306253242592,96.8503937007874,3.3582567827387386,14,1,14.9
19,2014-05-11,2014-05-26,16.29886776329844,10.65050202948088,13.47468489638966,18.11426129947813,91.73228346456692,5.64836573381756,15,1,11.7
19,2014-05-11,2014-05-27,18.97350993377484,9.069643238624224,14.021576586199531,0,85.8267716535433,9.903866695150612,16,1,10.2
19,2014-05-11,2014-05-28,20.78508865627003,10.6419568468276,15.713522751548815,0,87.00787401574803,10.14313180944243,17,1,11.4
19,2014-05-11,2014-05-29,21.65669728690451,10.11215552232429,15.8844264046144,0,80.31496062992126,11.54454176458022,18,1,11.3
19,2014-05-11,2014-05-30,24.61333048493912,11.31702627643666,17.965178380687888,0,75.59055118110236,13.29630420850246,19,1,12.2
19,2014-05-11,2014-05-31,22.73339030121769,12.31681264687033,17.52510147404401,0,78.34645669291338,10.41657765434736,20,1,13.6
19,2014-05-11,2014-06-01,21.86178167058321,15.89724417859432,18.879512924588767,5.101931821649828,88.58267716535433,5.964537491988889,21,1,16.1
19,2014-05-11,2014-06-02,22.7675710318308,10.2317880794702,16.499679555650502,0.2334665974913719,75.59055118110236,12.535782952360602,22,1,10.3
19,2014-05-11,2014-06-03,22.03268532364879,7.275154881435591,14.65392010254219,0.02059999389629752,72.44094488188976,14.7575304422132,23,1,8.1
19,2014-05-11,2014-06-04,23.24610126041444,8.180944242683188,15.713522751548815,0,66.92913385826772,15.065157017731254,24,1,9
19,2014-05-11,2014-06-05,25.50202948088015,14.23093356120487,19.86648152104251,0,77.16535433070865,11.27109591967528,25,1,14.2
19,2014-05-11,2014-06-06,20.92181157872249,16.56376842555009,18.74279000213629,5.129398480178224,93.7007874015748,4.3580431531723995,26,1,18.6
19,2014-05-11,2014-06-07,29.99679555650502,19.28113650929289,24.638966032898956,29.2519913327433,78.74015748031496,10.715659047212132,27,1,18.5
19,2014-05-11,2014-06-08,28.81756035035249,18.44370860927152,23.63063447981201,0.5012665181432681,77.16535433070865,10.37385174108097,28,1,17.5
20,2014-09-07,2014-08-10,24.69878231147191,14.30784020508438,19.503311258278146,8.274330881679731,79.92125984251969,10.390942106387527,-28,0,14.9
20,2014-09-07,2014-08-11,24.61333048493912,13.30805383465072,18.96069215979492,0.8445997497482267,68.50393700787401,11.3052766502884,-27,0,12.5
20,2014-09-07,2014-08-12,22.40867336039308,11.80410168767357,17.106387524033327,10.03906369212928,88.58267716535433,10.60457167271951,-26,0,14.1
20,2014-09-07,2014-08-13,12.21427045503098,4.711600085451826,8.462935270241402,2.677999206518763,67.71653543307086,7.502670369579155,-25,0,1.6
20,2014-09-07,2014-08-14,16.40995513779107,-0.6889553514206366,7.860499893185216,0,57.08661417322834,17.098910489211704,-24,0,-0.2
20,2014-09-07,2014-08-15,19.1956846827601,6.113010040589618,12.65434736167486,2.602465895565672,73.62204724409449,13.08267464217048,-23,0,5.5
20,2014-09-07,2014-08-16,15.60670796838282,12.30826746421705,13.957487716299934,30.92745750297556,92.51968503937007,3.29844050416577,-22,0,12.3
20,2014-09-07,2014-08-17,23.60499893185217,13.21405682546464,18.409527878658405,3.920865504928742,81.88976377952756,10.390942106387527,-21,0,13.4
20,2014-09-07,2014-08-18,22.61375774407178,10.50523392437513,16.559495834223455,0.398266548661752,80.31496062992126,12.10852381969665,-20,0,13
20,2014-09-07,2014-08-19,25.10895107882931,11.21448408459731,18.16171758171331,0.3089999084444628,73.62204724409449,13.894466994232,-19,0,11.9
20,2014-09-07,2014-08-20,25.31403546250801,11.7101046784875,18.512070070497757,0.04119998779259504,69.29133858267717,13.603930784020507,-18,0,11.7
20,2014-09-07,2014-08-21,25.6045716727195,10.71031830805384,18.157444990386672,0,59.44881889763779,14.894253364665662,-17,0,10.7
20,2014-09-07,2014-08-22,27.60414441358684,13.60713522751549,20.605639820551165,0,57.48031496062991,13.99700918607135,-16,0,12.7
20,2014-09-07,2014-08-23,28.61247596667379,15.50416577654347,22.05832087160863,0,61.41732283464566,13.108310190130322,-15,0,14.5
20,2014-09-07,2014-08-24,28.81756035035249,16.99957274086734,22.908566545609915,0,52.75590551181102,11.81798760948515,-14,0,12.8
20,2014-09-07,2014-08-25,21.99850459303568,9.00982696005127,15.504165776543475,7.999664296395764,77.95275590551181,12.988677632984407,-13,0,11.3
20,2014-09-07,2014-08-26,13.41059602649007,4.3099765007477044,8.860286263618887,16.58986175115209,75.59055118110236,9.100619525742369,-12,0,4
20,2014-09-07,2014-08-27,14.41038239692374,3.711813715018158,9.061098055970948,0,71.25984251968504,10.698568681905584,-11,0,2.6
20,2014-09-07,2014-08-28,17.20465712454604,2.310403759880368,9.757530442213204,0,66.53543307086613,14.894253364665673,-10,0,3.7
20,2014-09-07,2014-08-29,23.19483016449477,6.907712027344585,15.051271095919676,0,68.11023622047244,16.287118137150188,-9,0,7.5
20,2014-09-07,2014-08-30,25.91219824823756,10.50523392437513,18.208716086306342,0,73.22834645669292,15.406964323862429,-8,0,11.7
20,2014-09-07,2014-08-31,20.40910061952574,16.81157872249519,18.610339671010465,16.15039521469771,87.79527559055117,3.59752189703055,-7,0,16.2
20,2014-09-07,2014-09-01,25.10895107882931,13.60713522751549,19.3580431531724,1.084933011871698,80.70866141732283,11.50181585131382,-6,0,15.3
20,2014-09-07,2014-09-02,19.40076906643879,14.11130100405896,16.756035035248875,16.52119510483107,88.9763779527559,5.2894680623798305,-5,0,14.1
20,2014-09-07,2014-09-03,21.81051057466353,11.60756248664815,16.70903653065584,33.37199011200292,86.22047244094487,10.20294808801538,-4,0,12.6
20,2014-09-07,2014-09-04,20.40910061952574,12.90643024994659,16.657765434736167,0,75.59055118110236,7.502670369579152,-3,0,10.8
20,2014-09-07,2014-09-05,17.81136509292886,12.21427045503098,15.01281777397992,1.97073274941252,78.34645669291338,5.597094637897879,-2,0,10.4
20,2014-09-07,2014-09-06,21.99850459303568,12.80388805810724,17.401196325571462,8.583330790124222,83.85826771653544,9.19461653492844,-1,0,12.7
20,2014-09-07,2014-09-07,22.81884212775048,12.60734885708182,17.71309549241615,18.27906125064851,86.22047244094487,10.211493270668658,0,0,16
20,2014-09-07,2014-09-08,26.20273445844905,14.60692159794916,20.404828028199105,0.04806665242469421,79.92125984251969,11.59581286049989,1,0,15.7
20,2014-09-07,2014-09-09,28.90301217688528,16.315958128605,22.60948515274514,0,64.96062992125984,12.58705404828028,2,0,15.2
20,2014-09-07,2014-09-10,29.31318094424268,18.4949797051912,23.90408032471694,0,62.20472440944881,10.818201239051485,3,0,13.3
20,2014-09-07,2014-09-11,19.8109378337962,11.11194189275796,15.46143986327708,11.21326334421826,93.7007874015748,8.69899594103824,4,0,12
20,2014-09-07,2014-09-12,24.81841486861781,11.80410168767357,18.31125827814569,8.047730948820458,88.58267716535433,13.01431318094424,5,0,15.5
20,2014-09-07,2014-09-13,30.20187994018372,15.50416577654347,22.853022858363595,0,67.71653543307086,14.69771416364025,6,0,16.3
20,2014-09-07,2014-09-14,29.50117496261483,15.70925016022217,22.6052125614185,1.119266335032194,66.92913385826772,13.79192480239266,7,0,14.9
20,2014-09-07,2014-09-15,20.20401623584704,12.00918607135227,16.106601153599655,2.087466048158205,90.94488188976378,8.19483016449477,8,0,13.8
20,2014-09-07,2014-09-16,20.40910061952574,8.509933774834437,14.459517197180087,1.208532975249483,73.62204724409449,11.899166844691305,9,0,9
20,2014-09-07,2014-09-17,22.81884212775048,9.112369151890622,15.96560563982055,0,71.25984251968504,13.706472975859857,10,0,10.2
20,2014-09-07,2014-09-18,19.1956846827601,15.4101687673574,17.30292672505875,4.401532029175684,88.9763779527559,3.785515915402699,11,0,13.7
20,2014-09-07,2014-09-19,18.81969664601581,14.30784020508438,16.563768425550094,3.845332193975651,90.94488188976378,4.51185644093143,12,0,15.2
20,2014-09-07,2014-09-20,21.40034180730613,14.60692159794916,18.003631702627644,0.1785332804345785,81.49606299212599,6.79342020935697,13,0,13.6
20,2014-09-07,2014-09-21,19.00769066438795,9.308908352916044,14.158299508651996,0.04806665242469421,73.22834645669292,9.698782311471907,14,0,8.9
20,2014-09-07,2014-09-22,22.30613116855373,7.309335612048708,14.80773339030122,0,68.11023622047244,14.996795556505022,15,0,8.6
20,2014-09-07,2014-09-23,25.31403546250801,11.11194189275796,18.212988677632985,0.04119998779259504,64.56692913385827,14.20209356975005,16,0,10.6
20,2014-09-07,2014-09-24,22.40867336039308,16.315958128605,19.362315744499043,24.9809259315775,85.43307086614173,6.09271523178808,17,0,15.1
20,2014-09-07,2014-09-25,24.61333048493912,14.21384319589831,19.413586840418716,7.553331095309318,82.67716535433071,10.39948728904081,18,0,14.8
20,2014-09-07,2014-09-26,25.50202948088015,17.11066011535997,21.306344798120055,14.36506241035187,86.22047244094487,8.39136936552018,19,0,15.8
20,2014-09-07,2014-09-27,21.91305276650288,11.41102328562273,16.662038026062802,0,83.46456692913385,10.50202948088015,20,0,12.3
20,2014-09-07,2014-09-28,17.91390728476821,14.50437940610981,16.20914334543901,8.439130832850111,89.76377952755905,3.4095278786584,21,0,14.4
20,2014-09-07,2014-09-29,20.20401623584704,16.70049134800256,18.4522537919248,54.63118381298256,94.09448818897636,3.5035248878444776,22,0,17.5
20,2014-09-07,2014-09-30,18.20444349497971,16.90557573168126,17.555009613330483,26.88985869930113,94.48818897637796,1.2988677632984498,23,0,17.4
20,2014-09-07,2014-10-01,21.60542619098483,14.60692159794916,18.106173894466995,20.11932737205115,86.61417322834646,6.998504593035669,24,0,15.9
20,2014-09-07,2014-10-02,22.40867336039308,9.308908352916044,15.85879085665456,0.1785332804345785,72.44094488188976,13.099765007477036,25,0,9.6
20,2014-09-07,2014-10-03,21.60542619098483,11.30848109378338,16.456953642384104,0,70.86614173228347,10.29694509720145,26,0,9.1
20,2014-09-07,2014-10-04,20.99017303994873,10.60777611621448,15.798974578081603,0,68.11023622047244,10.38239692373425,27,0,8.1
20,2014-09-07,2014-10-05,23.00683614612262,11.7101046784875,17.35847041230506,0,66.14173228346456,11.29673146763512,28,0,9.4
21,2014-09-10,2014-08-13,12.80388805810724,5.309762871181372,9.056825464644303,0.06866664632099173,69.29133858267717,7.494125186925869,-28,0,0.9
21,2014-09-10,2014-08-14,16.79448835718863,1.310617389446699,9.052552873317664,0,63.7795275590551,15.48387096774193,-27,0,0.4
21,2014-09-10,2014-08-15,20.80217902157658,4.899594103823969,12.850886562700277,0,75.59055118110236,15.902584917752613,-26,0,5.7
21,2014-09-10,2014-08-16,17.29865413373211,12.70134586626789,15,22.24799340800195,91.73228346456692,4.597308267464221,-25,0,12.9
21,2014-09-10,2014-08-17,24.80132450331126,12.70134586626789,18.751335184789575,0.04119998779259504,85.03937007874015,12.099978637043373,-24,0,14.3
21,2014-09-10,2014-08-18,23.29737235633412,10.70177312540056,16.99957274086734,0.0755333109530909,84.25196850393701,12.595599230933558,-23,0,13.5
21,2014-09-10,2014-08-19,25.79256569109165,12.70134586626789,19.24695577867977,0,77.95275590551181,13.09121982482376,-22,0,12.8
21,2014-09-10,2014-08-20,29.29609057893612,12.70134586626789,20.998718222602005,0.04119998779259504,75.59055118110236,16.59474471266823,-21,0,13.5
21,2014-09-10,2014-08-21,29.29609057893612,14.30784020508438,21.80196539201025,0,65.74803149606299,14.98825037385174,-20,0,12.2
21,2014-09-10,2014-08-22,29.29609057893612,14.70091860713523,21.998504593035676,0,65.35433070866142,14.59517197180089,-19,0,14.1
21,2014-09-10,2014-08-23,30.28733176671651,18.10190130314036,24.194616534928436,0,64.96062992125984,12.18543046357615,-18,0,15.6
21,2014-09-10,2014-08-24,29.79171117282632,20.28946806237983,25.040589617603075,0,58.66141732283464,9.502243110446493,-17,0,13.9
21,2014-09-10,2014-08-25,23.79299295022431,9.103823969237345,16.448408459730828,0.1647999511703802,81.88976377952756,14.689168980986969,-16,0,10.8
21,2014-09-10,2014-08-26,13.80367442854091,4.899594103823969,9.35163426618244,0.5355998413037639,78.74015748031496,8.90408032471694,-15,0,3.1
21,2014-09-10,2014-08-27,15.30762657551805,2.310403759880368,8.80901516769921,0,77.55905511811024,12.997222815637684,-14,0,2.7
21,2014-09-10,2014-08-28,17.7942747276223,4.104892117069003,10.949583422345652,0.04119998779259504,73.22834645669292,13.6893826105533,-13,0,4.2
21,2014-09-10,2014-08-29,24.2886135441145,5.309762871181372,14.799188207647935,0,71.65354330708661,18.978850672933127,-12,0,7.3
21,2014-09-10,2014-08-30,27.79213843195898,10.90685750907926,19.349497970519117,0,72.83464566929133,16.88528092287972,-11,0,12.1
21,2014-09-10,2014-08-31,22.80175176244392,17.11066011535997,19.956205938901945,24.29425946836756,87.4015748031496,5.691091647083951,-10,0,17.7
21,2014-09-10,2014-09-01,24.80132450331126,15.30762657551805,20.054475539414653,0.1441999572740826,85.8267716535433,9.49369792779321,-9,0,15.8
21,2014-09-10,2014-09-02,20.80217902157658,13.50459303567614,17.15338602862636,2.513199255348383,90.15748031496062,7.297585985900442,-8,0,14.9
21,2014-09-10,2014-09-03,20.80217902157658,12.70134586626789,16.751762443922235,24.15692617572557,90.5511811023622,8.100833155308692,-7,0,12.8
21,2014-09-10,2014-09-04,22.80175176244392,13.30805383465072,18.05490279854732,0,81.1023622047244,9.4936979277932,-6,0,12.4
21,2014-09-10,2014-09-05,18.80260628070925,13.701132236701561,16.251869258705405,4.724265266884373,84.25196850393701,5.101474044007688,-5,0,11.6
21,2014-09-10,2014-09-06,21.79342020935697,13.90621662038026,17.849818414868615,4.518265327921398,87.00787401574803,7.8872035889767105,-4,0,13.1
21,2014-09-10,2014-09-07,23.29737235633412,14.30784020508438,18.80260628070925,35.56932279427471,88.18897637795276,8.989532151249739,-3,0,16.6
21,2014-09-10,2014-09-08,27.79213843195898,15.10254219183935,21.447340311899165,19.07559434797204,82.67716535433071,12.689596240119627,-2,0,16.7
21,2014-09-10,2014-09-09,30.80004272591326,14.49583422345653,22.647938474684896,0,70.07874015748031,16.30420850245673,-1,0,16.9
21,2014-09-10,2014-09-10,24.2886135441145,12.10318308053835,18.195898312326428,0,71.65354330708661,12.18543046357615,0,0,14
21,2014-09-10,2014-09-11,13.30805383465072,11.30848109378338,12.30826746421705,20.65492721335491,96.06299212598424,1.9995727408673396,1,0,11.5
21,2014-09-10,2014-09-12,25.29694509720145,11.30848109378338,18.302713095492415,49.71465193639941,90.94488188976378,13.988464003418072,2,0,15
21,2014-09-10,2014-09-13,31.79128391369365,13.10296945097202,22.447126682332836,0,77.16535433070865,18.688314462721628,3,0,18.4
21,2014-09-10,2014-09-14,29.79171117282632,18.4949797051912,24.14334543900876,0,72.04724409448819,11.296731467635125,4,0,15.8
21,2014-09-10,2014-09-15,19.79384746848964,13.10296945097202,16.44840845973083,22.34412671285133,93.30708661417324,6.690878017517621,5,0,13.4
21,2014-09-10,2014-09-16,20.80217902157658,8.90728476821192,14.85473189489425,0.4257332071901487,79.5275590551181,11.894894253364662,6,0,8.8
21,2014-09-10,2014-09-17,23.29737235633412,9.701986754966889,16.499679555650502,0,78.74015748031496,13.595385601367232,7,0,10.8
21,2014-09-10,2014-09-18,19.29822687459944,14.90600299081393,17.102114932706684,0,90.15748031496062,4.39222388378551,8,0,15.2
21,2014-09-10,2014-09-19,21.79342020935697,15.50416577654347,18.64879299295022,3.495132297738564,91.33858267716536,6.2892544328135,9,0,15.1
21,2014-09-10,2014-09-20,23.29737235633412,16.1108737449263,19.70412305063021,0.7347331156346399,83.07086614173228,7.186498611407817,10,0,13.5
21,2014-09-10,2014-09-21,20.28946806237983,10.49668874172185,15.39307840205084,0.4669331949827438,75.98425196850394,9.792779320657978,11,0,9.2
21,2014-09-10,2014-09-22,25.79256569109165,8.501388592181158,17.146977141636405,0,73.62204724409449,17.29117709891049,12,0,9.5
21,2014-09-10,2014-09-23,28.28775902584918,12.70134586626789,20.494552446058535,0,68.11023622047244,15.58641315958129,13,0,12.6
21,2014-09-10,2014-09-24,23.79299295022431,17.50373851741081,20.64836573381756,10.43046357615893,86.61417322834646,6.2892544328135,14,0,16.2
21,2014-09-10,2014-09-25,27.29651783806879,14.10275582140568,20.699636829737237,0,84.64566929133858,13.193762016663111,15,0,15.7
21,2014-09-10,2014-09-26,24.2886135441145,16.29886776329844,20.29374065370647,15.44999542222357,87.00787401574803,7.989745780816062,16,0,16.5
21,2014-09-10,2014-09-27,23.29737235633412,12.30826746421705,17.802819910275584,0.04119998779259504,83.46456692913385,10.98910489211707,17,0,11.6
21,2014-09-10,2014-09-28,18.80260628070925,15.9057893612476,17.354197820978424,0,91.33858267716536,2.8968169194616493,18,0,16
21,2014-09-10,2014-09-29,20.80217902157658,17.50373851741081,19.152958769493697,74.43464461195714,95.2755905511811,3.2984405041657716,19,0,19.2
21,2014-09-10,2014-09-30,19.29822687459944,17.29865413373211,18.298440504165775,23.51145970030822,95.2755905511811,1.999572740867329,20,0,19
21,2014-09-10,2014-10-01,22.80175176244392,16.49540696432386,19.648579363383888,30.21332438123721,88.58267716535433,6.306344798120062,21,0,16.2
21,2014-09-10,2014-10-02,23.29737235633412,10.49668874172185,16.897030549027985,0,75.98425196850394,12.800683614612268,22,0,10.3
21,2014-09-10,2014-10-03,22.80175176244392,10.90685750907926,16.85430463576159,0,75.59055118110236,11.894894253364662,23,0,10.1
21,2014-09-10,2014-10-04,24.80132450331126,11.90664387951292,18.35398419141209,0,71.25984251968504,12.89468062379834,24,0,9.4
21,2014-09-10,2014-10-05,23.79299295022431,13.10296945097202,18.447981200598164,0,70.07874015748031,10.69002349925229,25,0,10.2
21,2014-09-10,2014-10-06,20.28946806237983,13.30805383465072,16.798760948515273,13.54792931913204,88.18897637795276,6.981414227729109,26,0,11.9
21,2014-09-10,2014-10-07,24.80132450331126,15.10254219183935,19.951933347575302,14.1178624835963,84.25196850393701,9.698782311471913,27,0,14.1
21,2014-09-10,2014-10-08,30.80004272591326,16.29886776329844,23.549455244605852,0.04119998779259504,75.19685039370079,14.501174962614822,28,0,16.7
22,2014-09-15,2014-08-18,22.06686605426191,12.55607776116215,17.311471907712033,4.209265419476907,87.4015748031496,9.51078829309976,-28,0,12.8
22,2014-09-15,2014-08-19,22.66502883999145,10.80431531723991,16.73467207861568,0.157933286538281,83.46456692913385,11.86071352275154,-27,0,11.9
22,2014-09-15,2014-08-20,24.40824610126042,7.347788933988464,15.878017517624444,0,78.34645669291338,17.060457167271956,-26,0,9.8
22,2014-09-15,2014-08-21,25.79256569109165,6.668446913052767,16.230506302072207,0,77.95275590551181,19.124118778038884,-25,0,10.7
22,2014-09-15,2014-08-22,27.74086733603931,7.877590258491775,17.809228797265543,0,73.22834645669292,19.863277077547536,-24,0,11.3
22,2014-09-15,2014-08-23,27.91177098910489,8.770561845759453,18.34116641743217,0,71.25984251968504,19.14120914334544,-23,0,11.9
22,2014-09-15,2014-08-24,28.356120487075412,9.13800469985046,18.747062593462935,0,66.53543307086613,19.218115787224953,-22,0,11.6
22,2014-09-15,2014-08-25,28.25357829523606,10.59068575090793,19.422132023071995,0.5424665059358631,68.11023622047244,17.66289254432813,-21,0,9.9
22,2014-09-15,2014-08-26,20.08438367870113,8.022858363597521,14.053621021149326,7.155064546647537,63.38582677165353,12.061525315103609,-20,0,8.6
22,2014-09-15,2014-08-27,19.43494979705191,2.455671864986114,10.945310831019013,0,67.32283464566929,16.979277932065795,-19,0,3.8
22,2014-09-15,2014-08-28,20.11856440931425,3.822901089510788,11.97073274941252,0,80.70866141732283,16.29566331980346,-18,0,6.4
22,2014-09-15,2014-08-29,18.22153386028626,8.992736594744713,13.607135227515489,0,84.64566929133858,9.228797265541548,-17,0,9.1
22,2014-09-15,2014-08-30,23.53663747062593,7.219611194189276,15.378124332407603,0,83.07086614173228,16.317026276436653,-16,0,11.2
22,2014-09-15,2014-08-31,18.34116641743217,9.958342234565263,14.149754325998718,5.259865108188109,93.30708661417324,8.382824182866905,-15,0,13.2
22,2014-09-15,2014-09-01,26.62999359111301,10.96667378765221,18.79833368938261,26.13452558977019,78.34645669291338,15.6633198034608,-14,0,12.8
22,2014-09-15,2014-09-02,24.68169194616535,14.16257209997864,19.422132023071995,9.043397320474869,87.79527559055117,10.519119846186712,-13,0,16.2
22,2014-09-15,2014-09-03,24.93804742576373,13.10296945097202,19.020508438367877,18.3751945554979,81.49606299212599,11.83507797479171,-12,0,14.5
22,2014-09-15,2014-09-04,17.60628070925016,11.86391796624653,14.735099337748345,0,84.25196850393701,5.74236274300363,-11,0,10.2
22,2014-09-15,2014-09-05,18.35825678273873,11.15466780602435,14.75646229438154,0,81.49606299212599,7.203588976714382,-10,0,10
22,2014-09-15,2014-09-06,24.73296304208503,9.548173467207862,17.140568254646446,0,75.98425196850394,15.184789574877168,-9,0,11.8
22,2014-09-15,2014-09-07,22.23776970732749,13.86349070711386,18.05063020722067,1.812799462874239,88.9763779527559,8.374279000213631,-8,0,15.1
22,2014-09-15,2014-09-08,26.62999359111301,13.95748771629994,20.293740653706475,0,80.70866141732283,12.67250587481307,-7,0,15.2
22,2014-09-15,2014-09-09,27.84340952787866,13.0260628070925,20.434736167485585,0,74.01574803149606,14.817346720786158,-6,0,14.4
22,2014-09-15,2014-09-10,28.42448194830165,10.71886349070711,19.57167271950438,0,64.96062992125984,17.70561845759454,-5,0,11.9
22,2014-09-15,2014-09-11,28.83465071565904,12.12027344584491,20.477462080751977,0.7896664326914333,70.86614173228347,16.71437726981413,-4,0,12.7
22,2014-09-15,2014-09-12,26.69835505233925,14.69237342448195,20.6953642384106,0,78.74015748031496,12.0059816278573,-3,0,15.1
22,2014-09-15,2014-09-13,28.40739158299509,13.88058107242042,21.14398632770775,0,73.62204724409449,14.52681051057467,-2,0,13.3
22,2014-09-15,2014-09-14,29.02264473403119,11.78701132236701,20.4048280281991,0,70.86614173228347,17.235633411664182,-1,0,13.3
22,2014-09-15,2014-09-15,23.0581072420423,14.96581926938688,19.01196325571459,0.1098666341135868,75.59055118110236,8.09228797265542,0,0,13.6
22,2014-09-15,2014-09-16,24.0835291604358,8.48002563554796,16.28177739799188,1.407666249580359,72.44094488188976,15.603503524887838,1,0,10.1
22,2014-09-15,2014-09-17,23.62208929715873,12.22281563768426,17.922452467421493,0,76.37795275590551,11.39927365947447,2,0,11.5
22,2014-09-15,2014-09-18,20.51164281136509,12.23136082033754,16.371501815851314,1.723532822656949,85.03937007874015,8.280281991027548,3,0,12
22,2014-09-15,2014-09-19,18.64879299295022,14.28220465712455,16.465498825037386,43.09518723105563,93.30708661417324,4.36658833582567,4,0,15.2
22,2014-09-15,2014-09-20,22.04977568895535,15.11963255714591,18.584704123050628,9.215063936277346,90.15748031496062,6.930143131809441,5,0,15.7
22,2014-09-15,2014-09-21,22.45994445631275,11.02649006622516,16.743217261268956,4.01699880977813,72.44094488188976,11.433454390087592,6,0,11
22,2014-09-15,2014-09-22,19.67421491134373,8.663747062593462,14.168980986968595,0,76.37795275590551,11.010467848750269,7,0,9.4
22,2014-09-15,2014-09-23,26.28818628498184,9.146549882503738,17.71736808374279,0,73.62204724409449,17.141636402478102,8,0,11.2
22,2014-09-15,2014-09-24,18.35825678273873,12.44499038666951,15.40162358470412,6.866664632099372,93.30708661417324,5.913266396069222,9,0,14.9
22,2014-09-15,2014-09-25,21.5370647297586,13.86349070711386,17.70027771843623,13.65779595324565,90.94488188976378,7.673574022644741,10,0,15.4
22,2014-09-15,2014-09-26,19.65712454603717,15.85451826532792,17.755821405682546,14.05606250190741,94.48818897637796,3.8026062807092504,11,0,17.7
22,2014-09-15,2014-09-27,17.5891903439436,14.72655415509507,16.157872249519336,6.729331339457389,94.09448818897636,2.86263618884853,12,0,15.1
22,2014-09-15,2014-09-28,17.5891903439436,13.81221961119419,15.700704977568892,2.362132633442172,95.2755905511811,3.77697073274941,13,0,15.3
22,2014-09-15,2014-09-29,17.94808801538133,15.17944883571886,16.563768425550094,9.366130558183528,93.7007874015748,2.76863917966247,14,0,17.3
22,2014-09-15,2014-09-30,27.04016235847041,14.5898312326426,20.814996795556507,27.56279183324685,86.22047244094487,12.45033112582781,15,0,17.3
22,2014-09-15,2014-10-01,25.70711386455886,15.53834650715659,20.622730185857726,33.34452345347452,83.46456692913385,10.16876735740227,16,0,18.2
22,2014-09-15,2014-10-02,20.37491988891263,12.65007477034822,16.512497329630424,0,75.98425196850394,7.724845118564408,17,0,11.8
22,2014-09-15,2014-10-03,16.3586840418714,10.56505020294809,13.461867122409744,0,75.98425196850394,5.793633838923309,18,0,8.6
22,2014-09-15,2014-10-04,17.46955778679769,10.49668874172185,13.98312326425977,0,75.59055118110236,6.972869045075839,19,0,7.8
22,2014-09-15,2014-10-05,19.75966673787652,10.52232428968169,15.140995513779105,0,74.01574803149606,9.237342448194829,20,0,8.8
22,2014-09-15,2014-10-06,22.3574022644734,9.77034821619312,16.06387524033326,0,74.40944881889763,12.58705404828028,21,0,9.6
22,2014-09-15,2014-10-07,25.21149327066866,12.35099337748344,18.78124332407605,0,76.77165354330708,12.86049989318522,22,0,11.8
22,2014-09-15,2014-10-08,26.74962614825892,12.69280068361461,19.721213415936766,0,75.59055118110236,14.056825464644309,23,0,13.5
22,2014-09-15,2014-10-09,28.66374706259347,12.00918607135227,20.33646656697287,0,66.53543307086613,16.654560991241198,24,0,13.4
22,2014-09-15,2014-10-10,32.15018158513138,12.04336680196539,22.096774193548384,0,61.41732283464566,20.106814783165987,25,0,14
22,2014-09-15,2014-10-11,32.63725699636829,14.5898312326426,23.613544114505448,0,64.96062992125984,18.04742576372569,26,0,15.1
22,2014-09-15,2014-10-12,33.11578722495193,16.46977141636403,24.792779320657974,0,61.02362204724409,16.6460158085879,27,0,15.9
22,2014-09-15,2014-10-13,34.24375133518479,15.8203375347148,25.032044434949796,0,57.08661417322834,18.423413800469987,28,0,13.8
23,2014-09-26,2014-08-29,19.70839564195685,7.950224311044648,13.829309976500747,0,77.55905511811024,11.758171330912203,-28,1,9.5
23,2014-09-26,2014-08-30,22.4428540910062,7.967314676351207,15.205084383678704,0,78.74015748031496,14.475539414654992,-27,1,11.8
23,2014-09-26,2014-08-31,18.4949797051912,11.78701132236701,15.140995513779105,7.580797753837714,87.4015748031496,6.707968382824189,-26,1,14
23,2014-09-26,2014-09-01,25.6045716727195,10.62486648152104,18.11471907712027,15.50492873928036,80.70866141732283,14.97970519119846,-25,1,12.6
23,2014-09-26,2014-09-02,25.41657765434736,14.2992950224311,19.85793633838923,16.65852839747308,83.07086614173228,11.11728263191626,-24,1,16.2
23,2014-09-26,2014-09-03,25.70711386455886,13.14569536423841,19.426404614398635,4.889065218054753,79.92125984251969,12.56141850032045,-23,1,14.2
23,2014-09-26,2014-09-04,17.17047639393292,11.2999359111301,14.23520615253151,0,77.16535433070865,5.870540482802818,-22,1,9.7
23,2014-09-26,2014-09-05,19.04187139500107,10.09506515701773,14.5684682760094,0,74.01574803149606,8.94680623798334,-21,1,8.6
23,2014-09-26,2014-09-06,23.69045075838496,9.24054689168981,16.465498825037386,0.4394665364543471,73.22834645669292,14.449903866695148,-20,1,10.8
23,2014-09-26,2014-09-07,20.52873317667165,12.48771629993591,16.50822473830378,3.014465773491622,87.4015748031496,8.04101687673574,-19,1,14.9
23,2014-09-26,2014-09-08,25.10895107882931,13.32514419995727,19.21704763939329,0,81.49606299212599,11.78380687887204,-18,1,14.4
23,2014-09-26,2014-09-09,26.62999359111301,13.57295449690237,20.101474044007688,0,67.32283464566929,13.05703909421064,-17,1,13.7
23,2014-09-26,2014-09-10,28.2364879299295,13.87203588976714,21.05426190984832,3.556932279427485,59.44881889763779,14.36445204016236,-16,1,11.6
23,2014-09-26,2014-09-11,29.12518692587054,15.73488570818201,22.430036317026275,2.307199316385379,61.02362204724409,13.390301217688531,-15,1,13.3
23,2014-09-26,2014-09-12,26.76671651356548,14.24802392651143,20.507370220038453,0,73.22834645669292,12.518692587054051,-14,1,15.1
23,2014-09-26,2014-09-13,26.7154454176458,13.684041871395,20.1997436445204,0,70.86614173228347,13.0314035462508,-13,1,13.3
23,2014-09-26,2014-09-14,27.92886135441145,12.96624652851955,20.4475539414655,0,63.7795275590551,14.9626148258919,-12,1,12.5
23,2014-09-26,2014-09-15,22.06686605426191,14.5898312326426,18.328348643452255,1.778466139713743,74.01574803149606,7.477034821619311,-11,1,13.2
23,2014-09-26,2014-09-16,23.0581072420423,8.78765221106601,15.922879726554156,0,69.29133858267717,14.27045503097629,-10,1,8.8
23,2014-09-26,2014-09-17,24.3740653706473,10.82140568254646,17.597735526596882,0,70.47244094488188,13.55265968810084,-9,1,10.8
23,2014-09-26,2014-09-18,18.46079897457808,11.93227942747276,15.19653920102542,2.114932706686602,83.46456692913385,6.528519547105319,-8,1,12.8
23,2014-09-26,2014-09-19,15.99124118778039,13.40205084383679,14.69664601580859,41.96905423139134,93.30708661417324,2.589190343943601,-7,1,14.7
23,2014-09-26,2014-09-20,20.59709463789789,14.08566545609912,17.341380046998506,24.62385937070835,89.76377952755905,6.5114291817987695,-6,1,14.7
23,2014-09-26,2014-09-21,21.65669728690451,9.35163426618244,15.504165776543475,0.03433332316049587,67.71653543307086,12.30506302072207,-5,1,9.5
23,2014-09-26,2014-09-22,20.61418500320444,8.7107455671865,14.66246528519547,0,69.29133858267717,11.90343943601794,-4,1,7.4
23,2014-09-26,2014-09-23,24.64751121555223,8.292031617175816,16.469771416364022,0,69.29133858267717,16.355479598376412,-3,1,9.7
23,2014-09-26,2014-09-24,17.35847041230506,12.94061098055971,15.149540696432386,31.06479079561754,90.15748031496062,4.417859431745351,-2,1,14.1
23,2014-09-26,2014-09-25,20.10147404400769,12.88079470198675,16.49113437299722,26.12079226050599,91.73228346456692,7.220679342020942,-1,1,14.8
23,2014-09-26,2014-09-26,18.34116641743217,14.73509933774834,16.538132877590254,27.1233252967925,94.48818897637796,3.6060670796838306,0,1,16.5
23,2014-09-26,2014-09-27,17.07647938474685,14.26511429181799,15.67079683828242,26.80745872371594,92.91338582677164,2.8113650929288596,1,1,15.7
23,2014-09-26,2014-09-28,17.04229865413373,13.45332193975646,15.247810296945095,14.57106234931487,91.33858267716536,3.588976714377271,2,1,14.8
23,2014-09-26,2014-09-29,17.17047639393292,13.8891262550737,15.52980132450331,48.72585222937713,93.7007874015748,3.281350138859219,3,1,16.7
23,2014-09-26,2014-09-30,25.46784875026704,13.0687887203589,19.26831873531297,41.50212103640857,87.79527559055117,12.399060029908142,4,1,17.5
23,2014-09-26,2014-10-01,24.52787865840632,14.73509933774834,19.63148899807733,28.86745811334575,83.46456692913385,9.79277932065798,5,1,17.7
23,2014-09-26,2014-10-02,20.69963682973724,12.53898739585559,16.619312112796415,0.03433332316049587,74.80314960629921,8.16064943388165,6,1,12.5
23,2014-09-26,2014-10-03,17.91390728476821,9.787438581499678,13.850672933133945,0.03433332316049587,69.68503937007874,8.126468703268532,7,1,7.7
23,2014-09-26,2014-10-04,17.84554582354198,9.5738090151677,13.70967741935484,0,70.47244094488188,8.27173680837428,8,1,6.6
23,2014-09-26,2014-10-05,20.25528733176672,9.454176458021792,14.854731894894256,0,69.68503937007874,10.801110873744928,9,1,7.9
23,2014-09-26,2014-10-06,21.17816705832087,8.095492416150396,14.636829737235631,0,70.86614173228347,13.082674642170474,10,1,8.3
23,2014-09-26,2014-10-07,23.72463148899808,12.07754753257851,17.901089510788296,0,73.62204724409449,11.647083956419571,11,1,11.9
23,2014-09-26,2014-10-08,25.96346934415723,11.32557145908994,18.644520401623584,0.2403332621234711,68.11023622047244,14.63789788506729,12,1,12.7
23,2014-09-26,2014-10-09,27.51869258705405,13.06024353770562,20.289468062379836,0,59.05511811023622,14.458449049348433,13,1,12.3
23,2014-09-26,2014-10-10,30.95385601367229,14.02584917752617,22.48985259559923,0,54.72440944881889,16.928006836146118,14,1,12.1
23,2014-09-26,2014-10-11,31.91091647083956,14.27365947447127,23.092287972655413,0,59.84251968503936,17.63725699636829,15,1,14.2
23,2014-09-26,2014-10-12,31.5691091647084,15.92287972655416,23.745994445631283,0,56.69291338582676,15.64622943815424,16,1,15.2
23,2014-09-26,2014-10-13,32.63725699636829,17.1362956633198,24.886776329844047,0,51.57480314960629,15.500961333048494,17,1,13.7
23,2014-09-26,2014-10-14,31.60328989532151,19.05896176030762,25.331125827814567,0,60.23622047244093,12.544328135013888,18,1,16.1
23,2014-09-26,2014-10-15,26.61290322580645,17.93099765007477,22.27195043794061,0,77.95275590551181,8.68190557573168,19,1,17.3
23,2014-09-26,2014-10-16,30.18478957487716,15.95706045716727,23.070925016022215,0,70.47244094488188,14.227729117709892,20,1,16.1
23,2014-09-26,2014-10-17,29.94552446058535,16.683400982696,23.314462721640673,0,75.98425196850394,13.26212347788935,21,1,17.5
23,2014-09-26,2014-10-18,25.94637897885067,14.46165349284341,20.204016235847043,0.1029999694814876,77.16535433070865,11.48472548600726,22,1,17.2
23,2014-09-26,2014-10-19,26.81798760948515,14.22238837855159,20.52018799401837,0.4737998596148429,83.07086614173228,12.59559923093356,23,1,17.6
23,2014-09-26,2014-10-20,20.78508865627003,13.51313821832942,17.149113437299725,3.206732383190399,87.79527559055117,7.27195043794061,24,1,16
23,2014-09-26,2014-10-21,20.25528733176672,11.93227942747276,16.09378337961974,0.03433332316049587,80.31496062992126,8.32300790429396,25,1,12.4
23,2014-09-26,2014-10-22,21.58833582567827,9.864345225379193,15.726340525528732,0,72.44094488188976,11.72399060029908,26,1,10.2
23,2014-09-26,2014-10-23,26.92052980132451,11.53065584276864,19.225592822046575,0,70.47244094488188,15.389873958555867,27,1,12.2
23,2014-09-26,2014-10-24,24.39115573595386,14.94872890408032,19.66994232001709,6.207464827417823,80.70866141732283,9.442426831873538,28,1,15.8
24,2014-09-24,2014-08-27,14.41038239692374,3.711813715018158,9.061098055970948,0,71.25984251968504,10.698568681905584,-28,1,2.6
24,2014-09-24,2014-08-28,17.20465712454604,2.310403759880368,9.757530442213204,0,66.53543307086613,14.894253364665673,-27,1,3.7
24,2014-09-24,2014-08-29,23.19483016449477,6.907712027344585,15.051271095919676,0,68.11023622047244,16.287118137150188,-26,1,7.5
24,2014-09-24,2014-08-30,25.91219824823756,10.50523392437513,18.208716086306342,0,73.22834645669292,15.406964323862429,-25,1,11.7
24,2014-09-24,2014-08-31,20.40910061952574,16.81157872249519,18.610339671010465,16.15039521469771,87.79527559055117,3.59752189703055,-24,1,16.2
24,2014-09-24,2014-09-01,25.10895107882931,13.60713522751549,19.3580431531724,1.084933011871698,80.70866141732283,11.50181585131382,-23,1,15.3
24,2014-09-24,2014-09-02,19.40076906643879,14.11130100405896,16.756035035248875,16.52119510483107,88.9763779527559,5.2894680623798305,-22,1,14.1
24,2014-09-24,2014-09-03,21.81051057466353,11.60756248664815,16.70903653065584,33.37199011200292,86.22047244094487,10.20294808801538,-21,1,12.6
24,2014-09-24,2014-09-04,20.40910061952574,12.90643024994659,16.657765434736167,0,75.59055118110236,7.502670369579152,-20,1,10.8
24,2014-09-24,2014-09-05,17.81136509292886,12.21427045503098,15.01281777397992,1.97073274941252,78.34645669291338,5.597094637897879,-19,1,10.4
24,2014-09-24,2014-09-06,21.99850459303568,12.80388805810724,17.401196325571462,8.583330790124222,83.85826771653544,9.19461653492844,-18,1,12.7
24,2014-09-24,2014-09-07,22.81884212775048,12.60734885708182,17.71309549241615,18.27906125064851,86.22047244094487,10.211493270668658,-17,1,16
24,2014-09-24,2014-09-08,26.20273445844905,14.60692159794916,20.404828028199105,0.04806665242469421,79.92125984251969,11.59581286049989,-16,1,15.7
24,2014-09-24,2014-09-09,28.90301217688528,16.315958128605,22.60948515274514,0,64.96062992125984,12.58705404828028,-15,1,15.2
24,2014-09-24,2014-09-10,29.31318094424268,18.4949797051912,23.90408032471694,0,62.20472440944881,10.818201239051485,-14,1,13.3
24,2014-09-24,2014-09-11,19.8109378337962,11.11194189275796,15.46143986327708,11.21326334421826,93.7007874015748,8.69899594103824,-13,1,12
24,2014-09-24,2014-09-12,24.81841486861781,11.80410168767357,18.31125827814569,8.047730948820458,88.58267716535433,13.01431318094424,-12,1,15.5
24,2014-09-24,2014-09-13,30.20187994018372,15.50416577654347,22.853022858363595,0,67.71653543307086,14.69771416364025,-11,1,16.3
24,2014-09-24,2014-09-14,29.50117496261483,15.70925016022217,22.6052125614185,1.119266335032194,66.92913385826772,13.79192480239266,-10,1,14.9
24,2014-09-24,2014-09-15,20.20401623584704,12.00918607135227,16.106601153599655,2.087466048158205,90.94488188976378,8.19483016449477,-9,1,13.8
24,2014-09-24,2014-09-16,20.40910061952574,8.509933774834437,14.459517197180087,1.208532975249483,73.62204724409449,11.899166844691305,-8,1,9
24,2014-09-24,2014-09-17,22.81884212775048,9.112369151890622,15.96560563982055,0,71.25984251968504,13.706472975859857,-7,1,10.2
24,2014-09-24,2014-09-18,19.1956846827601,15.4101687673574,17.30292672505875,4.401532029175684,88.9763779527559,3.785515915402699,-6,1,13.7
24,2014-09-24,2014-09-19,18.81969664601581,14.30784020508438,16.563768425550094,3.845332193975651,90.94488188976378,4.51185644093143,-5,1,15.2
24,2014-09-24,2014-09-20,21.40034180730613,14.60692159794916,18.003631702627644,0.1785332804345785,81.49606299212599,6.79342020935697,-4,1,13.6
24,2014-09-24,2014-09-21,19.00769066438795,9.308908352916044,14.158299508651996,0.04806665242469421,73.22834645669292,9.698782311471907,-3,1,8.9
24,2014-09-24,2014-09-22,22.30613116855373,7.309335612048708,14.80773339030122,0,68.11023622047244,14.996795556505022,-2,1,8.6
24,2014-09-24,2014-09-23,25.31403546250801,11.11194189275796,18.212988677632985,0.04119998779259504,64.56692913385827,14.20209356975005,-1,1,10.6
24,2014-09-24,2014-09-24,22.40867336039308,16.315958128605,19.362315744499043,24.9809259315775,85.43307086614173,6.09271523178808,0,1,15.1
24,2014-09-24,2014-09-25,24.61333048493912,14.21384319589831,19.413586840418716,7.553331095309318,82.67716535433071,10.39948728904081,1,1,14.8
24,2014-09-24,2014-09-26,25.50202948088015,17.11066011535997,21.306344798120055,14.36506241035187,86.22047244094487,8.39136936552018,2,1,15.8
24,2014-09-24,2014-09-27,21.91305276650288,11.41102328562273,16.662038026062802,0,83.46456692913385,10.50202948088015,3,1,12.3
24,2014-09-24,2014-09-28,17.91390728476821,14.50437940610981,16.20914334543901,8.439130832850111,89.76377952755905,3.4095278786584,4,1,14.4
24,2014-09-24,2014-09-29,20.20401623584704,16.70049134800256,18.4522537919248,54.63118381298256,94.09448818897636,3.5035248878444776,5,1,17.5
24,2014-09-24,2014-09-30,18.20444349497971,16.90557573168126,17.555009613330483,26.88985869930113,94.48818897637796,1.2988677632984498,6,1,17.4
24,2014-09-24,2014-10-01,21.60542619098483,14.60692159794916,18.106173894466995,20.11932737205115,86.61417322834646,6.998504593035669,7,1,15.9
24,2014-09-24,2014-10-02,22.40867336039308,9.308908352916044,15.85879085665456,0.1785332804345785,72.44094488188976,13.099765007477036,8,1,9.6
24,2014-09-24,2014-10-03,21.60542619098483,11.30848109378338,16.456953642384104,0,70.86614173228347,10.29694509720145,9,1,9.1
24,2014-09-24,2014-10-04,20.99017303994873,10.60777611621448,15.798974578081603,0,68.11023622047244,10.38239692373425,10,1,8.1
24,2014-09-24,2014-10-05,23.00683614612262,11.7101046784875,17.35847041230506,0,66.14173228346456,11.29673146763512,11,1,9.4
24,2014-09-24,2014-10-06,16.40995513779107,12.11172826319163,14.26084170049135,4.085665456099122,85.8267716535433,4.29822687459944,12,1,10
24,2014-09-24,2014-10-07,25.91219824823756,12.30826746421705,19.110232856227302,8.28119754631183,76.77165354330708,13.603930784020507,13,1,13.4
24,2014-09-24,2014-10-08,28.81756035035249,14.90600299081393,21.86178167058321,0,70.07874015748031,13.91155735953856,14,1,15.4
24,2014-09-24,2014-10-09,28.61247596667379,15.50416577654347,22.05832087160863,0,63.38582677165353,13.108310190130322,15,1,14.7
24,2014-09-24,2014-10-10,31.10766930143132,16.315958128605,23.71181371501816,0,56.69291338582676,14.791711172826318,16,1,14.1
24,2014-09-24,2014-10-11,26.1001922666097,15.11108737449263,20.605639820551165,0.6660664693136482,88.58267716535433,10.98910489211707,17,1,17
24,2014-09-24,2014-10-12,31.60328989532151,16.1108737449263,23.857081820123906,5.740531632435079,76.37795275590551,15.492416150395208,18,1,18.5
24,2014-09-24,2014-10-13,24.20316171758171,18.61461226233711,21.408886989959413,4.085665456099122,94.48818897637796,5.5885494552446,19,1,18.8
24,2014-09-24,2014-10-14,24.40824610126042,16.81157872249519,20.609912411877808,13.68526261177405,87.00787401574803,7.596667378765229,20,1,16.2
24,2014-09-24,2014-10-15,30.20187994018372,15.70925016022217,22.955565050202942,0.1373332926419835,74.80314960629921,14.492629779961549,21,1,16.8
24,2014-09-24,2014-10-16,31.91091647083956,17.60628070925016,24.758598590044866,1.833399456770536,77.95275590551181,14.3046357615894,22,1,17.7
24,2014-09-24,2014-10-17,19.1102328562273,16.81157872249519,17.960905789361245,12.08532975249489,87.4015748031496,2.298654133732107,23,1,18.2
24,2014-09-24,2014-10-18,23.00683614612262,16.60649433881649,19.806665242469556,30.73519089327678,86.22047244094487,6.4003418073061304,24,1,17.6
24,2014-09-24,2014-10-19,23.39991454817347,15.80324716940825,19.60158085879086,46.11651966917935,85.43307086614173,7.59666737876522,25,1,18.1
24,2014-09-24,2014-10-20,24.81841486861781,13.11151463362529,18.96496475112155,6.832331308938876,64.1732283464567,11.70690023499252,26,1,10.9
24,2014-09-24,2014-10-21,24.9893185216834,10.50523392437513,17.747276223029267,0.4531998657185454,64.1732283464567,14.484084597308271,27,1,10.8
24,2014-09-24,2014-10-22,26.61290322580645,12.50480666524247,19.55885494552446,0,65.35433070866142,14.10809656056398,28,1,11.9
25,2014-10-01,2014-09-03,21.57124546037171,11.43665883358257,16.50395214697714,37.02505569627979,83.85826771653544,10.13458662678914,-28,0,13.2
25,2014-10-01,2014-09-04,19.57167271950438,12.66716513565478,16.11941892757958,0,75.59055118110236,6.9045075838496,-27,0,11.1
25,2014-10-01,2014-09-05,17.93099765007477,12.11172826319163,15.0213629566332,0.6385998107852515,78.34645669291338,5.819269386883139,-26,0,10.8
25,2014-10-01,2014-09-06,22.34031189916685,12.69280068361461,17.516556291390728,3.144932401501507,82.67716535433071,9.64751121555224,-25,0,13.2
25,2014-10-01,2014-09-07,22.27195043794061,12.37662892544328,17.324289681691944,20.86092715231788,85.8267716535433,9.89532151249733,-24,0,16.5
25,2014-10-01,2014-09-08,26.16855372783593,14.42747276223029,20.29801324503311,0.04119998779259504,76.37795275590551,11.741080965605642,-23,0,16.1
25,2014-10-01,2014-09-09,28.95428327280496,16.17069002349925,22.562486648152102,0,63.38582677165353,12.78359324930571,-22,0,15.6
25,2014-10-01,2014-09-10,29.17645802179022,18.27280495620594,23.72463148899808,0,59.05511811023622,10.903653065584283,-21,0,14
25,2014-10-01,2014-09-11,20.2211066011536,11.42811365092929,15.824610126041446,2.53379924924468,93.7007874015748,8.79299295022431,-20,0,13.3
25,2014-10-01,2014-09-12,24.47660756248665,12.07754753257851,18.277077547532578,14.91439558091983,87.79527559055117,12.39906002990814,-19,0,16.3
25,2014-10-01,2014-09-13,29.87716299935911,15.26490066225166,22.571031830805385,0,63.38582677165353,14.61226233710745,-18,0,16.3
25,2014-10-01,2014-09-14,29.17645802179022,15.2050843836787,22.19077120273446,0.06866664632099173,63.7795275590551,13.97137363811152,-17,0,15.5
25,2014-10-01,2014-09-15,21.31488998077334,11.81264687032685,16.563768425550094,1.929532761619924,88.58267716535433,9.502243110446493,-16,0,14.4
25,2014-10-01,2014-09-16,20.16983550523392,8.890194402905362,14.53001495406964,1.805932798242139,67.71653543307086,11.279641102328558,-15,0,9.7
25,2014-10-01,2014-09-17,22.90429395428327,8.70647297585986,15.805383465071564,0,66.92913385826772,14.197820978423408,-14,0,10.7
25,2014-10-01,2014-09-18,18.61461226233711,14.7949156163213,16.704763939329204,0.7827997680593342,90.15748031496062,3.819696646015812,-13,0,13.9
25,2014-10-01,2014-09-19,19.17859431745354,14.06002990813929,16.619312112796415,10.45106357005523,92.1259842519685,5.118564409314251,-12,0,15.4
25,2014-10-01,2014-09-20,21.5370647297586,14.86327707754753,18.200170903653067,1.009399700918607,82.28346456692913,6.673787652211072,-11,0,14.6
25,2014-10-01,2014-09-21,19.07605212561418,9.197820978423414,14.136936552018796,0.1029999694814876,72.44094488188976,9.878231147190766,-10,0,9.6
25,2014-10-01,2014-09-22,22.1523178807947,6.830805383465071,14.491561632129889,0,68.50393700787401,15.32151249732963,-9,0,9
25,2014-10-01,2014-09-23,25.22858363597522,10.58214056825465,17.905362102114935,0,65.74803149606299,14.64644306772057,-8,0,11
25,2014-10-01,2014-09-24,21.69087801751763,15.71779534287545,18.70433668019654,25.39292580950345,88.18897637795276,5.97308267464218,-7,0,15
25,2014-10-01,2014-09-25,24.579149754326,13.86349070711386,19.22132023071993,2.739799188207655,83.85826771653544,10.71565904721214,-6,0,15.3
25,2014-10-01,2014-09-26,25.24567400128178,16.84575945310831,21.04571672719505,25.15945921201208,85.43307086614173,8.39991454817347,-5,0,16.4
25,2014-10-01,2014-09-27,21.5370647297586,11.56483657338176,16.55095065157018,5.060731833857233,85.43307086614173,9.972228156376842,-4,0,13.6
25,2014-10-01,2014-09-28,17.89681691946165,14.1796624652852,16.038239692373423,2.835932493057044,91.33858267716536,3.71715445417645,-3,0,14.5
25,2014-10-01,2014-09-29,19.65712454603717,16.40995513779107,18.03353984191412,52.73598437452316,94.48818897637796,3.2471694082461013,-2,0,17.8
25,2014-10-01,2014-09-30,18.78551591540269,16.26468703268532,17.525101474044007,17.72972808008058,94.88188976377953,2.520828882717371,-1,0,17.6
25,2014-10-01,2014-10-01,21.41743217261269,14.39329203161718,17.905362102114935,23.52519302957242,88.18897637795276,7.024140140995508,0,0,16.4
25,2014-10-01,2014-10-02,22.30613116855373,8.6893826105533,15.497756889553514,0.3021332438123636,70.47244094488188,13.61674855800043,1,0,10.3
25,2014-10-01,2014-10-03,20.99017303994873,10.77013458662679,15.88015381328776,0,68.50393700787401,10.22003845332194,2,0,9.5
25,2014-10-01,2014-10-04,20.44328135013886,10.45396282845546,15.44862208929716,0,68.50393700787401,9.9893185216834,3,0,8.4
25,2014-10-01,2014-10-05,21.93014313180944,11.62465285195471,16.777397991882076,0,68.11023622047244,10.30549027985473,4,0,9.8
25,2014-10-01,2014-10-06,17.32428968169195,11.82973723563341,14.57701345866268,1.97073274941252,85.43307086614173,5.494552446058542,5,0,10.6
25,2014-10-01,2014-10-07,25.62166203802606,12.24845118564409,18.935056611835073,4.552598651081894,74.01574803149606,13.37321085238197,6,0,13.9
25,2014-10-01,2014-10-08,28.54411450544755,14.55565050202948,21.549882503738516,0,66.53543307086613,13.98846400341807,7,0,15.8
25,2014-10-01,2014-10-09,28.25357829523606,15.70925016022217,21.981414227729115,0,61.81102362204724,12.54432813501389,8,0,15.4
25,2014-10-01,2014-10-10,31.24439222388379,16.49540696432386,23.869899594103824,0,57.08661417322834,14.74898525955993,9,0,14.8
25,2014-10-01,2014-10-11,27.34778893398846,15.63234351634266,21.49006622516556,0.3707998901333553,86.61417322834646,11.7154454176458,10,0,18.3
25,2014-10-01,2014-10-12,32.03054902798547,16.58085879085666,24.305703909421062,2.86339915158544,73.62204724409449,15.449690237128811,11,0,19.1
25,2014-10-01,2014-10-13,24.10061952574236,18.30698568681905,21.203802606280703,1.991332743308817,94.48818897637796,5.793633838923309,12,0,19.7
25,2014-10-01,2014-10-14,24.49369792779321,16.75176244392224,20.622730185857726,17.49626148258918,87.00787401574803,7.7419354838709715,13,0,17
25,2014-10-01,2014-10-15,29.87716299935911,15.41871395001068,22.647938474684896,0.1098666341135868,73.62204724409449,14.458449049348433,14,0,17.3
25,2014-10-01,2014-10-16,31.44947660756249,16.79448835718863,24.12198248237556,1.249732963042078,80.31496062992126,14.654988250373862,15,0,18.1
25,2014-10-01,2014-10-17,20.85345011749626,15.92287972655416,18.38816492202521,14.28266243476668,88.18897637795276,4.930570390942098,16,0,18.5
25,2014-10-01,2014-10-18,22.22067934202094,16.13650929288614,19.178594317453538,27.49412518692586,87.00787401574803,6.084170049134801,17,0,18.1
25,2014-10-01,2014-10-19,22.49412518692587,15.39307840205084,18.943601794488355,38.61812189092683,87.4015748031496,7.101046784875031,18,0,18.7
25,2014-10-01,2014-10-20,24.579149754326,13.13715018158513,18.85814996795557,13.51359599597154,61.02362204724409,11.44199957274087,19,0,11.6
25,2014-10-01,2014-10-21,24.63042085024567,9.864345225379193,17.247383037812433,0.1716666158024793,65.35433070866142,14.766075624866478,20,0,11.5
25,2014-10-01,2014-10-22,25.87801751762444,12.02627643665883,18.95214697714163,0,65.74803149606299,13.85174108096561,21,0,12.4
25,2014-10-01,2014-10-23,28.08267464217047,12.01773125400555,20.05020294808801,0,60.23622047244093,16.06494338816492,22,0,12.5
25,2014-10-01,2014-10-24,29.77462080751976,14.37620166631062,22.07541123691519,0,61.41732283464566,15.39841914120914,23,0,15.4
25,2014-10-01,2014-10-25,29.89425336466567,16.17069002349925,23.03247169408246,0,65.35433070866142,13.723563341166418,24,0,17.1
25,2014-10-01,2014-10-26,30.76586199530015,17.18756675923948,23.976714377269815,0,66.14173228346456,13.578295236060669,25,0,16.9
25,2014-10-01,2014-10-27,31.87673574022645,17.65755180516983,24.76714377269814,0,61.02362204724409,14.21918393505662,26,0,16.8
25,2014-10-01,2014-10-28,32.94488357188635,17.89681691946165,25.420850245674,0,58.26771653543306,15.0480666524247,27,0,16.4
25,2014-10-01,2014-10-29,33.52595599230933,18.37534714804529,25.950651570177307,0,52.75590551181102,15.150608844264038,28,0,16.7
26,2014-09-22,2014-08-25,25.17731254005555,11.21448408459731,18.195898312326428,0.4394665364543471,79.13385826771653,13.96282845545824,-28,1,10.3
26,2014-09-22,2014-08-26,15.35889767143773,4.292886135441146,9.825891903439436,0,75.98425196850394,11.066011535996584,-27,1,3.5
26,2014-09-22,2014-08-27,15.69215979491562,0.5842768639179656,8.138218329416793,0.04119998779259504,74.80314960629921,15.107882930997654,-26,1,3.5
26,2014-09-22,2014-08-28,19.02478102969451,1.455885494552446,10.240333262123478,0,69.29133858267717,17.56889553514206,-25,1,4.5
26,2014-09-22,2014-08-29,24.579149754326,4.626148258919034,14.602649006622515,0,67.71653543307086,19.95300149540697,-24,1,7.3
26,2014-09-22,2014-08-30,27.94595171971801,9.13800469985046,18.541978209784233,0,68.89763779527559,18.80794701986755,-23,1,12.5
26,2014-09-22,2014-08-31,22.92138431958983,17.40974150822474,20.165562913907287,17.23532822656941,87.00787401574803,5.511642811365089,-22,1,17.9
26,2014-09-22,2014-09-01,25.45075838496048,14.81200598162786,20.13138218329417,2.918332468642234,84.25196850393701,10.63875240333262,-21,1,17.3
26,2014-09-22,2014-09-02,21.57124546037171,16.09378337961974,18.832514419995725,10.09399700918607,88.58267716535433,5.47746208075197,-20,1,16.5
26,2014-09-22,2014-09-03,21.65669728690451,10.80431531723991,16.23050630207221,15.65599536118657,88.9763779527559,10.8523819696646,-19,1,13.2
26,2014-09-22,2014-09-04,22.32322153386028,13.82930997650075,18.076265755180515,0.04119998779259504,83.85826771653544,8.49391155735953,-18,1,14
26,2014-09-22,2014-09-05,18.2898953215125,14.32493057039094,16.307412945951718,11.07593005157628,91.73228346456692,3.96496475112156,-17,1,12.6
26,2014-09-22,2014-09-06,22.22067934202094,13.73531296731468,17.97799615466781,19.6523941770684,88.9763779527559,8.48536637470626,-16,1,13.9
26,2014-09-22,2014-09-07,24.71587267677847,12.96624652851955,18.84105960264901,37.68425550096134,87.4015748031496,11.74962614825892,-15,1,17.3
26,2014-09-22,2014-09-08,28.33903012176885,15.13672292245247,21.73787652211066,0,79.92125984251969,13.20230719931638,-14,1,17.6
26,2014-09-22,2014-09-09,31.50074770348216,17.15338602862636,24.32706686605426,0.04119998779259504,66.14173228346456,14.347361674855795,-13,1,17.1
26,2014-09-22,2014-09-10,27.67250587481308,14.82055116428114,21.24652851954711,0,72.44094488188976,12.85195471053194,-12,1,14.8
26,2014-09-22,2014-09-11,15.88015381328776,11.83828241828669,13.859218115787224,41.00772118289743,93.7007874015748,4.0418713950010705,-11,1,12.4
26,2014-09-22,2014-09-12,26.01474044007691,12.8209784234138,19.417859431745356,17.92199468977935,89.37007874015748,13.19376201666311,-10,1,15.6
26,2014-09-22,2014-09-13,31.60328989532151,18.32407605212562,24.963682973723564,0.04119998779259504,74.80314960629921,13.27921384319589,-9,1,18.7
26,2014-09-22,2014-09-14,29.26190984832301,15.10254219183935,22.18222602008118,0,71.65354330708661,14.159367656483662,-8,1,16.1
26,2014-09-22,2014-09-15,18.64879299295022,13.24823755607776,15.94851527451399,19.6523941770684,90.5511811023622,5.400555436872461,-7,1,13.3
26,2014-09-22,2014-09-16,21.51997436445204,7.189703054902798,14.354838709677418,0.04119998779259504,75.98425196850394,14.330271309549245,-6,1,9.5
26,2014-09-22,2014-09-17,23.0581072420423,9.232001709036531,16.145054475539418,0,76.37795275590551,13.82610553300577,-5,1,10.7
26,2014-09-22,2014-09-18,18.42661824396496,15.75197607348857,17.089297158726765,0,91.73228346456692,2.674642170476389,-4,1,15.7
26,2014-09-22,2014-09-19,21.09271523178808,15.37598803674429,18.234351634266183,12.83379619739372,92.1259842519685,5.71672719504379,-3,1,15.3
26,2014-09-22,2014-09-20,23.53663747062593,15.82888271736808,19.682760093997004,1.22913296914578,81.1023622047244,7.70775475325785,-2,1,14.1
26,2014-09-22,2014-09-21,21.21234778893399,8.227942747276224,14.720145268105108,0,72.44094488188976,12.984405041657766,-1,1,9.7
26,2014-09-22,2014-09-22,25.43366801965392,8.445844904934843,16.93975646229438,0,69.68503937007874,16.987823114719077,0,1,9.6
26,2014-09-22,2014-09-23,28.49284340952788,12.84661397137364,20.66972869045076,0,68.11023622047244,15.646229438154238,1,1,13.9
26,2014-09-22,2014-09-24,24.95513779107029,17.77718436231574,21.366161076693015,11.47419660023803,86.22047244094487,7.177953428754549,2,1,17.5
26,2014-09-22,2014-09-25,25.67293313394574,15.29908139286477,20.486007263405256,0,87.00787401574803,10.373851741080973,3,1,16.8
26,2014-09-22,2014-09-26,26.11728263191626,19.315317239906,22.71629993591113,10.917996765038,82.67716535433071,6.80196539201026,4,1,17.4
26,2014-09-22,2014-09-27,25.26276436658834,13.35077974791711,19.30677205725273,0,79.92125984251969,11.911984618671228,5,1,13.5
26,2014-09-22,2014-09-28,21.40034180730613,17.04229865413373,19.221320230719932,20.42146061586351,91.73228346456692,4.3580431531723995,6,1,17.8
26,2014-09-22,2014-09-29,20.27237769707327,17.5891903439436,18.930784020508433,92.17810602130191,95.66929133858268,2.6831873531296715,7,1,19.7
26,2014-09-22,2014-09-30,20.35782952360607,17.26447340311899,18.81115146336253,77.56584368419445,95.66929133858268,3.09335612048708,8,1,19.7
26,2014-09-22,2014-10-01,25.10895107882931,16.07669301431318,20.592822046571243,46.8031861323893,86.22047244094487,9.032258064516132,9,1,17.2
26,2014-09-22,2014-10-02,25.58748130741294,11.13757744071779,18.362529374065364,0,70.47244094488188,14.44990386669515,10,1,10.5
26,2014-09-22,2014-10-03,23.99807733390301,12.18863490707114,18.093356120487073,0,71.65354330708661,11.809442426831868,11,1,11
26,2014-09-22,2014-10-04,24.61333048493912,12.53044221320231,18.571886349070716,0,66.53543307086613,12.08288827173681,12,1,9.8
26,2014-09-22,2014-10-05,22.66502883999145,14.59837641529588,18.631702627643666,0,71.25984251968504,8.06665242469557,13,1,10.9
26,2014-09-22,2014-10-06,19.41785943174535,13.79512924588763,16.60649433881649,13.12219611194189,89.76377952755905,5.622730185857719,14,1,12.8
26,2014-09-22,2014-10-07,26.13437299722282,14.00021362956633,20.067293313394575,23.38785973693044,85.03937007874015,12.134159367656489,15,1,15
26,2014-09-22,2014-10-08,30.62913907284768,15.53834650715659,23.083742790002137,0.04119998779259504,73.62204724409449,15.090792565691087,16,1,17.5
26,2014-09-22,2014-10-09,31.05639820551164,17.60628070925016,24.3313394573809,0,64.96062992125984,13.45011749626148,17,1,16.8
26,2014-09-22,2014-10-10,31.36402478102969,16.90557573168126,24.134800256355476,0,69.68503937007874,14.458449049348433,18,1,16.1
26,2014-09-22,2014-10-11,22.25486007263405,14.66673787652211,18.46079897457808,0,94.88188976377953,7.588122196111939,19,1,16.8
26,2014-09-22,2014-10-12,29.56953642384106,16.43559068575091,23.002563554795984,18.30652790917691,84.25196850393701,13.133945738090151,20,1,19.8
26,2014-09-22,2014-10-13,22.25486007263405,16.98248237556078,19.618671224097415,0,95.66929133858268,5.272377697073267,21,1,18.9
26,2014-09-22,2014-10-14,27.77504806665242,16.93975646229438,22.3574022644734,13.40372936185796,83.85826771653544,10.83529160435804,22,1,17.5
26,2014-09-22,2014-10-15,33.86776329844051,16.03396710104678,24.95086519974365,0,72.44094488188976,17.833796197393728,23,1,18.1
26,2014-09-22,2014-10-16,37.1149327066866,22.18649861140782,29.65071565904721,0,70.07874015748031,14.928434095278782,24,1,19.7
26,2014-09-22,2014-10-17,25.67293313394574,20.32364879299295,22.998290963469344,0,79.13385826771653,5.349284340952789,25,1,19.3
26,2014-09-22,2014-10-18,27.60414441358684,18.2898953215125,22.94701986754967,8.754997405926702,79.5275590551181,9.31424909207434,26,1,19.3
26,2014-09-22,2014-10-19,24.63042085024567,16.13650929288614,20.383465071565904,20.61372722556231,84.64566929133858,8.493911557359532,27,1,19.6
26,2014-09-22,2014-10-20,27.91177098910489,16.3586840418714,22.135227515488147,6.468398083437592,64.56692913385827,11.553086947233492,28,1,13.7
27,2014-08-21,2014-07-24,17.39265114291818,11.51356547746208,14.45310831019013,17.42759483626818,92.91338582677164,5.879085665456099,-28,0,12.5
27,2014-08-21,2014-07-25,15.18799401837214,5.907925656910917,10.547959837641528,12.98486281929991,81.1023622047244,9.280068361461222,-27,0,5.6
27,2014-08-21,2014-07-26,17.65755180516983,4.45524460585345,11.05639820551164,0,81.49606299212599,13.20230719931638,-26,0,5.3
27,2014-08-21,2014-07-27,15.23926511429182,6.147190771202734,10.693227942747278,0,86.61417322834646,9.092074343089086,-25,0,7.4
27,2014-08-21,2014-07-28,15.46998504593036,10.62486648152104,13.0474257637257,0,88.18897637795276,4.845118564409319,-24,0,9.3
27,2014-08-21,2014-07-29,16.24759666737877,11.30848109378338,13.778038880581075,0,88.18897637795276,4.939115573595389,-23,0,10.5
27,2014-08-21,2014-07-30,22.23776970732749,10.99230933561205,16.61503952146977,0,84.64566929133858,11.24546037171544,-22,0,10.6
27,2014-08-21,2014-07-31,23.29737235633412,10.70177312540056,16.99957274086734,0,84.64566929133858,12.595599230933558,-21,0,10.7
27,2014-08-21,2014-08-01,24.7842341380047,8.180944242683188,16.482589190343944,0,79.13385826771653,16.60328989532151,-20,0,12
27,2014-08-21,2014-08-02,25.96346934415723,10.1890621662038,18.076265755180515,0.3639332255012562,74.40944881889763,15.774407177953428,-19,0,12
27,2014-08-21,2014-08-03,26.08310190130314,9.155095065157017,17.61909848323008,0,71.65354330708661,16.928006836146125,-18,0,11.3
27,2014-08-21,2014-08-04,26.3052766502884,8.625293740653706,17.465285195471054,0,67.71653543307086,17.679982909634692,-17,0,11.5
27,2014-08-21,2014-08-05,21.02435377056185,10.13779107028413,15.58107242042299,0,67.71653543307086,10.886562700277718,-16,0,9.3
27,2014-08-21,2014-08-06,23.9638966032899,6.258278145695364,15.111087374492632,0.1647999511703802,74.40944881889763,17.705618457594536,-15,0,5.4
27,2014-08-21,2014-08-07,25.57039094210639,6.343729972228157,15.957060457167271,0,77.55905511811024,19.226660969878232,-14,0,10.1
27,2014-08-21,2014-08-08,20.08438367870113,8.736381115146337,14.410382396923731,0,88.58267716535433,11.348002563554791,-13,0,13.1
27,2014-08-21,2014-08-09,17.93099765007477,11.65028839991455,14.790643024994658,0,88.58267716535433,6.2807092501602195,-12,0,11.5
27,2014-08-21,2014-08-10,22.66502883999145,11.24866481521043,16.95684682760094,0,85.03937007874015,11.41636402478102,-11,0,11.8
27,2014-08-21,2014-08-11,25.72420422986541,6.044648579363384,15.884426404614398,0,74.80314960629921,19.679555650502024,-10,0,9.2
27,2014-08-21,2014-08-12,26.93762016663106,10.66759239478744,18.80260628070925,3.536332285531188,72.04724409448819,16.270027771843623,-9,0,10.5
27,2014-08-21,2014-08-13,19.00769066438795,9.56526383251442,14.286477248451185,20.32532731101412,78.34645669291338,9.442426831873531,-8,0,9.7
27,2014-08-21,2014-08-14,14.63255714590899,4.053621021149327,9.343089083529158,2.554399243140978,75.98425196850394,10.578936124759664,-7,0,3.3
27,2014-08-21,2014-08-15,16.40995513779107,8.2578508865627,12.333903012176885,0,87.4015748031496,8.15210425122837,-6,0,8.1
27,2014-08-21,2014-08-16,16.18778038880581,12.51335184789575,14.35056611835078,3.371532334360779,94.88188976377953,3.674428540910059,-5,0,12.5
27,2014-08-21,2014-08-17,22.61375774407178,12.27408673360393,17.443922238837857,14.33759575182347,89.76377952755905,10.33967101046785,-4,0,13.2
27,2014-08-21,2014-08-18,23.02392651142918,11.88100833155309,17.452467421491136,4.078798791467023,88.9763779527559,11.14291817987609,-3,0,12.2
27,2014-08-21,2014-08-19,23.33155308694723,11.98355052339244,17.657551805169835,0,84.25196850393701,11.348002563554791,-2,0,11.1
27,2014-08-21,2014-08-20,23.91262550737022,7.706686605426191,15.809656056398206,0,74.01574803149606,16.205938901944027,-1,0,9.1
27,2014-08-21,2014-08-21,26.27109591967528,7.505874813074129,16.888485366374702,0,76.77165354330708,18.76522110660115,0,0,9.7
27,2014-08-21,2014-08-22,27.60414441358684,7.668233283486434,17.636188848536637,0,72.04724409448819,19.935911130100408,1,0,10.5
27,2014-08-21,2014-08-23,28.40739158299509,8.424481948301645,18.415936765648368,0,69.29133858267717,19.98290963469344,2,0,10.6
27,2014-08-21,2014-08-24,28.356120487075412,8.967101046784876,18.661610766930146,0,63.7795275590551,19.389019440290536,3,0,10.3
27,2014-08-21,2014-08-25,28.2364879299295,9.915616321298868,19.076052125614183,0.08239997558519008,67.71653543307086,18.320871608630632,4,0,8.8
27,2014-08-21,2014-08-26,20.99017303994873,9.01837214270455,15.00427259132664,5.259865108188109,62.20472440944881,11.97180089724418,5,0,8.5
27,2014-08-21,2014-08-27,20.631275368511,2.917111728263192,11.774193548387096,0,67.32283464566929,17.71416364024781,6,0,3.2
27,2014-08-21,2014-08-28,21.51997436445204,5.20722067934202,13.36359752189703,0.6248664815210532,75.19685039370079,16.312753685110017,7,0,5.5
27,2014-08-21,2014-08-29,20.08438367870113,9.069643238624224,14.577013458662677,0,82.28346456692913,11.014740440076904,8,0,8.7
27,2014-08-21,2014-08-30,24.92095706045717,7.480239265114291,16.20059816278573,0,82.28346456692913,17.440717795342877,9,0,10.6
27,2014-08-21,2014-08-31,22.03268532364879,9.59089938047426,15.811792352061524,7.642597735526607,91.73228346456692,12.44178594317453,10,0,12.6
27,2014-08-21,2014-09-01,26.56163212988677,11.7528305917539,19.157231360820337,37.13492233039338,79.5275590551181,14.80880153813287,11,0,12.9
27,2014-08-21,2014-09-02,27.4161503952147,14.81200598162786,21.11407818842128,4.518265327921398,84.25196850393701,12.60414441358684,12,0,16
27,2014-08-21,2014-09-03,26.76671651356548,14.81200598162786,20.78936124759667,14.72212897122105,79.92125984251969,11.95471053193762,13,0,14.2
27,2014-08-21,2014-09-04,18.27280495620594,12.32535782952361,15.299081392864776,0,79.92125984251969,5.947447126682329,14,0,9.8
27,2014-08-21,2014-09-05,20.03311258278146,11.24011963255715,15.636616107669305,0.3707998901333553,74.80314960629921,8.79299295022431,15,0,9.2
27,2014-08-21,2014-09-06,25.53621021149327,10.76158940397351,18.14889980773339,1.579332865382867,73.22834645669292,14.77462080751976,16,0,11.1
27,2014-08-21,2014-09-07,21.82760093997009,13.79512924588763,17.81136509292886,6.537064729758612,87.79527559055117,8.03247169408246,17,0,14.4
27,2014-08-21,2014-09-08,27.38196966460158,14.06002990813929,20.72099978637043,0,79.5275590551181,13.32193975646229,18,0,14.3
27,2014-08-21,2014-09-09,27.72377697073275,13.71822260200812,20.72099978637043,0,68.50393700787401,14.00555436872463,19,0,13.5
27,2014-08-21,2014-09-10,28.44157231360821,10.59068575090793,19.51612903225807,0,63.38582677165353,17.85088656270028,20,0,11
27,2014-08-21,2014-09-11,30.50950651570177,11.98355052339244,21.246528519547105,0,62.99212598425196,18.525955992309328,21,0,12
27,2014-08-21,2014-09-12,29.48408459730827,15.06836146122623,22.27622302926725,0,72.04724409448819,14.41572313608204,22,0,14.6
27,2014-08-21,2014-09-13,28.61247596667379,13.77803888058107,21.19525742362743,0,70.47244094488188,14.834437086092722,23,0,12.9
27,2014-08-21,2014-09-14,29.3473616748558,13.16278572954497,21.255073702200384,0,62.59842519685039,16.184575945310833,24,0,12.6
27,2014-08-21,2014-09-15,21.58833582567827,13.74385814996796,17.666096987823117,0,74.40944881889763,7.844477675710312,25,0,12.6
27,2014-08-21,2014-09-16,24.64751121555223,8.249305703909421,16.448408459730825,0.08239997558519008,68.89763779527559,16.398205511642807,26,0,9.6
27,2014-08-21,2014-09-17,25.00640888698996,13.00042725913266,19.00341807306131,0,72.44094488188976,12.0059816278573,27,0,11
27,2014-08-21,2014-09-18,21.10980559709464,11.68446913052767,16.397137363811154,0.659199804681549,82.67716535433071,9.425336466566968,28,0,11.5
28,2015-09-09,2015-08-12,25.4849391155736,13.55586413159581,19.520401623584704,0,74.01574803149606,11.92907498397779,-28,0,14
28,2015-09-09,2015-08-13,26.11728263191626,8.69792779320658,17.40760521256142,0,74.80314960629921,17.41935483870968,-27,0,11.7
28,2015-09-09,2015-08-14,24.86968596453749,10.06942960905789,17.46955778679769,0,77.95275590551181,14.8002563554796,-26,0,12.7
28,2015-09-09,2015-08-15,25.690023499252305,9.77034821619312,17.73018585772271,0,72.83464566929133,15.91967528305918,-25,0,11.2
28,2015-09-09,2015-08-16,27.05725272377697,10.13779107028413,18.59752189703055,0,69.29133858267717,16.91946165349284,-24,0,11.1
28,2015-09-09,2015-08-17,26.15146336252937,11.84682760093997,18.99914548173467,0,74.40944881889763,14.3046357615894,-23,0,13.2
28,2015-09-09,2015-08-18,25.895107882931,12.59025849177526,19.24268318735313,4.051332132938626,73.62204724409449,13.304849391155742,-22,0,13.1
28,2015-09-09,2015-08-19,20.61418500320444,11.22302926725059,15.918607135227514,1.744132816553247,75.59055118110236,9.39115573595385,-21,0,10.5
28,2015-09-09,2015-08-20,18.39243751335185,6.574449903866695,12.483443708609272,0,79.92125984251969,11.817987609485156,-20,0,9.2
28,2015-09-09,2015-08-21,20.75090792565691,9.958342234565263,15.354625080111088,0,78.34645669291338,10.792565691091646,-19,0,9.2
28,2015-09-09,2015-08-22,23.28028199102756,9.044007690664388,16.162144840845976,0.7553331095309375,80.31496062992126,14.236274300363174,-18,0,10.9
28,2015-09-09,2015-08-23,17.91390728476821,10.82995086519974,14.371929074983974,4.717398602252274,90.5511811023622,7.083956419568471,-17,0,12
28,2015-09-09,2015-08-24,15.69215979491562,11.45374919888913,13.572954496902376,12.10592974639118,93.30708661417324,4.23841059602649,-16,0,13
28,2015-09-09,2015-08-25,16.65776543473617,11.65883358256783,14.158299508652,6.076998199407939,91.33858267716536,4.99893185216834,-15,0,11.6
28,2015-09-09,2015-08-26,21.75923947874386,13.20551164281136,17.482375560777612,0.6111331522568548,87.00787401574803,8.553727835932502,-14,0,13.4
28,2015-09-09,2015-08-27,21.72505874813074,11.16321298867763,16.444135868404185,19.08932767723624,81.49606299212599,10.561845759453108,-13,0,14.1
28,2015-09-09,2015-08-28,23.82717368083743,6.061738944669942,14.944456312753688,0,72.83464566929133,17.765434736167485,-12,0,8.3
28,2015-09-09,2015-08-29,24.81841486861781,8.932920316171758,16.875667592394784,0,74.80314960629921,15.885494552446051,-11,0,10.6
28,2015-09-09,2015-08-30,29.82589190343943,8.104037598803675,18.964964751121553,0,64.1732283464567,21.721854304635755,-10,0,11.1
28,2015-09-09,2015-08-31,30.16769920957061,8.501388592181158,19.33454390087589,0,64.56692913385827,21.666310617389453,-9,0,12.2
28,2015-09-09,2015-09-01,29.62080751976074,11.27430036317026,20.4475539414655,0,70.07874015748031,18.346507156590476,-8,0,13.3
28,2015-09-09,2015-09-02,16.86284981841487,12.04336680196539,14.45310831019013,2.938932462538531,83.46456692913385,4.819483016449478,-7,0,10.7
28,2015-09-09,2015-09-03,16.65776543473617,12.23136082033754,14.444563127536856,4.827265236365861,94.48818897637796,4.4264046143986295,-6,0,13.6
28,2015-09-09,2015-09-04,20.46037171544542,13.22260200811792,16.841486861781668,7.759331034272293,86.22047244094487,7.237769707327498,-5,0,13
28,2015-09-09,2015-09-05,21.17816705832087,12.02627643665883,16.60222174748985,0.576799829096359,81.1023622047244,9.15189062166204,-4,0,11.5
28,2015-09-09,2015-09-06,18.4949797051912,11.63319803460799,15.064088869899594,0,87.00787401574803,6.861781670583209,-3,0,11.7
28,2015-09-09,2015-09-07,25.98055970946379,10.58214056825465,18.28135013885922,9.537797173986036,84.25196850393701,15.39841914120914,-2,0,14
28,2015-09-09,2015-09-08,18.83678701132237,13.63277077547533,16.23477889339885,34.30585650196844,94.48818897637796,5.2040162358470425,-1,0,14.8
28,2015-09-09,2015-09-09,22.95556505020295,10.96667378765221,16.96111941892758,4.964598529007844,85.43307086614173,11.98889126255074,0,0,11.4
28,2015-09-09,2015-09-10,20.08438367870113,11.48792992950224,15.786156804101685,4.689931943723877,91.73228346456692,8.59645374919889,1,0,14.1
28,2015-09-09,2015-09-11,18.13608203375347,9.855800042725914,13.995941038239692,21.09439374980926,85.8267716535433,8.280281991027557,2,0,13.7
28,2015-09-09,2015-09-12,16.67485580004272,4.472334971160009,10.573595385601363,0,75.59055118110236,12.202520828882712,3,0,6
28,2015-09-09,2015-09-13,19.5204016235847,4.472334971160009,11.996368297372356,0,79.13385826771653,15.04806665242469,4,0,6.6
28,2015-09-09,2015-09-14,20.93890194402906,7.159794915616321,14.04934842982269,0,75.59055118110236,13.77910702841274,5,0,8.7
28,2015-09-09,2015-09-15,25.86092715231788,8.873104037598804,17.367015594958342,0,77.16535433070865,16.987823114719077,6,0,12.7
28,2015-09-09,2015-09-16,30.88549455244606,13.69258705404828,22.28904080324717,0,68.50393700787401,17.19290749839778,7,0,17.1
28,2015-09-09,2015-09-17,30.97094637897885,17.65755180516983,24.31424909207434,0,69.29133858267717,13.31339457380902,8,0,18.3
28,2015-09-09,2015-09-18,32.40653706472976,17.34138004699851,24.873958555864135,1.435132908108756,69.29133858267717,15.065157017731252,9,0,18.7
28,2015-09-09,2015-09-19,30.64622943815424,16.46977141636403,23.558000427259135,2.980132450331126,72.04724409448819,14.17645802179021,10,0,18.8
28,2015-09-09,2015-09-20,28.97137363811152,16.79448835718863,22.882930997650075,0.5081331827753672,73.22834645669292,12.176885280922887,11,0,17
28,2015-09-09,2015-09-21,32.08182012390515,12.87224951933348,22.477034821619316,0,62.20472440944881,19.20957060457167,12,0,16.1
28,2015-09-09,2015-09-22,32.73979918820765,13.28241828669088,23.011108737449263,0,69.29133858267717,19.457380901516768,13,0,14.9
28,2015-09-09,2015-09-23,32.87652211066012,15.15381328775903,24.015167699209577,0,62.20472440944881,17.72270882290109,14,0,15.5
28,2015-09-09,2015-09-24,33.18414868617816,15.68361461226234,24.43388164922025,0,53.14960629921259,17.500534073915823,15,0,13.4
28,2015-09-09,2015-09-25,27.22815637684256,17.43537705618458,22.33176671651357,1.888332773827329,78.74015748031496,9.792779320657978,16,0,17.7
28,2015-09-09,2015-09-26,21.02435377056185,16.26468703268532,18.644520401623584,7.264931180761124,91.33858267716536,4.759666737876529,17,0,18.4
28,2015-09-09,2015-09-27,22.3574022644734,16.56376842555009,19.460585345011744,6.578264717551207,92.51968503937007,5.793633838923309,18,0,18.3
28,2015-09-09,2015-09-28,24.7842341380047,14.41038239692374,19.59730826746422,27.56279183324685,77.16535433070865,10.37385174108096,19,0,14.3
28,2015-09-09,2015-09-29,26.23691518906217,12.43644520401624,19.33668019653921,0,78.34645669291338,13.80046998504593,20,0,13.8
28,2015-09-09,2015-09-30,21.36616107669301,15.64088869899594,18.50352488784448,0.398266548661752,90.5511811023622,5.72527237769707,21,0,16.7
28,2015-09-09,2015-10-01,22.66502883999145,14.17111728263192,18.418073061311684,1.97073274941252,88.58267716535433,8.49391155735953,22,0,15.7
28,2015-09-09,2015-10-02,28.37321085238197,15.99124118778039,22.18222602008118,4.545731986449795,79.5275590551181,12.38196966460158,23,0,17
28,2015-09-09,2015-10-03,22.20358897671438,16.43559068575091,19.319589831232644,17.276528214362,87.79527559055117,5.767998290963469,24,0,17.5
28,2015-09-09,2015-10-04,23.8784447767571,15.56398205511643,19.721213415936766,0.9201330607013176,84.64566929133858,8.31446272164067,25,0,16.4
28,2015-09-09,2015-10-05,22.80175176244392,14.31638538773766,18.55906857509079,0,85.43307086614173,8.485366374706262,26,0,15
28,2015-09-09,2015-10-06,25.33112582781457,12.49626148258919,18.91369365520188,0,81.1023622047244,12.83486434522538,27,0,12.8
28,2015-09-09,2015-10-07,30.50950651570177,13.28241828669088,21.895962401196325,0,74.01574803149606,17.22708822901089,28,0,15.5
29,2015-09-29,2015-09-01,29.80880153813288,13.17133091219825,21.490066225165563,0,56.29921259842519,16.63747062593463,-28,1,12
29,2015-09-29,2015-09-02,20.88763084810938,11.59901730399487,16.243324076052126,0,79.5275590551181,9.288613544114511,-27,1,12.4
29,2015-09-29,2015-09-03,19.48622089297159,11.7955565050203,15.640888698995946,3.501998962370664,85.8267716535433,7.690664387951291,-26,1,14.3
29,2015-09-29,2015-09-04,19.94766075624867,12.4108096560564,16.179235206152534,2.423932615131065,83.85826771653544,7.536851100192269,-25,1,12
29,2015-09-29,2015-09-05,21.87887203588977,11.2999359111301,16.589403973509935,0,74.40944881889763,10.57893612475967,-24,1,10.7
29,2015-09-29,2015-09-06,19.22986541337321,11.57338175603503,15.40162358470412,0,82.67716535433071,7.656483657338182,-23,1,10.9
29,2015-09-29,2015-09-07,25.50202948088015,10.71886349070711,18.11044648579363,1.847132786034734,80.31496062992126,14.78316599017304,-22,1,11.7
29,2015-09-29,2015-09-08,18.05063020722068,13.00897244178594,15.52980132450331,38.31598864711447,94.09448818897636,5.041657765434742,-21,1,13.8
29,2015-09-29,2015-09-09,21.67378765221107,10.88122196111942,16.277504806665245,3.810998870815155,85.03937007874015,10.792565691091651,-20,1,11
29,2015-09-29,2015-09-10,16.17069002349925,11.90664387951292,14.038666951506086,0.9407330545976152,92.51968503937007,4.264046143986331,-19,1,12.7
29,2015-09-29,2015-09-11,16.15359965819269,8.492843409527879,12.323221533860284,3.749198889126262,87.4015748031496,7.660756248664811,-18,1,12.3
29,2015-09-29,2015-09-12,16.93975646229438,2.558214056825465,9.748985259559923,0,66.14173228346456,14.381542405468917,-17,1,2
29,2015-09-29,2015-09-13,19.00769066438795,1.353343302713096,10.180516983550524,0.03433332316049587,61.81102362204724,17.654347361674855,-16,1,2
29,2015-09-29,2015-09-14,20.39201025421918,6.224097415082248,13.308053834650714,0,66.92913385826772,14.167912839136932,-15,1,6.4
29,2015-09-29,2015-09-15,24.39115573595386,9.163640247810296,16.777397991882076,0,71.65354330708661,15.227515488143563,-14,1,10.5
29,2015-09-29,2015-09-16,30.18478957487716,16.23050630207221,23.20764793847469,0,64.56692913385827,13.95428327280495,-13,1,17.3
29,2015-09-29,2015-09-17,30.61204870754112,19.17859431745354,24.895321512497333,0.06866664632099173,62.99212598425196,11.43345439008758,-12,1,17.9
29,2015-09-29,2015-09-18,31.34693441572314,19.452040162358472,25.39948728904081,0,63.38582677165353,11.894894253364669,-11,1,18
29,2015-09-29,2015-09-19,27.91177098910489,17.01666310617389,22.46421704763939,0.1716666158024793,69.68503937007874,10.895107882931,-10,1,17.7
29,2015-09-29,2015-09-20,30.74877162999359,15.26490066225166,23.006836146122627,0.3845332193975537,65.74803149606299,15.48387096774193,-9,1,15.7
29,2015-09-29,2015-09-21,30.61204870754112,14.44456312753685,22.528305917538987,0,58.66141732283464,16.16748558000427,-8,1,15.2
29,2015-09-29,2015-09-22,31.09057893612476,15.95706045716727,23.523819696646015,0,49.21259842519684,15.133518478957493,-7,1,12.8
29,2015-09-29,2015-09-23,31.38111514633625,15.74343089083529,23.56227301858577,0,50.39370078740157,15.63768425550096,-6,1,13
29,2015-09-29,2015-09-24,31.68874172185431,18.97350993377484,25.331125827814574,13.23892941068758,45.2755905511811,12.715231788079471,-5,1,13.5
29,2015-09-29,2015-09-25,25.895107882931,16.48686178167058,21.190984832300792,20.16052735984374,79.5275590551181,9.40824610126042,-4,1,18.1
29,2015-09-29,2015-09-26,19.16150395214698,15.36744285409101,17.264473403118995,40.92532120731224,92.51968503937007,3.7940610980559697,-3,1,17.6
29,2015-09-29,2015-09-27,20.27237769707327,15.66652424695578,17.969450972014524,18.19666127506332,92.91338582677164,4.6058534501174915,-2,1,17.3
29,2015-09-29,2015-09-28,23.63917966246528,13.7267677846614,18.68297372356334,21.98706015198218,76.77165354330708,9.912411877803882,-1,1,11.7
29,2015-09-29,2015-09-29,25.46784875026704,9.958342234565263,17.71309549241615,0,76.77165354330708,15.509506515701776,0,1,11.9
29,2015-09-29,2015-09-30,19.67421491134373,14.20529801324503,16.93975646229438,7.292397839289521,90.94488188976378,5.468916898098698,1,1,15.2
29,2015-09-29,2015-10-01,23.09228797265541,13.29096346934416,18.191625720999784,5.987731559190649,83.46456692913385,9.80132450331125,2,1,14.6
29,2015-09-29,2015-10-02,27.02307199316385,14.76928006836146,20.896176030762653,1.181066316721086,80.70866141732283,12.253791924802387,3,1,16.2
29,2015-09-29,2015-10-03,20.27237769707327,15.25635547959838,17.764366588335825,16.57612842188789,92.1259842519685,5.016022217474891,4,1,16.2
29,2015-09-29,2015-10-04,24.04934842982269,15.44434949797052,19.746848963896603,2.78099917600025,82.28346456692913,8.604998931852169,5,1,15.1
29,2015-09-29,2015-10-05,25.6045716727195,15.05127109591968,20.32792138431959,0.03433332316049587,78.74015748031496,10.553300576799822,6,1,14.5
29,2015-09-29,2015-10-06,25.63875240333262,13.05169835505234,19.34522537919248,0,76.77165354330708,12.58705404828028,7,1,14.5
29,2015-09-29,2015-10-07,28.80046998504593,12.98333689382611,20.89190343943602,0,71.65354330708661,15.81713309121982,8,1,15.6
29,2015-09-29,2015-10-08,28.2364879299295,18.27280495620594,23.25464644306772,2.719199194311358,75.59055118110236,9.96368297372356,9,1,18.7
29,2015-09-29,2015-10-09,21.02435377056185,14.23093356120487,17.627643665883358,23.01705984679708,91.33858267716536,6.793420209356979,10,1,17.7
29,2015-09-29,2015-10-10,22.20358897671438,15.68361461226234,18.94360179448836,58.5039826654866,92.1259842519685,6.519974364452038,11,1,16.9
29,2015-09-29,2015-10-11,18.39243751335185,15.36744285409101,16.87994018372143,24.48652607806633,94.48818897637796,3.024994659260841,12,1,15.9
29,2015-09-29,2015-10-12,16.13650929288614,13.09442426831874,14.61546678060244,25.33799249244666,93.30708661417324,3.042085024567399,13,1,13.2
29,2015-09-29,2015-10-13,19.72548600726341,10.94103823969237,15.33326212347789,1.998199407940916,87.79527559055117,8.78444776757104,14,1,11.6
29,2015-09-29,2015-10-14,28.04849391155736,14.7521897030549,21.40034180730613,0.9063997314371192,78.34645669291338,13.296304208502464,15,1,16.9
29,2015-09-29,2015-10-15,31.2785729544969,17.7942747276223,24.5364238410596,0,64.56692913385827,13.4842982268746,16,1,18.2
29,2015-09-29,2015-10-16,30.21897030549028,17.43537705618458,23.827173680837433,2.719199194311358,75.19685039370079,12.7835932493057,17,1,18.4
29,2015-09-29,2015-10-17,29.80880153813288,17.04229865413373,23.425550096133307,0,79.5275590551181,12.766502883999149,18,1,19
29,2015-09-29,2015-10-18,18.27280495620594,11.82119205298013,15.046998504593034,0,85.8267716535433,6.451612903225808,19,1,15
29,2015-09-29,2015-10-19,25.895107882931,11.3426618243965,18.61888485366375,0,77.55905511811024,14.5524460585345,20,1,14.5
29,2015-09-29,2015-10-20,29.51826532792138,14.57274086733604,22.04550309762871,6.591998046815405,75.98425196850394,14.94552446058534,21,1,17.5
29,2015-09-29,2015-10-21,29.91134372997223,17.52082888271737,23.7160863063448,2.341532639545875,76.77165354330708,12.39051484725486,22,1,19.1
29,2015-09-29,2015-10-22,25.92928861354412,14.67528305917539,20.30228583635975,1.181066316721086,84.64566929133858,11.25400555436873,23,1,18.3
29,2015-09-29,2015-10-23,23.55372783593249,14.29074983977783,18.92223883785516,3.838465529343551,86.22047244094487,9.262977996154662,24,1,17.9
29,2015-09-29,2015-10-24,22.88720358897671,15.07690664387951,18.98205511642811,1.627399517807561,80.31496062992126,7.8102969450972,25,1,15.6
29,2015-09-29,2015-10-25,20.59709463789789,13.11151463362529,16.85430463576159,0.2746665852839669,84.25196850393701,7.485580004272599,26,1,13.7
29,2015-09-29,2015-10-26,20.90472121341594,13.53877376628926,17.2217474898526,3.879665517136146,87.79527559055117,7.365947447126679,27,1,15.6
29,2015-09-29,2015-10-27,22.90429395428327,16.22196111941893,19.5631275368511,0.2815332499160661,90.94488188976378,6.68233283486434,28,1,17.5
30,2015-09-26,2015-08-29,25.79256569109165,12.90643024994659,19.34949797051912,0,62.59842519685039,12.88613544114506,-28,0,10.3
30,2015-09-26,2015-08-30,29.29609057893612,15.10254219183935,22.199316385387736,0,66.53543307086613,14.19354838709677,-27,0,13.7
30,2015-09-26,2015-08-31,32.30399487289041,16.49540696432386,24.39970091860713,0,61.41732283464566,15.808587908566547,-26,0,14.9
30,2015-09-26,2015-09-01,26.28818628498184,11.5050202948088,18.89660328989532,0,83.46456692913385,14.78316599017304,-25,0,13.9
30,2015-09-26,2015-09-02,23.29737235633412,10.70177312540056,16.99957274086734,16.15039521469771,81.88976377952756,12.595599230933558,-24,0,9.5
30,2015-09-26,2015-09-03,21.79342020935697,12.49626148258919,17.14484084597308,0.09613330484938842,85.43307086614173,9.29715872676778,-23,0,11.4
30,2015-09-26,2015-09-04,20.80217902157658,11.10339671010468,15.95278786584063,0,81.1023622047244,9.6987823114719,-22,0,9.6
30,2015-09-26,2015-09-05,20.28946806237983,10.10361033967101,15.19653920102542,0.04119998779259504,81.49606299212599,10.18585772270882,-21,0,9.3
30,2015-09-26,2015-09-06,19.79384746848964,9.907071138645588,14.850459303567614,0,82.67716535433071,9.886776329844054,-20,0,8.1
30,2015-09-26,2015-09-07,25.29694509720145,8.501388592181158,16.899166844691305,0.04119998779259504,74.40944881889763,16.795556505020294,-19,0,7.8
30,2015-09-26,2015-09-08,23.29737235633412,12.90643024994659,18.101901303140355,2.513199255348383,82.67716535433071,10.390942106387527,-18,0,12.8
30,2015-09-26,2015-09-09,24.80132450331126,11.30848109378338,18.05490279854732,0,71.25984251968504,13.49284340952788,-17,0,10.4
30,2015-09-26,2015-09-10,24.80132450331126,13.701132236701561,19.25122837000641,0,83.85826771653544,11.1001922666097,-16,0,13.8
30,2015-09-26,2015-09-11,16.29886776329844,7.903225806451613,12.101046784875026,15.40879543443097,70.47244094488188,8.395641956846827,-15,0,4.3
30,2015-09-26,2015-09-12,17.29865413373211,2.105319376201667,9.701986754966889,0,58.66141732283464,15.193334757530444,-14,0,0.1
30,2015-09-26,2015-09-13,21.79342020935697,5.309762871181372,13.551591540269172,0,54.33070866141732,16.483657338175597,-13,0,2.5
30,2015-09-26,2015-09-14,24.2886135441145,8.104037598803675,16.196325571459088,0,49.99999999999999,16.184575945310826,-12,0,4.3
30,2015-09-26,2015-09-15,28.28775902584918,9.907071138645588,19.097415082247384,0,62.99212598425196,18.380687887203592,-11,0,10.2
30,2015-09-26,2015-09-16,33.32087160863064,16.29886776329844,24.80986968596454,0,71.65354330708661,17.0220038453322,-10,0,17.7
30,2015-09-26,2015-09-17,28.28775902584918,14.90600299081393,21.59688100833155,3.865932187871948,87.00787401574803,13.38175603503525,-9,0,17.1
30,2015-09-26,2015-09-18,22.28904080324717,16.29886776329844,19.293954283272804,4.861598559526357,91.33858267716536,5.990173039948729,-8,0,15.6
30,2015-09-26,2015-09-19,19.79384746848964,15.50416577654347,17.649006622516556,2.471999267555759,95.66929133858268,4.289681691946171,-7,0,16.5
30,2015-09-26,2015-09-20,20.28946806237983,18.2898953215125,19.289681691946164,47.16025269325846,93.7007874015748,1.999572740867329,-6,0,18.5
30,2015-09-26,2015-09-21,29.29609057893612,16.70049134800256,22.99829096346934,45.67705313272498,81.49606299212599,12.595599230933558,-5,0,18
30,2015-09-26,2015-09-22,25.29694509720145,18.10190130314036,21.699423200170905,0.06866664632099173,76.77165354330708,7.1950437940610925,-4,0,17.8
30,2015-09-26,2015-09-23,31.79128391369365,20.80217902157658,26.296731467635116,3.60499893185218,64.96062992125984,10.98910489211707,-3,0,17.2
30,2015-09-26,2015-09-24,31.29566331980346,20.49455244605853,25.895107882930994,5.637531662953592,68.50393700787401,10.801110873744928,-2,0,18
30,2015-09-26,2015-09-25,25.79256569109165,16.90557573168126,21.349070711386453,1.373332926419863,86.22047244094487,8.88698995941039,-1,0,15.5
30,2015-09-26,2015-09-26,17.29865413373211,14.30784020508438,15.803247169408245,0.03433332316049587,94.09448818897636,2.9908139286477304,0,0,14.1
30,2015-09-26,2015-09-27,20.80217902157658,14.70091860713523,17.751548814355907,7.340464491714215,87.79527559055117,6.1012604144413505,1,0,13
30,2015-09-26,2015-09-28,23.79299295022431,10.49668874172185,17.14484084597308,0.157933286538281,75.19685039370079,13.29630420850246,2,0,10.5
30,2015-09-26,2015-09-29,27.79213843195898,12.10318308053835,19.947660756248663,0,65.35433070866142,15.688955351420628,3,0,11.3
30,2015-09-26,2015-09-30,26.80089724417859,13.30805383465072,20.054475539414653,0,71.25984251968504,13.49284340952787,4,0,12.4
30,2015-09-26,2015-10-01,29.79171117282632,13.10296945097202,21.447340311899172,0,78.34645669291338,16.6887417218543,5,0,14.5
30,2015-09-26,2015-10-02,23.50245674001282,17.11066011535997,20.306558427686397,0,85.43307086614173,6.3917966246528515,6,0,17.4
30,2015-09-26,2015-10-03,19.29822687459944,11.5050202948088,15.40162358470412,26.71132541886655,83.07086614173228,7.79320657979064,7,0,10.8
30,2015-09-26,2015-10-04,22.28904080324717,7.505874813074129,14.897457808160649,0,69.68503937007874,14.78316599017304,8,0,7
30,2015-09-26,2015-10-05,27.29651783806879,9.308908352916044,18.302713095492415,0,61.41732283464566,17.987609485152745,9,0,9.2
30,2015-09-26,2015-10-06,32.80816064943388,17.70882290108951,25.258491775261696,0,70.47244094488188,15.099337748344372,10,0,16.8
30,2015-09-26,2015-10-07,24.2886135441145,17.70882290108951,20.998718222602005,0.1304666280098843,85.43307086614173,6.579790643024992,11,0,19
30,2015-09-26,2015-10-08,20.80217902157658,16.49540696432386,18.64879299295022,15.28519547105319,90.94488188976378,4.306772057252722,12,0,20
30,2015-09-26,2015-10-09,17.7942747276223,14.70091860713523,16.247596667378765,67.95251319925535,96.45669291338582,3.093356120487071,13,0,17
30,2015-09-26,2015-10-10,19.29822687459944,12.90643024994659,16.102328562273016,36.53065584276862,92.51968503937007,6.39179662465285,14,0,12.1
30,2015-09-26,2015-10-11,17.29865413373211,12.70134586626789,15,4.58693197424239,95.2755905511811,4.597308267464221,15,0,12.9
30,2015-09-26,2015-10-12,17.7942747276223,12.49626148258919,15.145268105105746,2.526932584612581,90.5511811023622,5.298013245033111,16,0,11.1
30,2015-09-26,2015-10-13,24.2886135441145,10.70177312540056,17.49519333475753,6.042664876247443,78.74015748031496,13.58684041871394,17,0,10.2
30,2015-09-26,2015-10-14,31.79128391369365,16.70049134800256,24.245887630848102,0.1373332926419835,77.55905511811024,15.090792565691087,18,0,16.6
30,2015-09-26,2015-10-15,26.80089724417859,17.29865413373211,22.04977568895535,4.195532090212708,76.77165354330708,9.50224311044648,19,0,19.5
30,2015-09-26,2015-10-16,22.28904080324717,14.30784020508438,18.298440504165775,10.62273018585773,75.98425196850394,7.981200598162788,20,0,13.2
30,2015-09-26,2015-10-17,18.2898953215125,11.70155949583422,14.99572740867336,3.412732322153374,76.37795275590551,6.58833582567828,21,0,9.4
30,2015-09-26,2015-10-18,24.80132450331126,7.706686605426191,16.254005554368725,0,68.89763779527559,17.094637897885068,22,0,7.9
30,2015-09-26,2015-10-19,32.80816064943388,13.701132236701561,23.25464644306772,0,73.22834645669292,19.10702841273232,23,0,16.1
30,2015-09-26,2015-10-20,34.31211279641102,23.29737235633412,28.80474257637257,0,66.14173228346456,11.014740440076904,24,0,20.6
30,2015-09-26,2015-10-21,27.79213843195898,17.70882290108951,22.750480666524243,2.69859920041506,85.43307086614173,10.08331553086947,25,0,20.5
30,2015-09-26,2015-10-22,24.2886135441145,16.29886776329844,20.29374065370647,17.96319467757195,88.58267716535433,7.989745780816062,26,0,17.3
30,2015-09-26,2015-10-23,25.79256569109165,15.50416577654347,20.64836573381756,0,75.59055118110236,10.28839991454818,27,0,14.3
30,2015-09-26,2015-10-24,27.79213843195898,12.10318308053835,19.947660756248663,0,68.89763779527559,15.688955351420628,28,0,12.1
31,2015-10-01,2015-09-03,23.91262550737022,11.7101046784875,17.81136509292886,1.387066255684061,83.85826771653544,12.20252082888272,-28,1,12
31,2015-10-01,2015-09-04,19.99893185216834,10.41123691518906,15.2050843836787,0.04806665242469421,77.95275590551181,9.58769493697928,-27,1,9.7
31,2015-10-01,2015-09-05,19.1956846827601,9.505447553941464,14.350566118350782,0,81.1023622047244,9.690237128818634,-26,1,9.9
31,2015-10-01,2015-09-06,18.7000640888699,10.50523392437513,14.602649006622515,0,78.34645669291338,8.194830164494771,-25,1,8.6
31,2015-10-01,2015-09-07,23.70754112369152,5.412305063020723,14.559923093356122,5.218665120395514,71.25984251968504,18.295236060670796,-24,1,7.6
31,2015-10-01,2015-09-08,20.99017303994873,13.30805383465072,17.149113437299725,3.405865657521275,85.8267716535433,7.68211920529801,-23,1,14.3
31,2015-10-01,2015-09-09,22.10104678487503,8.80474257637257,15.4528946806238,0.3021332438123636,71.65354330708661,13.29630420850246,-22,1,10.3
31,2015-10-01,2015-09-10,23.81008331553087,11.90664387951292,17.858363597521894,2.925199133274333,79.92125984251969,11.903439436017951,-21,1,12.8
31,2015-10-01,2015-09-11,13.21405682546464,7.809228797265542,10.51164281136509,6.619464705343802,74.80314960629921,5.404828028199098,-20,1,6.2
31,2015-10-01,2015-09-12,14.21384319589831,-0.09079256569109084,7.0615253151036095,0,55.51181102362204,14.3046357615894,-19,1,0.2
31,2015-10-01,2015-09-13,17.999359111301,3.207647938474684,10.603503524887842,0,49.21259842519684,14.791711172826316,-18,1,2
31,2015-10-01,2015-09-14,20.99017303994873,5.309762871181372,13.14996795556505,0,48.4251968503937,15.680410168767358,-17,1,4.2
31,2015-10-01,2015-09-15,26.1001922666097,9.710531937620168,17.905362102114935,0,63.7795275590551,16.38966032898953,-16,1,10
31,2015-10-01,2015-09-16,31.00512710959197,17.60628070925016,24.305703909421062,9.42106387524032,69.68503937007874,13.39884640034181,-15,1,16.7
31,2015-10-01,2015-09-17,29.50117496261483,15.9057893612476,22.703482161931213,19.59746086001161,84.25196850393701,13.59538560136723,-14,1,17.3
31,2015-10-01,2015-09-18,26.90343943601794,16.1108737449263,21.50715659047212,16.31519516586809,89.76377952755905,10.79256569109164,-13,1,16.7
31,2015-10-01,2015-09-19,20.20401623584704,15.50416577654347,17.854091006195254,10.26566362498855,94.48818897637796,4.699850459303569,-12,1,17.6
31,2015-10-01,2015-09-20,20.40910061952574,16.81157872249519,18.610339671010465,33.67412335581531,92.91338582677164,3.59752189703055,-11,1,18.2
31,2015-10-01,2015-09-21,28.49284340952788,16.1108737449263,22.30185857722709,18.11426129947813,77.55905511811024,12.381969664601575,-10,1,17.2
31,2015-10-01,2015-09-22,25.50202948088015,18.7000640888699,22.101046784875024,0,75.19685039370079,6.801965392010249,-9,1,16.4
31,2015-10-01,2015-09-23,31.39820551164281,18.10190130314036,24.750053407391583,0,59.84251968503936,13.296304208502452,-8,1,16.8
31,2015-10-01,2015-09-24,30.81713309121982,19.8109378337962,25.31403546250801,3.083132419812614,63.38582677165353,11.00619525742362,-7,1,16.5
31,2015-10-01,2015-09-25,23.39991454817347,16.49540696432386,19.947660756248663,7.031464583269752,84.25196850393701,6.904507583849611,-6,1,16.8
31,2015-10-01,2015-09-26,19.00769066438795,14.11130100405896,16.559495834223455,17.71599475081638,92.91338582677164,4.896389660328991,-5,1,14.3
31,2015-10-01,2015-09-27,17.81136509292886,14.00875881221961,15.910061952574235,21.30039368877223,93.30708661417324,3.8026062807092504,-4,1,14.2
31,2015-10-01,2015-09-28,20.49455244605853,11.30848109378338,15.901516769920956,4.003265480513932,74.40944881889763,9.186071352275151,-3,1,10.4
31,2015-10-01,2015-09-29,25.91219824823756,9.308908352916044,17.6105533005768,1.15359965819269,59.05511811023622,16.603289895321517,-2,1,10.4
31,2015-10-01,2015-09-30,26.3052766502884,12.90643024994659,19.605853450117493,0,68.50393700787401,13.398846400341808,-1,1,12.1
31,2015-10-01,2015-10-01,27.0059816278573,13.50459303567614,20.25528733176672,0,74.80314960629921,13.50138859218116,0,1,14.1
31,2015-10-01,2015-10-02,23.31446272164067,15.80324716940825,19.55885494552446,11.9823297830134,87.79527559055117,7.51121555223242,1,1,16.4
31,2015-10-01,2015-10-03,17.40974150822474,13.00897244178594,15.20935697500534,14.14532914212469,89.76377952755905,4.4007690664388015,2,1,13.4
31,2015-10-01,2015-10-04,21.99850459303568,7.706686605426191,14.852595599230936,14.48866237372965,68.11023622047244,14.291817987609488,3,1,8.2
31,2015-10-01,2015-10-05,26.61290322580645,8.509933774834437,17.561418500320443,0,58.26771653543306,18.10296945097201,4,1,9.1
31,2015-10-01,2015-10-06,27.19397564622944,14.90600299081393,21.04998931852169,0,72.44094488188976,12.28797265541551,5,1,15.6
31,2015-10-01,2015-10-07,23.60499893185217,17.11066011535997,20.35782952360607,0,80.70866141732283,6.494338816492199,6,1,17.2
31,2015-10-01,2015-10-08,20.61418500320444,16.1108737449263,18.36252937406537,30.46052430799278,90.5511811023622,4.5033112582781385,7,1,18.9
31,2015-10-01,2015-10-09,16.20487075411237,14.70946378978851,15.45716727195044,58.22931608020264,95.2755905511811,1.4954069643238608,8,1,17
31,2015-10-01,2015-10-10,18.81969664601581,13.11151463362529,15.96560563982055,26.0795922727134,91.33858267716536,5.70818201239052,9,1,12.9
31,2015-10-01,2015-10-11,20.99017303994873,14.90600299081393,17.94808801538133,5.16373180333872,91.73228346456692,6.0841700491348,10,1,13.7
31,2015-10-01,2015-10-12,18.20444349497971,12.70989104892117,15.45716727195044,3.357799005096581,91.73228346456692,5.49455244605854,11,1,11.8
31,2015-10-01,2015-10-13,22.69920957060457,8.304849391155736,15.502029480880154,2.21793267616809,81.1023622047244,14.394360179448832,12,1,10.4
31,2015-10-01,2015-10-14,28.30484939115573,15.30762657551805,21.806237983336892,2.623065889461969,77.95275590551181,12.99722281563768,13,1,16.4
31,2015-10-01,2015-10-15,27.19397564622944,16.1108737449263,21.65242469557787,13.38999603259376,78.34645669291338,11.083101901303138,14,1,19
31,2015-10-01,2015-10-16,23.19483016449477,15.4101687673574,19.302499465926086,13.38312936796166,83.46456692913385,7.784661397137372,15,1,16.3
31,2015-10-01,2015-10-17,16.20487075411237,10.21469771416364,13.209784234138006,1.620532853175462,79.13385826771653,5.990173039948731,16,1,10.1
31,2015-10-01,2015-10-18,24.40824610126042,6.907712027344585,15.657979064302502,0,72.83464566929133,17.500534073915837,17,1,9.3
31,2015-10-01,2015-10-19,28.69792779320658,13.30805383465072,21.00299081392865,0,74.40944881889763,15.389873958555862,18,1,15.2
31,2015-10-01,2015-10-20,32.80816064943388,17.70882290108951,25.258491775261696,7.766197698904392,66.53543307086613,15.099337748344372,19,1,19
31,2015-10-01,2015-10-21,30.20187994018372,18.81969664601581,24.510788293099765,18.07306131168554,84.64566929133858,11.382183294167907,20,1,19.8
31,2015-10-01,2015-10-22,21.99850459303568,15.4101687673574,18.70433668019654,21.94586016418958,90.94488188976378,6.58833582567828,21,1,18.3
31,2015-10-01,2015-10-23,24.49369792779321,15.50416577654347,19.99893185216834,0.02746665852839669,77.16535433070865,8.98953215124974,22,1,14.4
31,2015-10-01,2015-10-24,26.40781884212775,12.11172826319163,19.259773552659688,1.922666096987825,70.07874015748031,14.29609057893612,23,1,12.7
31,2015-10-01,2015-10-25,18.61461226233711,12.30826746421705,15.46143986327708,4.758598590044869,87.4015748031496,6.306344798120062,24,1,13.8
31,2015-10-01,2015-10-26,21.19525742362743,13.60713522751549,17.401196325571462,5.843531601916567,90.15748031496062,7.588122196111941,25,1,15.9
31,2015-10-01,2015-10-27,27.80922879726554,17.40974150822474,22.60948515274514,0.3707998901333553,85.03937007874015,10.3994872890408,26,1,18.1
31,2015-10-01,2015-10-28,30.20187994018372,16.49540696432386,23.34864345225379,0,75.59055118110236,13.70647297585986,27,1,16.3
31,2015-10-01,2015-10-29,30.40696432386243,16.81157872249519,23.609271523178812,0,62.99212598425196,13.595385601367235,28,1,16.1
32,2016-09-28,2016-08-31,19.79384746848964,12.30826746421705,16.051057466353345,7.354197820978413,92.1259842519685,7.485580004272592,-28,0,12.2
32,2016-09-28,2016-09-01,20.28946806237983,11.10339671010468,15.696432386242254,1.785332804345842,87.00787401574803,9.186071352275148,-27,0,11.2
32,2016-09-28,2016-09-02,20.80217902157658,12.49626148258919,16.649220252082884,0.1716666158024793,86.61417322834646,8.30591753898739,-26,0,11.4
32,2016-09-28,2016-09-03,13.30805383465072,11.30848109378338,12.30826746421705,0,94.48818897637796,1.9995727408673396,-25,0,10.3
32,2016-09-28,2016-09-04,15.50416577654347,10.80431531723991,13.154240546891687,6.042664876247443,94.09448818897636,4.69985045930356,-24,0,11.1
32,2016-09-28,2016-09-05,16.29886776329844,11.5050202948088,13.90194402905362,6.241798150578319,96.06299212598424,4.7938474684896395,-23,0,12.9
32,2016-09-28,2016-09-06,11.80410168767357,7.108523819696646,9.456312753685108,19.4326609088412,86.61417322834646,4.695577867976925,-22,0,6.1
32,2016-09-28,2016-09-07,15.80324716940825,7.305063020722068,11.55415509506516,2.149266029847098,75.98425196850394,8.498184148686182,-21,0,4.9
32,2016-09-28,2016-09-08,18.2898953215125,10.70177312540056,14.49583422345653,0,77.55905511811024,7.588122196111939,-20,0,8.6
32,2016-09-28,2016-09-09,24.2886135441145,8.70647297585986,16.497543259987182,0,72.04724409448819,15.58214056825464,-19,0,9.3
32,2016-09-28,2016-09-10,28.28775902584918,11.90664387951292,20.09720145268105,0,65.35433070866142,16.38111514633626,-18,0,11.8
32,2016-09-28,2016-09-11,27.98013245033113,11.43665883358257,19.708395641956848,0,62.99212598425196,16.54347361674856,-17,0,12.9
32,2016-09-28,2016-09-12,30.28733176671651,16.29886776329844,23.293099765007476,0,65.74803149606299,13.98846400341807,-16,0,15.5
32,2016-09-28,2016-09-13,26.80089724417859,12.70134586626789,19.75112155522324,8.638264107181016,69.68503937007874,14.0995513779107,-15,0,13
32,2016-09-28,2016-09-14,18.80260628070925,7.505874813074129,13.154240546891687,3.9483321634571382,70.86614173228347,11.29673146763512,-14,0,5.7
32,2016-09-28,2016-09-15,20.28946806237983,6.506088442640461,13.397778252510143,0,74.80314960629921,13.783379619739367,-13,0,6.4
32,2016-09-28,2016-09-16,24.80132450331126,7.706686605426191,16.254005554368725,0,66.92913385826772,17.094637897885068,-12,0,8.4
32,2016-09-28,2016-09-17,29.29609057893612,12.30826746421705,20.802179021576585,0,63.7795275590551,16.98782311471907,-11,0,12.6
32,2016-09-28,2016-09-18,23.79299295022431,15.19653920102542,19.494766075624867,2.204199346903891,77.16535433070865,8.59645374919889,-10,0,15.9
32,2016-09-28,2016-09-19,20.28946806237983,11.90664387951292,16.098055970946376,2.801599169896548,75.19685039370079,8.382824182866909,-9,0,9.7
32,2016-09-28,2016-09-20,20.80217902157658,7.706686605426191,14.254432813501388,0,72.83464566929133,13.095492416150387,-8,0,7
32,2016-09-28,2016-09-21,25.29694509720145,9.103823969237345,17.2003845332194,0,69.29133858267717,16.19312112796411,-7,0,9.7
32,2016-09-28,2016-09-22,25.79256569109165,11.10339671010468,18.447981200598164,0,62.20472440944881,14.689168980986969,-6,0,10.5
32,2016-09-28,2016-09-23,26.80089724417859,13.10296945097202,19.951933347575302,0,62.99212598425196,13.697927793206569,-5,0,11.3
32,2016-09-28,2016-09-24,18.80260628070925,9.505447553941464,14.154026917325355,0,75.59055118110236,9.297158726767783,-4,0,9.1
32,2016-09-28,2016-09-25,19.99893185216834,4.831232642597735,12.415082247383037,0.357066560869157,66.53543307086613,15.167699209570603,-3,0,6.6
32,2016-09-28,2016-09-26,25.79256569109165,6.706900234992522,16.249732963042085,0,62.20472440944881,19.08566545609913,-2,0,7.8
32,2016-09-28,2016-09-27,27.79213843195898,8.90728476821192,18.34971160008545,0,53.14960629921259,18.88485366374706,-1,0,8.5
32,2016-09-28,2016-09-28,31.29566331980346,12.49626148258919,21.895962401196325,0,50.78740157480314,18.79940183721427,0,0,10.7
32,2016-09-28,2016-09-29,21.29779961546678,11.70155949583422,16.4996795556505,0,60.62992125984251,9.59624011963256,1,0,9.5
32,2016-09-28,2016-09-30,22.80175176244392,7.706686605426191,15.254219183935056,0,70.86614173228347,15.095065157017729,2,0,7.8
32,2016-09-28,2016-10-01,26.28818628498184,10.10361033967101,18.195898312326424,0,68.11023622047244,16.184575945310833,3,0,10.1
32,2016-09-28,2016-10-02,25.895107882931,10.91540269173253,18.40525528733177,0,66.53543307086613,14.979705191198471,4,0,11.8
32,2016-09-28,2016-10-03,27.29651783806879,17.70882290108951,22.50267036957915,0,66.14173228346456,9.587694936979284,5,0,12.4
32,2016-09-28,2016-10-04,27.79213843195898,12.70134586626789,20.24674214911343,0,72.04724409448819,15.090792565691087,6,0,12.7
32,2016-09-28,2016-10-05,25.29694509720145,13.90621662038026,19.601580858790857,0,81.49606299212599,11.390728476821192,7,0,13.4
32,2016-09-28,2016-10-06,19.79384746848964,12.90643024994659,16.350138859218116,18.75972777489548,86.61417322834646,6.887417218543051,8,0,11.9
32,2016-09-28,2016-10-07,24.80132450331126,10.70177312540056,17.75154881435591,0.3501998962370578,74.40944881889763,14.0995513779107,9,0,10.8
32,2016-09-28,2016-10-08,23.29737235633412,13.30805383465072,18.302713095492415,0,66.14173228346456,9.9893185216834,10,0,10
32,2016-09-28,2016-10-09,22.49412518692587,5.933561204870754,14.213843195898312,0,51.18110236220472,16.560563982055115,11,0,5.4
32,2016-09-28,2016-10-10,27.29651783806879,16.1108737449263,21.703695791497545,0,55.51181102362204,11.18564409314249,12,0,9
32,2016-09-28,2016-10-11,28.28775902584918,15.10254219183935,21.695150608844266,0.3501998962370578,66.92913385826772,13.18521683400983,13,0,13.9
32,2016-09-28,2016-10-12,21.29779961546678,17.11066011535997,19.204229865413375,3.51573229163489,83.07086614173228,4.1871395001068095,14,0,16
32,2016-09-28,2016-10-13,27.29651783806879,15.7007049775689,21.49861140781885,22.5913266396069,80.70866141732283,11.59581286049989,15,0,16.8
32,2016-09-28,2016-10-14,29.79171117282632,16.70049134800256,23.24610126041444,2.169866023743396,74.01574803149606,13.09121982482376,16,0,18
32,2016-09-28,2016-10-15,25.79256569109165,18.10190130314036,21.947233497116,0,85.43307086614173,7.690664387951291,17,0,18.5
32,2016-09-28,2016-10-16,32.18436231574449,18.2898953215125,25.23712881862849,14.15906247138889,81.88976377952756,13.894466994231989,18,0,20.6
32,2016-09-28,2016-10-17,23.29737235633412,17.91390728476821,20.605639820551165,15.82079531235695,88.18897637795276,5.383465071565908,19,0,20.4
32,2016-09-28,2016-10-18,19.79384746848964,16.90557573168126,18.34971160008545,75.42344431897945,94.09448818897636,2.888271736808381,20,0,20.5
32,2016-09-28,2016-10-19,24.2886135441145,18.2898953215125,21.2892544328135,80.91677602465896,93.7007874015748,5.998718222602001,21,0,21.1
32,2016-09-28,2016-10-20,25.29694509720145,15.7007049775689,20.498825037385178,23.38785973693044,82.28346456692913,9.59624011963255,22,0,15.4
32,2016-09-28,2016-10-21,22.80175176244392,12.90643024994659,17.854091006195254,0.04806665242469421,76.77165354330708,9.89532151249733,23,0,10.8
32,2016-09-28,2016-10-22,27.29651783806879,11.10339671010468,19.199957274086735,0,72.04724409448819,16.193121127964112,24,0,11.6
32,2016-09-28,2016-10-23,30.68041016876736,15.7007049775689,23.190557573168128,0,76.77165354330708,14.97970519119846,25,0,17.3
32,2016-09-28,2016-10-24,32.30399487289041,18.7000640888699,25.502029480880154,2.856532486953341,78.34645669291338,13.603930784020504,26,0,19.7
32,2016-09-28,2016-10-25,25.29694509720145,18.10190130314036,21.699423200170905,40.1837214270455,85.03937007874015,7.1950437940610925,27,0,19.5
32,2016-09-28,2016-10-26,23.79299295022431,17.91390728476821,20.85345011749626,10.04593035676137,91.33858267716536,5.879085665456099,28,0,18.7
33,2016-06-02,2016-05-05,27.84340952787866,16.22196111941893,22.032685323648792,0,72.83464566929133,11.621448408459733,-28,1,14.2
33,2016-06-02,2016-05-06,21.57124546037171,17.40974150822474,19.490493484298227,0,81.49606299212599,4.161503952146969,-27,1,15.3
33,2016-06-02,2016-05-07,22.27195043794061,17.45246742149114,19.862208929715877,2.162999359111296,88.18897637795276,4.819483016449471,-26,1,16.6
33,2016-06-02,2016-05-08,19.5204016235847,17.45246742149114,18.48643452253792,20.7373271889401,92.51968503937007,2.0679342020935607,-25,1,17.6
33,2016-06-02,2016-05-09,23.29737235633412,16.29886776329844,19.798120059816277,49.90691854609821,91.73228346456692,6.99850459303568,-24,1,17.6
33,2016-06-02,2016-05-10,20.85345011749626,16.26468703268532,18.55906857509079,30.3506576738792,92.1259842519685,4.588763084810939,-23,1,17.7
33,2016-06-02,2016-05-11,23.4682760093997,16.23050630207221,19.849391155735955,0,89.37007874015748,7.237769707327487,-22,1,17.6
33,2016-06-02,2016-05-12,25.82674642170476,17.26447340311899,21.545609912411877,0.09613330484938842,83.85826771653544,8.56227301858577,-21,1,17.4
33,2016-06-02,2016-05-13,26.80089724417859,16.28177739799188,21.541337321085237,0,77.95275590551181,10.519119846186708,-20,1,15
33,2016-06-02,2016-05-14,25.62166203802606,13.33368938261055,19.477675710318305,0,75.19685039370079,12.28797265541551,-19,1,14.1
33,2016-06-02,2016-05-15,28.83465071565904,15.05127109591968,21.94296090578936,0,74.40944881889763,13.783379619739362,-18,1,15.6
33,2016-06-02,2016-05-16,25.05767998290963,18.05063020722068,21.554155095065155,7.992797631763665,83.85826771653544,7.007049775688948,-17,1,18.3
33,2016-06-02,2016-05-17,25.34821619312113,12.23136082033754,18.789788506729337,0,76.37795275590551,13.116855372783588,-16,1,11.6
33,2016-06-02,2016-05-18,17.48664815210425,12.25699636829737,14.871822260200812,9.8261970885342,91.73228346456692,5.229651783806881,-15,1,12.4
33,2016-06-02,2016-05-19,19.64003418073061,12.72698141422773,16.18350779747917,7.773064363536491,91.33858267716536,6.913052766502879,-14,1,14
33,2016-06-02,2016-05-20,25.86092715231788,15.06836146122623,20.464644306772055,0,81.1023622047244,10.792565691091651,-13,1,15.3
33,2016-06-02,2016-05-21,22.87011322367016,17.07647938474685,19.973296304208503,3.810998870815155,92.1259842519685,5.793633838923309,-12,1,18.5
33,2016-06-02,2016-05-22,21.41743217261269,14.85473189489425,18.136082033753468,0.2540665913876694,95.2755905511811,6.562700277718438,-11,1,16.6
33,2016-06-02,2016-05-23,20.80217902157658,11.41956846827601,16.110873744926295,15.06546220282601,75.19685039370079,9.382610553300571,-10,1,10.2
33,2016-06-02,2016-05-24,20.631275368511,8.847468489638967,14.739371929074984,0,76.37795275590551,11.783806878872037,-9,1,8.3
33,2016-06-02,2016-05-25,24.61333048493912,10.50523392437513,17.559282204657123,0,75.98425196850394,14.10809656056399,-8,1,11.6
33,2016-06-02,2016-05-26,26.62999359111301,13.29950865199744,19.964751121555224,0,77.95275590551181,13.33048493911557,-7,1,14.1
33,2016-06-02,2016-05-27,23.41700491348003,15.28199102755821,19.34949797051912,1.31839960936307,87.4015748031496,8.135013885921822,-6,1,15.6
33,2016-06-02,2016-05-28,24.64751121555223,15.63234351634266,20.139927365947443,8.45286416211431,85.8267716535433,9.015167699209568,-5,1,15.2
33,2016-06-02,2016-05-29,19.87929929502243,15.8630634479812,17.871181371501816,40.43092135380107,90.5511811023622,4.016235847041232,-4,1,15.7
33,2016-06-02,2016-05-30,17.67464217047639,15.84597308267464,16.760307626575514,27.24692526017029,95.66929133858268,1.8286690878017495,-3,1,16.5
33,2016-06-02,2016-05-31,19.70839564195685,16.24759666737877,17.97799615466781,11.64586321604054,94.09448818897636,3.4607989745780827,-2,1,16.8
33,2016-06-02,2016-06-01,21.65669728690451,17.45246742149114,19.554582354197827,7.498397778252496,94.88188976377953,4.204229865413371,-1,1,16.5
33,2016-06-02,2016-06-02,24.73296304208503,14.24802392651143,19.490493484298227,13.89126255073703,82.67716535433071,10.4849391155736,0,1,15.6
33,2016-06-02,2016-06-03,21.58833582567827,13.23969237342448,17.414014099551377,0,85.43307086614173,8.348643452253791,1,1,13.2
33,2016-06-02,2016-06-04,17.81136509292886,13.63277077547533,15.722067934202094,0,94.48818897637796,4.1785943174535305,2,1,15.2
33,2016-06-02,2016-06-05,20.85345011749626,14.90600299081393,17.879726554155095,54.10931730094302,96.45669291338582,5.947447126682329,3,1,18.9
33,2016-06-02,2016-06-06,20.25528733176672,14.47019867549669,17.362743003631707,13.18399609363078,94.09448818897636,5.78508865627003,4,1,18.3
33,2016-06-02,2016-06-07,22.57957701345866,13.23969237342448,17.90963469344157,19.76226081118199,74.80314960629921,9.33988464003418,5,1,12.1
33,2016-06-02,2016-06-08,20.76799829096347,7.467421491134373,14.11770989104892,0,65.35433070866142,13.300576799829097,6,1,6.5
33,2016-06-02,2016-06-09,20.59709463789789,6.249732963042085,13.423413800469987,0,62.59842519685039,14.347361674855804,7,1,5.1
33,2016-06-02,2016-06-10,21.57124546037171,6.301004058961761,13.936124759666736,0,59.05511811023622,15.27024140140995,8,1,6
33,2016-06-02,2016-06-11,19.17859431745354,5.839564195684682,12.509079256569112,0,55.90551181102362,13.33903012176886,9,1,3.5
33,2016-06-02,2016-06-12,19.6058534501175,3.626361888485366,11.616107669301432,0,53.93700787401574,15.979491561632134,10,1,2.6
33,2016-06-02,2016-06-13,19.86220892971587,3.506729331339457,11.684469130527663,0,51.57480314960629,16.355479598376412,11,1,3
33,2016-06-02,2016-06-14,22.6479384746849,9.616534928434096,16.1322367015595,0,67.71653543307086,13.031403546250804,12,1,7.8
33,2016-06-02,2016-06-15,25.87801751762444,9.975432599871825,17.926725058748133,0,68.89763779527559,15.902584917752616,13,1,11.3
33,2016-06-02,2016-06-16,27.05725272377697,12.68425550096133,19.87075411236915,0,73.22834645669292,14.37299722281564,14,1,13.8
33,2016-06-02,2016-06-17,27.6212347788934,13.66695150608844,20.64409314249092,0,71.65354330708661,13.95428327280496,15,1,15.6
33,2016-06-02,2016-06-18,26.98889126255074,14.22238837855159,20.605639820551165,0,76.37795275590551,12.76650288399915,16,1,15.7
33,2016-06-02,2016-06-19,25.38239692373424,14.44456312753685,19.913480025635543,0,79.13385826771653,10.937833796197392,17,1,15.2
33,2016-06-02,2016-06-20,21.07562486648152,15.0427259132664,18.05917538987396,0,85.03937007874015,6.032898953215119,18,1,14.7
33,2016-06-02,2016-06-21,20.631275368511,12.28263191625721,16.456953642384107,0,75.59055118110236,8.348643452253791,19,1,11.3
33,2016-06-02,2016-06-22,21.58833582567827,12.08609271523179,16.83721427045503,0,80.70866141732283,9.502243110446482,20,1,12.4
33,2016-06-02,2016-06-23,24.9893185216834,10.69322794274728,17.84127323221534,0,79.92125984251969,14.296090578936122,21,1,13.1
33,2016-06-02,2016-06-24,25.24567400128178,11.33411664174322,18.2898953215125,0,74.40944881889763,13.91155735953856,22,1,12.4
33,2016-06-02,2016-06-25,24.66460158085879,11.9579149754326,18.311258278145697,0,66.53543307086613,12.70668660542619,23,1,11.9
33,2016-06-02,2016-06-26,24.63042085024567,12.56462294381542,18.597521897030543,0,72.44094488188976,12.06579790643025,24,1,13.4
33,2016-06-02,2016-06-27,24.81841486861781,12.27408673360393,18.546250801110872,0,71.65354330708661,12.54432813501388,25,1,13
33,2016-06-02,2016-06-28,25.22858363597522,12.5731681264687,18.90087588122196,0,65.74803149606299,12.65541550950652,26,1,12.1
33,2016-06-02,2016-06-29,26.25400555436872,12.13736381115146,19.19568468276009,0,62.59842519685039,14.116641743217262,27,1,12.2
33,2016-06-02,2016-06-30,26.64708395641957,13.95748771629994,20.30228583635976,0,64.56692913385827,12.68959624011963,28,1,13.7
34,2016-09-07,2016-08-10,16.82866908780175,4.284340952787867,10.556505020294807,0.7141331217383424,77.95275590551181,12.544328135013885,-28,0,6.1
34,2016-09-07,2016-08-11,17.72591326639607,1.396069215979491,9.56099124118778,0,81.1023622047244,16.32984405041658,-27,0,5.2
34,2016-09-07,2016-08-12,19.02478102969451,2.549668874172186,10.787224951933348,0,82.67716535433071,16.475112155522325,-26,0,6.5
34,2016-09-07,2016-08-13,23.98098696859645,5.190130314035462,14.585558641315956,0,75.59055118110236,18.79085665456099,-25,0,7.5
34,2016-09-07,2016-08-14,26.45908993804743,7.28370006408887,16.87139500106815,0,72.04724409448819,19.17538987395856,-24,0,10.1
34,2016-09-07,2016-08-15,16.98248237556078,11.88955351420637,14.436017944883575,0,92.51968503937007,5.092928861354412,-23,0,12.8
34,2016-09-07,2016-08-16,24.33988464003418,8.770561845759453,16.555223242896815,8.803064058351396,83.07086614173228,15.56932279427473,-22,0,12.6
34,2016-09-07,2016-08-17,25.10895107882931,12.18863490707114,18.648792992950227,0,86.22047244094487,12.92031617175817,-21,0,14.9
34,2016-09-07,2016-08-18,15.95706045716727,11.72719504379406,13.842127750480664,23.49772637104402,96.8503937007874,4.22986541337321,-20,0,14.8
34,2016-09-07,2016-08-19,16.62358470412305,11.31702627643666,13.970305490279856,17.13919492172002,95.2755905511811,5.30655842768639,-19,0,11.5
34,2016-09-07,2016-08-20,15.58961760307626,12.59025849177526,14.08993804742576,26.73879207739495,96.8503937007874,2.9993591113010005,-18,0,14.8
34,2016-09-07,2016-08-21,15.32471694082461,7.3947874385815,11.359752189703055,31.75145725882749,90.5511811023622,7.92992950224311,-17,0,10.2
34,2016-09-07,2016-08-22,15.92287972655416,2.318948942533646,9.120914334543905,2.719199194311358,79.92125984251969,13.603930784020514,-16,0,4.2
34,2016-09-07,2016-08-23,18.58043153172399,1.712240974150822,10.146336252937406,0,81.1023622047244,16.868190557573165,-15,0,5.2
34,2016-09-07,2016-08-24,20.93890194402906,6.373638111514634,13.656270027771846,0,81.88976377952756,14.565263832514423,-14,0,9
34,2016-09-07,2016-08-25,25.10895107882931,10.38560136722922,17.747276223029267,0,83.46456692913385,14.72334971160009,-13,0,13
34,2016-09-07,2016-08-26,28.16812646870327,10.22324289681692,19.195684682760096,0,75.98425196850394,17.94488357188635,-12,0,13.9
34,2016-09-07,2016-08-27,27.15979491561632,9.1209143345439,18.14035462508011,0,72.04724409448819,18.03888058107242,-11,0,11.9
34,2016-09-07,2016-08-28,28.66374706259347,8.390301217688528,18.527024140141,0,61.81102362204724,20.27344584490494,-10,0,10.8
34,2016-09-07,2016-08-29,27.74086733603931,11.74428540910062,19.742576372569964,0,73.22834645669292,15.996581926938692,-9,0,12.5
34,2016-09-07,2016-08-30,19.58876308481094,15.17944883571886,17.3841059602649,3.220465712454597,92.91338582677164,4.409314249092079,-8,0,15.6
34,2016-09-07,2016-08-31,18.81969664601581,12.23136082033754,15.525528733176674,14.1178624835963,78.74015748031496,6.58833582567827,-7,0,11.2
34,2016-09-07,2016-09-01,22.45994445631275,7.164067506942961,14.812005981627856,0,82.67716535433071,15.295876949369791,-6,0,10.8
34,2016-09-07,2016-09-02,21.77632984405042,12.53898739585559,17.157658619953004,0,80.31496062992126,9.237342448194829,-5,0,12
34,2016-09-07,2016-09-03,18.25571459089938,13.51313821832942,15.8844264046144,0,93.7007874015748,4.74257637256996,-4,0,13.8
34,2016-09-07,2016-09-04,19.36658833582568,13.8891262550737,16.62785729544969,27.86492507705924,93.7007874015748,5.4774620807519785,-3,0,15
34,2016-09-07,2016-09-05,19.04187139500107,10.684682760094,14.863277077547536,5.25299844355601,92.91338582677164,8.35718863490707,-2,0,13.9
34,2016-09-07,2016-09-06,18.52916043580431,10.56505020294809,14.5471053193762,9.043397320474869,79.13385826771653,7.964110232856221,-1,0,11.7
34,2016-09-07,2016-09-07,18.93932920316172,3.395641956846827,11.167485580004271,0.04119998779259504,66.92913385826772,15.543687246314892,0,0,4.3
34,2016-09-07,2016-09-08,20.99017303994873,3.002563554795984,11.996368297372356,0,75.19685039370079,17.987609485152745,1,0,6.5
34,2016-09-07,2016-09-09,20.95599230933561,5.292672505874814,13.124332407605213,0,82.67716535433071,15.663319803460796,2,0,8.9
34,2016-09-07,2016-09-10,24.40824610126042,8.830378124332409,16.619312112796415,0,80.31496062992126,15.577867976928012,3,0,11.2
34,2016-09-07,2016-09-11,26.33945738090151,11.61610766930143,18.97778252510147,0,81.88976377952756,14.72334971160008,4,0,13.2
34,2016-09-07,2016-09-12,29.21063875240333,13.60713522751549,21.40888698995941,0,74.01574803149606,15.60350352488784,5,0,15.1
34,2016-09-07,2016-09-13,27.65541550950651,15.35035248878445,21.50288399914548,0,58.26771653543306,12.30506302072206,6,0,13.1
34,2016-09-07,2016-09-14,22.13522751548814,9.232001709036531,15.683614612262335,0.8308664204840284,48.81889763779527,12.903225806451609,7,0,6.4
34,2016-09-07,2016-09-15,22.69920957060457,3.788720358897672,13.243964964751122,0,59.05511811023622,18.910489211706896,8,0,5.8
34,2016-09-07,2016-09-16,22.08395641956847,7.544328135013886,14.81414227729118,0,75.98425196850394,14.539628284554585,9,0,9.4
34,2016-09-07,2016-09-17,27.02307199316385,11.98355052339244,19.503311258278146,0,73.62204724409449,15.03952146977141,10,0,12
34,2016-09-07,2016-09-18,25.33112582781457,12.2057252723777,18.768425550096136,0,87.00787401574803,13.12540055543687,11,0,15.4
34,2016-09-07,2016-09-19,21.48579363383892,11.88955351420637,16.687673574022647,10.61586352122563,85.8267716535433,9.59624011963255,12,0,15
34,2016-09-07,2016-09-20,21.00726340525529,7.193975646229438,14.100619525742363,0.5561998352000614,66.92913385826772,13.813287759025853,13,0,6.2
34,2016-09-07,2016-09-21,19.91348002563555,5.292672505874814,12.60307626575518,0,75.19685039370079,14.620807519760737,14,0,8.3
34,2016-09-07,2016-09-22,21.86178167058321,8.650929288613543,15.256355479598376,0,77.95275590551181,13.210852381969666,15,0,10.1
34,2016-09-07,2016-09-23,23.72463148899808,9.232001709036531,16.478316599017305,0,72.83464566929133,14.49262977996155,16,0,10.4
34,2016-09-07,2016-09-24,24.11770989104892,9.232001709036531,16.674855800042728,0,77.16535433070865,14.88570818201239,17,0,11.9
34,2016-09-07,2016-09-25,21.14398632770775,11.03503524887844,16.089510788293097,0.7965330973235325,81.88976377952756,10.10895107882931,18,0,11.4
34,2016-09-07,2016-09-26,23.17773979918821,10.19760734885708,16.687673574022647,0,78.34645669291338,12.98013245033113,19,0,10.4
34,2016-09-07,2016-09-27,24.56205938901944,9.385814996795556,16.9739371929075,0,71.25984251968504,15.176244392223882,20,0,10.7
34,2016-09-07,2016-09-28,26.45908993804743,9.496902371288186,17.977996154667807,0,65.74803149606299,16.962187566759244,21,0,11.2
34,2016-09-07,2016-09-29,26.16855372783593,9.761803033539842,17.965178380687888,0,68.89763779527559,16.40675069429609,22,0,11.9
34,2016-09-07,2016-09-30,17.20465712454604,11.7528305917539,14.478743858149969,0,81.88976377952756,5.451826532792138,23,0,10.2
34,2016-09-07,2016-10-01,19.72548600726341,11.44520401623585,15.58534501174963,0,81.1023622047244,8.28028199102756,24,0,10.1
34,2016-09-07,2016-10-02,19.74257637256996,10.70177312540056,15.22217474898526,0.04806665242469421,82.67716535433071,9.0408032471694,25,0,10.6
34,2016-09-07,2016-10-03,18.11899166844691,11.53920102542192,14.829096346934415,2.169866023743396,87.00787401574803,6.579790643024989,26,0,11.3
34,2016-09-07,2016-10-04,22.68211920529802,12.12881862849818,17.4054689168981,1.366466261787764,80.31496062992126,10.553300576799838,27,0,13.2
34,2016-09-07,2016-10-05,21.05853450117496,12.31681264687033,16.687673574022647,0,79.92125984251969,8.74172185430463,28,0,11.7
35,2016-09-27,2016-08-30,18.20444349497971,12.80388805810724,15.504165776543475,17.02932828760643,93.30708661417324,5.4005554368724695,-28,0,15.2
35,2016-09-27,2016-08-31,17.20465712454604,10.71031830805384,13.95748771629994,3.927732169560841,91.73228346456692,6.494338816492199,-27,0,11.1
35,2016-09-27,2016-09-01,20.81926938688314,12.4108096560564,16.615039521469768,1.517532883693974,86.61417322834646,8.408459730826738,-26,0,11
35,2016-09-27,2016-09-02,21.81051057466353,12.00918607135227,16.9098483230079,0.04806665242469421,84.25196850393701,9.801324503311262,-25,0,11.7
35,2016-09-27,2016-09-03,14.21384319589831,11.60756248664815,12.910702841273231,1.462599566637152,94.88188976377953,2.606280709250159,-24,0,11.2
35,2016-09-27,2016-09-04,15.80324716940825,11.80410168767357,13.80367442854091,7.05206457716605,93.7007874015748,3.999145481734679,-23,0,11.2
35,2016-09-27,2016-09-05,18.81969664601581,11.80410168767357,15.31189916684469,13.0329294717246,92.1259842519685,7.0155949583422395,-22,0,13
35,2016-09-27,2016-09-06,12.00918607135227,7.010254219183935,9.5097201452681,20.87466048158208,84.64566929133858,4.998931852168335,-21,0,6
35,2016-09-27,2016-09-07,13.00897244178594,4.908139286477249,8.958555864131593,0.08926664021728925,77.16535433070865,8.10083315530869,-20,0,4.4
35,2016-09-27,2016-09-08,16.40995513779107,9.411450544755391,12.910702841273231,0,80.31496062992126,6.998504593035676,-19,0,7.7
35,2016-09-27,2016-09-09,23.39991454817347,6.510361033967101,14.955137791070284,0.04806665242469421,72.83464566929133,16.88955351420637,-18,0,8.9
35,2016-09-27,2016-09-10,25.91219824823756,10.50523392437513,18.208716086306342,0,68.11023622047244,15.406964323862429,-17,0,11.1
35,2016-09-27,2016-09-11,25.1944029053621,11.30848109378338,18.25144199957274,0,63.7795275590551,13.88592181157872,-16,0,11.7
35,2016-09-27,2016-09-12,28.40739158299509,13.60713522751549,21.00726340525529,0,66.14173228346456,14.8002563554796,-15,0,14.8
35,2016-09-27,2016-09-13,25.8096560563982,11.21448408459731,18.512070070497757,7.38166447950681,74.80314960629921,14.595171971800893,-14,0,13
35,2016-09-27,2016-09-14,17.40974150822474,5.514847254860072,11.462294381542408,4.765465254676968,69.68503937007874,11.894894253364669,-13,0,5.1
35,2016-09-27,2016-09-15,17.60628070925016,3.105105746635335,10.355693227942748,0.04806665242469421,74.40944881889763,14.501174962614826,-12,0,6.3
35,2016-09-27,2016-09-16,22.81884212775048,5.805383465071566,14.312112796411022,0,67.71653543307086,17.013458662678914,-11,0,7.8
35,2016-09-27,2016-09-17,26.3052766502884,10.90685750907926,18.60606707968383,0,66.53543307086613,15.39841914120914,-10,0,12
35,2016-09-27,2016-09-18,20.99017303994873,15.99978637043367,18.4949797051912,5.424665059358489,81.88976377952756,4.990386669515059,-9,0,15.4
35,2016-09-27,2016-09-19,19.00769066438795,11.00939970091861,15.00854518265328,3.913998840296642,70.86614173228347,7.998290963469341,-8,0,10.2
35,2016-09-27,2016-09-20,18.81969664601581,6.907712027344585,12.863704336680197,0,70.07874015748031,11.911984618671225,-7,0,5.7
35,2016-09-27,2016-09-21,22.40867336039308,7.407605212561418,14.90813928647725,0,70.07874015748031,15.001068147831663,-6,0,9
35,2016-09-27,2016-09-22,24.20316171758171,9.411450544755391,16.807306131168552,0,62.59842519685039,14.791711172826318,-5,0,9.5
35,2016-09-27,2016-09-23,24.40824610126042,11.21448408459731,17.811365092928867,0,66.14173228346456,13.193762016663111,-4,0,10.1
35,2016-09-27,2016-09-24,21.81051057466353,9.214911343729971,15.512710959196752,0.4051332132938512,69.68503937007874,12.595599230933558,-3,0,9.6
35,2016-09-27,2016-09-25,20.81926938688314,6.510361033967101,13.66481521042512,0.5081331827753672,62.59842519685039,14.308908352916038,-2,0,6
35,2016-09-27,2016-09-26,24.90386669515061,5.412305063020723,15.158085879085668,0.04806665242469421,61.81102362204724,19.491561632129887,-1,0,7.6
35,2016-09-27,2016-09-27,27.19397564622944,8.612475966673788,17.903225806451616,0.04806665242469421,55.11811023622047,18.58149967955565,0,0,8.4
35,2016-09-27,2016-09-28,28.20230719931639,11.21448408459731,19.708395641956848,0,54.33070866141732,16.98782311471908,1,0,10.9
35,2016-09-27,2016-09-29,21.60542619098483,9.411450544755391,15.508438367870111,0,61.02362204724409,12.193975646229436,2,0,9.2
35,2016-09-27,2016-09-30,21.81051057466353,7.907498397778252,14.859004486220892,0,72.83464566929133,13.90301217688528,3,0,8.4
35,2016-09-27,2016-10-01,24.40824610126042,10.11215552232429,17.260200811792355,0,68.11023622047244,14.29609057893613,4,0,9.6
35,2016-09-27,2016-10-02,25.10895107882931,10.90685750907926,18.007904293954283,0,66.14173228346456,14.202093569750051,5,0,10.5
35,2016-09-27,2016-10-03,23.99807733390301,12.60734885708182,18.302713095492415,0,66.92913385826772,11.390728476821188,6,0,10.6
35,2016-09-27,2016-10-04,26.3052766502884,12.00918607135227,19.157231360820333,0,72.83464566929133,14.296090578936129,7,0,11.1
35,2016-09-27,2016-10-05,23.99807733390301,12.00918607135227,18.00363170262764,3.776665547654659,78.34645669291338,11.98889126255074,8,0,12.3
35,2016-09-27,2016-10-06,19.1956846827601,10.60777611621448,14.901730399487288,8.542130802331627,87.79527559055117,8.58790856654562,9,0,12.2
35,2016-09-27,2016-10-07,22.40867336039308,8.90728476821192,15.6579790643025,0.2952665791802644,73.62204724409449,13.50138859218116,10,0,9.8
35,2016-09-27,2016-10-08,21.99850459303568,11.5050202948088,16.75176244392224,0,66.14173228346456,10.49348429822688,11,0,10.5
35,2016-09-27,2016-10-09,22.61375774407178,6.706900234992522,14.66032898953215,0,52.36220472440944,15.906857509079256,12,0,5.7
35,2016-09-27,2016-10-10,25.8096560563982,8.407391582995086,17.108523819696643,0,57.08661417322834,17.402264473403115,13,0,9.2
35,2016-09-27,2016-10-11,24.40824610126042,12.70989104892117,18.55906857509079,1.187932981353185,74.40944881889763,11.69835505233925,14,0,13.3
35,2016-09-27,2016-10-12,17.60628070925016,13.70967741935484,15.6579790643025,4.023865474410229,87.4015748031496,3.896603289895321,15,0,14.6
35,2016-09-27,2016-10-13,25.31403546250801,14.11130100405896,19.712668233283484,37.38212225714895,81.1023622047244,11.202734458449047,16,0,15.1
35,2016-09-27,2016-10-14,29.19354838709678,14.11130100405896,21.65242469557787,0.04806665242469421,75.98425196850394,15.08224738303782,17,0,16.9
35,2016-09-27,2016-10-15,23.39991454817347,16.99957274086734,20.199743644520403,3.632465590380576,81.49606299212599,6.4003418073061304,18,0,17.8
35,2016-09-27,2016-10-16,31.00512710959197,17.70882290108951,24.35697500534074,12.57286294137396,79.92125984251969,13.296304208502464,19,0,19.4
35,2016-09-27,2016-10-17,27.60414441358684,15.11108737449263,21.357615894039736,35.15732291634876,87.00787401574803,12.49305703909421,20,0,19.7
35,2016-09-27,2016-10-18,21.40034180730613,16.315958128605,18.85814996795557,65.09598071230201,92.1259842519685,5.08438367870113,21,0,19.7
35,2016-09-27,2016-10-19,21.99850459303568,16.90557573168126,19.452040162358472,93.93597216711936,93.7007874015748,5.0929288613544195,22,0,19.8
35,2016-09-27,2016-10-20,24.40824610126042,15.80324716940825,20.105746635334334,55.15305032502212,81.49606299212599,8.60499893185217,23,0,16.5
35,2016-09-27,2016-10-21,21.81051057466353,12.00918607135227,16.9098483230079,0,75.98425196850394,9.801324503311262,24,0,10.6
35,2016-09-27,2016-10-22,24.40824610126042,9.710531937620168,17.059389019440296,0,77.95275590551181,14.697714163640253,25,0,11.7
35,2016-09-27,2016-10-23,25.31403546250801,14.50437940610981,19.90920743430891,4.985198522904142,83.07086614173228,10.809656056398198,26,0,16.1
35,2016-09-27,2016-10-24,30.40696432386243,17.31574449903867,23.86135441145055,9.400463881344024,79.92125984251969,13.09121982482376,27,0,18.4
35,2016-09-27,2016-10-25,24.49369792779321,17.11066011535997,20.802179021576592,21.835993530076,85.8267716535433,7.38303781243324,28,0,18.1
36,2016-10-16,2016-09-18,20.99017303994873,15.99978637043367,18.4949797051912,5.424665059358489,81.88976377952756,4.990386669515059,-28,1,15.4
36,2016-10-16,2016-09-19,19.00769066438795,11.00939970091861,15.00854518265328,3.913998840296642,70.86614173228347,7.998290963469341,-27,1,10.2
36,2016-10-16,2016-09-20,18.81969664601581,6.907712027344585,12.863704336680197,0,70.07874015748031,11.911984618671225,-26,1,5.7
36,2016-10-16,2016-09-21,22.40867336039308,7.407605212561418,14.90813928647725,0,70.07874015748031,15.001068147831663,-25,1,9
36,2016-10-16,2016-09-22,24.20316171758171,9.411450544755391,16.807306131168552,0,62.59842519685039,14.791711172826318,-24,1,9.5
36,2016-10-16,2016-09-23,24.40824610126042,11.21448408459731,17.811365092928867,0,66.14173228346456,13.193762016663111,-23,1,10.1
36,2016-10-16,2016-09-24,21.81051057466353,9.214911343729971,15.512710959196752,0.4051332132938512,69.68503937007874,12.595599230933558,-22,1,9.6
36,2016-10-16,2016-09-25,20.81926938688314,6.510361033967101,13.66481521042512,0.5081331827753672,62.59842519685039,14.308908352916038,-21,1,6
36,2016-10-16,2016-09-26,24.90386669515061,5.412305063020723,15.158085879085668,0.04806665242469421,61.81102362204724,19.491561632129887,-20,1,7.6
36,2016-10-16,2016-09-27,27.19397564622944,8.612475966673788,17.903225806451616,0.04806665242469421,55.11811023622047,18.58149967955565,-19,1,8.4
36,2016-10-16,2016-09-28,28.20230719931639,11.21448408459731,19.708395641956848,0,54.33070866141732,16.98782311471908,-18,1,10.9
36,2016-10-16,2016-09-29,21.60542619098483,9.411450544755391,15.508438367870111,0,61.02362204724409,12.193975646229436,-17,1,9.2
36,2016-10-16,2016-09-30,21.81051057466353,7.907498397778252,14.859004486220892,0,72.83464566929133,13.90301217688528,-16,1,8.4
36,2016-10-16,2016-10-01,24.40824610126042,10.11215552232429,17.260200811792355,0,68.11023622047244,14.29609057893613,-15,1,9.6
36,2016-10-16,2016-10-02,25.10895107882931,10.90685750907926,18.007904293954283,0,66.14173228346456,14.202093569750051,-14,1,10.5
36,2016-10-16,2016-10-03,23.99807733390301,12.60734885708182,18.302713095492415,0,66.92913385826772,11.390728476821188,-13,1,10.6
36,2016-10-16,2016-10-04,26.3052766502884,12.00918607135227,19.157231360820333,0,72.83464566929133,14.296090578936129,-12,1,11.1
36,2016-10-16,2016-10-05,23.99807733390301,12.00918607135227,18.00363170262764,3.776665547654659,78.34645669291338,11.98889126255074,-11,1,12.3
36,2016-10-16,2016-10-06,19.1956846827601,10.60777611621448,14.901730399487288,8.542130802331627,87.79527559055117,8.58790856654562,-10,1,12.2
36,2016-10-16,2016-10-07,22.40867336039308,8.90728476821192,15.6579790643025,0.2952665791802644,73.62204724409449,13.50138859218116,-9,1,9.8
36,2016-10-16,2016-10-08,21.99850459303568,11.5050202948088,16.75176244392224,0,66.14173228346456,10.49348429822688,-8,1,10.5
36,2016-10-16,2016-10-09,22.61375774407178,6.706900234992522,14.66032898953215,0,52.36220472440944,15.906857509079256,-7,1,5.7
36,2016-10-16,2016-10-10,25.8096560563982,8.407391582995086,17.108523819696643,0,57.08661417322834,17.402264473403115,-6,1,9.2
36,2016-10-16,2016-10-11,24.40824610126042,12.70989104892117,18.55906857509079,1.187932981353185,74.40944881889763,11.69835505233925,-5,1,13.3
36,2016-10-16,2016-10-12,17.60628070925016,13.70967741935484,15.6579790643025,4.023865474410229,87.4015748031496,3.896603289895321,-4,1,14.6
36,2016-10-16,2016-10-13,25.31403546250801,14.11130100405896,19.712668233283484,37.38212225714895,81.1023622047244,11.202734458449047,-3,1,15.1
36,2016-10-16,2016-10-14,29.19354838709678,14.11130100405896,21.65242469557787,0.04806665242469421,75.98425196850394,15.08224738303782,-2,1,16.9
36,2016-10-16,2016-10-15,23.39991454817347,16.99957274086734,20.199743644520403,3.632465590380576,81.49606299212599,6.4003418073061304,-1,1,17.8
36,2016-10-16,2016-10-16,31.00512710959197,17.70882290108951,24.35697500534074,12.57286294137396,79.92125984251969,13.296304208502464,0,1,19.4
36,2016-10-16,2016-10-17,27.60414441358684,15.11108737449263,21.357615894039736,35.15732291634876,87.00787401574803,12.49305703909421,1,1,19.7
36,2016-10-16,2016-10-18,21.40034180730613,16.315958128605,18.85814996795557,65.09598071230201,92.1259842519685,5.08438367870113,2,1,19.7
36,2016-10-16,2016-10-19,21.99850459303568,16.90557573168126,19.452040162358472,93.93597216711936,93.7007874015748,5.0929288613544195,3,1,19.8
36,2016-10-16,2016-10-20,24.40824610126042,15.80324716940825,20.105746635334334,55.15305032502212,81.49606299212599,8.60499893185217,4,1,16.5
36,2016-10-16,2016-10-21,21.81051057466353,12.00918607135227,16.9098483230079,0,75.98425196850394,9.801324503311262,5,1,10.6
36,2016-10-16,2016-10-22,24.40824610126042,9.710531937620168,17.059389019440296,0,77.95275590551181,14.697714163640253,6,1,11.7
36,2016-10-16,2016-10-23,25.31403546250801,14.50437940610981,19.90920743430891,4.985198522904142,83.07086614173228,10.809656056398198,7,1,16.1
36,2016-10-16,2016-10-24,30.40696432386243,17.31574449903867,23.86135441145055,9.400463881344024,79.92125984251969,13.09121982482376,8,1,18.4
36,2016-10-16,2016-10-25,24.49369792779321,17.11066011535997,20.802179021576592,21.835993530076,85.8267716535433,7.38303781243324,9,1,18.1
36,2016-10-16,2016-10-26,23.00683614612262,17.91390728476821,20.460371715445415,11.13086336863307,90.5511811023622,5.092928861354409,10,1,17.8
36,2016-10-16,2016-10-27,18.20444349497971,11.21448408459731,14.70946378978851,24.06079287087618,77.55905511811024,6.989959410382401,11,1,11.1
36,2016-10-16,2016-10-28,18.20444349497971,5.608844264046144,11.906643879512927,2.238532670064387,62.20472440944881,12.595599230933566,12,1,3.6
36,2016-10-16,2016-10-29,24.49369792779321,5.412305063020723,14.953001495406966,0,64.56692913385827,19.08139286477249,13,1,7.9
36,2016-10-16,2016-10-30,25.10895107882931,9.710531937620168,17.40974150822474,0,62.20472440944881,15.398419141209144,14,1,10
36,2016-10-16,2016-10-31,29.80880153813288,13.70967741935484,21.759239478743854,0,61.81102362204724,16.09912411877804,15,1,13.6
36,2016-10-16,2016-11-01,28.81756035035249,17.50373851741081,23.16064943388165,3.048799096652118,68.50393700787401,11.31382183294168,16,1,17.8
36,2016-10-16,2016-11-02,23.99807733390301,12.00918607135227,18.00363170262764,30.15839106418042,82.67716535433071,11.98889126255074,17,1,13.1
36,2016-10-16,2016-11-03,21.40034180730613,6.407818842127751,13.90408032471694,1.888332773827329,60.62992125984251,14.99252296517838,18,1,6.1
36,2016-10-16,2016-11-04,25.99765007477035,8.7107455671865,17.354197820978424,0,53.54330708661416,17.28690450758385,19,1,8.6
36,2016-10-16,2016-11-05,29.80880153813288,13.70967741935484,21.759239478743854,0,55.11811023622047,16.09912411877804,20,1,12
36,2016-10-16,2016-11-06,30.20187994018372,14.11130100405896,22.15659047212134,0,55.90551181102362,16.090578936124757,21,1,13.3
36,2016-10-16,2016-11-07,31.60328989532151,16.60649433881649,24.104892117069,0,59.84251968503936,14.99679555650502,22,1,15.3
36,2016-10-16,2016-11-08,29.99679555650502,17.999359111301,23.998077333903012,0.6729331339457474,68.11023622047244,11.99743644520402,23,1,16.6
36,2016-10-16,2016-11-09,25.99765007477035,17.11066011535997,21.55415509506516,7.2786645100253216,85.8267716535433,8.886989959410379,24,1,17.4
36,2016-10-16,2016-11-10,28.98846400341807,15.80324716940825,22.39585558641316,5.019531846064638,73.22834645669292,13.18521683400982,25,1,16.1
36,2016-10-16,2016-11-11,23.70754112369152,15.9057893612476,19.80666524246956,0,73.22834645669292,7.801751762443921,26,1,15.7
36,2016-10-16,2016-11-12,26.3052766502884,8.80474257637257,17.555009613330483,0,55.11811023622047,17.50053407391583,27,1,7
36,2016-10-16,2016-11-13,29.80880153813288,13.21405682546464,21.51142918179876,0,61.41732283464566,16.594744712668238,28,1,12.4
37,2017-09-03,2017-08-06,20.49455244605853,8.086947233497117,14.290749839777824,0,69.68503937007874,12.407605212561414,-28,0,7.8
37,2017-09-03,2017-08-07,25.79256569109165,12.30826746421705,19.05041657765435,0,67.71653543307086,13.4842982268746,-27,0,10.6
37,2017-09-03,2017-08-08,23.29737235633412,15.10254219183935,19.199957274086735,0,74.01574803149606,8.19483016449477,-26,0,13.8
37,2017-09-03,2017-08-09,16.79448835718863,9.103823969237345,12.949156163212988,0,85.43307086614173,7.690664387951287,-25,0,10
37,2017-09-03,2017-08-10,21.79342020935697,8.90728476821192,15.350352488784443,0,76.37795275590551,12.88613544114505,-24,0,10
37,2017-09-03,2017-08-11,28.80046998504593,14.90600299081393,21.85323648792993,1.407666249580359,72.04724409448819,13.894466994232,-23,0,14.1
37,2017-09-03,2017-08-12,22.28904080324717,16.1108737449263,19.199957274086735,2.801599169896548,74.40944881889763,6.1781670583208665,-22,0,14.5
37,2017-09-03,2017-08-13,16.88848536637471,11.915189062166201,14.401837214270454,55.01571703238014,95.2755905511811,4.9732963042085085,-21,0,14.9
37,2017-09-03,2017-08-14,17.7942747276223,10.70177312540056,14.248023926511433,19.78972746971039,85.03937007874015,7.092501602221741,-20,0,9.7
37,2017-09-03,2017-08-15,21.79342020935697,8.501388592181158,15.147404400769064,0.04119998779259504,77.16535433070865,13.292031617175812,-19,0,9.3
37,2017-09-03,2017-08-16,20.80217902157658,9.505447553941464,15.153813287759023,0,78.34645669291338,11.296731467635116,-18,0,10.1
37,2017-09-03,2017-08-17,23.79299295022431,8.90728476821192,16.350138859218113,0,74.80314960629921,14.88570818201239,-17,0,9.7
37,2017-09-03,2017-08-18,25.29694509720145,11.5050202948088,18.400982696005126,0,70.86614173228347,13.791924802392652,-16,0,11.2
37,2017-09-03,2017-08-19,25.29694509720145,12.90643024994659,19.10168767357402,0,78.34645669291338,12.39051484725486,-15,0,13.8
37,2017-09-03,2017-08-20,20.15274513992737,5.566118350779748,12.859431745353556,5.740531632435079,76.37795275590551,14.58662678914762,-14,0,8
37,2017-09-03,2017-08-21,15.30762657551805,7.505874813074129,11.40675069429609,0,66.53543307086613,7.801751762443921,-13,0,2.4
37,2017-09-03,2017-08-22,20.80217902157658,5.104678487502671,12.953428754539626,0,68.89763779527559,15.69750053407391,-12,0,5.4
37,2017-09-03,2017-08-23,28.28775902584918,12.49626148258919,20.392010254219187,0,71.25984251968504,15.79149754325999,-11,0,13.1
37,2017-09-03,2017-08-24,30.28733176671651,16.90557573168126,23.596453749198886,0,70.86614173228347,13.381756035035249,-10,0,16.3
37,2017-09-03,2017-08-25,30.28733176671651,17.70882290108951,23.99807733390301,0,69.68503937007874,12.578508865627,-9,0,16.9
37,2017-09-03,2017-08-26,27.79213843195898,15.7007049775689,21.74642170476394,0,67.32283464566929,12.091433454390078,-8,0,15
37,2017-09-03,2017-08-27,19.72548600726341,14.04293954283273,16.88421277504807,8.095797601245152,87.79527559055117,5.682546464430679,-7,0,15.6
37,2017-09-03,2017-08-28,26.80089724417859,18.2898953215125,22.545396282845545,15.91692861720634,81.1023622047244,8.51100192266609,-6,0,16.4
37,2017-09-03,2017-08-29,31.29566331980346,19.50331125827815,25.39948728904081,0,66.53543307086613,11.79235206152531,-5,0,17.3
37,2017-09-03,2017-08-30,23.79299295022431,10.30869472334971,17.05084383678701,0,71.65354330708661,13.4842982268746,-4,0,11.3
37,2017-09-03,2017-08-31,23.29737235633412,9.308908352916044,16.303140354625082,0,71.65354330708661,13.988464003418075,-3,0,8.9
37,2017-09-03,2017-09-01,28.80046998504593,15.10254219183935,21.95150608844264,0,74.80314960629921,13.69792779320658,-2,0,15
37,2017-09-03,2017-09-02,30.80004272591326,14.90600299081393,22.853022858363595,0.7827997680593342,69.68503937007874,15.894039735099332,-1,0,15.8
37,2017-09-03,2017-09-03,29.68916898098697,15.09399700918607,22.39158299508652,0,67.71653543307086,14.5951719718009,0,0,15.8
37,2017-09-03,2017-09-04,31.29566331980346,23.50245674001282,27.399060029908146,0,58.26771653543306,7.793206579790638,1,0,15.2
37,2017-09-03,2017-09-05,25.29694509720145,15.10254219183935,20.1997436445204,0,80.31496062992126,10.194402905362102,2,0,16
37,2017-09-03,2017-09-06,27.79213843195898,12.70134586626789,20.24674214911343,0.9613330484939128,79.92125984251969,15.090792565691087,3,0,15
37,2017-09-03,2017-09-07,30.80004272591326,18.4949797051912,24.64751121555223,0,58.26771653543306,12.305063020722065,4,0,14.3
37,2017-09-03,2017-09-08,31.79128391369365,17.91390728476821,24.85259559923093,0,51.96850393700787,13.87737662892544,5,0,12.1
37,2017-09-03,2017-09-09,28.28775902584918,19.50331125827815,23.895535142063665,1.187932981353185,62.59842519685039,8.78444776757103,6,0,13.6
37,2017-09-03,2017-09-10,31.99636829737236,18.30698568681905,25.151676992095705,0.5905331583605573,53.14960629921259,13.68938261055331,7,0,13.6
37,2017-09-03,2017-09-11,21.29779961546678,13.50459303567614,17.40119632557146,0.8789330729087226,72.83464566929133,7.79320657979064,8,0,13
37,2017-09-03,2017-09-12,22.28904080324717,14.10275582140568,18.195898312326424,0.9063997314371192,85.03937007874015,8.186284981841489,9,0,13.2
37,2017-09-03,2017-09-13,29.79171117282632,14.49583422345653,22.143772698141422,0,80.70866141732283,15.295876949369791,10,0,16.2
37,2017-09-03,2017-09-14,24.80132450331126,18.10190130314036,21.451612903225808,0,75.98425196850394,6.6994232001709015,11,0,15.3
37,2017-09-03,2017-09-15,18.80260628070925,12.30826746421705,15.555436872463147,21.35532700582903,96.06299212598424,6.494338816492199,12,0,14.6
37,2017-09-03,2017-09-16,15.30762657551805,12.30826746421705,13.80794701986755,30.21332438123721,96.06299212598424,2.9993591113010005,13,0,13.2
37,2017-09-03,2017-09-17,20.28946806237983,11.92373424481948,16.106601153599655,4.985198522904142,87.4015748031496,8.365733817560349,14,0,12.9
37,2017-09-03,2017-09-18,24.80132450331126,14.90600299081393,19.85366374706259,16.83706167790766,80.70866141732283,9.89532151249733,15,0,13.5
37,2017-09-03,2017-09-19,29.79171117282632,14.49583422345653,22.143772698141422,0,75.98425196850394,15.295876949369791,16,0,15.8
37,2017-09-03,2017-09-20,33.79940183721427,18.10190130314036,25.95065157017731,0,60.23622047244093,15.69750053407391,17,0,17.2
37,2017-09-03,2017-09-21,33.79940183721427,17.91390728476821,25.85665456099124,0,46.45669291338582,15.885494552446058,18,0,15.2
37,2017-09-03,2017-09-22,29.29609057893612,17.11066011535997,23.203375347148047,0,64.96062992125984,12.18543046357615,19,0,17.2
37,2017-09-03,2017-09-23,20.28946806237983,16.49540696432386,18.392437513351844,1.71666615802485,90.15748031496062,3.7940610980559697,20,0,15.8
37,2017-09-03,2017-09-24,26.59581286049989,14.29074983977783,20.44328135013886,0.04119998779259504,79.92125984251969,12.30506302072206,21,0,15.4
37,2017-09-03,2017-09-25,29.79171117282632,20.28946806237983,25.040589617603075,0,71.65354330708661,9.502243110446493,22,0,16.3
37,2017-09-03,2017-09-26,30.28733176671651,17.11066011535997,23.69899594103824,1.126132999664293,70.86614173228347,13.17667165135654,23,0,17.5
37,2017-09-03,2017-09-27,24.2886135441145,17.11066011535997,20.699636829737237,0,79.13385826771653,7.177953428754531,24,0,15.9
37,2017-09-03,2017-09-28,22.28904080324717,15.9057893612476,19.097415082247384,7.800531022064888,85.8267716535433,6.383251441999569,25,0,15.3
37,2017-09-03,2017-09-29,18.2898953215125,14.30784020508438,16.29886776329844,1.31153294473097,90.94488188976378,3.982055116428119,26,0,14.5
37,2017-09-03,2017-09-30,25.29694509720145,15.30762657551805,20.30228583635975,30.15839106418042,83.85826771653544,9.9893185216834,27,0,15.2
37,2017-09-03,2017-10-01,28.09976500747704,11.02649006622516,19.5631275368511,0,82.28346456692913,17.07327494125188,28,0,16.1
38,2017-10-08,2017-09-10,29.07391582995086,12.38517410809656,20.72954496902371,0,56.69291338582676,16.6887417218543,-28,0,9.6
38,2017-10-08,2017-09-11,28.21939756462294,14.77782525101474,21.49861140781884,0,55.51181102362204,13.4415723136082,-27,0,7.5
38,2017-10-08,2017-09-12,30.76586199530015,14.18820764793847,22.47703482161931,0,62.99212598425196,16.57765434736168,-26,0,11.1
38,2017-10-08,2017-09-13,29.58662678914762,13.41914120914335,21.502883999145485,0,58.26771653543306,16.167485580004268,-25,0,10.7
38,2017-10-08,2017-09-14,30.35569322794275,14.74364452040162,22.549668874172184,0,45.2755905511811,15.612048707541131,-24,0,7.7
38,2017-10-08,2017-09-15,31.21021149327067,13.60713522751549,22.40867336039308,0,55.90551181102362,17.603076265755178,-23,0,8.6
38,2017-10-08,2017-09-16,28.27066866054262,15.28199102755821,21.776329844050416,0,68.11023622047244,12.988677632984407,-22,0,11.9
38,2017-10-08,2017-09-17,26.42490920743431,14.12839136936552,20.27665028839991,0,76.77165354330708,12.296517838068793,-21,0,14.9
38,2017-10-08,2017-09-18,29.41572313608204,15.58961760307626,22.50267036957915,0,67.71653543307086,13.82610553300578,-20,0,12.8
38,2017-10-08,2017-09-19,30.2531510361034,13.78658406323435,22.019867549668874,0,61.02362204724409,16.46656697286905,-19,0,9.7
38,2017-10-08,2017-09-20,29.17645802179022,12.28263191625721,20.729544969023717,0,55.51181102362204,16.89382610553301,-18,0,7.2
38,2017-10-08,2017-09-21,29.67207861568041,11.44520401623585,20.55864131595813,0,58.66141732283464,18.226874599444557,-17,0,7.7
38,2017-10-08,2017-09-22,30.68041016876736,13.12005981627857,21.900234992522964,0,49.99999999999999,17.56035035248879,-16,0,7.1
38,2017-10-08,2017-09-23,29.91134372997223,14.93163853877377,22.421491134373,5.170598467970819,59.84251968503936,14.97970519119846,-15,0,7.1
38,2017-10-08,2017-09-24,22.90429395428327,12.85515915402692,17.879726554155095,12.10592974639118,75.59055118110236,10.049134800256349,-14,0,12.9
38,2017-10-08,2017-09-25,23.69045075838496,15.13672292245247,19.413586840418716,0,73.22834645669292,8.553727835932488,-13,0,11.5
38,2017-10-08,2017-09-26,25.84383678701132,11.94936979277932,18.89660328989532,0,69.68503937007874,13.894466994232,-12,0,11.2
38,2017-10-08,2017-09-27,28.81756035035249,10.86413159581286,19.840845973082676,0,65.74803149606299,17.95342875453963,-11,0,10.8
38,2017-10-08,2017-09-28,28.59538560136723,12.71843623157445,20.65691091647084,0.7965330973235325,70.86614173228347,15.87694936979278,-10,0,11.6
38,2017-10-08,2017-09-29,17.26447340311899,13.59004486220893,15.42725913266396,31.94372386852626,92.1259842519685,3.674428540910061,-9,0,12.7
38,2017-10-08,2017-09-30,21.09271523178808,13.59859004486221,17.345652638325145,12.92306283761101,87.00787401574803,7.494125186925871,-8,0,12.8
38,2017-10-08,2017-10-01,24.66460158085879,12.47062593462935,18.56761375774407,1.88146610919523,82.28346456692913,12.19397564622944,-7,0,13
38,2017-10-08,2017-10-02,17.52082888271737,11.52211066011536,14.521469771416363,10.03219702749718,89.37007874015748,5.998718222602012,-6,0,13.2
38,2017-10-08,2017-10-03,19.87929929502243,4.3099765007477044,12.094637897885068,3.927732169560841,69.29133858267717,15.569322794274726,-5,0,6.2
38,2017-10-08,2017-10-04,23.99807733390301,4.045075838496048,14.02157658619953,0,57.87401574803149,19.95300149540696,-4,0,5.6
38,2017-10-08,2017-10-05,27.70668660542619,7.343516342661824,17.525101474044007,0,61.41732283464566,20.363170262764363,-3,0,10.7
38,2017-10-08,2017-10-06,28.78337961973937,14.20529801324503,21.494338816492203,7.450331125827802,74.01574803149606,14.57808160649434,-2,0,16.1
38,2017-10-08,2017-10-07,20.05020294808801,14.59837641529588,17.324289681691944,33.17972350230414,88.18897637795276,5.451826532792131,-1,0,15
38,2017-10-08,2017-10-08,21.31488998077334,12.94061098055971,17.127750480666524,7.340464491714215,85.43307086614173,8.374279000213631,0,0,13.9
38,2017-10-08,2017-10-09,19.38367870113224,12.84661397137364,16.11514633625294,18.88332773827327,90.94488188976378,6.537064729758599,1,0,15
38,2017-10-08,2017-10-10,19.12732322153386,12.31681264687033,15.722067934202094,11.56346324045535,90.94488188976378,6.81051057466353,2,0,15.4
38,2017-10-08,2017-10-11,29.62080751976074,12.88933988464003,21.255073702200384,6.461531418805492,74.01574803149606,16.73146763512071,3,0,16.4
38,2017-10-08,2017-10-12,31.67165135654774,15.95706045716727,23.814355906857507,1.654866176335958,68.89763779527559,15.714590899380472,4,0,17.4
38,2017-10-08,2017-10-13,30.59495834223457,16.98248237556078,23.788720358897677,0.1716666158024793,76.37795275590551,13.612475966673788,5,0,17.8
38,2017-10-08,2017-10-14,25.77547532578509,15.41871395001068,20.59709463789789,4.58693197424239,81.49606299212599,10.356761375774411,6,0,16.5
38,2017-10-08,2017-10-15,20.49455244605853,12.01773125400555,16.25614185003204,0,81.49606299212599,8.47682119205298,7,0,12.8
38,2017-10-08,2017-10-16,24.47660756248665,12.49626148258919,18.48643452253792,0,70.86614173228347,11.980346079897458,8,0,11.3
38,2017-10-08,2017-10-17,27.86049989318522,12.94915616321299,20.404828028199105,0,67.71653543307086,14.91134372997223,9,0,13.2
38,2017-10-08,2017-10-18,31.2785729544969,14.66673787652211,22.972655415509507,0,68.50393700787401,16.611835077974792,10,0,15.7
38,2017-10-08,2017-10-19,28.39030121768853,15.21362956633198,21.801965392010256,3.076265755180515,75.98425196850394,13.176671651356552,11,0,13.8
38,2017-10-08,2017-10-20,22.08395641956847,13.31659901730399,17.70027771843623,10.21759697256385,84.64566929133858,8.76735740226448,12,0,14
38,2017-10-08,2017-10-21,20.27237769707327,13.95748771629994,17.114932706686606,7.209997863704331,90.5511811023622,6.31488998077333,13,0,16.3
38,2017-10-08,2017-10-22,20.32364879299295,13.18842127750481,16.756035035248882,30.3506576738792,87.00787401574803,7.1352275154881415,14,0,14.2
38,2017-10-08,2017-10-23,22.40867336039308,6.570177312540055,14.489425336466567,0.06866664632099173,76.77165354330708,15.838496047853026,15,0,8.3
38,2017-10-08,2017-10-24,24.03225806451613,10.80431531723991,17.41828669087802,0,75.59055118110236,13.227942747276222,16,0,11.2
38,2017-10-08,2017-10-25,17.93099765007477,11.12903225806452,14.530014954069644,4.42899868770408,86.61417322834646,6.801965392010249,17,0,12.7
38,2017-10-08,2017-10-26,18.7000640888699,12.13736381115146,15.41871395001068,21.21799371318704,90.94488188976378,6.5627002777184416,18,0,14.5
38,2017-10-08,2017-10-27,17.999359111301,13.59859004486221,15.798974578081603,7.800531022064888,93.30708661417324,4.400769066438791,19,0,15.2
38,2017-10-08,2017-10-28,25.895107882931,12.31681264687033,19.105960264900663,19.19919431134983,75.19685039370079,13.57829523606067,20,0,14.2
38,2017-10-08,2017-10-29,23.79299295022431,9.607989745780817,16.700491348002565,6.06326487014374,87.00787401574803,14.185003204443491,21,0,13.6
38,2017-10-08,2017-10-30,20.69963682973724,13.79512924588763,17.247383037812433,62.67891476180301,88.58267716535433,6.904507583849611,22,0,15
38,2017-10-08,2017-10-31,25.690023499252305,12.30826746421705,18.999145481734676,1.565599536118668,74.01574803149606,13.381756035035252,23,0,12.6
38,2017-10-08,2017-11-01,25.36530655842769,12.50480666524247,18.93505661183508,0,68.11023622047244,12.86049989318522,24,0,10.1
38,2017-10-08,2017-11-02,25.8096560563982,9.479812005981628,17.644734031189913,0,62.20472440944881,16.329844050416572,25,0,10.3
38,2017-10-08,2017-11-03,19.05896176030762,12.15445417645802,15.60670796838282,6.660664693136397,86.22047244094487,6.904507583849602,26,0,13.3
38,2017-10-08,2017-11-04,18.80260628070925,12.06900234992523,15.435804315317238,26.43665883358256,90.94488188976378,6.733603930784019,27,0,15.8
38,2017-10-08,2017-11-05,23.12646870326853,11.88100833155309,17.50373851741081,30.2957243568224,86.61417322834646,11.245460371715438,28,0,13
39,2017-09-13,2017-08-16,19.72548600726341,11.92373424481948,15.824610126041446,0.04119998779259504,88.58267716535433,7.80175176244393,-28,0,11.6
39,2017-09-13,2017-08-17,18.30698568681905,9.872890408032472,14.08993804742576,0,88.9763779527559,8.434095278786579,-27,0,11.7
39,2017-09-13,2017-08-18,18.95641956846828,10.65050202948088,14.80346079897458,0,87.79527559055117,8.305917538987401,-26,0,11.8
39,2017-09-13,2017-08-19,16.82866908780175,12.80388805810724,14.816278572954497,0,95.66929133858268,4.024781029694509,-25,0,14.3
39,2017-09-13,2017-08-20,16.98248237556078,11.7528305917539,14.367656483657342,48.80825220496232,92.1259842519685,5.229651783806881,-24,0,13.7
39,2017-09-13,2017-08-21,14.46165349284341,4.643238624225592,9.5524460585345,8.439130832850111,80.70866141732283,9.818414868617818,-23,0,5.6
39,2017-09-13,2017-08-22,16.79448835718863,2.908566545609913,9.85152745139927,0,84.64566929133858,13.885921811578717,-22,0,6.9
39,2017-09-13,2017-08-23,21.62251655629139,11.97500534073916,16.798760948515277,0,86.22047244094487,9.64751121555223,-21,0,12.7
39,2017-09-13,2017-08-24,25.53621021149327,13.34223456526383,19.43922238837855,0,83.46456692913385,12.19397564622944,-20,0,14.4
39,2017-09-13,2017-08-25,22.23776970732749,12.39371929074984,17.315744499038665,0,77.95275590551181,9.844050416577652,-19,0,12.6
39,2017-09-13,2017-08-26,27.05725272377697,12.76116214484085,19.90920743430891,0,72.04724409448819,14.29609057893612,-18,0,13.8
39,2017-09-13,2017-08-27,27.79213843195898,10.62486648152104,19.20850245674001,0,77.16535433070865,17.167271950437936,-17,0,14.8
39,2017-09-13,2017-08-28,25.51911984618671,12.03482161931211,18.77697073274941,0,82.28346456692913,13.484298226874602,-16,0,14.5
39,2017-09-13,2017-08-29,29.12518692587054,11.70155949583422,20.41337321085238,0,77.95275590551181,17.42362743003632,-15,0,13.9
39,2017-09-13,2017-08-30,31.32984405041658,11.77846613971374,21.55415509506516,0,68.89763779527559,19.55137791070284,-14,0,13.1
39,2017-09-13,2017-08-31,20.05020294808801,13.24823755607776,16.649220252082884,0,87.79527559055117,6.801965392010251,-13,0,13.5
39,2017-09-13,2017-09-01,18.97350993377484,13.00042725913266,15.98696859645375,0,84.25196850393701,5.973082674642178,-12,0,12.4
39,2017-09-13,2017-09-02,20.18692587054048,12.12027344584491,16.153599658192697,0,82.67716535433071,8.06665242469557,-11,0,12.7
39,2017-09-13,2017-09-03,26.68126468703269,12.03482161931211,19.3580431531724,0,74.01574803149606,14.64644306772058,-10,0,13.4
39,2017-09-13,2017-09-04,27.92886135441145,8.90728476821192,18.418073061311684,0,69.68503937007874,19.02157658619953,-9,0,12.2
39,2017-09-13,2017-09-05,28.66374706259347,9.531083101901302,19.097415082247387,0,62.99212598425196,19.132663960692167,-8,0,10
39,2017-09-13,2017-09-06,27.31360820337535,12.13736381115146,19.72548600726341,0,72.83464566929133,15.17624439222389,-7,0,12.6
39,2017-09-13,2017-09-07,28.50993377483444,12.70134586626789,20.605639820551165,0,69.29133858267717,15.808587908566553,-6,0,12.2
39,2017-09-13,2017-09-08,29.05682546464431,10.22324289681692,19.640034180730616,0,69.68503937007874,18.83358256782739,-5,0,12.3
39,2017-09-13,2017-09-09,29.89425336466567,11.98355052339244,20.938901944029055,0,65.74803149606299,17.910702841273228,-4,0,12.8
39,2017-09-13,2017-09-10,29.63789788506729,11.915189062166201,20.776543473616744,0,67.71653543307086,17.72270882290109,-3,0,12.5
39,2017-09-13,2017-09-11,29.70625934629353,11.56483657338176,20.635547959837645,0,64.1732283464567,18.141422772911767,-2,0,11
39,2017-09-13,2017-09-12,30.6633198034608,13.99166844691305,22.327494125186924,0,69.29133858267717,16.671651356547752,-1,0,13.9
39,2017-09-13,2017-09-13,29.99679555650502,12.59880367442854,21.29779961546678,0,66.53543307086613,17.397991882076482,0,0,12
39,2017-09-13,2017-09-14,31.24439222388379,12.53044221320231,21.88741721854305,0,55.11811023622047,18.71395001068148,1,0,11.1
39,2017-09-13,2017-09-15,32.25272377697073,13.80367442854091,23.02819910275582,0,62.59842519685039,18.449049348429824,2,0,10.4
39,2017-09-13,2017-09-16,29.62080751976074,15.47853022858364,22.54966887417219,0,68.89763779527559,14.142277291177098,3,0,14
39,2017-09-13,2017-09-17,28.40739158299509,14.71800897244179,21.56270027771844,0,76.77165354330708,13.6893826105533,4,0,14.7
39,2017-09-13,2017-09-18,28.01431318094424,15.35889767143773,21.686605426190983,0,75.98425196850394,12.65541550950651,5,0,13.9
39,2017-09-13,2017-09-19,30.38987395855586,14.88036744285409,22.635120700704977,0,71.25984251968504,15.50950651570177,6,0,13.7
39,2017-09-13,2017-09-20,28.7321085238197,13.28241828669088,21.00726340525529,0,69.68503937007874,15.44969023712882,7,0,11.6
39,2017-09-13,2017-09-21,30.61204870754112,11.53920102542192,21.07562486648152,0,69.68503937007874,19.0728476821192,8,0,9.8
39,2017-09-13,2017-09-22,31.36402478102969,12.17154454176458,21.767784661397137,0,62.59842519685039,19.19248023926511,9,0,11.4
39,2017-09-13,2017-09-23,27.8263191625721,16.17069002349925,21.998504593035676,0,71.25984251968504,11.65562913907285,10,0,10.7
39,2017-09-13,2017-09-24,19.91348002563555,14.93163853877377,17.42255928220466,6.475264748069691,83.46456692913385,4.98184148686178,11,0,13.7
39,2017-09-13,2017-09-25,24.51078829309976,15.30762657551805,19.909207434308904,0,75.98425196850394,9.203161717581713,12,0,12.3
39,2017-09-13,2017-09-26,25.24567400128178,11.62465285195471,18.43516342661825,0,73.22834645669292,13.62102114932707,13,0,11.3
39,2017-09-13,2017-09-27,29.39863277077547,12.83806878872036,21.118350779747914,0,66.53543307086613,16.56056398205511,14,0,12.7
39,2017-09-13,2017-09-28,24.71587267677847,13.69258705404828,19.204229865413375,0,81.1023622047244,11.02328562273019,15,0,14.4
39,2017-09-13,2017-09-29,16.90557573168126,14.31638538773766,15.61098055970946,9.764397106845308,93.30708661417324,2.589190343943601,16,0,13.7
39,2017-09-13,2017-09-30,21.46870326853237,14.55565050202948,18.012176885280923,20.20172734763634,89.37007874015748,6.91305276650289,17,0,14.3
39,2017-09-13,2017-10-01,25.57039094210639,13.88058107242042,19.72548600726341,1.606799523911263,80.70866141732283,11.68980986968597,18,0,14.5
39,2017-09-13,2017-10-02,20.13565477462081,13.67549668874172,16.905575731681267,22.71492660298472,81.1023622047244,6.46015808587909,19,0,14.6
39,2017-09-13,2017-10-03,20.61418500320444,7.945951719718009,14.280068361461224,3.254799035615093,66.53543307086613,12.668233283486432,20,0,7.1
39,2017-09-13,2017-10-04,23.72463148899808,5.480666524246956,14.60264900662252,0,62.20472440944881,18.243964964751125,21,0,6.2
39,2017-09-13,2017-10-05,28.49284340952788,7.296517838068788,17.894680623798333,0,68.11023622047244,21.19632557145909,22,0,11.4
39,2017-09-13,2017-10-06,30.54368724631489,13.78658406323435,22.16513565477462,0,79.13385826771653,16.757103183080538,23,0,17.1
39,2017-09-13,2017-10-07,20.631275368511,15.73488570818201,18.183080538346506,27.54905850398265,90.94488188976378,4.8963896603289925,24,0,16.1
39,2017-09-13,2017-10-08,23.55372783593249,14.23947874385815,18.89660328989532,25.65385906552325,85.03937007874015,9.31424909207434,25,0,14.5
39,2017-09-13,2017-10-09,21.0414441358684,14.47019867549669,17.755821405682546,11.43986327707754,89.76377952755905,6.57124546037171,26,0,16.8
39,2017-09-13,2017-10-10,22.69920957060457,13.21405682546464,17.956633198034606,1.441999572740855,86.22047244094487,9.48515274513993,27,0,16.4
39,2017-09-13,2017-10-11,31.22730185857723,14.52146977141636,22.874385814996796,4.676198614459679,78.74015748031496,16.70583208716087,28,0,18.3
40,2017-09-23,2017-08-26,27.60414441358684,12.70989104892117,20.157017731254005,0,67.32283464566929,14.894253364665673,-28,0,14
40,2017-09-23,2017-08-27,19.6058534501175,14.41038239692374,17.008117923520622,0.9201330607013176,85.8267716535433,5.19547105319376,-27,0,15.3
40,2017-09-23,2017-08-28,26.20273445844905,13.70967741935484,19.956205938901945,2.739799188207655,80.31496062992126,12.49305703909421,-26,0,15.7
40,2017-09-23,2017-08-29,30.20187994018372,16.315958128605,23.25891903439436,1.359599597155665,66.92913385826772,13.88592181157872,-25,0,16.8
40,2017-09-23,2017-08-30,22.61375774407178,12.21427045503098,17.41401409955138,0,72.83464566929133,10.3994872890408,-24,0,13.1
40,2017-09-23,2017-08-31,24.40824610126042,7.907498397778252,16.157872249519336,0,70.07874015748031,16.50074770348217,-23,0,9.5
40,2017-09-23,2017-09-01,25.3994872890408,13.21405682546464,19.30677205725272,0,71.25984251968504,12.18543046357616,-22,0,13.7
40,2017-09-23,2017-09-02,26.81798760948515,13.90621662038026,20.362102114932704,0,68.89763779527559,12.911770989104893,-21,0,13.9
40,2017-09-23,2017-09-03,29.31318094424268,12.21427045503098,20.76372569963683,0,66.92913385826772,17.0989104892117,-20,0,14.6
40,2017-09-23,2017-09-04,30.20187994018372,15.50416577654347,22.853022858363595,0,59.44881889763779,14.69771416364025,-19,0,14.4
40,2017-09-23,2017-09-05,23.81008331553087,15.70925016022217,19.75966673787652,0,72.44094488188976,8.1008331553087,-18,0,13.8
40,2017-09-23,2017-09-06,28.49284340952788,12.21427045503098,20.35355693227943,0.4325998718222479,73.62204724409449,16.278572954496898,-17,0,14.4
40,2017-09-23,2017-09-07,29.19354838709678,15.50416577654347,22.348857081820125,0,59.44881889763779,13.68938261055331,-16,0,13.8
40,2017-09-23,2017-09-08,29.99679555650502,15.00854518265328,22.50267036957915,0,52.36220472440944,14.98825037385174,-15,0,12
40,2017-09-23,2017-09-09,29.39863277077547,16.99957274086734,23.199102755821407,0,56.29921259842519,12.399060029908131,-14,0,13.4
40,2017-09-23,2017-09-10,31.80837427900021,16.40995513779107,24.10916470839564,0,53.54330708661416,15.39841914120914,-13,0,14.2
40,2017-09-23,2017-09-11,25.3994872890408,13.90621662038026,19.652851954710528,0.8789330729087226,74.40944881889763,11.49327066866054,-12,0,13.2
40,2017-09-23,2017-09-12,26.81798760948515,14.00875881221961,20.41337321085238,2.53379924924468,86.61417322834646,12.809228797265542,-11,0,15
40,2017-09-23,2017-09-13,31.00512710959197,13.80367442854091,22.40440076906644,0.04806665242469421,75.98425196850394,17.20145268105106,-10,0,16
40,2017-09-23,2017-09-14,30.40696432386243,16.90557573168126,23.656270027771846,1.757866145817445,62.20472440944881,13.501388592181168,-9,0,12.5
40,2017-09-23,2017-09-15,17.81136509292886,12.70989104892117,15.260628070925016,24.87105929746392,95.66929133858268,5.10147404400769,-8,0,15.1
40,2017-09-23,2017-09-16,16.81157872249519,12.70989104892117,14.760734885708182,24.89852595599231,96.06299212598424,4.1016876735740215,-7,0,14.5
40,2017-09-23,2017-09-17,20.61418500320444,12.30826746421705,16.461226233710747,4.325998718222593,87.00787401574803,8.30591753898739,-6,0,13
40,2017-09-23,2017-09-18,26.3052766502884,11.7101046784875,19.00769066438795,0,79.13385826771653,14.595171971800898,-5,0,13.4
40,2017-09-23,2017-09-19,29.80880153813288,14.41038239692374,22.10959196752831,0.08926664021728925,70.86614173228347,15.39841914120914,-4,0,15.5
40,2017-09-23,2017-09-20,30.40696432386243,15.11108737449263,22.75902584917753,0,58.26771653543306,15.2958769493698,-3,0,15.7
40,2017-09-23,2017-09-21,30.81713309121982,15.80324716940825,23.310190130314034,0,50.39370078740157,15.01388592181157,-2,0,13.8
40,2017-09-23,2017-09-22,31.19312112796411,16.315958128605,23.75453962828455,0,57.87401574803149,14.877162999359108,-1,0,14.6
40,2017-09-23,2017-09-23,20.61418500320444,15.4101687673574,18.01217688528092,5.877864925077063,89.37007874015748,5.204016235847041,0,0,16.5
40,2017-09-23,2017-09-24,25.99765007477035,13.70967741935484,19.85366374706259,1.098666341135896,80.31496062992126,12.287972655415508,1,0,15.1
40,2017-09-23,2017-09-25,27.39906002990814,14.90600299081393,21.152531510361033,0,70.07874015748031,12.493057039094207,2,0,15
40,2017-09-23,2017-09-26,29.19354838709678,14.50437940610981,21.848963896603298,0,69.29133858267717,14.689168980986969,3,0,15
40,2017-09-23,2017-09-27,24.40824610126042,14.30784020508438,19.3580431531724,0,75.98425196850394,10.10040589617604,4,0,14.3
40,2017-09-23,2017-09-28,19.99893185216834,14.70946378978851,17.354197820978424,1.902066103091528,88.58267716535433,5.2894680623798305,5,0,14.8
40,2017-09-23,2017-09-29,15.60670796838282,13.70967741935484,14.65819269386883,8.260597552415533,90.94488188976378,1.8970305490279795,6,0,13
40,2017-09-23,2017-09-30,23.39991454817347,13.11151463362529,18.25571459089938,6.537064729758612,83.85826771653544,10.28839991454818,7,0,13.6
40,2017-09-23,2017-10-01,27.0059816278573,12.80388805810724,19.90493484298227,5.637531662953592,81.49606299212599,14.202093569750058,8,0,15
40,2017-09-23,2017-10-02,16.99957274086734,11.30848109378338,14.15402691732536,26.60145878475294,81.88976377952756,5.69109164708396,9,0,10.3
40,2017-09-23,2017-10-03,20.40910061952574,5.805383465071566,13.107242042298656,0.6935331278420449,65.74803149606299,14.603717154454175,10,0,5.8
40,2017-09-23,2017-10-04,24.40824610126042,9.00982696005127,16.709036530655844,0,55.11811023622047,15.39841914120915,11,0,8
40,2017-09-23,2017-10-05,28.98846400341807,12.4108096560564,20.699636829737237,0,50.78740157480314,16.57765434736167,12,0,11.4
40,2017-09-23,2017-10-06,21.99850459303568,16.1108737449263,19.054689168980993,2.966399121066928,81.1023622047244,5.887630848109378,13,0,16.5
40,2017-09-23,2017-10-07,22.90429395428327,15.4101687673574,19.157231360820333,4.717398602252274,77.16535433070865,7.494125186925869,14,0,14.9
40,2017-09-23,2017-10-08,24.40824610126042,12.60734885708182,18.50779747917112,0.5699331644642598,74.40944881889763,11.8008972441786,15,0,13.1
40,2017-09-23,2017-10-09,24.40824610126042,15.60670796838282,20.00747703482162,8.391064180425417,85.03937007874015,8.801538132877601,16,0,15.9
40,2017-09-23,2017-10-10,22.40867336039308,16.99957274086734,19.70412305063021,0.2952665791802644,88.9763779527559,5.409100619525741,17,0,17.8
40,2017-09-23,2017-10-11,22.20358897671438,16.40995513779107,19.30677205725272,39.03012176885281,89.37007874015748,5.793633838923309,18,0,18
40,2017-09-23,2017-10-12,23.50245674001282,16.60649433881649,20.054475539414653,28.89492477187414,90.94488188976378,6.895962401196332,19,0,18.9
40,2017-09-23,2017-10-13,20.61418500320444,14.70946378978851,17.661824396496474,32.7402569658498,94.09448818897636,5.904721213415931,20,0,18.8
40,2017-09-23,2017-10-14,19.40076906643879,13.11151463362529,16.25614185003204,14.20026245918149,88.9763779527559,6.2892544328135,21,0,13.2
40,2017-09-23,2017-10-15,24.49369792779321,10.11215552232429,17.30292672505875,0.2265999328592727,72.44094488188976,14.38154240546892,22,0,10.9
40,2017-09-23,2017-10-16,27.19397564622944,12.30826746421705,19.751121555223243,0,67.71653543307086,14.88570818201239,23,0,13
40,2017-09-23,2017-10-17,29.19354838709678,14.00875881221961,21.601153599658193,0.08926664021728925,60.62992125984251,15.18478957487717,24,0,14.3
40,2017-09-23,2017-10-18,29.39863277077547,16.40995513779107,22.90429395428327,0,68.50393700787401,12.988677632984402,25,0,17.9
40,2017-09-23,2017-10-19,25.1944029053621,14.60692159794916,19.900662251655632,15.79332865382855,83.46456692913385,10.58748130741294,26,0,16.9
40,2017-09-23,2017-10-20,27.39906002990814,13.41059602649007,20.404828028199105,2.259132663960685,75.19685039370079,13.988464003418068,27,0,14.9
40,2017-09-23,2017-10-21,20.99017303994873,15.70925016022217,18.34971160008545,6.811731315042579,90.94488188976378,5.280922879726559,28,0,17.5
41,2017-10-03,2017-09-05,23.81008331553087,15.70925016022217,19.75966673787652,0,72.44094488188976,8.1008331553087,-28,0,13.8
41,2017-10-03,2017-09-06,28.49284340952788,12.21427045503098,20.35355693227943,0.4325998718222479,73.62204724409449,16.278572954496898,-27,0,14.4
41,2017-10-03,2017-09-07,29.19354838709678,15.50416577654347,22.348857081820125,0,59.44881889763779,13.68938261055331,-26,0,13.8
41,2017-10-03,2017-09-08,29.99679555650502,15.00854518265328,22.50267036957915,0,52.36220472440944,14.98825037385174,-25,0,12
41,2017-10-03,2017-09-09,29.39863277077547,16.99957274086734,23.199102755821407,0,56.29921259842519,12.399060029908131,-24,0,13.4
41,2017-10-03,2017-09-10,31.80837427900021,16.40995513779107,24.10916470839564,0,53.54330708661416,15.39841914120914,-23,0,14.2
41,2017-10-03,2017-09-11,25.3994872890408,13.90621662038026,19.652851954710528,0.8789330729087226,74.40944881889763,11.49327066866054,-22,0,13.2
41,2017-10-03,2017-09-12,26.81798760948515,14.00875881221961,20.41337321085238,2.53379924924468,86.61417322834646,12.809228797265542,-21,0,15
41,2017-10-03,2017-09-13,31.00512710959197,13.80367442854091,22.40440076906644,0.04806665242469421,75.98425196850394,17.20145268105106,-20,0,16
41,2017-10-03,2017-09-14,30.40696432386243,16.90557573168126,23.656270027771846,1.757866145817445,62.20472440944881,13.501388592181168,-19,0,12.5
41,2017-10-03,2017-09-15,17.81136509292886,12.70989104892117,15.260628070925016,24.87105929746392,95.66929133858268,5.10147404400769,-18,0,15.1
41,2017-10-03,2017-09-16,16.81157872249519,12.70989104892117,14.760734885708182,24.89852595599231,96.06299212598424,4.1016876735740215,-17,0,14.5
41,2017-10-03,2017-09-17,20.61418500320444,12.30826746421705,16.461226233710747,4.325998718222593,87.00787401574803,8.30591753898739,-16,0,13
41,2017-10-03,2017-09-18,26.3052766502884,11.7101046784875,19.00769066438795,0,79.13385826771653,14.595171971800898,-15,0,13.4
41,2017-10-03,2017-09-19,29.80880153813288,14.41038239692374,22.10959196752831,0.08926664021728925,70.86614173228347,15.39841914120914,-14,0,15.5
41,2017-10-03,2017-09-20,30.40696432386243,15.11108737449263,22.75902584917753,0,58.26771653543306,15.2958769493698,-13,0,15.7
41,2017-10-03,2017-09-21,30.81713309121982,15.80324716940825,23.310190130314034,0,50.39370078740157,15.01388592181157,-12,0,13.8
41,2017-10-03,2017-09-22,31.19312112796411,16.315958128605,23.75453962828455,0,57.87401574803149,14.877162999359108,-11,0,14.6
41,2017-10-03,2017-09-23,20.61418500320444,15.4101687673574,18.01217688528092,5.877864925077063,89.37007874015748,5.204016235847041,-10,0,16.5
41,2017-10-03,2017-09-24,25.99765007477035,13.70967741935484,19.85366374706259,1.098666341135896,80.31496062992126,12.287972655415508,-9,0,15.1
41,2017-10-03,2017-09-25,27.39906002990814,14.90600299081393,21.152531510361033,0,70.07874015748031,12.493057039094207,-8,0,15
41,2017-10-03,2017-09-26,29.19354838709678,14.50437940610981,21.848963896603298,0,69.29133858267717,14.689168980986969,-7,0,15
41,2017-10-03,2017-09-27,24.40824610126042,14.30784020508438,19.3580431531724,0,75.98425196850394,10.10040589617604,-6,0,14.3
41,2017-10-03,2017-09-28,19.99893185216834,14.70946378978851,17.354197820978424,1.902066103091528,88.58267716535433,5.2894680623798305,-5,0,14.8
41,2017-10-03,2017-09-29,15.60670796838282,13.70967741935484,14.65819269386883,8.260597552415533,90.94488188976378,1.8970305490279795,-4,0,13
41,2017-10-03,2017-09-30,23.39991454817347,13.11151463362529,18.25571459089938,6.537064729758612,83.85826771653544,10.28839991454818,-3,0,13.6
41,2017-10-03,2017-10-01,27.0059816278573,12.80388805810724,19.90493484298227,5.637531662953592,81.49606299212599,14.202093569750058,-2,0,15
41,2017-10-03,2017-10-02,16.99957274086734,11.30848109378338,14.15402691732536,26.60145878475294,81.88976377952756,5.69109164708396,-1,0,10.3
41,2017-10-03,2017-10-03,20.40910061952574,5.805383465071566,13.107242042298656,0.6935331278420449,65.74803149606299,14.603717154454175,0,0,5.8
41,2017-10-03,2017-10-04,24.40824610126042,9.00982696005127,16.709036530655844,0,55.11811023622047,15.39841914120915,1,0,8
41,2017-10-03,2017-10-05,28.98846400341807,12.4108096560564,20.699636829737237,0,50.78740157480314,16.57765434736167,2,0,11.4
41,2017-10-03,2017-10-06,21.99850459303568,16.1108737449263,19.054689168980993,2.966399121066928,81.1023622047244,5.887630848109378,3,0,16.5
41,2017-10-03,2017-10-07,22.90429395428327,15.4101687673574,19.157231360820333,4.717398602252274,77.16535433070865,7.494125186925869,4,0,14.9
41,2017-10-03,2017-10-08,24.40824610126042,12.60734885708182,18.50779747917112,0.5699331644642598,74.40944881889763,11.8008972441786,5,0,13.1
41,2017-10-03,2017-10-09,24.40824610126042,15.60670796838282,20.00747703482162,8.391064180425417,85.03937007874015,8.801538132877601,6,0,15.9
41,2017-10-03,2017-10-10,22.40867336039308,16.99957274086734,19.70412305063021,0.2952665791802644,88.9763779527559,5.409100619525741,7,0,17.8
41,2017-10-03,2017-10-11,22.20358897671438,16.40995513779107,19.30677205725272,39.03012176885281,89.37007874015748,5.793633838923309,8,0,18
41,2017-10-03,2017-10-12,23.50245674001282,16.60649433881649,20.054475539414653,28.89492477187414,90.94488188976378,6.895962401196332,9,0,18.9
41,2017-10-03,2017-10-13,20.61418500320444,14.70946378978851,17.661824396496474,32.7402569658498,94.09448818897636,5.904721213415931,10,0,18.8
41,2017-10-03,2017-10-14,19.40076906643879,13.11151463362529,16.25614185003204,14.20026245918149,88.9763779527559,6.2892544328135,11,0,13.2
41,2017-10-03,2017-10-15,24.49369792779321,10.11215552232429,17.30292672505875,0.2265999328592727,72.44094488188976,14.38154240546892,12,0,10.9
41,2017-10-03,2017-10-16,27.19397564622944,12.30826746421705,19.751121555223243,0,67.71653543307086,14.88570818201239,13,0,13
41,2017-10-03,2017-10-17,29.19354838709678,14.00875881221961,21.601153599658193,0.08926664021728925,60.62992125984251,15.18478957487717,14,0,14.3
41,2017-10-03,2017-10-18,29.39863277077547,16.40995513779107,22.90429395428327,0,68.50393700787401,12.988677632984402,15,0,17.9
41,2017-10-03,2017-10-19,25.1944029053621,14.60692159794916,19.900662251655632,15.79332865382855,83.46456692913385,10.58748130741294,16,0,16.9
41,2017-10-03,2017-10-20,27.39906002990814,13.41059602649007,20.404828028199105,2.259132663960685,75.19685039370079,13.988464003418068,17,0,14.9
41,2017-10-03,2017-10-21,20.99017303994873,15.70925016022217,18.34971160008545,6.811731315042579,90.94488188976378,5.280922879726559,18,0,17.5
41,2017-10-03,2017-10-22,17.999359111301,11.30848109378338,14.653920102542193,11.11026337473677,70.47244094488188,6.690878017517621,19,0,10.4
41,2017-10-03,2017-10-23,22.20358897671438,4.814142277291177,13.508865627002775,0.08926664021728925,58.66141732283464,17.389446699423203,20,0,6
41,2017-10-03,2017-10-24,28.20230719931639,10.80431531723991,19.50331125827815,0,62.99212598425196,17.397991882076482,21,0,11.5
41,2017-10-03,2017-10-25,19.99893185216834,14.00875881221961,17.003845332193976,10.97293008209479,81.88976377952756,5.990173039948731,22,0,13.7
41,2017-10-03,2017-10-26,25.91219824823756,12.21427045503098,19.06323435163427,1.771599475081644,79.5275590551181,13.697927793206578,23,0,14.7
41,2017-10-03,2017-10-27,24.49369792779321,14.80346079897458,19.648579363383895,0.9407330545976152,81.88976377952756,9.69023712881863,24,0,16.2
41,2017-10-03,2017-10-28,23.60499893185217,12.90643024994659,18.25571459089938,6.447798089541294,77.16535433070865,10.69856868190558,25,0,13.1
41,2017-10-03,2017-10-29,28.69792779320658,11.7101046784875,20.204016235847043,1.847132786034734,73.62204724409449,16.98782311471908,26,0,13.8
41,2017-10-03,2017-10-30,25.50202948088015,14.70946378978851,20.10574663533433,5.053865169225134,79.92125984251969,10.79256569109164,27,0,16.9
41,2017-10-03,2017-10-31,23.81008331553087,13.80367442854091,18.80687887203589,0.1373332926419835,59.84251968503936,10.00640888698996,28,0,11.3
42,2017-09-26,2017-08-29,25.72420422986541,17.48664815210425,21.60542619098483,0,83.46456692913385,8.237556077761159,-28,0,19.2
42,2017-09-26,2017-08-30,23.4682760093997,11.58192693868831,17.525101474044003,2.121799371318701,77.16535433070865,11.886349070711388,-27,0,12.2
42,2017-09-26,2017-08-31,19.38367870113224,9.975432599871825,14.679555650502031,0,78.74015748031496,9.408246101260415,-26,0,9.4
42,2017-09-26,2017-09-01,21.87887203588977,14.94872890408032,18.413800469985045,0,80.31496062992126,6.93014313180945,-25,0,13.4
42,2017-09-26,2017-09-02,28.39030121768853,16.12796411023286,22.259132663960695,0,75.59055118110236,12.262337107455672,-24,0,16.8
42,2017-09-26,2017-09-03,33.93612475966674,16.45268105105747,25.194402905362104,0,69.68503937007874,17.48344370860927,-23,0,18
42,2017-09-26,2017-09-04,28.61247596667379,19.29822687459944,23.955351420636617,0,73.62204724409449,9.314249092074352,-22,0,17.9
42,2017-09-26,2017-09-05,20.20401623584704,13.0260628070925,16.615039521469768,11.14459669789727,95.2755905511811,7.177953428754538,-21,0,14.4
42,2017-09-26,2017-09-06,19.55458235419782,10.08651997436445,14.820551164281136,4.909665211951051,89.76377952755905,9.46806237983337,-20,0,12.3
42,2017-09-26,2017-09-07,24.51078829309976,17.17047639393292,20.84063234351634,4.909665211951051,85.43307086614173,7.340311899166842,-19,0,17.7
42,2017-09-26,2017-09-08,25.94637897885067,17.43537705618458,21.690878017517623,1.098666341135896,85.43307086614173,8.51100192266609,-18,0,18.1
42,2017-09-26,2017-09-09,21.98141422772912,17.70882290108951,19.84511856440931,0.08239997558519008,88.9763779527559,4.27259132663961,-17,0,17.7
42,2017-09-26,2017-09-10,23.89553514206366,18.42661824396496,21.16107669301431,0,79.5275590551181,5.468916898098701,-16,0,18.1
42,2017-09-26,2017-09-11,24.95513779107029,14.53001495406964,19.742576372569964,0.06179998168889256,73.62204724409449,10.425122837000648,-15,0,14.5
42,2017-09-26,2017-09-12,20.18692587054048,9.924161503952147,15.055543687246312,0,81.49606299212599,10.262764366588334,-14,0,10.5
42,2017-09-26,2017-09-13,19.70839564195685,13.9745780816065,16.841486861781675,28.12585833307901,94.48818897637796,5.733817560350351,-13,0,15.5
42,2017-09-26,2017-09-14,19.40076906643879,15.6152531510361,17.508011108737445,29.08719138157292,96.06299212598424,3.7855159154026903,-12,0,16.4
42,2017-09-26,2017-09-15,19.26404614398633,13.00042725913266,16.132236701559496,29.03225806451613,87.79527559055117,6.2636188848536705,-11,0,13.1
42,2017-09-26,2017-09-16,16.98248237556078,14.17111728263192,15.576799829096352,2.471999267555759,92.51968503937007,2.8113650929288614,-10,0,13.9
42,2017-09-26,2017-09-17,21.17816705832087,14.65819269386883,17.91817987609485,4.689931943723877,87.00787401574803,6.51997436445204,-9,0,13.5
42,2017-09-26,2017-09-18,21.02435377056185,11.43665883358257,16.230506302072207,10.60213019196144,85.43307086614173,9.58769493697928,-8,0,12.6
42,2017-09-26,2017-09-19,22.13522751548814,16.52958769493698,19.33240760521256,0.2883999145481653,87.4015748031496,5.605639820551161,-7,0,15.6
42,2017-09-26,2017-09-20,27.92886135441145,18.58043153172399,23.25464644306772,0,82.28346456692913,9.34842982268746,-6,0,18.4
42,2017-09-26,2017-09-21,23.24610126041444,18.03353984191412,20.63982055116428,0,83.07086614173228,5.2125614185003215,-5,0,19.2
42,2017-09-26,2017-09-22,18.87096774193548,15.80324716940825,17.337107455671866,0,94.48818897637796,3.0677205725272305,-4,0,16.3
42,2017-09-26,2017-09-23,19.79384746848964,14.2992950224311,17.04657124546037,7.992797631763665,89.76377952755905,5.494552446058542,-3,0,14.2
42,2017-09-26,2017-09-24,20.64836573381756,9.872890408032472,15.260628070925016,0,84.25196850393701,10.775475325785088,-2,0,12.9
42,2017-09-26,2017-09-25,25.67293313394574,17.28156376842555,21.477248451185645,0,81.49606299212599,8.391369365520191,-1,0,16.5
42,2017-09-26,2017-09-26,25.05767998290963,18.7000640888699,21.878872035889763,0,89.37007874015748,6.3576158940397285,0,0,18.3
42,2017-09-26,2017-09-27,22.25486007263405,16.05960264900662,19.157231360820333,13.34192938016906,92.91338582677164,6.195257423627428,1,0,17
42,2017-09-26,2017-09-28,20.37491988891263,14.99145481734672,17.683187353129675,4.236732078005303,77.16535433070865,5.38346507156591,2,0,10.7
42,2017-09-26,2017-09-29,19.55458235419782,14.41038239692374,16.982482375560778,0,79.13385826771653,5.144199957274079,3,0,11.1
42,2017-09-26,2017-09-30,21.58833582567827,15.78615680410169,18.687246314889983,16.35639515366069,91.73228346456692,5.802179021576581,4,0,15.5
42,2017-09-26,2017-10-01,25.17731254005555,13.38496047853023,19.28113650929289,0.8514664143803259,88.18897637795276,11.79235206152532,5,0,16.3
42,2017-09-26,2017-10-02,18.54625080111087,14.37620166631062,16.461226233710743,25.0083925901059,79.5275590551181,4.17004913480025,6,0,11.8
42,2017-09-26,2017-10-03,23.57081820123905,9.838709677419356,16.704763939329204,0.7621997741630366,66.53543307086613,13.732108523819694,7,0,8.8
42,2017-09-26,2017-10-04,29.07391582995086,12.48771629993591,20.780816064943384,0,57.87401574803149,16.58619953001495,8,0,12
42,2017-09-26,2017-10-05,30.18478957487716,15.32471694082461,22.754753257850886,0,59.44881889763779,14.860072634052552,9,0,13.9
42,2017-09-26,2017-10-06,25.33112582781457,14.47874385814997,19.90493484298227,6.646931363872199,72.83464566929133,10.8523819696646,10,0,16
42,2017-09-26,2017-10-07,21.17816705832087,10.50523392437513,15.841700491348,0,68.89763779527559,10.67293313394574,11,0,10.4
42,2017-09-26,2017-10-08,21.82760093997009,16.73467207861568,19.281136509292885,0.0755333109530909,75.98425196850394,5.092928861354409,12,0,12.1
42,2017-09-26,2017-10-09,27.75795770134587,17.52082888271737,22.63939329203162,0.0755333109530909,78.74015748031496,10.2371288186285,13,0,17.5
42,2017-09-26,2017-10-10,22.39158299508652,13.00897244178594,17.70027771843623,0,79.92125984251969,9.38261055330058,14,0,14.1
42,2017-09-26,2017-10-11,17.60628070925016,15.76052125614185,16.683400982696007,4.236732078005303,88.9763779527559,1.845759453108311,15,0,14.6
42,2017-09-26,2017-10-12,17.01666310617389,12.31681264687033,14.66673787652211,28.12585833307901,92.51968503937007,4.69985045930356,16,0,14.3
42,2017-09-26,2017-10-13,18.17026276436659,15.98269600512711,17.07647938474685,67.56797997985777,96.8503937007874,2.1875667592394805,17,0,15.2
42,2017-09-26,2017-10-14,19.72548600726341,13.17133091219825,16.448408459730828,25.83239234595783,85.03937007874015,6.554155095065159,18,0,12.4
42,2017-09-26,2017-10-15,24.01516769920957,8.79619739371929,16.40568254646443,6.468398083437592,67.32283464566929,15.21897030549028,19,0,10.2
42,2017-09-26,2017-10-16,23.72463148899808,12.38517410809656,18.05490279854732,0,74.80314960629921,11.33945738090152,20,0,14.1
42,2017-09-26,2017-10-17,25.05767998290963,17.84554582354198,21.451612903225804,0,78.74015748031496,7.212134159367651,21,0,17
42,2017-09-26,2017-10-18,22.1523178807947,18.80260628070925,20.477462080751977,0.2403332621234711,92.1259842519685,3.3497116000854525,22,0,19.8
42,2017-09-26,2017-10-19,21.41743217261269,15.06836146122623,18.24289681691946,63.0634479812006,83.85826771653544,6.349070711386458,23,0,16.8
42,2017-09-26,2017-10-20,23.02392651142918,8.830378124332409,15.927152317880797,0,77.16535433070865,14.193548387096772,24,0,12.4
42,2017-09-26,2017-10-21,22.37449262977996,17.87972655415509,20.127109591967525,8.03399761955626,90.15748031496062,4.49476607562487,25,0,17.1
42,2017-09-26,2017-10-22,18.42661824396496,9.830164494766075,14.128391369365518,3.920865504928742,66.53543307086613,8.596453749198883,26,0,7.4
42,2017-09-26,2017-10-23,20.20401623584704,7.967314676351207,14.085665456099123,12.77199621570483,66.53543307086613,12.236701559495833,27,0,7.6
42,2017-09-26,2017-10-24,21.36616107669301,9.377269814142275,15.371715445417644,0,72.44094488188976,11.988891262550734,28,0,10.8
43,2018-09-20,2018-08-23,17.7942747276223,8.104037598803675,12.949156163212988,0.7003997924741441,88.18897637795276,9.690237128818628,-28,1,10.4
43,2018-09-20,2018-08-24,21.79342020935697,11.90664387951292,16.850032044434947,1.908932767723627,89.37007874015748,9.88677632984405,-27,1,15.4
43,2018-09-20,2018-08-25,14.80346079897458,5.702841273232215,10.253151036103397,6.928464613788265,73.22834645669292,9.100619525742363,-26,1,4.3
43,2018-09-20,2018-08-26,14.5898312326426,-0.2787865840632335,7.1555223242896835,0,62.99212598425196,14.868617816705834,-25,1,-0.3
43,2018-09-20,2018-08-27,21.79342020935697,7.706686605426191,14.75005340739158,0,55.11811023622047,14.086733603930778,-24,1,3.4
43,2018-09-20,2018-08-28,24.80132450331126,7.505874813074129,16.153599658192697,0,61.02362204724409,17.29544969023713,-23,1,8.3
43,2018-09-20,2018-08-29,27.79213843195898,14.90600299081393,21.349070711386453,0,67.71653543307086,12.886135441145049,-22,1,14.6
43,2018-09-20,2018-08-30,27.79213843195898,17.70882290108951,22.750480666524243,0.5287331766716648,70.47244094488188,10.08331553086947,-21,1,16.1
43,2018-09-20,2018-08-31,19.29822687459944,16.49540696432386,17.89681691946165,20.31159398174992,92.1259842519685,2.8028199102755806,-20,1,16.7
43,2018-09-20,2018-09-01,18.80260628070925,15.50416577654347,17.153386028626358,44.49598681600389,96.45669291338582,3.2984405041657787,-19,1,17.3
43,2018-09-20,2018-09-02,14.72655415509507,12.4108096560564,13.568681905575737,9.09833063753166,97.24409448818898,2.3157444990386686,-18,1,13.1
43,2018-09-20,2018-09-03,17.29865413373211,13.30805383465072,15.303353984191414,34.71785637989441,95.2755905511811,3.9906002990813914,-17,1,13
43,2018-09-20,2018-09-04,17.7942747276223,9.308908352916044,13.551591540269172,5.788598284859773,84.64566929133858,8.485366374706258,-16,1,9.5
43,2018-09-20,2018-09-05,21.29779961546678,7.706686605426191,14.502243110446486,1.290932950834673,72.83464566929133,13.591113010040589,-15,1,7.9
43,2018-09-20,2018-09-06,24.2886135441145,9.505447553941464,16.89703054902798,0,61.41732283464566,14.783165990173035,-14,1,8.8
43,2018-09-20,2018-09-07,26.80089724417859,11.70155949583422,19.251228370006405,0,64.56692913385827,15.09933774834437,-13,1,10.8
43,2018-09-20,2018-09-08,26.28818628498184,12.49626148258919,19.392223883785515,0,67.32283464566929,13.79192480239265,-12,1,12.3
43,2018-09-20,2018-09-09,23.39991454817347,10.90685750907926,17.153386028626365,0,74.80314960629921,12.49305703909421,-11,1,12.4
43,2018-09-20,2018-09-10,24.2886135441145,15.9057893612476,20.09720145268105,0,75.98425196850394,8.382824182866901,-10,1,12.8
43,2018-09-20,2018-09-11,22.28904080324717,12.49626148258919,17.39265114291818,0,79.13385826771653,9.792779320657978,-9,1,12.4
43,2018-09-20,2018-09-12,26.80089724417859,11.70155949583422,19.251228370006405,0,72.83464566929133,15.09933774834437,-8,1,13.1
43,2018-09-20,2018-09-13,21.79342020935697,14.49583422345653,18.14462721640675,0,79.13385826771653,7.29758598590044,-7,1,14.3
43,2018-09-20,2018-09-14,19.79384746848964,15.9057893612476,17.849818414868622,0.398266548661752,92.1259842519685,3.888058107242042,-6,1,15.2
43,2018-09-20,2018-09-15,23.79299295022431,15.50416577654347,19.648579363383888,8.411664174321714,85.43307086614173,8.28882717368084,-5,1,14.3
43,2018-09-20,2018-09-16,21.40034180730613,12.30826746421705,16.85430463576159,0.6729331339457474,82.28346456692913,9.09207434308908,-4,1,14.4
43,2018-09-20,2018-09-17,17.7942747276223,15.7007049775689,16.7474898525956,1.785332804345842,89.76377952755905,2.093569750053401,-3,1,14.5
43,2018-09-20,2018-09-18,23.29737235633412,11.70155949583422,17.49946592608417,28.31812494277779,85.8267716535433,11.5958128604999,-2,1,13.8
43,2018-09-20,2018-09-19,27.29651783806879,14.10275582140568,20.699636829737237,0,75.98425196850394,13.193762016663111,-1,1,14.8
43,2018-09-20,2018-09-20,24.80132450331126,16.29886776329844,20.550096133304848,0,81.88976377952756,8.502456740012821,0,1,16.1
43,2018-09-20,2018-09-21,28.80046998504593,14.90600299081393,21.85323648792993,0,79.13385826771653,13.894466994232,1,1,16.5
43,2018-09-20,2018-09-22,32.30399487289041,17.29865413373211,24.801324503311257,0,66.92913385826772,15.005340739158296,2,1,17.6
43,2018-09-20,2018-09-23,27.46742149113437,16.81157872249519,22.13950010681478,0,70.47244094488188,10.65584276863918,3,1,18.7
43,2018-09-20,2018-09-24,19.29822687459944,17.11066011535997,18.204443494979703,4.195532090212708,85.8267716535433,2.18756675923947,4,1,17.7
43,2018-09-20,2018-09-25,19.79384746848964,15.50416577654347,17.649006622516556,41.36478774376658,92.1259842519685,4.289681691946171,5,1,16.6
43,2018-09-20,2018-09-26,23.29737235633412,16.1108737449263,19.70412305063021,13.10159611804559,91.33858267716536,7.186498611407817,6,1,17.8
43,2018-09-20,2018-09-27,27.79213843195898,17.11066011535997,22.451399273659476,0,83.85826771653544,10.681478316599009,7,1,18
43,2018-09-20,2018-09-28,29.79171117282632,16.90557573168126,23.34864345225379,0.04806665242469421,77.95275590551181,12.88613544114506,8,1,18.5
43,2018-09-20,2018-09-29,31.29566331980346,19.50331125827815,25.39948728904081,0,70.86614173228347,11.79235206152531,9,1,18.7
43,2018-09-20,2018-09-30,23.82717368083743,15.10254219183935,19.46485793633839,18.93826105533006,83.46456692913385,8.72463148899808,10,1,18.3
43,2018-09-20,2018-10-01,22.80175176244392,16.29886776329844,19.55030976287118,3.556932279427485,90.5511811023622,6.502883999145482,11,1,18.2
43,2018-09-20,2018-10-02,19.79384746848964,14.10275582140568,16.948301644947662,29.19705801568651,93.7007874015748,5.691091647083962,12,1,15.3
43,2018-09-20,2018-10-03,17.7942747276223,13.30805383465072,15.551164281136511,35.70665608691672,91.33858267716536,4.486220892971582,13,1,13.3
43,2018-09-20,2018-10-04,22.80175176244392,12.30826746421705,17.555009613330483,0.04806665242469421,67.32283464566929,10.493484298226871,14,1,9.7
43,2018-09-20,2018-10-05,20.80217902157658,10.10361033967101,15.452894680623796,0,63.7795275590551,10.698568681905572,15,1,8.7
43,2018-09-20,2018-10-06,26.28818628498184,9.103823969237345,17.696005127109594,0,66.92913385826772,17.184362315744497,16,1,9.8
43,2018-09-20,2018-10-07,20.8363597521897,15.06836146122623,17.952360606707966,1.586199530014966,84.25196850393701,5.767998290963471,17,1,15.8
43,2018-09-20,2018-10-08,27.60414441358684,16.1108737449263,21.857509079256573,2.732932523575556,78.74015748031496,11.49327066866054,18,1,17.8
43,2018-09-20,2018-10-09,29.29609057893612,18.4949797051912,23.895535142063657,0,85.03937007874015,10.80111087374492,19,1,19.4
43,2018-09-20,2018-10-10,24.2886135441145,16.90557573168126,20.59709463789788,3.1998657185583,86.22047244094487,7.38303781243324,20,1,16.7
43,2018-09-20,2018-10-11,25.29694509720145,13.10296945097202,19.199957274086735,0.5149998474074664,73.62204724409449,12.19397564622943,21,1,12.9
43,2018-09-20,2018-10-12,26.80089724417859,16.70049134800256,21.750694296090575,0,77.55905511811024,10.100405896176028,22,1,16
43,2018-09-20,2018-10-13,21.79342020935697,13.50459303567614,17.649006622516556,24.00585955381939,90.94488188976378,8.288827173680831,23,1,15.1
43,2018-09-20,2018-10-14,22.27195043794061,10.20615253151036,16.239051484725486,0,76.77165354330708,12.06579790643025,24,1,11.7
43,2018-09-20,2018-10-15,27.29651783806879,14.49583422345653,20.89617603076266,0,75.59055118110236,12.80068361461226,25,1,13.2
43,2018-09-20,2018-10-16,29.29609057893612,15.7007049775689,22.49839777825251,0,73.62204724409449,13.59538560136722,26,1,16.2
43,2018-09-20,2018-10-17,26.80089724417859,18.10190130314036,22.451399273659476,0,83.46456692913385,8.69899594103823,27,1,19.5
43,2018-09-20,2018-10-18,28.80046998504593,18.10190130314036,23.451185644093144,25.48905911435284,83.46456692913385,10.69856868190557,28,1,20
44,2018-10-08,2018-09-10,21.55415509506516,10.78722495193335,16.170690023499255,0,82.28346456692913,10.766930143131807,-28,1,11.3
44,2018-10-08,2018-09-11,22.22067934202094,11.81264687032685,17.016663106173894,0,76.77165354330708,10.40803247169409,-27,1,11.3
44,2018-10-08,2018-09-12,18.56334116641743,10.95812860499893,14.76073488570818,0,82.28346456692913,7.605212561418501,-26,1,10.1
44,2018-10-08,2018-09-13,21.55415509506516,11.38538773766289,16.469771416364026,0.04119998779259504,80.70866141732283,10.168767357402269,-25,1,11.2
44,2018-10-08,2018-09-14,17.86263618884854,12.19718008972442,15.02990813928648,2.259132663960685,90.94488188976378,5.665456099124121,-24,1,12.5
44,2018-10-08,2018-09-15,22.88720358897671,12.00918607135227,17.44819483016449,0,85.8267716535433,10.87801751762444,-23,1,12.2
44,2018-10-08,2018-09-16,18.0848109378338,10.47105319376202,14.27793206579791,0.5081331827753672,83.07086614173228,7.613757744071782,-22,1,11.3
44,2018-10-08,2018-09-17,16.17069002349925,11.7101046784875,13.940397350993376,6.791131321146281,92.91338582677164,4.460585345011751,-21,1,12
44,2018-10-08,2018-09-18,23.9638966032899,12.17154454176458,18.06772057252724,0.2609332560197686,79.5275590551181,11.79235206152532,-20,1,12.7
44,2018-10-08,2018-09-19,24.33988464003418,12.23990600299081,18.289895321512496,4.387798699911485,83.85826771653544,12.099978637043373,-19,1,14
44,2018-10-08,2018-09-20,16.7688528092288,11.72719504379406,14.24802392651143,21.24546037171544,90.5511811023622,5.04165776543474,-18,1,13.1
44,2018-10-08,2018-09-21,24.579149754326,10.11215552232429,17.345652638325145,4.683065279091778,85.8267716535433,14.46699423200171,-17,1,13.6
44,2018-10-08,2018-09-22,28.27066866054262,12.88933988464003,20.580004272591324,0,74.80314960629921,15.381328775902588,-16,1,14.4
44,2018-10-08,2018-09-23,29.58662678914762,13.59859004486221,21.59260841700491,0,69.29133858267717,15.98803674428541,-15,1,15.4
44,2018-10-08,2018-09-24,31.36402478102969,15.88015381328776,23.622089297158727,1.23599963377788,74.40944881889763,15.48387096774193,-14,1,15.5
44,2018-10-08,2018-09-25,25.45075838496048,14.12839136936552,19.789574877163,10.34806360057374,84.25196850393701,11.32236701559496,-13,1,15.9
44,2018-10-08,2018-09-26,26.03183080538346,15.56398205511643,20.797906430249945,0,85.43307086614173,10.46784875026703,-12,1,16
44,2018-10-08,2018-09-27,22.32322153386028,14.41038239692374,18.36680196539201,0.04119998779259504,88.58267716535433,7.91283913693654,-11,1,15.3
44,2018-10-08,2018-09-28,24.69878231147191,15.25635547959838,19.977568895535143,0,83.07086614173228,9.44242683187353,-10,1,14.7
44,2018-10-08,2018-09-29,25.31403546250801,14.89745780816065,20.10574663533433,0,79.13385826771653,10.41657765434736,-9,1,14.9
44,2018-10-08,2018-09-30,22.75048066652425,15.76906643879513,19.25977355265969,7.031464583269752,85.8267716535433,6.98141422772912,-8,1,15.3
44,2018-10-08,2018-10-01,26.45908993804743,15.96560563982055,21.21234778893399,4.339732047486791,82.67716535433071,10.49348429822688,-7,1,15.5
44,2018-10-08,2018-10-02,21.72505874813074,15.8630634479812,18.79406109805597,9.153263954588454,93.30708661417324,5.861995300149539,-6,1,16.9
44,2018-10-08,2018-10-03,24.69878231147191,15.18799401837214,19.943388164922023,8.432264168218012,92.51968503937007,9.51078829309977,-5,1,16.5
44,2018-10-08,2018-10-04,20.23819696646016,14.65819269386883,17.448194830164496,1.730399487289048,92.51968503937007,5.580004272591328,-4,1,16.4
44,2018-10-08,2018-10-05,20.40910061952574,12.63298440504166,16.5210425122837,0,86.22047244094487,7.776116214484082,-3,1,13.1
44,2018-10-08,2018-10-06,13.78658406323435,10.96667378765221,12.37662892544328,4.477065340128775,93.7007874015748,2.8199102755821404,-2,1,11.1
44,2018-10-08,2018-10-07,16.15359965819269,11.3426618243965,13.748130741294595,8.693197424237809,94.48818897637796,4.81093783379619,-1,1,13.6
44,2018-10-08,2018-10-08,19.77675710318308,15.0427259132664,17.40974150822474,2.671132541886664,93.7007874015748,4.73403118991668,0,1,16
44,2018-10-08,2018-10-09,24.63042085024567,16.29886776329844,20.464644306772055,0.7690664387951358,87.4015748031496,8.331553086947231,1,1,16.7
44,2018-10-08,2018-10-10,24.18607135227516,14.88036744285409,19.533219397564626,0,85.8267716535433,9.30570390942107,2,1,16.8
44,2018-10-08,2018-10-11,18.51207007049776,12.95770134586627,15.734885708182016,0,89.37007874015748,5.554368724631489,3,1,13.4
44,2018-10-08,2018-10-12,24.80132450331126,12.88933988464003,18.845332193975644,0,84.64566929133858,11.91198461867123,4,1,13.5
44,2018-10-08,2018-10-13,23.16064943388165,17.48664815210425,20.32364879299295,2.904599139378035,88.18897637795276,5.6740012817774,5,1,18.1
44,2018-10-08,2018-10-14,24.39115573595386,15.18799401837214,19.789574877163,14.73586230048525,91.73228346456692,9.20316171758172,6,1,17.3
44,2018-10-08,2018-10-15,18.30698568681905,13.30805383465072,15.807519760734884,14.0903958250679,92.1259842519685,4.998931852168331,7,1,16.2
44,2018-10-08,2018-10-16,17.87972655415509,14.23947874385815,16.05960264900662,7.306131168553719,93.7007874015748,3.640247810296941,8,1,15.2
44,2018-10-08,2018-10-17,23.31446272164067,15.46143986327708,19.387951292458876,7.175664540543835,90.5511811023622,7.853022858363589,9,1,16.9
44,2018-10-08,2018-10-18,21.72505874813074,14.21384319589831,17.969450972014524,13.33506271553696,92.91338582677164,7.511215552232429,10,1,16.9
44,2018-10-08,2018-10-19,23.24610126041444,12.63298440504166,17.93954283272805,18.3889278847621,84.64566929133858,10.613116855372782,11,1,15
44,2018-10-08,2018-10-20,22.68211920529802,11.7955565050203,17.23883785515916,7.203131199072232,70.86614173228347,10.886562700277718,12,1,11
44,2018-10-08,2018-10-21,21.02435377056185,8.4842982268746,14.754325998718224,0,70.47244094488188,12.540055543687249,13,1,9.5
44,2018-10-08,2018-10-22,25.70711386455886,11.33411664174322,18.52061525315104,0,70.47244094488188,14.37299722281564,14,1,11.8
44,2018-10-08,2018-10-23,24.73296304208503,14.3420209356975,19.537491988891265,0.4394665364543471,76.37795275590551,10.390942106387527,15,1,15
44,2018-10-08,2018-10-24,19.5204016235847,13.48750267036958,16.50395214697714,1.805932798242139,94.48818897637796,6.0328989532151205,16,1,13.7
44,2018-10-08,2018-10-25,19.1956846827601,14.2992950224311,16.7474898525956,1.345866267891466,94.48818897637796,4.896389660329,17,1,14.4
44,2018-10-08,2018-10-26,20.99017303994873,16.20487075411237,18.59752189703055,5.424665059358489,95.2755905511811,4.785302285836359,18,1,16.4
44,2018-10-08,2018-10-27,23.72463148899808,14.91454817346721,19.319589831232648,11.53599658192692,77.16535433070865,8.810083315530871,19,1,14.4
44,2018-10-08,2018-10-28,23.86135441145055,8.198034607989745,16.029694509720148,0,66.14173228346456,15.663319803460803,20,1,8.9
44,2018-10-08,2018-10-29,23.33155308694723,11.93227942747276,17.631916257209994,0,73.22834645669292,11.39927365947447,21,1,11.1
44,2018-10-08,2018-10-30,27.46742149113437,12.17154454176458,19.819483016449475,0,73.22834645669292,15.29587694936979,22,1,13.9
44,2018-10-08,2018-10-31,22.3574022644734,14.19675283059175,18.277077547532578,3.268532364879292,84.64566929133858,8.16064943388165,23,1,16.1
44,2018-10-08,2018-11-01,20.13565477462081,13.59859004486221,16.867122409741512,13.16339609973448,89.76377952755905,6.537064729758601,24,1,13.9
44,2018-10-08,2018-11-02,24.30570390942106,13.74385814996796,19.02478102969451,0,84.64566929133858,10.5618457594531,25,1,15.6
44,2018-10-08,2018-11-03,26.35654774620808,14.80346079897458,20.58000427259133,0.1853999450666777,84.64566929133858,11.5530869472335,26,1,17.1
44,2018-10-08,2018-11-04,24.04934842982269,12.95770134586627,18.50352488784448,0.2059999389629752,78.74015748031496,11.09164708395642,27,1,15.5
44,2018-10-08,2018-11-05,23.60499893185217,12.69280068361461,18.14889980773339,0,73.62204724409449,10.91219824823756,28,1,12.6
45,2018-10-03,2018-09-05,19.21277504806665,4.882503738517411,12.04763939329203,0.0755333109530909,78.34645669291338,14.33027130954924,-28,1,7.1
45,2018-10-03,2018-09-06,22.61375774407178,4.814142277291177,13.71395001068148,0,79.5275590551181,17.7996154667806,-27,1,6.8
45,2018-10-03,2018-09-07,25.86092715231788,7.108523819696646,16.484725486007264,0,75.98425196850394,18.752403332621235,-26,1,9.5
45,2018-10-03,2018-09-08,25.86092715231788,9.787438581499678,17.824182866908778,0,79.92125984251969,16.073488570818203,-25,1,12.2
45,2018-10-03,2018-09-09,19.65712454603717,11.97500534073916,15.816064943388168,0,85.43307086614173,7.68211920529801,-24,1,12.2
45,2018-10-03,2018-09-10,21.63960692159795,10.92394787438582,16.281777397991885,0,82.28346456692913,10.715659047212128,-23,1,11.2
45,2018-10-03,2018-09-11,21.21234778893399,12.28263191625721,16.7474898525956,0,79.92125984251969,8.929715872676779,-22,1,11.2
45,2018-10-03,2018-09-12,19.00769066438795,12.05191198461867,15.52980132450331,0,84.25196850393701,6.955778679769281,-21,1,10.9
45,2018-10-03,2018-09-13,19.1102328562273,12.78679769280068,15.94851527451399,0.2540665913876694,86.22047244094487,6.323435163426618,-20,1,11.9
45,2018-10-03,2018-09-14,18.30698568681905,13.41914120914335,15.8630634479812,0.4737998596148429,92.1259842519685,4.887844477675701,-19,1,13.4
45,2018-10-03,2018-09-15,23.34864345225379,12.94061098055971,18.14462721640675,0.04119998779259504,88.18897637795276,10.40803247169408,-18,1,13.5
45,2018-10-03,2018-09-16,20.66545609912412,11.62465285195471,16.145054475539418,2.451399273659462,84.64566929133858,9.04080324716941,-17,1,12.1
45,2018-10-03,2018-09-17,18.61461226233711,12.47917111728263,15.546891689809872,1.565599536118668,92.51968503937007,6.135441145054481,-16,1,13.1
45,2018-10-03,2018-09-18,25.92928861354412,13.57295449690237,19.751121555223243,0.3295999023407603,78.74015748031496,12.35633411664175,-15,1,14.2
45,2018-10-03,2018-09-19,27.26233710745567,12.36808374279,19.815210425122835,1.132999664296392,78.74015748031496,14.894253364665673,-14,1,15.7
45,2018-10-03,2018-09-20,18.99060029908139,13.09442426831874,16.042512283700063,0.9407330545976152,88.9763779527559,5.89617603076265,-13,1,14.4
45,2018-10-03,2018-09-21,25.92928861354412,11.00085451826533,18.46507156590473,6.3997314371166,84.25196850393701,14.92843409527879,-12,1,14.4
45,2018-10-03,2018-09-22,30.08224738303781,12.33390301217688,21.208075197607343,0.3295999023407603,78.34645669291338,17.74834437086093,-11,1,15.5
45,2018-10-03,2018-09-23,31.03930784020508,11.76992095706046,21.40461439863277,0,74.80314960629921,19.26938688314462,-10,1,14.7
45,2018-10-03,2018-09-24,32.08182012390515,14.64110232856227,23.36146122623371,0,77.55905511811024,17.440717795342884,-9,1,15
45,2018-10-03,2018-09-25,25.53621021149327,14.5898312326426,20.063020722067936,8.006530961027863,81.88976377952756,10.94637897885067,-8,1,14.9
45,2018-10-03,2018-09-26,28.45866267891476,16.24759666737877,22.353129673146764,0.04119998779259504,85.03937007874015,12.21106601153599,-7,1,16.8
45,2018-10-03,2018-09-27,23.22901089510788,15.88869899594104,19.55885494552446,15.21652882473219,90.5511811023622,7.34031189916684,-6,1,16.8
45,2018-10-03,2018-09-28,25.27985473189489,16.45268105105747,20.86626789147618,1.112399670400094,84.64566929133858,8.827173680837419,-5,1,16.1
45,2018-10-03,2018-09-29,25.67293313394574,16.22196111941893,20.947447126682334,0,81.49606299212599,9.450972014526812,-4,1,15.4
45,2018-10-03,2018-09-30,25.36530655842769,15.93997009186071,20.6526383251442,0,85.03937007874015,9.42533646656698,-3,1,16.9
45,2018-10-03,2018-10-01,28.08267464217047,16.70049134800256,22.391582995086516,0,79.92125984251969,11.382183294167907,-2,1,16.1
45,2018-10-03,2018-10-02,23.21192052980133,16.90557573168126,20.058748130741293,4.023865474410229,93.30708661417324,6.306344798120069,-1,1,17.8
45,2018-10-03,2018-10-03,24.06643879512924,16.18778038880581,20.127109591967525,12.35999633777885,94.48818897637796,7.878658406323432,0,1,18.8
45,2018-10-03,2018-10-04,20.81926938688314,14.49583422345653,17.657551805169835,22.57759331034271,93.7007874015748,6.323435163426609,1,1,15.8
45,2018-10-03,2018-10-05,17.72591326639607,12.59025849177526,15.158085879085665,0.0755333109530909,89.37007874015748,5.135654774620811,2,1,12.6
45,2018-10-03,2018-10-06,14.69237342448195,11.84682760093997,13.26960051271096,0.04806665242469421,93.30708661417324,2.845545823541981,3,1,11.1
45,2018-10-03,2018-10-07,16.81157872249519,12.03482161931211,14.423200170903652,29.74639118625447,95.66929133858268,4.7767571031830816,4,1,13.4
45,2018-10-03,2018-10-08,21.26361888485366,15.41871395001068,18.34116641743217,7.711264381847599,94.48818897637796,5.84490493484298,5,1,16.4
45,2018-10-03,2018-10-09,26.35654774620808,16.51249732963042,21.43452253791925,0.659199804681549,85.8267716535433,9.84405041657766,6,1,17.4
45,2018-10-03,2018-10-10,26.88634907071139,15.75197607348857,21.31916257209998,8.44599749748221,87.79527559055117,11.13437299722282,7,1,18.3
45,2018-10-03,2018-10-11,18.99060029908139,13.00897244178594,15.999786370433664,45.23758659627063,92.91338582677164,5.98162785729545,8,1,13
45,2018-10-03,2018-10-12,25.53621021149327,13.35077974791711,19.44349497970519,1.503799554429776,87.00787401574803,12.18543046357616,9,1,14.1
45,2018-10-03,2018-10-13,25.51911984618671,17.04229865413373,21.28070925016022,0.9819330423902102,92.91338582677164,8.47682119205298,10,1,18.8
45,2018-10-03,2018-10-14,20.23819696646016,14.72655415509507,17.482375560777612,8.5283974730674,95.66929133858268,5.511642811365089,11,1,16.5
45,2018-10-03,2018-10-15,17.91390728476821,13.76949369792779,15.841700491348,11.9273964659566,96.45669291338582,4.14441358684042,12,1,14.6
45,2018-10-03,2018-10-16,17.89681691946165,14.39329203161718,16.145054475539414,7.168797875911736,96.06299212598424,3.5035248878444687,13,1,14.8
45,2018-10-03,2018-10-17,26.13437299722282,16.09378337961974,21.11407818842128,17.34519486068299,90.94488188976378,10.04058961760308,14,1,17.4
45,2018-10-03,2018-10-18,24.579149754326,15.41871395001068,19.99893185216834,31.03732413708914,94.09448818897636,9.16043580431532,15,1,18.5
45,2018-10-03,2018-10-19,22.66502883999145,14.50437940610981,18.58470412305063,15.01052888576922,89.76377952755905,8.16064943388164,16,1,15.6
45,2018-10-03,2018-10-20,21.36616107669301,11.30848109378338,16.337321085238194,2.808465834528647,76.37795275590551,10.057679982909631,17,1,10.8
45,2018-10-03,2018-10-21,21.75923947874386,9.052552873317667,15.405896176030764,1.270332956938375,78.34645669291338,12.706686605426194,18,1,10.4
45,2018-10-03,2018-10-22,26.45908993804743,11.41956846827601,18.93932920316172,0,76.77165354330708,15.03952146977142,19,1,12.7
45,2018-10-03,2018-10-23,26.1001922666097,14.10275582140568,20.101474044007688,1.579332865382867,82.28346456692913,11.99743644520402,20,1,16.1
45,2018-10-03,2018-10-24,19.00769066438795,14.37620166631062,16.691946165349286,2.829065828424945,94.88188976377953,4.631488998077332,21,1,14.1
45,2018-10-03,2018-10-25,20.23819696646016,14.82909634693442,17.53364665669729,14.55732902005064,94.09448818897636,5.409100619525738,22,1,15.4
45,2018-10-03,2018-10-26,23.22901089510788,16.7688528092288,19.99893185216834,0.576799829096359,92.91338582677164,6.46015808587908,23,1,16.7
45,2018-10-03,2018-10-27,25.895107882931,15.98269600512711,20.938901944029055,35.10238959929197,75.98425196850394,9.91241187780389,24,1,15.5
45,2018-10-03,2018-10-28,24.1689809869686,9.163640247810296,16.66631061738945,0.04119998779259504,71.25984251968504,15.005340739158305,25,1,10
45,2018-10-03,2018-10-29,21.99850459303568,12.40226447340312,17.2003845332194,0,80.70866141732283,9.59624011963256,26,1,11.5
45,2018-10-03,2018-10-30,29.21063875240333,13.51313821832942,21.361888485366375,0.659199804681549,75.19685039370079,15.69750053407391,27,1,14
45,2018-10-03,2018-10-31,24.52787865840632,14.9572740867336,19.74257637256996,2.211066011535991,89.37007874015748,9.57060457167272,28,1,15.6
46,2018-10-05,2018-09-07,24.90386669515061,9.112369151890622,17.008117923520615,0,62.99212598425196,15.79149754325999,-28,1,9.6
46,2018-10-05,2018-09-08,25.31403546250801,10.50523392437513,17.909634693441568,0,69.29133858267717,14.80880153813288,-27,1,10.9
46,2018-10-05,2018-09-09,23.60499893185217,10.11215552232429,16.85857722708823,0,76.77165354330708,13.49284340952788,-26,1,12.6
46,2018-10-05,2018-09-10,23.19483016449477,11.00939970091861,17.10211493270669,0,76.77165354330708,12.18543046357616,-25,1,12
46,2018-10-05,2018-09-11,22.20358897671438,10.71031830805384,16.456953642384107,0,79.13385826771653,11.49327066866054,-24,1,11.8
46,2018-10-05,2018-09-12,23.60499893185217,11.90664387951292,17.755821405682546,0,72.04724409448819,11.698355052339249,-23,1,11.6
46,2018-10-05,2018-09-13,20.99017303994873,12.70989104892117,16.85003204443495,0.9613330484939128,78.74015748031496,8.28028199102756,-22,1,12.9
46,2018-10-05,2018-09-14,17.81136509292886,14.00875881221961,15.910061952574235,4.689931943723877,93.7007874015748,3.8026062807092504,-21,1,14.1
46,2018-10-05,2018-09-15,21.19525742362743,12.60734885708182,16.901303140354628,38.81038850062563,87.4015748031496,8.587908566545611,-20,1,13.5
46,2018-10-05,2018-09-16,19.40076906643879,10.90685750907926,15.153813287759023,7.841731009857483,81.88976377952756,8.493911557359532,-19,1,13.3
46,2018-10-05,2018-09-17,16.40995513779107,13.21405682546464,14.812005981627856,7.271797845393223,89.76377952755905,3.1958983123264293,-18,1,13.2
46,2018-10-05,2018-09-18,21.99850459303568,12.11172826319163,17.055116428113656,19.25412762840662,83.46456692913385,9.88677632984405,-17,1,13.1
46,2018-10-05,2018-09-19,25.50202948088015,11.60756248664815,18.55479598376415,0,76.77165354330708,13.894466994232,-16,1,14.1
46,2018-10-05,2018-09-20,23.81008331553087,14.90600299081393,19.3580431531724,0,85.03937007874015,8.904080324716942,-15,1,15.8
46,2018-10-05,2018-09-21,27.60414441358684,12.60734885708182,20.10574663533433,0.08926664021728925,77.95275590551181,14.99679555650502,-14,1,15.3
46,2018-10-05,2018-09-22,29.19354838709678,14.30784020508438,21.75069429609058,0,66.53543307086613,14.8857081820124,-13,1,16.6
46,2018-10-05,2018-09-23,27.80922879726554,16.40995513779107,22.109591967528303,0.2952665791802644,72.83464566929133,11.39927365947447,-12,1,17.4
46,2018-10-05,2018-09-24,18.81969664601581,15.11108737449263,16.96539201025422,4.786065248573266,86.22047244094487,3.70860927152318,-11,1,16.7
46,2018-10-05,2018-09-25,22.20358897671438,13.80367442854091,18.003631702627644,19.29532761619922,89.76377952755905,8.399914548173468,-10,1,16
46,2018-10-05,2018-09-26,20.90472121341594,15.9057893612476,18.40525528733177,5.623798333689393,89.76377952755905,4.99893185216834,-9,1,17.3
46,2018-10-05,2018-09-27,25.1944029053621,15.50416577654347,20.349284340952785,0.04806665242469421,87.4015748031496,9.69023712881863,-8,1,17.3
46,2018-10-05,2018-09-28,27.0059816278573,16.49540696432386,21.75069429609058,0.04806665242469421,77.55905511811024,10.51057466353344,-7,1,16.9
46,2018-10-05,2018-09-29,28.20230719931639,16.60649433881649,22.40440076906644,0,70.07874015748031,11.5958128604999,-6,1,17.2
46,2018-10-05,2018-09-30,22.61375774407178,13.90621662038026,18.25998718222602,9.860530411694697,85.03937007874015,8.70754112369152,-5,1,17.4
46,2018-10-05,2018-10-01,24.20316171758171,15.4101687673574,19.806665242469556,6.976531266212959,87.79527559055117,8.792992950224312,-4,1,17.5
46,2018-10-05,2018-10-02,22.81884212775048,13.30805383465072,18.0634479812006,11.50166325876643,91.33858267716536,9.51078829309976,-3,1,16.9
46,2018-10-05,2018-10-03,17.40974150822474,12.50480666524247,14.957274086733603,35.8989226966155,93.30708661417324,4.9049348429822714,-2,1,13.5
46,2018-10-05,2018-10-04,21.31488998077334,11.30848109378338,16.31168553727836,1.867732779931032,69.68503937007874,10.00640888698996,-1,1,10.1
46,2018-10-05,2018-10-05,19.50331125827815,9.308908352916044,14.406109805597096,0,67.32283464566929,10.194402905362104,0,1,8.2
46,2018-10-05,2018-10-06,23.39991454817347,8.407391582995086,15.903653065584278,0.2952665791802644,71.65354330708661,14.992522965178384,1,1,10.9
46,2018-10-05,2018-10-07,19.00769066438795,13.00897244178594,16.008331553086947,6.331064790795608,87.79527559055117,5.998718222602012,2,1,13.9
46,2018-10-05,2018-10-08,26.40781884212775,14.80346079897458,20.605639820551165,4.634998626667084,81.88976377952756,11.60435804315317,3,1,16.6
46,2018-10-05,2018-10-09,27.19397564622944,15.50416577654347,21.349070711386453,9.01593066194647,83.85826771653544,11.68980986968597,4,1,18
46,2018-10-05,2018-10-10,20.99017303994873,15.30762657551805,18.14889980773339,25.85985900448622,87.79527559055117,5.682546464430679,5,1,16.3
46,2018-10-05,2018-10-11,24.49369792779321,11.80410168767357,18.14889980773339,0,75.59055118110236,12.68959624011964,6,1,13
46,2018-10-05,2018-10-12,26.1001922666097,13.50459303567614,19.80239265114292,2.46513260292366,76.37795275590551,12.59559923093356,7,1,14.8
46,2018-10-05,2018-10-13,22.20358897671438,14.60692159794916,18.40525528733177,23.01705984679708,92.91338582677164,7.596667378765218,8,1,16.5
46,2018-10-05,2018-10-14,18.40952787865841,11.11194189275796,14.760734885708183,0.3364665669728595,83.85826771653544,7.297585985900449,9,1,11.6
46,2018-10-05,2018-10-15,24.90386669515061,13.41059602649007,19.15723136082034,0.4188665425580496,80.70866141732283,11.49327066866054,10,1,13.4
46,2018-10-05,2018-10-16,26.81798760948515,13.30805383465072,20.063020722067936,0,75.19685039370079,13.509933774834431,11,1,15.1
46,2018-10-05,2018-10-17,25.99765007477035,15.99978637043367,20.998718222602008,3.007599108859523,85.03937007874015,9.997863704336678,12,1,17.8
46,2018-10-05,2018-10-18,23.60499893185217,16.70049134800256,20.152745139927365,23.75865962706382,86.61417322834646,6.9045075838496075,13,1,18.8
46,2018-10-05,2018-10-19,23.31446272164067,16.315958128605,19.815210425122835,11.14459669789727,76.37795275590551,6.998504593035669,14,1,15.3
46,2018-10-05,2018-10-20,23.60499893185217,9.505447553941464,16.555223242896815,0,67.32283464566929,14.099551377910704,15,1,10.9
46,2018-10-05,2018-10-21,26.61290322580645,10.80431531723991,18.70860927152318,0,64.96062992125984,15.80858790856654,16,1,11.5
46,2018-10-05,2018-10-22,28.98846400341807,13.00897244178594,20.998718222602005,0,64.96062992125984,15.97949156163213,17,1,13.6
46,2018-10-05,2018-10-23,25.6045716727195,16.60649433881649,21.105533005767995,0,77.16535433070865,8.998077333903012,18,1,15.6
46,2018-10-05,2018-10-24,23.60499893185217,15.21362956633198,19.409314249092073,0,76.37795275590551,8.39136936552019,19,1,13.6
46,2018-10-05,2018-10-25,23.81008331553087,14.70946378978851,19.25977355265969,0,75.19685039370079,9.100619525742362,20,1,14.3
46,2018-10-05,2018-10-26,21.70796838282418,15.80324716940825,18.755607776116214,9.633930478835424,90.15748031496062,5.904721213415931,21,1,16.8
46,2018-10-05,2018-10-27,21.60542619098483,12.90643024994659,17.25592822046571,37.49198889126254,83.07086614173228,8.69899594103824,22,1,13.2
46,2018-10-05,2018-10-28,22.61375774407178,9.112369151890622,15.8630634479812,0,71.25984251968504,13.501388592181158,23,1,10.2
46,2018-10-05,2018-10-29,27.39906002990814,12.21427045503098,19.80666524246956,0,64.1732283464567,15.184789574877158,24,1,12.2
46,2018-10-05,2018-10-30,31.60328989532151,13.70967741935484,22.656483657338175,0,64.56692913385827,17.89361247596667,25,1,15.3
46,2018-10-05,2018-10-31,24.61333048493912,15.50416577654347,20.058748130741293,43.06772057252724,85.43307086614173,9.10916470839565,26,1,16.8
46,2018-10-05,2018-11-01,24.49369792779321,16.1108737449263,20.30228583635976,18.22412793359172,83.46456692913385,8.382824182866909,27,1,15.4
46,2018-10-05,2018-11-02,28.40739158299509,11.90664387951292,20.157017731254005,0,75.98425196850394,16.50074770348217,28,1,15.3
47,2018-09-24,2018-08-27,19.8109378337962,1.609698782311472,10.710318308053836,0,54.72440944881889,18.201239051484727,-28,1,2.7
47,2018-09-24,2018-08-28,22.81884212775048,5.805383465071566,14.312112796411022,0,62.99212598425196,17.013458662678914,-27,1,7.1
47,2018-09-24,2018-08-29,28.40739158299509,11.60756248664815,20.00747703482162,0,65.74803149606299,16.79982909634694,-26,1,12.9
47,2018-09-24,2018-08-30,28.20230719931639,14.30784020508438,21.255073702200384,0.08926664021728925,70.86614173228347,13.89446699423201,-25,1,15.2
47,2018-09-24,2018-08-31,19.6058534501175,15.30762657551805,17.456740012817775,11.62526322214424,89.37007874015748,4.29822687459945,-24,1,15.2
47,2018-09-24,2018-09-01,16.81157872249519,14.70946378978851,15.76052125614185,59.32798242133853,93.7007874015748,2.102114932706682,-23,1,16.3
47,2018-09-24,2018-09-02,16.99957274086734,12.50480666524247,14.752189703054905,28.75759147923216,96.06299212598424,4.49476607562487,-22,1,13.5
47,2018-09-24,2018-09-03,14.11130100405896,11.00939970091861,12.560350352488786,32.38319040498061,96.45669291338582,3.10190130314035,-21,1,11.9
47,2018-09-24,2018-09-04,16.99957274086734,8.509933774834437,12.754753257850888,16.93319498275704,83.85826771653544,8.489638966032903,-20,1,8.9
47,2018-09-24,2018-09-05,19.8109378337962,4.207434308908352,12.009186071352277,0.08926664021728925,70.07874015748031,15.603503524887849,-19,1,6.2
47,2018-09-24,2018-09-06,23.39991454817347,7.706686605426191,15.553300576799831,0,65.35433070866142,15.693227942747278,-18,1,7.5
47,2018-09-24,2018-09-07,24.90386669515061,9.112369151890622,17.008117923520615,0,62.99212598425196,15.79149754325999,-17,1,9.6
47,2018-09-24,2018-09-08,25.31403546250801,10.50523392437513,17.909634693441568,0,69.29133858267717,14.80880153813288,-16,1,10.9
47,2018-09-24,2018-09-09,23.60499893185217,10.11215552232429,16.85857722708823,0,76.77165354330708,13.49284340952788,-15,1,12.6
47,2018-09-24,2018-09-10,23.19483016449477,11.00939970091861,17.10211493270669,0,76.77165354330708,12.18543046357616,-14,1,12
47,2018-09-24,2018-09-11,22.20358897671438,10.71031830805384,16.456953642384107,0,79.13385826771653,11.49327066866054,-13,1,11.8
47,2018-09-24,2018-09-12,23.60499893185217,11.90664387951292,17.755821405682546,0,72.04724409448819,11.698355052339249,-12,1,11.6
47,2018-09-24,2018-09-13,20.99017303994873,12.70989104892117,16.85003204443495,0.9613330484939128,78.74015748031496,8.28028199102756,-11,1,12.9
47,2018-09-24,2018-09-14,17.81136509292886,14.00875881221961,15.910061952574235,4.689931943723877,93.7007874015748,3.8026062807092504,-10,1,14.1
47,2018-09-24,2018-09-15,21.19525742362743,12.60734885708182,16.901303140354628,38.81038850062563,87.4015748031496,8.587908566545611,-9,1,13.5
47,2018-09-24,2018-09-16,19.40076906643879,10.90685750907926,15.153813287759023,7.841731009857483,81.88976377952756,8.493911557359532,-8,1,13.3
47,2018-09-24,2018-09-17,16.40995513779107,13.21405682546464,14.812005981627856,7.271797845393223,89.76377952755905,3.1958983123264293,-7,1,13.2
47,2018-09-24,2018-09-18,21.99850459303568,12.11172826319163,17.055116428113656,19.25412762840662,83.46456692913385,9.88677632984405,-6,1,13.1
47,2018-09-24,2018-09-19,25.50202948088015,11.60756248664815,18.55479598376415,0,76.77165354330708,13.894466994232,-5,1,14.1
47,2018-09-24,2018-09-20,23.81008331553087,14.90600299081393,19.3580431531724,0,85.03937007874015,8.904080324716942,-4,1,15.8
47,2018-09-24,2018-09-21,27.60414441358684,12.60734885708182,20.10574663533433,0.08926664021728925,77.95275590551181,14.99679555650502,-3,1,15.3
47,2018-09-24,2018-09-22,29.19354838709678,14.30784020508438,21.75069429609058,0,66.53543307086613,14.8857081820124,-2,1,16.6
47,2018-09-24,2018-09-23,27.80922879726554,16.40995513779107,22.109591967528303,0.2952665791802644,72.83464566929133,11.39927365947447,-1,1,17.4
47,2018-09-24,2018-09-24,18.81969664601581,15.11108737449263,16.96539201025422,4.786065248573266,86.22047244094487,3.70860927152318,0,1,16.7
47,2018-09-24,2018-09-25,22.20358897671438,13.80367442854091,18.003631702627644,19.29532761619922,89.76377952755905,8.399914548173468,1,1,16
47,2018-09-24,2018-09-26,20.90472121341594,15.9057893612476,18.40525528733177,5.623798333689393,89.76377952755905,4.99893185216834,2,1,17.3
47,2018-09-24,2018-09-27,25.1944029053621,15.50416577654347,20.349284340952785,0.04806665242469421,87.4015748031496,9.69023712881863,3,1,17.3
47,2018-09-24,2018-09-28,27.0059816278573,16.49540696432386,21.75069429609058,0.04806665242469421,77.55905511811024,10.51057466353344,4,1,16.9
47,2018-09-24,2018-09-29,28.20230719931639,16.60649433881649,22.40440076906644,0,70.07874015748031,11.5958128604999,5,1,17.2
47,2018-09-24,2018-09-30,22.61375774407178,13.90621662038026,18.25998718222602,9.860530411694697,85.03937007874015,8.70754112369152,6,1,17.4
47,2018-09-24,2018-10-01,24.20316171758171,15.4101687673574,19.806665242469556,6.976531266212959,87.79527559055117,8.792992950224312,7,1,17.5
47,2018-09-24,2018-10-02,22.81884212775048,13.30805383465072,18.0634479812006,11.50166325876643,91.33858267716536,9.51078829309976,8,1,16.9
47,2018-09-24,2018-10-03,17.40974150822474,12.50480666524247,14.957274086733603,35.8989226966155,93.30708661417324,4.9049348429822714,9,1,13.5
47,2018-09-24,2018-10-04,21.31488998077334,11.30848109378338,16.31168553727836,1.867732779931032,69.68503937007874,10.00640888698996,10,1,10.1
47,2018-09-24,2018-10-05,19.50331125827815,9.308908352916044,14.406109805597096,0,67.32283464566929,10.194402905362104,11,1,8.2
47,2018-09-24,2018-10-06,23.39991454817347,8.407391582995086,15.903653065584278,0.2952665791802644,71.65354330708661,14.992522965178384,12,1,10.9
47,2018-09-24,2018-10-07,19.00769066438795,13.00897244178594,16.008331553086947,6.331064790795608,87.79527559055117,5.998718222602012,13,1,13.9
47,2018-09-24,2018-10-08,26.40781884212775,14.80346079897458,20.605639820551165,4.634998626667084,81.88976377952756,11.60435804315317,14,1,16.6
47,2018-09-24,2018-10-09,27.19397564622944,15.50416577654347,21.349070711386453,9.01593066194647,83.85826771653544,11.68980986968597,15,1,18
47,2018-09-24,2018-10-10,20.99017303994873,15.30762657551805,18.14889980773339,25.85985900448622,87.79527559055117,5.682546464430679,16,1,16.3
47,2018-09-24,2018-10-11,24.49369792779321,11.80410168767357,18.14889980773339,0,75.59055118110236,12.68959624011964,17,1,13
47,2018-09-24,2018-10-12,26.1001922666097,13.50459303567614,19.80239265114292,2.46513260292366,76.37795275590551,12.59559923093356,18,1,14.8
47,2018-09-24,2018-10-13,22.20358897671438,14.60692159794916,18.40525528733177,23.01705984679708,92.91338582677164,7.596667378765218,19,1,16.5
47,2018-09-24,2018-10-14,18.40952787865841,11.11194189275796,14.760734885708183,0.3364665669728595,83.85826771653544,7.297585985900449,20,1,11.6
47,2018-09-24,2018-10-15,24.90386669515061,13.41059602649007,19.15723136082034,0.4188665425580496,80.70866141732283,11.49327066866054,21,1,13.4
47,2018-09-24,2018-10-16,26.81798760948515,13.30805383465072,20.063020722067936,0,75.19685039370079,13.509933774834431,22,1,15.1
47,2018-09-24,2018-10-17,25.99765007477035,15.99978637043367,20.998718222602008,3.007599108859523,85.03937007874015,9.997863704336678,23,1,17.8
47,2018-09-24,2018-10-18,23.60499893185217,16.70049134800256,20.152745139927365,23.75865962706382,86.61417322834646,6.9045075838496075,24,1,18.8
47,2018-09-24,2018-10-19,23.31446272164067,16.315958128605,19.815210425122835,11.14459669789727,76.37795275590551,6.998504593035669,25,1,15.3
47,2018-09-24,2018-10-20,23.60499893185217,9.505447553941464,16.555223242896815,0,67.32283464566929,14.099551377910704,26,1,10.9
47,2018-09-24,2018-10-21,26.61290322580645,10.80431531723991,18.70860927152318,0,64.96062992125984,15.80858790856654,27,1,11.5
47,2018-09-24,2018-10-22,28.98846400341807,13.00897244178594,20.998718222602005,0,64.96062992125984,15.97949156163213,28,1,13.6
48,2018-10-22,2018-09-24,21.36616107669301,16.75176244392224,19.058961760307625,40.26612140263069,88.58267716535433,4.614398632770772,-28,0,16.5
48,2018-10-22,2018-09-25,20.16983550523392,16.34159367656484,18.25571459089938,0,84.64566929133858,3.8282418286690785,-27,0,14.1
48,2018-10-22,2018-09-26,25.8096560563982,16.58940397350993,21.199530014954064,0.4600665303506446,88.9763779527559,9.220252082888267,-26,0,17.8
48,2018-10-22,2018-09-27,19.53749198889126,16.683400982696,18.11044648579363,19.88586077455977,94.09448818897636,2.8540910061952616,-25,0,16.2
48,2018-10-22,2018-09-28,20.85345011749626,17.09356975005341,18.973509933774835,9.173863948484753,94.48818897637796,3.7598803674428503,-24,0,16.7
48,2018-10-22,2018-09-29,28.11685537278359,17.57209997863704,22.844477675710316,0.199133274330876,83.07086614173228,10.544755394146549,-23,0,19
48,2018-10-22,2018-09-30,25.17731254005555,17.77718436231574,21.477248451185645,31.6690572832423,84.64566929133858,7.400128177739809,-22,0,18.7
48,2018-10-22,2018-10-01,23.36573381756035,13.80367442854091,18.58470412305063,8.67946409497361,90.94488188976378,9.56205938901944,-21,0,17.6
48,2018-10-22,2018-10-02,17.41828669087802,12.69280068361461,15.055543687246317,6.0701315347758404,76.77165354330708,4.7254860072634095,-20,0,9.3
48,2018-10-22,2018-10-03,18.97350993377484,9.291817987609484,14.13266396069216,0,75.98425196850394,9.681691946165357,-19,0,8.1
48,2018-10-22,2018-10-04,22.98974578081607,9.496902371288186,16.243324076052126,0,67.71653543307086,13.492843409527882,-18,0,8.3
48,2018-10-22,2018-10-05,18.20444349497971,6.561632129886776,12.383037812433244,0,70.86614173228347,11.642811365092934,-17,0,6.7
48,2018-10-22,2018-10-06,18.81969664601581,6.296731467635121,12.558214056825468,0,78.34645669291338,12.522965178380687,-16,0,8.1
48,2018-10-22,2018-10-07,24.95513779107029,12.49626148258919,18.725699636829734,0,79.13385826771653,12.4588763084811,-15,0,14.2
48,2018-10-22,2018-10-08,25.84383678701132,18.18735312967315,22.01559495834223,0,81.88976377952756,7.656483657338171,-14,0,17.9
48,2018-10-22,2018-10-09,22.08395641956847,17.94808801538133,20.016022217474895,0,90.94488188976378,4.135868404187139,-13,0,19.4
48,2018-10-22,2018-10-10,21.17816705832087,13.90621662038026,17.542191839350565,22.92092654194769,75.59055118110236,7.27195043794061,-12,0,13.2
48,2018-10-22,2018-10-11,18.81969664601581,11.14612262337107,14.98290963469344,0,71.25984251968504,7.67357402264474,-11,0,8
48,2018-10-22,2018-10-12,18.20444349497971,13.62422559282205,15.91433454390088,5.24613177892391,89.76377952755905,4.58021790215766,-10,0,14.5
48,2018-10-22,2018-10-13,17.34138004699851,14.29074983977783,15.81606494338817,62.18451490829187,90.5511811023622,3.0506302072206797,-9,0,14.4
48,2018-10-22,2018-10-14,21.19525742362743,10.24887844477676,15.722067934202096,0.06866664632099173,80.31496062992126,10.946378978850673,-8,0,11.5
48,2018-10-22,2018-10-15,23.07519760734885,9.7788933988464,16.427045503097624,0,75.59055118110236,13.296304208502452,-7,0,12.2
48,2018-10-22,2018-10-16,25.6045716727195,14.86327707754753,20.233924375133515,0,80.31496062992126,10.741294595171972,-6,0,16.5
48,2018-10-22,2018-10-17,28.25357829523606,19.24695577867977,23.750267036957915,0,81.49606299212599,9.006622516556291,-5,0,19.3
48,2018-10-22,2018-10-18,25.34821619312113,19.53749198889126,22.442854091006197,9.338663899655131,88.18897637795276,5.810724204229867,-4,0,19.7
48,2018-10-22,2018-10-19,22.20358897671438,15.80324716940825,19.003418073061315,0,77.55905511811024,6.400341807306129,-3,0,14.6
48,2018-10-22,2018-10-20,20.20401623584704,13.9318521683401,17.067934202093568,0,66.92913385826772,6.272164067506939,-2,0,9
48,2018-10-22,2018-10-21,21.43452253791925,13.31659901730399,17.375560777611618,0,68.11023622047244,8.11792352061526,-1,0,9.9
48,2018-10-22,2018-10-22,27.46742149113437,15.44434949797052,21.455885494552447,0,73.22834645669292,12.02307199316385,0,0,15.3
48,2018-10-22,2018-10-23,22.37449262977996,15.22217474898526,18.79833368938261,0.5218665120395656,75.19685039370079,7.152317880794701,1,0,13.3
48,2018-10-22,2018-10-24,21.91305276650288,12.49626148258919,17.204657124546035,0,71.25984251968504,9.416791283913687,2,0,10.5
48,2018-10-22,2018-10-25,23.99807733390301,17.35847041230506,20.678273873104033,2.375865962706371,81.49606299212599,6.639606921597949,3,0,16
48,2018-10-22,2018-10-26,24.0835291604358,16.96539201025422,20.52446058534501,0,88.58267716535433,7.118137150181578,4,0,17.1
48,2018-10-22,2018-10-27,22.18649861140782,15.59816278572955,18.892330698568685,13.57539597766046,84.64566929133858,6.588335825678271,5,0,14.6
48,2018-10-22,2018-10-28,22.81884212775048,13.4362315744499,18.12753685110019,0.04806665242469421,73.62204724409449,9.382610553300578,6,0,12.7
48,2018-10-22,2018-10-29,22.6479384746849,12.49626148258919,17.572099978637045,0,74.01574803149606,10.151676992095709,7,0,13.1
48,2018-10-22,2018-10-30,27.07434308908353,18.73424481948302,22.904293954283276,0,77.16535433070865,8.34009826960051,8,0,17
48,2018-10-22,2018-10-31,24.45951719718009,18.22153386028626,21.340525528733178,5.438398388622687,86.61417322834646,6.23798333689383,9,0,19.2
48,2018-10-22,2018-11-01,21.07562486648152,13.684041871395,17.379833368938257,0,79.92125984251969,7.39158299508652,10,0,12.3
48,2018-10-22,2018-11-02,21.65669728690451,9.035462508011108,15.346079897457807,0,75.19685039370079,12.621234778893404,11,0,10.9
48,2018-10-22,2018-11-03,25.12604144413587,16.95684682760094,21.041444135868403,7.148197882015438,79.5275590551181,8.169194616534927,12,0,15.8
48,2018-10-22,2018-11-04,23.33155308694723,12.53898739585559,17.935270241401412,0,79.13385826771653,10.79256569109164,13,0,14.3
48,2018-10-22,2018-11-05,25.05767998290963,16.22196111941893,20.639820551164277,0,77.55905511811024,8.835718863490701,14,0,15.4
48,2018-10-22,2018-11-06,25.38239692373424,17.81136509292886,21.59688100833155,0,82.67716535433071,7.571031830805381,15,0,17.6
48,2018-10-22,2018-11-07,22.45994445631275,17.93099765007477,20.19547105319376,0,80.31496062992126,4.5289468062379825,16,0,15.9
48,2018-10-22,2018-11-08,25.33112582781457,18.0848109378338,21.707968382824184,0,71.65354330708661,7.24631488998077,17,0,15.2
48,2018-10-22,2018-11-09,29.15936765648366,17.74300363170263,23.451185644093144,0,68.50393700787401,11.416364024781029,18,0,16.5
48,2018-10-22,2018-11-10,34.0728476821192,18.15317239906003,26.113010040589614,0,70.07874015748031,15.919675283059174,19,0,19.2
48,2018-10-22,2018-11-11,30.03097628711814,21.22943815424055,25.630207220679345,0,76.77165354330708,8.801538132877589,20,0,20.6
48,2018-10-22,2018-11-12,28.61247596667379,21.48579363383892,25.04913480025635,0,80.70866141732283,7.126682332834871,21,0,20.7
48,2018-10-22,2018-11-13,26.62999359111301,22.75048066652425,24.69023712881863,0,84.25196850393701,3.8795129245887594,22,0,21.5
48,2018-10-22,2018-11-14,28.16812646870327,21.40034180730613,24.7842341380047,2.726065858943457,66.53543307086613,6.76778466139714,23,0,18.2
48,2018-10-22,2018-11-15,30.95385601367229,16.34159367656484,23.647724845118567,6.859797967467273,54.72440944881889,14.612262337107447,24,0,13.3
48,2018-10-22,2018-11-16,24.0835291604358,16.24759666737877,20.165562913907284,0,72.44094488188976,7.835932493057029,25,0,15.3
48,2018-10-22,2018-11-17,25.17731254005555,17.45246742149114,21.314889980773344,0,83.46456692913385,7.72484511856441,26,0,17.8
48,2018-10-22,2018-11-18,22.81884212775048,14.94018372142705,18.879512924588767,25.54399243140963,75.59055118110236,7.878658406323428,27,0,15.1
48,2018-10-22,2018-11-19,23.84426404614399,8.89873958555864,16.371501815851317,9.99786370433668,56.69291338582676,14.94552446058535,28,0,8.2
49,2019-09-15,2019-08-18,21.1268959624012,11.37684255500961,16.251869258705405,0.08239997558519008,75.59055118110236,9.75005340739159,-28,0,12.7
49,2019-09-15,2019-08-19,15.30762657551805,8.304849391155736,11.806237983336892,0,74.40944881889763,7.002777184362314,-27,0,5.4
49,2019-09-15,2019-08-20,18.2898953215125,3.105105746635335,10.697500534073916,0,79.92125984251969,15.184789574877165,-26,0,6.1
49,2019-09-15,2019-08-21,18.2898953215125,4.711600085451826,11.500747703482162,0,79.5275590551181,13.578295236060674,-25,0,6.3
49,2019-09-15,2019-08-22,21.29779961546678,6.706900234992522,14.002349925229652,0,78.74015748031496,14.590899380474257,-24,0,8.6
49,2019-09-15,2019-08-23,17.7942747276223,8.104037598803675,12.949156163212988,0,85.8267716535433,9.690237128818628,-23,0,8.1
49,2019-09-15,2019-08-24,21.79342020935697,5.702841273232215,13.748130741294592,0,78.74015748031496,16.090578936124757,-22,0,8.3
49,2019-09-15,2019-08-25,22.22067934202094,7.326425977355266,14.773552659688104,0,70.86614173228347,14.894253364665676,-21,0,9.4
49,2019-09-15,2019-08-26,22.28904080324717,14.49583422345653,18.39243751335185,0,70.86614173228347,7.793206579790638,-20,0,10.2
49,2019-09-15,2019-08-27,25.79256569109165,13.701132236701561,19.746848963896603,0.2197332682271735,76.37795275590551,12.091433454390089,-19,0,13.1
49,2019-09-15,2019-08-28,29.29609057893612,14.30784020508438,21.80196539201025,0,72.44094488188976,14.98825037385174,-18,0,14.9
49,2019-09-15,2019-08-29,31.29566331980346,16.49540696432386,23.895535142063657,0,61.02362204724409,14.8002563554796,-17,0,14.4
49,2019-09-15,2019-08-30,31.79128391369365,18.7000640888699,25.245674001281778,0,56.29921259842519,13.09121982482375,-16,0,14.5
49,2019-09-15,2019-08-31,25.79256569109165,14.10275582140568,19.947660756248663,22.24799340800195,90.15748031496062,11.68980986968597,-15,0,14
49,2019-09-15,2019-09-01,15.50416577654347,6.835077974791711,11.169621875667591,2.609332560197771,79.5275590551181,8.669087801751758,-14,0,8.6
49,2019-09-15,2019-09-02,18.11899166844691,2.336039307840204,10.227515488143556,11.14459669789727,68.50393700787401,15.782952360606703,-13,0,5
49,2019-09-15,2019-09-03,17.52082888271737,3.566545609912412,10.543687246314892,0,67.32283464566929,13.95428327280496,-12,0,6.1
49,2019-09-15,2019-09-04,14.94872890408032,3.634907071138645,9.291817987609482,0,70.47244094488188,11.313821832941676,-11,0,4.3
49,2019-09-15,2019-09-05,15,3.011108737449263,9.005554368724631,0,67.32283464566929,11.988891262550736,-10,0,3.5
49,2019-09-15,2019-09-06,21.34907071138646,11.22302926725059,16.286049989318524,6.282998138370914,81.88976377952756,10.12604144413587,-9,0,11
49,2019-09-15,2019-09-07,22.87011322367016,16.56376842555009,19.716940824610127,14.46119571520126,81.49606299212599,6.306344798120069,-8,0,15.9
49,2019-09-15,2019-09-08,29.7575304422132,19.53749198889126,24.64751121555223,7.505264442884595,68.11023622047244,10.220038453321935,-7,0,17.9
49,2019-09-15,2019-09-09,32.97906430249947,21.57124546037171,27.27515488143559,0.2471999267555702,53.14960629921259,11.407818842127757,-6,0,16.6
49,2019-09-15,2019-09-10,25.70711386455886,16.75176244392224,21.229438154240547,0,79.5275590551181,8.955351420636621,-5,0,16.6
49,2019-09-15,2019-09-11,20.631275368511,14.73509933774834,17.68318735312967,0,87.4015748031496,5.896176030762662,-4,0,16.5
49,2019-09-15,2019-09-12,19.00769066438795,13.94894253364666,16.478316599017305,16.57612842188789,92.91338582677164,5.058748130741291,-3,0,14.9
49,2019-09-15,2019-09-13,19.8109378337962,12.11172826319163,15.961333048493914,0.4669331949827438,81.88976377952756,7.69920957060457,-2,0,11.8
49,2019-09-15,2019-09-14,23.6733603930784,13.13715018158513,18.40525528733177,0,83.85826771653544,10.536210211493271,-1,0,14.9
49,2019-09-15,2019-09-15,32.18436231574449,17.17047639393292,24.677419354838705,0,69.68503937007874,15.013885921811568,0,0,18.8
49,2019-09-15,2019-09-16,31.4836573381756,19.94766075624867,25.715659047212135,4.861598559526357,59.05511811023622,11.53599658192693,1,0,17.6
49,2019-09-15,2019-09-17,20.39201025421918,13.12005981627857,16.756035035248875,8.720664082766206,92.51968503937007,7.27195043794061,2,0,13.4
49,2019-09-15,2019-09-18,17.11066011535997,11.35120700704978,14.230933561204877,11.08279671620838,89.76377952755905,5.75945310831019,3,0,11.2
49,2019-09-15,2019-09-19,24.0835291604358,9.112369151890622,16.59794915616321,12.71706289864804,90.15748031496062,14.971160008545176,4,0,13.1
49,2019-09-15,2019-09-20,18.99060029908139,11.5050202948088,15.247810296945094,0.3089999084444628,81.88976377952756,7.48558000427259,5,0,12
49,2019-09-15,2019-09-21,20.18692587054048,6.766716513565477,13.47682119205298,0,74.40944881889763,13.420209356975004,6,0,7.8
49,2019-09-15,2019-09-22,21.50288399914548,6.835077974791711,14.168980986968595,0,62.20472440944881,14.66780602435377,7,0,7.5
49,2019-09-15,2019-09-23,22.75048066652425,5.925016022217475,14.337748344370862,0,62.20472440944881,16.825464644306777,8,0,7.2
49,2019-09-15,2019-09-24,24.3740653706473,10.48814355906858,17.431104464857942,0,62.99212598425196,13.88592181157872,9,0,9.2
49,2019-09-15,2019-09-25,25.6045716727195,10.01815851313822,17.81136509292886,0,59.44881889763779,15.586413159581282,10,0,10.2
49,2019-09-15,2019-09-26,26.11728263191626,11.17175817133091,18.644520401623588,0,57.48031496062991,14.94552446058535,11,0,11.2
49,2019-09-15,2019-09-27,23.65627002777184,12.31681264687033,17.986541337321086,0,55.90551181102362,11.339457380901507,12,0,10
49,2019-09-15,2019-09-28,28.25357829523606,10.86413159581286,19.55885494552446,0,66.14173228346456,17.3894466994232,13,0,12.1
49,2019-09-15,2019-09-29,29.77462080751976,14.69237342448195,22.233497116000855,0,59.84251968503936,15.08224738303781,14,0,13.4
49,2019-09-15,2019-09-30,32.53471480452895,15.79470198675497,24.16470839564196,0,51.96850393700787,16.740012817773984,15,0,12.4
49,2019-09-15,2019-10-01,35.30335398419141,20.28946806237983,27.79641102328562,0,45.2755905511811,15.013885921811582,16,0,11.7
49,2019-09-15,2019-10-02,27.79213843195898,18.7000640888699,23.24610126041444,0,68.89763779527559,9.092074343089076,17,0,16.2
49,2019-09-15,2019-10-03,19.29822687459944,16.1108737449263,17.704550309762872,45.15518662068544,94.48818897637796,3.187353129673138,18,0,17.1
49,2019-09-15,2019-10-04,24.2886135441145,15.9057893612476,20.09720145268105,22.8934598834193,94.09448818897636,8.382824182866901,19,0,18.5
49,2019-09-15,2019-10-05,22.80175176244392,15.10254219183935,18.95214697714163,63.28318124942777,96.06299212598424,7.699209570604571,20,0,17
49,2019-09-15,2019-10-06,18.75133518478957,13.05169835505234,15.901516769920956,8.837397381511892,87.79527559055117,5.699636829737232,21,0,13.1
49,2019-09-15,2019-10-07,26.28818628498184,14.90600299081393,20.59709463789789,10.08026367992187,75.59055118110236,11.38218329416791,22,0,13.8
49,2019-09-15,2019-10-08,27.79213843195898,15.10254219183935,21.447340311899165,0,66.92913385826772,12.689596240119627,23,0,13.2
49,2019-09-15,2019-10-09,29.79171117282632,14.70091860713523,22.246314889980777,0,57.08661417322834,15.09079256569109,24,0,12.6
49,2019-09-15,2019-10-10,32.80816064943388,16.1108737449263,24.45951719718009,0,55.90551181102362,16.69728690450758,25,0,14.3
49,2019-09-15,2019-10-11,34.82482375560778,20.28946806237983,27.557145908993803,0,46.06299212598424,14.535355693227952,26,0,14.9
49,2019-09-15,2019-10-12,35.81606494338817,23.70754112369152,29.761803033539845,0,49.21259842519684,12.10852381969665,27,0,16.5
49,2019-09-15,2019-10-13,36.53386028626362,20.8363597521897,28.68511001922666,1.304666280098871,57.08661417322834,15.697500534073916,28,0,17.3
50,2019-09-21,2019-08-24,17.57209997863704,7.437513351847896,12.50480666524247,0,85.03937007874015,10.134586626789146,-28,1,9
50,2019-09-21,2019-08-25,19.1956846827601,7.023071993163854,13.109378337961976,0,77.95275590551181,12.172612689596246,-27,1,8.9
50,2019-09-21,2019-08-26,21.91305276650288,7.544328135013886,14.728690450758382,0,81.88976377952756,14.368724631488991,-26,1,10.2
50,2019-09-21,2019-08-27,21.0414441358684,12.48771629993591,16.764580217902154,0,85.8267716535433,8.55372783593249,-25,1,12.4
50,2019-09-21,2019-08-28,21.7421491134373,12.15445417645802,16.94830164494766,0,81.1023622047244,9.58769493697928,-24,1,12.6
50,2019-09-21,2019-08-29,25.26276436658834,8.821832941679128,17.042298654133734,0,79.5275590551181,16.44093142490921,-23,1,12.3
50,2019-09-21,2019-08-30,28.7321085238197,9.46272164067507,19.097415082247387,0,70.47244094488188,19.26938688314463,-22,1,13.1
50,2019-09-21,2019-08-31,28.66374706259347,13.46186712240974,21.062807092501604,0,78.34645669291338,15.201879940183728,-21,1,12.9
50,2019-09-21,2019-09-01,16.56376842555009,11.9579149754326,14.260841700491344,27.32932523575548,96.8503937007874,4.6058534501174915,-20,1,15.1
50,2019-09-21,2019-09-02,17.50373851741081,11.44520401623585,14.474471266823327,37.13492233039338,92.91338582677164,6.058534501174959,-19,1,11.3
50,2019-09-21,2019-09-03,22.37449262977996,12.41935483870968,17.396923734244822,2.623065889461969,89.76377952755905,9.955137791070282,-18,1,13.5
50,2019-09-21,2019-09-04,16.15359965819269,11.56483657338176,13.859218115787224,6.358531449324005,93.7007874015748,4.58876308481093,-17,1,13.4
50,2019-09-21,2019-09-05,13.54731894894253,8.633838923306985,11.090578936124755,0.08239997558519008,94.09448818897636,4.913480025635545,-16,1,9.2
50,2019-09-21,2019-09-06,15.31617175817133,8.266396069215979,11.791283913693654,0.6454664754173507,93.30708661417324,7.049775688955352,-15,1,10
50,2019-09-21,2019-09-07,28.08267464217047,10.95812860499893,19.5204016235847,0.7896664326914333,82.67716535433071,17.12454603717154,-14,1,14.5
50,2019-09-21,2019-09-08,31.14185003204443,13.59004486220893,22.36594744712668,0,74.80314960629921,17.5518051698355,-13,1,17.3
50,2019-09-21,2019-09-09,31.67165135654774,15.8630634479812,23.76735740226447,0,63.38582677165353,15.808587908566542,-12,1,15.3
50,2019-09-21,2019-09-10,32.06472975859859,14.76928006836146,23.417004913480024,0,62.20472440944881,17.295449690237128,-11,1,14.4
50,2019-09-21,2019-09-11,32.08182012390515,15.38453321939756,23.733176671651357,0,71.65354330708661,16.697286904507592,-10,1,16.9
50,2019-09-21,2019-09-12,31.63747062593463,15.68361461226234,23.66054261909849,0,67.71653543307086,15.953856013672288,-9,1,15.6
50,2019-09-21,2019-09-13,20.69963682973724,14.3847468489639,17.542191839350572,0,89.37007874015748,6.314889980773341,-8,1,15.3
50,2019-09-21,2019-09-14,21.72505874813074,13.40205084383679,17.563554795983762,0,86.22047244094487,8.323007904293949,-7,1,13.1
50,2019-09-21,2019-09-15,31.24439222388379,14.69237342448195,22.968382824182868,0,78.74015748031496,16.55201879940184,-6,1,15.6
50,2019-09-21,2019-09-16,32.44071779534288,15.2478102969451,23.84426404614399,0,70.47244094488188,17.192907498397776,-5,1,16.2
50,2019-09-21,2019-09-17,33.4575945310831,14.84618671224097,24.151890621662037,0,57.48031496062991,18.61140781884213,-4,1,11.9
50,2019-09-21,2019-09-18,27.79213843195898,14.35911130100406,21.07562486648152,11.52226325266273,77.16535433070865,13.43302713095492,-3,1,13.9
50,2019-09-21,2019-09-19,19.40076906643879,14.47019867549669,16.93548387096774,26.97225867488632,95.66929133858268,4.930570390942101,-2,1,16.4
50,2019-09-21,2019-09-20,22.10104678487503,15.22217474898526,18.661610766930146,30.95492416150395,94.09448818897636,6.878872035889771,-1,1,17.2
50,2019-09-21,2019-09-21,16.48686178167058,11.94082461012604,14.21384319589831,4.83413190099796,95.2755905511811,4.5460371715445405,0,1,11.9
50,2019-09-21,2019-09-22,18.39243751335185,11.47938474684896,14.935911130100404,0,85.43307086614173,6.913052766502892,1,1,10.8
50,2019-09-21,2019-09-23,16.52958769493698,7.023071993163854,11.776329844050416,0,77.55905511811024,9.506515701773123,2,1,6.7
50,2019-09-21,2019-09-24,19.58876308481094,9.317453535569324,14.453108310190132,0,87.00787401574803,10.271309549241616,3,1,10.8
50,2019-09-21,2019-09-25,20.631275368511,12.88933988464003,16.760307626575518,0,83.46456692913385,7.7419354838709715,4,1,11.4
50,2019-09-21,2019-09-26,23.58790856654561,9.206366161076694,16.397137363811154,0,81.49606299212599,14.381542405468917,5,1,11.3
50,2019-09-21,2019-09-27,23.63917966246528,9.437086092715232,16.538132877590257,0,79.5275590551181,14.20209356975005,6,1,11.3
50,2019-09-21,2019-09-28,22.73339030121769,9.77034821619312,16.251869258705405,0,75.98425196850394,12.963042085024568,7,1,10.4
50,2019-09-21,2019-09-29,27.15979491561632,11.22302926725059,19.191412091433456,0,77.95275590551181,15.93676564836573,8,1,12.4
50,2019-09-21,2019-09-30,26.7154454176458,12.5731681264687,19.64430677205725,0,77.16535433070865,14.1422772911771,9,1,13.4
50,2019-09-21,2019-10-01,30.85131382183294,12.8637043366802,21.85750907925657,0,67.71653543307086,17.98760948515274,10,1,13.8
50,2019-09-21,2019-10-02,33.21832941679128,12.88079470198675,23.049562059389014,0,68.89763779527559,20.337534714804526,11,1,15.9
50,2019-09-21,2019-10-03,27.6212347788934,17.65755180516983,22.639393292031613,0,72.04724409448819,9.963682973723568,12,1,15.5
50,2019-09-21,2019-10-04,29.80880153813288,13.59004486220893,21.699423200170905,0.6729331339457474,69.68503937007874,16.21875667592395,13,1,14
50,2019-09-21,2019-10-05,31.74001281777398,16.60649433881649,24.173253578295235,0,74.80314960629921,15.133518478957493,14,1,16.1
50,2019-09-21,2019-10-06,19.67421491134373,13.5216834009827,16.597949156163214,7.333597827082116,94.48818897637796,6.152531510361028,15,1,13.9
50,2019-09-21,2019-10-07,18.30698568681905,13.4362315744499,15.871608630634476,13.96679586169012,94.09448818897636,4.87075411236915,16,1,13.1
50,2019-09-21,2019-10-08,23.69045075838496,12.84661397137364,18.2685323648793,6.928464613788265,83.85826771653544,10.843836787011318,17,1,13.3
50,2019-09-21,2019-10-09,26.32236701559496,12.65861995300149,19.490493484298224,0,75.59055118110236,13.66374706259347,18,1,14
50,2019-09-21,2019-10-10,28.50993377483444,10.95812860499893,19.734031189916685,2.78786584063235,72.44094488188976,17.55180516983551,19,1,13
50,2019-09-21,2019-10-11,31.17603076265755,13.92330698568682,22.549668874172184,0,70.86614173228347,17.252723776970733,20,1,15.4
50,2019-09-21,2019-10-12,32.94488357188635,15.29908139286477,24.12198248237556,0,70.07874015748031,17.64580217902158,21,1,16.9
50,2019-09-21,2019-10-13,33.86776329844051,15.76906643879513,24.81841486861782,0,62.59842519685039,18.09869685964538,22,1,16.6
50,2019-09-21,2019-10-14,31.24439222388379,17.55500961333048,24.399700918607135,3.920865504928742,77.16535433070865,13.68938261055331,23,1,16.8
50,2019-09-21,2019-10-15,18.2898953215125,13.84640034180731,16.068147831659907,29.14212469862971,91.33858267716536,4.443494979705189,24,1,13.5
50,2019-09-21,2019-10-16,22.95556505020295,13.61568041016877,18.28562273018586,0,87.00787401574803,9.33988464003418,25,1,13.7
50,2019-09-21,2019-10-17,27.05725272377697,16.70049134800256,21.878872035889763,0,83.07086614173228,10.356761375774408,26,1,16.2
50,2019-09-21,2019-10-18,29.05682546464431,17.46955778679769,23.263191625721,0,85.8267716535433,11.58726767784662,27,1,18.7
50,2019-09-21,2019-10-19,26.08310190130314,15.46143986327708,20.772270882290112,0.6866664632099457,84.25196850393701,10.62166203802606,28,1,17.6
51,2019-10-08,2019-09-10,28.20230719931639,18.30698568681905,23.25464644306772,0,70.47244094488188,9.89532151249734,-28,1,16
51,2019-10-08,2019-09-11,22.90429395428327,16.60649433881649,19.75539414654988,0,81.88976377952756,6.297799615466779,-27,1,17.5
51,2019-10-08,2019-09-12,19.1102328562273,14.50437940610981,16.807306131168556,5.987731559190649,94.09448818897636,4.605853450117488,-26,1,15.5
51,2019-10-08,2019-09-13,20.10147404400769,10.60777611621448,15.354625080111084,5.534531693472104,84.64566929133858,9.493697927793212,-25,1,11.5
51,2019-10-08,2019-09-14,21.40034180730613,13.60713522751549,17.50373851741081,0,81.88976377952756,7.79320657979064,-24,1,14.4
51,2019-10-08,2019-09-15,31.00512710959197,15.4101687673574,23.20764793847469,0,67.32283464566929,15.594958342234571,-23,1,16.5
51,2019-10-08,2019-09-16,31.39820551164281,19.99893185216834,25.698568681905577,0,55.90551181102362,11.39927365947447,-22,1,17
51,2019-10-08,2019-09-17,24.61333048493912,12.80388805810724,18.70860927152318,4.257332071901601,90.15748031496062,11.80944242683188,-21,1,14.5
51,2019-10-08,2019-09-18,15.21362956633198,11.21448408459731,13.214056825464644,10.73259681997132,92.91338582677164,3.9991454817346703,-20,1,11.8
51,2019-10-08,2019-09-19,23.99807733390301,9.308908352916044,16.653492843409527,2.389599291970569,90.5511811023622,14.689168980986963,-19,1,14
51,2019-10-08,2019-09-20,16.60649433881649,11.60756248664815,14.107028412732321,10.13519699697866,86.22047244094487,4.998931852168338,-18,1,12.2
51,2019-10-08,2019-09-21,21.19525742362743,8.304849391155736,14.750053407391585,0,77.16535433070865,12.890408032471695,-17,1,9.3
51,2019-10-08,2019-09-22,19.40076906643879,8.509933774834437,13.955351420636614,0,67.32283464566929,10.890835291604354,-16,1,7.1
51,2019-10-08,2019-09-23,20.81926938688314,6.608630634479812,13.713950010681476,0,62.99212598425196,14.210638752403328,-15,1,6.5
51,2019-10-08,2019-09-24,22.49412518692587,9.112369151890622,15.803247169408246,0,62.20472440944881,13.381756035035249,-14,1,8
51,2019-10-08,2019-09-25,24.30570390942106,10.41123691518906,17.35847041230506,0,66.53543307086613,13.894466994232,-13,1,10.6
51,2019-10-08,2019-09-26,25.1944029053621,12.00918607135227,18.601794488357186,0,63.38582677165353,13.18521683400983,-12,1,12.1
51,2019-10-08,2019-09-27,22.81884212775048,9.710531937620168,16.264687032685323,0,60.23622047244093,13.108310190130313,-11,1,9.6
51,2019-10-08,2019-09-28,27.31360820337535,11.80410168767357,19.55885494552446,0,66.53543307086613,15.509506515701778,-10,1,11.2
51,2019-10-08,2019-09-29,28.81756035035249,13.41059602649007,21.11407818842128,0,62.59842519685039,15.40696432386242,-9,1,12.3
51,2019-10-08,2019-09-30,30.20187994018372,14.50437940610981,22.353129673146764,0,58.66141732283464,15.697500534073908,-8,1,12.7
51,2019-10-08,2019-10-01,33.59431745353557,15.70925016022217,24.651783806878868,0,53.14960629921259,17.885067293313398,-7,1,13.5
51,2019-10-08,2019-10-02,30.49241615039521,16.49540696432386,23.493911557359535,4.634998626667084,66.53543307086613,13.997009186071352,-6,1,15
51,2019-10-08,2019-10-03,19.99893185216834,15.80324716940825,17.901089510788296,32.13599047822504,94.09448818897636,4.19568468276009,-5,1,16.7
51,2019-10-08,2019-10-04,19.99893185216834,17.11066011535997,18.554795983764155,17.12546159245582,90.15748031496062,2.8882717368083703,-4,1,17.2
51,2019-10-08,2019-10-05,18.81969664601581,15.11108737449263,16.96539201025422,40.87038789025544,94.48818897637796,3.70860927152318,-3,1,17.3
51,2019-10-08,2019-10-06,17.20465712454604,12.30826746421705,14.756462294381544,23.41532639545883,89.37007874015748,4.896389660328989,-2,1,12.2
51,2019-10-08,2019-10-07,25.3994872890408,12.80388805810724,19.10168767357402,0.05493331705679338,74.80314960629921,12.595599230933558,-1,1,13.1
51,2019-10-08,2019-10-08,25.8096560563982,14.21384319589831,20.011749626148255,0.04806665242469421,68.11023622047244,11.59581286049989,0,1,13
51,2019-10-08,2019-10-09,28.49284340952788,12.80388805810724,20.64836573381756,0,59.05511811023622,15.688955351420638,1,1,12.7
51,2019-10-08,2019-10-10,30.61204870754112,15.4101687673574,23.01110873744926,0,57.48031496062991,15.20187994018372,2,1,13.8
51,2019-10-08,2019-10-11,32.40653706472976,15.30762657551805,23.857081820123906,0,47.24409448818897,17.09891048921171,3,1,13.5
51,2019-10-08,2019-10-12,33.79940183721427,18.81969664601581,26.30954924161504,0,51.18110236220472,14.97970519119846,4,1,15.4
51,2019-10-08,2019-10-13,34.99572740867336,20.69963682973724,27.847682119205302,0.5012665181432681,57.48031496062991,14.29609057893612,5,1,15.8
51,2019-10-08,2019-10-14,21.60542619098483,12.90643024994659,17.25592822046571,12.40806299020355,87.79527559055117,8.69899594103824,6,1,16.4
51,2019-10-08,2019-10-15,21.81051057466353,12.60734885708182,17.208929715872678,1.194799645985285,82.28346456692913,9.203161717581713,7,1,12.5
51,2019-10-08,2019-10-16,18.20444349497971,14.11130100405896,16.157872249519336,8.178197576830343,86.61417322834646,4.09314249092075,8,1,14.3
51,2019-10-08,2019-10-17,29.80880153813288,16.1108737449263,22.95983764152959,20.86092715231788,83.46456692913385,13.697927793206578,9,1,17.4
51,2019-10-08,2019-10-18,25.50202948088015,17.40974150822474,21.455885494552447,10.79439680166021,87.4015748031496,8.09228797265541,10,1,18.2
51,2019-10-08,2019-10-19,23.60499893185217,15.4101687673574,19.507583849604785,0.08926664021728925,74.01574803149606,8.19483016449477,11,1,14.3
51,2019-10-08,2019-10-20,24.69878231147191,8.210852381969666,16.454817346720787,0.04806665242469421,66.14173228346456,16.487929929502243,12,1,9.5
51,2019-10-08,2019-10-21,17.999359111301,11.80410168767357,14.901730399487285,30.3506576738792,92.91338582677164,6.19525742362743,13,1,14.3
51,2019-10-08,2019-10-22,20.81926938688314,11.41102328562273,16.115146336252934,1.902066103091528,81.88976377952756,9.40824610126041,14,1,11.8
51,2019-10-08,2019-10-23,26.81798760948515,10.80431531723991,18.81115146336253,0.08926664021728925,71.65354330708661,16.01367229224524,15,1,12.4
51,2019-10-08,2019-10-24,27.91177098910489,13.50459303567614,20.708182012390516,0,58.26771653543306,14.407177953428752,16,1,12.6
51,2019-10-08,2019-10-25,27.99722281563768,11.80410168767357,19.900662251655625,0,56.69291338582676,16.193121127964112,17,1,11.2
51,2019-10-08,2019-10-26,31.80837427900021,13.60713522751549,22.70775475325785,0,58.26771653543306,18.20123905148472,18,1,14.6
51,2019-10-08,2019-10-27,24.49369792779321,16.315958128605,20.404828028199105,5.170598467970819,84.25196850393701,8.17773979918821,19,1,17.3
51,2019-10-08,2019-10-28,25.99765007477035,15.9057893612476,20.951719718008977,48.561052278206724,83.46456692913385,10.091860713522747,20,1,17.4
51,2019-10-08,2019-10-29,28.81756035035249,19.315317239906,24.066438795129244,0.4875331888790413,77.16535433070865,9.50224311044649,21,1,18.6
51,2019-10-08,2019-10-30,22.61375774407178,17.81136509292886,20.21256141850032,1.332132938627268,78.34645669291338,4.80239265114292,22,1,19.2
51,2019-10-08,2019-10-31,20.69963682973724,17.40974150822474,19.054689168980993,48.31385235145115,90.5511811023622,3.2898953215124997,23,1,19.3
51,2019-10-08,2019-11-01,30.49241615039521,16.315958128605,23.404187139500102,2.279732657856982,74.01574803149606,14.17645802179021,24,1,17.7
51,2019-10-08,2019-11-02,31.60328989532151,18.40952787865841,25.00640888698996,1.126132999664293,70.86614173228347,13.1937620166631,25,1,18
51,2019-10-08,2019-11-03,23.31446272164067,18.40952787865841,20.861995300149538,2.279732657856982,86.22047244094487,4.904934842982261,26,1,19.5
51,2019-10-08,2019-11-04,21.99850459303568,19.50331125827815,20.75090792565691,6.530198065126513,88.9763779527559,2.4951933347575306,27,1,20.1
51,2019-10-08,2019-11-05,22.20358897671438,18.4949797051912,20.34928434095279,55.81225012970367,89.76377952755905,3.70860927152318,28,1,19
52,2019-09-26,2019-08-29,29.10809656056398,13.60713522751549,21.357615894039736,0,62.20472440944881,15.500961333048489,-28,0,13.6
52,2019-09-26,2019-08-30,29.39863277077547,15.11108737449263,22.254860072634052,0,56.69291338582676,14.28754539628284,-27,0,13.5
52,2019-09-26,2019-08-31,22.40867336039308,12.60734885708182,17.50801110873745,31.6415906247139,90.15748031496062,9.80132450331126,-26,0,14.2
52,2019-09-26,2019-09-01,15.50416577654347,8.010040589617603,11.757103183080536,10.70513016144292,79.5275590551181,7.494125186925867,-25,0,8.9
52,2019-09-26,2019-09-02,20.20401623584704,4.104892117069003,12.15445417645802,0,70.47244094488188,16.099124118778036,-24,0,6.9
52,2019-09-26,2019-09-03,18.9051484725486,6.907712027344585,12.906430249946592,0,68.50393700787401,11.997436445204016,-23,0,6.9
52,2019-09-26,2019-09-04,18.61461226233711,5.907925656910917,12.261268959624015,0,71.65354330708661,12.706686605426194,-22,0,6.7
52,2019-09-26,2019-09-05,16.20487075411237,3.412732322153387,9.80880153813288,0,73.62204724409449,12.792138431958984,-21,0,5
52,2019-09-26,2019-09-06,17.20465712454604,10.11215552232429,13.658406323435164,3.611865596484279,82.67716535433071,7.092501602221748,-20,0,9.8
52,2019-09-26,2019-09-07,22.20358897671438,14.21384319589831,18.208716086306342,8.274330881679731,79.5275590551181,7.989745780816069,-19,0,14.9
52,2019-09-26,2019-09-08,28.61247596667379,8.509933774834437,18.56120487075411,0.3639332255012562,64.96062992125984,20.102542191839355,-18,0,16.7
52,2019-09-26,2019-09-09,31.10766930143132,19.315317239906,25.21149327066866,0.3776665547654545,52.36220472440944,11.792352061525316,-17,0,15.1
52,2019-09-26,2019-09-10,28.20230719931639,18.30698568681905,23.25464644306772,0,70.47244094488188,9.89532151249734,-16,0,16
52,2019-09-26,2019-09-11,22.90429395428327,16.60649433881649,19.75539414654988,0,81.88976377952756,6.297799615466779,-15,0,17.5
52,2019-09-26,2019-09-12,19.1102328562273,14.50437940610981,16.807306131168556,5.987731559190649,94.09448818897636,4.605853450117488,-14,0,15.5
52,2019-09-26,2019-09-13,20.10147404400769,10.60777611621448,15.354625080111084,5.534531693472104,84.64566929133858,9.493697927793212,-13,0,11.5
52,2019-09-26,2019-09-14,21.40034180730613,13.60713522751549,17.50373851741081,0,81.88976377952756,7.79320657979064,-12,0,14.4
52,2019-09-26,2019-09-15,31.00512710959197,15.4101687673574,23.20764793847469,0,67.32283464566929,15.594958342234571,-11,0,16.5
52,2019-09-26,2019-09-16,31.39820551164281,19.99893185216834,25.698568681905577,0,55.90551181102362,11.39927365947447,-10,0,17
52,2019-09-26,2019-09-17,24.61333048493912,12.80388805810724,18.70860927152318,4.257332071901601,90.15748031496062,11.80944242683188,-9,0,14.5
52,2019-09-26,2019-09-18,15.21362956633198,11.21448408459731,13.214056825464644,10.73259681997132,92.91338582677164,3.9991454817346703,-8,0,11.8
52,2019-09-26,2019-09-19,23.99807733390301,9.308908352916044,16.653492843409527,2.389599291970569,90.5511811023622,14.689168980986963,-7,0,14
52,2019-09-26,2019-09-20,16.60649433881649,11.60756248664815,14.107028412732321,10.13519699697866,86.22047244094487,4.998931852168338,-6,0,12.2
52,2019-09-26,2019-09-21,21.19525742362743,8.304849391155736,14.750053407391585,0,77.16535433070865,12.890408032471695,-5,0,9.3
52,2019-09-26,2019-09-22,19.40076906643879,8.509933774834437,13.955351420636614,0,67.32283464566929,10.890835291604354,-4,0,7.1
52,2019-09-26,2019-09-23,20.81926938688314,6.608630634479812,13.713950010681476,0,62.99212598425196,14.210638752403328,-3,0,6.5
52,2019-09-26,2019-09-24,22.49412518692587,9.112369151890622,15.803247169408246,0,62.20472440944881,13.381756035035249,-2,0,8
52,2019-09-26,2019-09-25,24.30570390942106,10.41123691518906,17.35847041230506,0,66.53543307086613,13.894466994232,-1,0,10.6
52,2019-09-26,2019-09-26,25.1944029053621,12.00918607135227,18.601794488357186,0,63.38582677165353,13.18521683400983,0,0,12.1
52,2019-09-26,2019-09-27,22.81884212775048,9.710531937620168,16.264687032685323,0,60.23622047244093,13.108310190130313,1,0,9.6
52,2019-09-26,2019-09-28,27.31360820337535,11.80410168767357,19.55885494552446,0,66.53543307086613,15.509506515701778,2,0,11.2
52,2019-09-26,2019-09-29,28.81756035035249,13.41059602649007,21.11407818842128,0,62.59842519685039,15.40696432386242,3,0,12.3
52,2019-09-26,2019-09-30,30.20187994018372,14.50437940610981,22.353129673146764,0,58.66141732283464,15.697500534073908,4,0,12.7
52,2019-09-26,2019-10-01,33.59431745353557,15.70925016022217,24.651783806878868,0,53.14960629921259,17.885067293313398,5,0,13.5
52,2019-09-26,2019-10-02,30.49241615039521,16.49540696432386,23.493911557359535,4.634998626667084,66.53543307086613,13.997009186071352,6,0,15
52,2019-09-26,2019-10-03,19.99893185216834,15.80324716940825,17.901089510788296,32.13599047822504,94.09448818897636,4.19568468276009,7,0,16.7
52,2019-09-26,2019-10-04,19.99893185216834,17.11066011535997,18.554795983764155,17.12546159245582,90.15748031496062,2.8882717368083703,8,0,17.2
52,2019-09-26,2019-10-05,18.81969664601581,15.11108737449263,16.96539201025422,40.87038789025544,94.48818897637796,3.70860927152318,9,0,17.3
52,2019-09-26,2019-10-06,17.20465712454604,12.30826746421705,14.756462294381544,23.41532639545883,89.37007874015748,4.896389660328989,10,0,12.2
52,2019-09-26,2019-10-07,25.3994872890408,12.80388805810724,19.10168767357402,0.05493331705679338,74.80314960629921,12.595599230933558,11,0,13.1
52,2019-09-26,2019-10-08,25.8096560563982,14.21384319589831,20.011749626148255,0.04806665242469421,68.11023622047244,11.59581286049989,12,0,13
52,2019-09-26,2019-10-09,28.49284340952788,12.80388805810724,20.64836573381756,0,59.05511811023622,15.688955351420638,13,0,12.7
52,2019-09-26,2019-10-10,30.61204870754112,15.4101687673574,23.01110873744926,0,57.48031496062991,15.20187994018372,14,0,13.8
52,2019-09-26,2019-10-11,32.40653706472976,15.30762657551805,23.857081820123906,0,47.24409448818897,17.09891048921171,15,0,13.5
52,2019-09-26,2019-10-12,33.79940183721427,18.81969664601581,26.30954924161504,0,51.18110236220472,14.97970519119846,16,0,15.4
52,2019-09-26,2019-10-13,34.99572740867336,20.69963682973724,27.847682119205302,0.5012665181432681,57.48031496062991,14.29609057893612,17,0,15.8
52,2019-09-26,2019-10-14,21.60542619098483,12.90643024994659,17.25592822046571,12.40806299020355,87.79527559055117,8.69899594103824,18,0,16.4
52,2019-09-26,2019-10-15,21.81051057466353,12.60734885708182,17.208929715872678,1.194799645985285,82.28346456692913,9.203161717581713,19,0,12.5
52,2019-09-26,2019-10-16,18.20444349497971,14.11130100405896,16.157872249519336,8.178197576830343,86.61417322834646,4.09314249092075,20,0,14.3
52,2019-09-26,2019-10-17,29.80880153813288,16.1108737449263,22.95983764152959,20.86092715231788,83.46456692913385,13.697927793206578,21,0,17.4
52,2019-09-26,2019-10-18,25.50202948088015,17.40974150822474,21.455885494552447,10.79439680166021,87.4015748031496,8.09228797265541,22,0,18.2
52,2019-09-26,2019-10-19,23.60499893185217,15.4101687673574,19.507583849604785,0.08926664021728925,74.01574803149606,8.19483016449477,23,0,14.3
52,2019-09-26,2019-10-20,24.69878231147191,8.210852381969666,16.454817346720787,0.04806665242469421,66.14173228346456,16.487929929502243,24,0,9.5
52,2019-09-26,2019-10-21,17.999359111301,11.80410168767357,14.901730399487285,30.3506576738792,92.91338582677164,6.19525742362743,25,0,14.3
52,2019-09-26,2019-10-22,20.81926938688314,11.41102328562273,16.115146336252934,1.902066103091528,81.88976377952756,9.40824610126041,26,0,11.8
52,2019-09-26,2019-10-23,26.81798760948515,10.80431531723991,18.81115146336253,0.08926664021728925,71.65354330708661,16.01367229224524,27,0,12.4
52,2019-09-26,2019-10-24,27.91177098910489,13.50459303567614,20.708182012390516,0,58.26771653543306,14.407177953428752,28,0,12.6
53,2019-10-04,2019-09-06,17.20465712454604,10.11215552232429,13.658406323435164,3.611865596484279,82.67716535433071,7.092501602221748,-28,0,9.8
53,2019-10-04,2019-09-07,22.20358897671438,14.21384319589831,18.208716086306342,8.274330881679731,79.5275590551181,7.989745780816069,-27,0,14.9
53,2019-10-04,2019-09-08,28.61247596667379,8.509933774834437,18.56120487075411,0.3639332255012562,64.96062992125984,20.102542191839355,-26,0,16.7
53,2019-10-04,2019-09-09,31.10766930143132,19.315317239906,25.21149327066866,0.3776665547654545,52.36220472440944,11.792352061525316,-25,0,15.1
53,2019-10-04,2019-09-10,28.20230719931639,18.30698568681905,23.25464644306772,0,70.47244094488188,9.89532151249734,-24,0,16
53,2019-10-04,2019-09-11,22.90429395428327,16.60649433881649,19.75539414654988,0,81.88976377952756,6.297799615466779,-23,0,17.5
53,2019-10-04,2019-09-12,19.1102328562273,14.50437940610981,16.807306131168556,5.987731559190649,94.09448818897636,4.605853450117488,-22,0,15.5
53,2019-10-04,2019-09-13,20.10147404400769,10.60777611621448,15.354625080111084,5.534531693472104,84.64566929133858,9.493697927793212,-21,0,11.5
53,2019-10-04,2019-09-14,21.40034180730613,13.60713522751549,17.50373851741081,0,81.88976377952756,7.79320657979064,-20,0,14.4
53,2019-10-04,2019-09-15,31.00512710959197,15.4101687673574,23.20764793847469,0,67.32283464566929,15.594958342234571,-19,0,16.5
53,2019-10-04,2019-09-16,31.39820551164281,19.99893185216834,25.698568681905577,0,55.90551181102362,11.39927365947447,-18,0,17
53,2019-10-04,2019-09-17,24.61333048493912,12.80388805810724,18.70860927152318,4.257332071901601,90.15748031496062,11.80944242683188,-17,0,14.5
53,2019-10-04,2019-09-18,15.21362956633198,11.21448408459731,13.214056825464644,10.73259681997132,92.91338582677164,3.9991454817346703,-16,0,11.8
53,2019-10-04,2019-09-19,23.99807733390301,9.308908352916044,16.653492843409527,2.389599291970569,90.5511811023622,14.689168980986963,-15,0,14
53,2019-10-04,2019-09-20,16.60649433881649,11.60756248664815,14.107028412732321,10.13519699697866,86.22047244094487,4.998931852168338,-14,0,12.2
53,2019-10-04,2019-09-21,21.19525742362743,8.304849391155736,14.750053407391585,0,77.16535433070865,12.890408032471695,-13,0,9.3
53,2019-10-04,2019-09-22,19.40076906643879,8.509933774834437,13.955351420636614,0,67.32283464566929,10.890835291604354,-12,0,7.1
53,2019-10-04,2019-09-23,20.81926938688314,6.608630634479812,13.713950010681476,0,62.99212598425196,14.210638752403328,-11,0,6.5
53,2019-10-04,2019-09-24,22.49412518692587,9.112369151890622,15.803247169408246,0,62.20472440944881,13.381756035035249,-10,0,8
53,2019-10-04,2019-09-25,24.30570390942106,10.41123691518906,17.35847041230506,0,66.53543307086613,13.894466994232,-9,0,10.6
53,2019-10-04,2019-09-26,25.1944029053621,12.00918607135227,18.601794488357186,0,63.38582677165353,13.18521683400983,-8,0,12.1
53,2019-10-04,2019-09-27,22.81884212775048,9.710531937620168,16.264687032685323,0,60.23622047244093,13.108310190130313,-7,0,9.6
53,2019-10-04,2019-09-28,27.31360820337535,11.80410168767357,19.55885494552446,0,66.53543307086613,15.509506515701778,-6,0,11.2
53,2019-10-04,2019-09-29,28.81756035035249,13.41059602649007,21.11407818842128,0,62.59842519685039,15.40696432386242,-5,0,12.3
53,2019-10-04,2019-09-30,30.20187994018372,14.50437940610981,22.353129673146764,0,58.66141732283464,15.697500534073908,-4,0,12.7
53,2019-10-04,2019-10-01,33.59431745353557,15.70925016022217,24.651783806878868,0,53.14960629921259,17.885067293313398,-3,0,13.5
53,2019-10-04,2019-10-02,30.49241615039521,16.49540696432386,23.493911557359535,4.634998626667084,66.53543307086613,13.997009186071352,-2,0,15
53,2019-10-04,2019-10-03,19.99893185216834,15.80324716940825,17.901089510788296,32.13599047822504,94.09448818897636,4.19568468276009,-1,0,16.7
53,2019-10-04,2019-10-04,19.99893185216834,17.11066011535997,18.554795983764155,17.12546159245582,90.15748031496062,2.8882717368083703,0,0,17.2
53,2019-10-04,2019-10-05,18.81969664601581,15.11108737449263,16.96539201025422,40.87038789025544,94.48818897637796,3.70860927152318,1,0,17.3
53,2019-10-04,2019-10-06,17.20465712454604,12.30826746421705,14.756462294381544,23.41532639545883,89.37007874015748,4.896389660328989,2,0,12.2
53,2019-10-04,2019-10-07,25.3994872890408,12.80388805810724,19.10168767357402,0.05493331705679338,74.80314960629921,12.595599230933558,3,0,13.1
53,2019-10-04,2019-10-08,25.8096560563982,14.21384319589831,20.011749626148255,0.04806665242469421,68.11023622047244,11.59581286049989,4,0,13
53,2019-10-04,2019-10-09,28.49284340952788,12.80388805810724,20.64836573381756,0,59.05511811023622,15.688955351420638,5,0,12.7
53,2019-10-04,2019-10-10,30.61204870754112,15.4101687673574,23.01110873744926,0,57.48031496062991,15.20187994018372,6,0,13.8
53,2019-10-04,2019-10-11,32.40653706472976,15.30762657551805,23.857081820123906,0,47.24409448818897,17.09891048921171,7,0,13.5
53,2019-10-04,2019-10-12,33.79940183721427,18.81969664601581,26.30954924161504,0,51.18110236220472,14.97970519119846,8,0,15.4
53,2019-10-04,2019-10-13,34.99572740867336,20.69963682973724,27.847682119205302,0.5012665181432681,57.48031496062991,14.29609057893612,9,0,15.8
53,2019-10-04,2019-10-14,21.60542619098483,12.90643024994659,17.25592822046571,12.40806299020355,87.79527559055117,8.69899594103824,10,0,16.4
53,2019-10-04,2019-10-15,21.81051057466353,12.60734885708182,17.208929715872678,1.194799645985285,82.28346456692913,9.203161717581713,11,0,12.5
53,2019-10-04,2019-10-16,18.20444349497971,14.11130100405896,16.157872249519336,8.178197576830343,86.61417322834646,4.09314249092075,12,0,14.3
53,2019-10-04,2019-10-17,29.80880153813288,16.1108737449263,22.95983764152959,20.86092715231788,83.46456692913385,13.697927793206578,13,0,17.4
53,2019-10-04,2019-10-18,25.50202948088015,17.40974150822474,21.455885494552447,10.79439680166021,87.4015748031496,8.09228797265541,14,0,18.2
53,2019-10-04,2019-10-19,23.60499893185217,15.4101687673574,19.507583849604785,0.08926664021728925,74.01574803149606,8.19483016449477,15,0,14.3
53,2019-10-04,2019-10-20,24.69878231147191,8.210852381969666,16.454817346720787,0.04806665242469421,66.14173228346456,16.487929929502243,16,0,9.5
53,2019-10-04,2019-10-21,17.999359111301,11.80410168767357,14.901730399487285,30.3506576738792,92.91338582677164,6.19525742362743,17,0,14.3
53,2019-10-04,2019-10-22,20.81926938688314,11.41102328562273,16.115146336252934,1.902066103091528,81.88976377952756,9.40824610126041,18,0,11.8
53,2019-10-04,2019-10-23,26.81798760948515,10.80431531723991,18.81115146336253,0.08926664021728925,71.65354330708661,16.01367229224524,19,0,12.4
53,2019-10-04,2019-10-24,27.91177098910489,13.50459303567614,20.708182012390516,0,58.26771653543306,14.407177953428752,20,0,12.6
53,2019-10-04,2019-10-25,27.99722281563768,11.80410168767357,19.900662251655625,0,56.69291338582676,16.193121127964112,21,0,11.2
53,2019-10-04,2019-10-26,31.80837427900021,13.60713522751549,22.70775475325785,0,58.26771653543306,18.20123905148472,22,0,14.6
53,2019-10-04,2019-10-27,24.49369792779321,16.315958128605,20.404828028199105,5.170598467970819,84.25196850393701,8.17773979918821,23,0,17.3
53,2019-10-04,2019-10-28,25.99765007477035,15.9057893612476,20.951719718008977,48.561052278206724,83.46456692913385,10.091860713522747,24,0,17.4
53,2019-10-04,2019-10-29,28.81756035035249,19.315317239906,24.066438795129244,0.4875331888790413,77.16535433070865,9.50224311044649,25,0,18.6
53,2019-10-04,2019-10-30,22.61375774407178,17.81136509292886,20.21256141850032,1.332132938627268,78.34645669291338,4.80239265114292,26,0,19.2
53,2019-10-04,2019-10-31,20.69963682973724,17.40974150822474,19.054689168980993,48.31385235145115,90.5511811023622,3.2898953215124997,27,0,19.3
53,2019-10-04,2019-11-01,30.49241615039521,16.315958128605,23.404187139500102,2.279732657856982,74.01574803149606,14.17645802179021,28,0,17.7
54,2020-09-08,2020-08-11,27.05725272377697,7.638325144199957,17.34778893398846,0,62.59842519685039,19.418927579577012,-28,0,8.2
54,2020-09-08,2020-08-12,26.23691518906217,10.13779107028413,18.18735312967315,0,77.95275590551181,16.09912411877804,-27,0,10.6
54,2020-09-08,2020-08-13,20.88763084810938,12.60734885708182,16.7474898525956,10.19699697866756,88.9763779527559,8.280281991027561,-26,0,14.1
54,2020-09-08,2020-08-14,25.91219824823756,11.76992095706046,18.84105960264901,2.458265938291561,81.49606299212599,14.142277291177098,-25,0,15.1
54,2020-09-08,2020-08-15,18.05063020722068,13.74385814996796,15.89724417859432,12.84066286202582,90.94488188976378,4.306772057252722,-24,0,13.9
54,2020-09-08,2020-08-16,19.72548600726341,13.48750267036958,16.606494338816496,41.96905423139134,93.7007874015748,6.23798333689383,-23,0,14.6
54,2020-09-08,2020-08-17,19.69130527665029,14.14548173467208,16.918393505661186,1.455732902005053,92.91338582677164,5.54582354197821,-22,0,14.8
54,2020-09-08,2020-08-18,16.98248237556078,12.73552659688101,14.859004486220895,11.46732993560593,96.06299212598424,4.246955778679771,-21,0,14.8
54,2020-09-08,2020-08-19,16.39286477248451,11.86391796624653,14.12839136936552,37.60185552537612,94.88188976377953,4.528946806237981,-20,0,13
54,2020-09-08,2020-08-20,12.75261696218757,10.49668874172185,11.62465285195471,23.70372631000703,96.06299212598424,2.2559282204657194,-19,0,11.1
54,2020-09-08,2020-08-21,10.86413159581286,3.771629993591112,7.317880794701987,20.24292733542893,87.00787401574803,7.092501602221748,-18,0,4.4
54,2020-09-08,2020-08-22,14.00875881221961,0.387737662892544,7.198248237556077,0.1441999572740826,81.1023622047244,13.621021149327063,-17,0,3.6
54,2020-09-08,2020-08-23,17.77718436231574,5.788293099765008,11.782738731040377,0,79.92125984251969,11.988891262550732,-16,0,6.9
54,2020-09-08,2020-08-24,18.34116641743217,10.14633625293741,14.24375133518479,0,76.77165354330708,8.19483016449476,-15,0,8.7
54,2020-09-08,2020-08-25,21.38325144199957,9.155095065157017,15.269173253578291,0,78.34645669291338,12.228156376842552,-14,0,9.3
54,2020-09-08,2020-08-26,25.72420422986541,7.463148899807734,16.59367656483657,0,74.80314960629921,18.261055330057676,-13,0,9.2
54,2020-09-08,2020-08-27,27.26233710745567,6.147190771202734,16.704763939329204,0,77.16535433070865,21.115146336252938,-12,0,9.2
54,2020-09-08,2020-08-28,29.22772911770989,5.839564195684682,17.533646656697286,0,72.44094488188976,23.38816492202521,-11,0,11.5
54,2020-09-08,2020-08-29,29.29609057893612,8.086947233497117,18.69151890621662,0,69.68503937007874,21.209143345439003,-10,0,11.4
54,2020-09-08,2020-08-30,30.64622943815424,10.16342661824396,20.4048280281991,0,62.59842519685039,20.48280281991028,-9,0,12
54,2020-09-08,2020-08-31,24.27152317880795,14.94872890408032,19.610126041444136,0,80.70866141732283,9.32279427472763,-8,0,14.2
54,2020-09-08,2020-09-01,19.48622089297159,14.18820764793847,16.83721427045503,0,84.64566929133858,5.298013245033122,-7,0,13.2
54,2020-09-08,2020-09-02,24.2886135441145,13.94894253364666,19.11877803888058,0,80.70866141732283,10.33967101046784,-6,0,13.8
54,2020-09-08,2020-09-03,27.79213843195898,13.45332193975646,20.62273018585772,0,74.01574803149606,14.338816492202518,-5,0,13.9
54,2020-09-08,2020-09-04,29.26190984832301,12.88933988464003,21.07562486648152,0,66.92913385826772,16.37256996368298,-4,0,12.2
54,2020-09-08,2020-09-05,30.28733176671651,14.17111728263192,22.229224524674216,0,71.25984251968504,16.116214484084587,-3,0,14.4
54,2020-09-08,2020-09-06,30.577867976928,11.32557145908994,20.95171971800897,0,68.50393700787401,19.25229651783806,-2,0,12.3
54,2020-09-08,2020-09-07,29.31318094424268,16.13650929288614,22.72484511856441,0,75.19685039370079,13.176671651356545,-1,0,14.4
54,2020-09-08,2020-09-08,27.96304208502457,16.13650929288614,22.049775688955354,0,84.25196850393701,11.82653279213843,0,0,15.5
54,2020-09-08,2020-09-09,26.88634907071139,15.71779534287545,21.30207220679342,0,83.07086614173228,11.16855372783594,1,0,15.2
54,2020-09-08,2020-09-10,31.36402478102969,15.22217474898526,23.293099765007476,0,73.62204724409449,16.14185003204443,2,0,14.9
54,2020-09-08,2020-09-11,32.30399487289041,15.30762657551805,23.80581072420423,0.04119998779259504,72.04724409448819,16.996368297372356,3,0,15.4
54,2020-09-08,2020-09-12,32.67143772698141,13.76949369792779,23.2204657124546,1.325266273995169,61.81102362204724,18.901944029053617,4,0,11.5
54,2020-09-08,2020-09-13,32.37235633411665,11.52211066011536,21.94723349711601,0,64.1732283464567,20.850245674001293,5,0,11.9
54,2020-09-08,2020-09-14,31.32984405041658,15.05981627857295,23.194830164494764,0,61.81102362204724,16.27002777184363,6,0,10.9
54,2020-09-08,2020-09-15,22.25486007263405,12.4108096560564,17.332834864345223,0,80.31496062992126,9.844050416577648,7,0,11.5
54,2020-09-08,2020-09-16,29.22772911770989,11.68446913052767,20.45609912411878,0,75.59055118110236,17.54325998718222,8,0,12.3
54,2020-09-08,2020-09-17,25.45075838496048,15.36744285409101,20.409100619525745,0,80.31496062992126,10.08331553086947,9,0,15.6
54,2020-09-08,2020-09-18,26.56163212988677,13.11151463362529,19.836573381756033,0.0755333109530909,72.04724409448819,13.45011749626148,10,0,13.2
54,2020-09-08,2020-09-19,29.80880153813288,11.24011963255715,20.524460585345015,0,62.99212598425196,18.56868190557573,11,0,12.5
54,2020-09-08,2020-09-20,22.39158299508652,13.88058107242042,18.136082033753468,0,77.95275590551181,8.5110019226661,12,0,12.1
54,2020-09-08,2020-09-21,19.58876308481094,11.82119205298013,15.704977568895536,1.524399548326073,83.07086614173228,7.767571031830808,13,0,10.7
54,2020-09-08,2020-09-22,16.67485580004272,10.36851100192267,13.521683400982695,0,79.5275590551181,6.306344798120051,14,0,9.1
54,2020-09-08,2020-09-23,21.34907071138646,10.98376415295877,16.166417432172615,0,78.74015748031496,10.36530655842769,15,0,10.4
54,2020-09-08,2020-09-24,27.48451185644093,12.8637043366802,20.17410809656057,0,67.32283464566929,14.620807519760728,16,0,11.2
54,2020-09-08,2020-09-25,29.58662678914762,11.86391796624653,20.72527237769707,0,68.50393700787401,17.72270882290109,17,0,12
54,2020-09-08,2020-09-26,31.91091647083956,11.33411664174322,21.62251655629139,0,58.66141732283464,20.576799829096338,18,0,12.5
54,2020-09-08,2020-09-27,33.08160649433881,13.13715018158513,23.109378337961967,1.277199621570475,59.84251968503936,19.94445631275368,19,0,12.1
54,2020-09-08,2020-09-28,22.22067934202094,17.46955778679769,19.845118564409315,7.491531113620397,87.4015748031496,4.75112155522325,20,0,17
54,2020-09-08,2020-09-29,26.57872249519333,15.46143986327708,21.02008117923521,17.61986144596699,87.4015748031496,11.117282631916249,21,0,17.6
54,2020-09-08,2020-09-30,34.51719718008972,14.86327707754753,24.690237128818623,0,71.25984251968504,19.653920102542187,22,0,14.6
54,2020-09-08,2020-10-01,33.93612475966674,17.65755180516983,25.796838282418285,0,64.56692913385827,16.27857295449691,23,0,14.8
54,2020-09-08,2020-10-02,34.99572740867336,16.49540696432386,25.74556718649861,0,54.33070866141732,18.5003204443495,24,0,12.4
54,2020-09-08,2020-10-03,28.28775902584918,16.51249732963042,22.4001281777398,0,77.16535433070865,11.77526169621876,25,0,14.3
54,2020-09-08,2020-10-04,22.04977568895535,14.01730399487289,18.03353984191412,1.558732871486569,85.43307086614173,8.03247169408246,26,0,13.2
54,2020-09-08,2020-10-05,32.73979918820765,16.28177739799188,24.510788293099765,0,75.98425196850394,16.458021790215767,27,0,15.2
54,2020-09-08,2020-10-06,34.96154667806024,15.58961760307626,25.275582140568247,0.04119998779259504,70.47244094488188,19.371929074983974,28,0,16.1
55,2020-09-13,2020-08-16,16.65776543473617,5.514847254860072,11.08630634479812,0.04806665242469421,84.64566929133858,11.142918179876098,-28,0,8.7
55,2020-09-13,2020-08-17,21.10980559709464,8.501388592181158,14.805597094637898,0,75.98425196850394,12.60841700491348,-27,0,8.9
55,2020-09-13,2020-08-18,22.69920957060457,11.20593890194403,16.9525742362743,0,82.67716535433071,11.49327066866054,-26,0,12.7
55,2020-09-13,2020-08-19,18.2898953215125,11.59901730399487,14.944456312753683,1.284066286202574,85.8267716535433,6.69087801751763,-25,0,12.5
55,2020-09-13,2020-08-20,13.20551164281136,3.600726340525529,8.403118991668444,0,70.07874015748031,9.60478530228583,-24,0,0.3
55,2020-09-13,2020-08-21,12.49626148258919,1.609698782311472,7.052980132450331,0,61.41732283464566,10.886562700277718,-23,0,-2.1
55,2020-09-13,2020-08-22,17.50373851741081,2.60948515274514,10.056611835077977,0,59.05511811023622,14.89425336466567,-22,0,1.2
55,2020-09-13,2020-08-23,21.28070925016022,4.831232642597735,13.055970946378975,0,63.7795275590551,16.449476607562488,-21,0,6.5
55,2020-09-13,2020-08-24,23.70754112369152,12.000640888699,17.85409100619526,0,67.71653543307086,11.70690023499252,-20,0,9.2
55,2020-09-13,2020-08-25,27.70668660542619,13.41059602649007,20.55864131595813,0,64.56692913385827,14.296090578936118,-19,0,12.2
55,2020-09-13,2020-08-26,30.09933774834437,13.59859004486221,21.84896389660329,0,60.62992125984251,16.500747703482162,-18,0,12.9
55,2020-09-13,2020-08-27,30.90258491775262,17.20465712454604,24.05362102114933,0,55.51181102362204,13.69792779320658,-17,0,12.8
55,2020-09-13,2020-08-28,24.90386669515061,15.4101687673574,20.157017731254005,0,70.47244094488188,9.493697927793212,-16,0,15.1
55,2020-09-13,2020-08-29,30.09933774834437,18.80260628070925,24.450972014526812,0,64.1732283464567,11.296731467635125,-15,0,15.6
55,2020-09-13,2020-08-30,21.51997436445204,11.47083956419569,16.495406964323866,0.8377330851161275,91.73228346456692,10.049134800256349,-14,0,14.1
55,2020-09-13,2020-08-31,14.49583422345653,9.411450544755391,11.953642384105962,1.860866115298933,89.37007874015748,5.084383678701137,-13,0,9.3
55,2020-09-13,2020-09-01,22.90429395428327,9.599444563127538,16.251869258705405,0,82.67716535433071,13.30484939115573,-12,0,10.5
55,2020-09-13,2020-09-02,24.69878231147191,13.20551164281136,18.95214697714163,0,79.13385826771653,11.49327066866055,-11,0,14.2
55,2020-09-13,2020-09-03,16.90557573168126,9.308908352916044,13.107242042298653,0.8720664082766234,88.9763779527559,7.596667378765217,-10,0,11
55,2020-09-13,2020-09-04,21.10980559709464,7.60841700491348,14.35911130100406,0.8926664021729209,83.07086614173228,13.501388592181158,-9,0,9.6
55,2020-09-13,2020-09-05,20.69963682973724,12.4108096560564,16.555223242896822,0,79.92125984251969,8.28882717368084,-8,0,12.1
55,2020-09-13,2020-09-06,16.48686178167058,11.60756248664815,14.047212134159366,0.7072664571062433,95.2755905511811,4.879299295022429,-7,0,13
55,2020-09-13,2020-09-07,15.9057893612476,12.59880367442854,14.252296517838069,22.19306009094515,93.30708661417324,3.3069856868190595,-6,0,12.5
55,2020-09-13,2020-09-08,22.49412518692587,13.20551164281136,17.849818414868615,1.084933011871698,87.79527559055117,9.288613544114511,-5,0,13.5
55,2020-09-13,2020-09-09,26.69835505233925,15.2050843836787,20.951719718008977,0,84.25196850393701,11.493270668660548,-4,0,17.5
55,2020-09-13,2020-09-10,25.50202948088015,17.7942747276223,21.648152104251224,0.04806665242469421,80.70866141732283,7.707754753257848,-3,0,16.4
55,2020-09-13,2020-09-11,32.49198889126255,16.99957274086734,24.745780816064944,0,74.40944881889763,15.492416150395211,-2,0,18.1
55,2020-09-13,2020-09-12,26.1001922666097,16.60649433881649,21.353343302713093,0.315866573076562,84.25196850393701,9.49369792779321,-1,0,17.1
55,2020-09-13,2020-09-13,28.45866267891476,16.58940397350993,22.524033326212347,3.378398998992878,78.34645669291338,11.869258705404828,0,0,16.5
55,2020-09-13,2020-09-14,16.1108737449263,11.59901730399487,13.854945524460586,11.02099673451949,87.79527559055117,4.511856440931432,1,0,13.4
55,2020-09-13,2020-09-15,16.1108737449263,7.206793420209357,11.65883358256783,0.4531998657185454,80.31496062992126,8.904080324716944,2,0,8.1
55,2020-09-13,2020-09-16,16.49540696432386,14.41038239692374,15.4528946806238,7.889797662282177,94.48818897637796,2.0850245674001187,3,0,15.9
55,2020-09-13,2020-09-17,24.69878231147191,14.41038239692374,19.554582354197827,17.82586138492996,87.00787401574803,10.288399914548169,4,0,15.6
55,2020-09-13,2020-09-18,26.49327066866054,14.80346079897458,20.64836573381756,14.81826227607044,81.49606299212599,11.68980986968596,5,0,15
55,2020-09-13,2020-09-19,24.49369792779321,12.80388805810724,18.648792992950227,0,73.62204724409449,11.68980986968597,6,0,12.3
55,2020-09-13,2020-09-20,16.70049134800256,3.857081820123906,10.278786584063234,0,69.68503937007874,12.843409527878656,7,0,5.6
55,2020-09-13,2020-09-21,19.50331125827815,10.10361033967101,14.80346079897458,0,59.05511811023622,9.39970091860714,8,0,3.8
55,2020-09-13,2020-09-22,23.70754112369152,5.805383465071566,14.756462294381542,0,61.81102362204724,17.902157658619956,9,0,6.7
55,2020-09-13,2020-09-23,27.91177098910489,11.20593890194403,19.55885494552446,0,67.71653543307086,16.70583208716086,10,0,12.4
55,2020-09-13,2020-09-24,29.91134372997223,13.80367442854091,21.85750907925657,0,60.23622047244093,16.107669301431322,11,0,13.3
55,2020-09-13,2020-09-25,30.69750053407392,15.99978637043367,23.348643452253796,0,56.29921259842519,14.697714163640253,12,0,12.9
55,2020-09-13,2020-09-26,34.0728476821192,16.60649433881649,25.33967101046785,0,58.66141732283464,17.466353343302714,13,0,14.7
55,2020-09-13,2020-09-27,26.66417432172613,18.0848109378338,22.374492629779965,0.2540665913876694,74.80314960629921,8.579363383892328,14,0,16.9
55,2020-09-13,2020-09-28,21.50288399914548,13.20551164281136,17.35419782097842,5.342265083773299,77.55905511811024,8.297372356334122,15,0,12.1
55,2020-09-13,2020-09-29,29.70625934629353,10.00106814783166,19.85366374706259,0.04806665242469421,66.14173228346456,19.70519119846187,16,0,12.2
55,2020-09-13,2020-09-30,34.72228156376843,19.6058534501175,27.164067506942967,0,66.53543307086613,15.116428113650931,17,0,19.6
55,2020-09-13,2020-10-01,36.2945951719718,22.40867336039308,29.35163426618244,0,55.51181102362204,13.88592181157872,18,0,17.8
55,2020-09-13,2020-10-02,30.28733176671651,17.20465712454604,23.745994445631275,0,64.56692913385827,13.08267464217047,19,0,16.9
55,2020-09-13,2020-10-03,17.50373851741081,12.4108096560564,14.957274086733603,0.04806665242469421,83.85826771653544,5.092928861354409,20,0,11.4
55,2020-09-13,2020-10-04,27.24524674214911,11.89809869685964,19.571672719504377,0.6111331522568548,75.98425196850394,15.34714804528947,21,0,13.6
55,2020-09-13,2020-10-05,22.49412518692587,15.59816278572955,19.04614398632771,0,81.1023622047244,6.895962401196321,22,0,15.9
55,2020-09-13,2020-10-06,26.90343943601794,11.80410168767357,19.353770561845757,0,75.19685039370079,15.09933774834437,23,0,13.1
55,2020-09-13,2020-10-07,25.29694509720145,14.80346079897458,20.050202948088018,0,69.29133858267717,10.493484298226871,24,0,14.6
55,2020-09-13,2020-10-08,21.10980559709464,15.59816278572955,18.353984191412096,0.5905331583605573,87.00787401574803,5.511642811365089,25,0,15.7
55,2020-09-13,2020-10-09,25.50202948088015,12.80388805810724,19.152958769493697,0.2128666035950744,73.62204724409449,12.69814142277291,26,0,12.3
55,2020-09-13,2020-10-10,24.49369792779321,11.59901730399487,18.04635761589404,0,52.36220472440944,12.89468062379834,27,0,6.5
55,2020-09-13,2020-10-11,29.38154240546892,7.851954710531937,18.616748558000427,0,47.63779527559054,21.529587694936986,28,0,8.2
56,2020-10-03,2020-09-05,27.80922879726554,13.41059602649007,20.609912411877804,0,75.19685039370079,14.39863277077547,-28,0,14.5
56,2020-10-03,2020-09-06,17.50373851741081,12.50480666524247,15.00427259132664,0,92.1259842519685,4.99893185216834,-27,0,13.8
56,2020-10-03,2020-09-07,15.4101687673574,12.50480666524247,13.957487716299934,14.02172917874691,95.2755905511811,2.90536210211493,-26,0,12.5
56,2020-10-03,2020-09-08,22.81884212775048,12.4108096560564,17.61482589190344,24.40412610248114,87.79527559055117,10.408032471694078,-25,0,13.9
56,2020-10-03,2020-09-09,24.9893185216834,16.49540696432386,20.742362743003632,0,81.49606299212599,8.493911557359542,-24,0,16.3
56,2020-10-03,2020-09-10,26.40781884212775,17.60628070925016,22.007049775688955,0,78.34645669291338,8.801538132877589,-23,0,16.4
56,2020-10-03,2020-09-11,31.50074770348216,16.49540696432386,23.99807733390301,0,71.25984251968504,15.0053407391583,-22,0,17.1
56,2020-10-03,2020-09-12,24.10061952574236,16.81157872249519,20.456099124118776,0,78.74015748031496,7.289040803247168,-21,0,16.1
56,2020-10-03,2020-09-13,29.10809656056398,16.49540696432386,22.80175176244392,0,68.50393700787401,12.61268959624012,-20,0,16.1
56,2020-10-03,2020-09-14,23.99807733390301,9.907071138645588,16.952574236274298,13.0054628131962,88.18897637795276,14.09100619525742,-19,0,14.6
56,2020-10-03,2020-09-15,18.81969664601581,6.608630634479812,12.714163640247811,6.454664754173393,83.07086614173228,12.211066011535998,-18,0,9.1
56,2020-10-03,2020-09-16,15.99978637043367,13.21405682546464,14.606921597949157,4.078798791467023,92.91338582677164,2.78572954496903,-17,0,14.1
56,2020-10-03,2020-09-17,23.91262550737022,13.90621662038026,18.90942106387524,19.48759422589799,87.00787401574803,10.00640888698996,-16,0,14.9
56,2020-10-03,2020-09-18,25.50202948088015,12.70989104892117,19.10596026490066,0.06179998168889256,80.31496062992126,12.79213843195898,-15,0,14.5
56,2020-10-03,2020-09-19,24.49369792779321,11.90664387951292,18.200170903653067,0,75.98425196850394,12.58705404828029,-14,0,13
56,2020-10-03,2020-09-20,17.20465712454604,5.702841273232215,11.453749198889128,0,68.11023622047244,11.501815851313824,-13,0,5
56,2020-10-03,2020-09-21,17.50373851741081,3.908352916043581,10.706045716727196,0,60.62992125984251,13.595385601367228,-12,0,2.5
56,2020-10-03,2020-09-22,23.00683614612262,6.809442426831874,14.908139286477248,0,62.99212598425196,16.197393719290744,-11,0,6.5
56,2020-10-03,2020-09-23,25.99765007477035,10.50523392437513,18.25144199957274,0,68.11023622047244,15.492416150395218,-10,0,10.7
56,2020-10-03,2020-09-24,28.40739158299509,12.30826746421705,20.35782952360607,0,62.59842519685039,16.09912411877804,-9,0,12.4
56,2020-10-03,2020-09-25,28.49284340952788,14.50437940610981,21.49861140781885,0,57.08661417322834,13.988464003418068,-8,0,12.1
56,2020-10-03,2020-09-26,33.21832941679128,16.49540696432386,24.85686819055757,0,54.33070866141732,16.72292245246742,-7,0,12.6
56,2020-10-03,2020-09-27,24.81841486861781,20.20401623584704,22.511215552232425,0,73.62204724409449,4.614398632770772,-6,0,14.5
56,2020-10-03,2020-09-28,20.30655842768639,12.4108096560564,16.358684041871395,14.33759575182347,78.34645669291338,7.895748771629989,-5,0,13.1
56,2020-10-03,2020-09-29,28.81756035035249,9.607989745780817,19.212775048066653,0.315866573076562,69.68503937007874,19.20957060457167,-4,0,12.4
56,2020-10-03,2020-09-30,34.41465498825038,18.4949797051912,26.45481734672079,0,66.92913385826772,15.919675283059185,-3,0,18.9
56,2020-10-03,2020-10-01,34.00448622089297,18.7000640888699,26.352275154881436,0,57.48031496062991,15.30442213202307,-2,0,18
56,2020-10-03,2020-10-02,33.79940183721427,15.70925016022217,24.75432599871822,0,59.44881889763779,18.0901516769921,-1,0,15.4
56,2020-10-03,2020-10-03,15.99978637043367,11.90664387951292,13.953215124973294,0,86.61417322834646,4.09314249092075,0,0,12
56,2020-10-03,2020-10-04,25.1944029053621,12.11172826319163,18.653065584276867,10.917996765038,75.59055118110236,13.08267464217047,1,0,12.8
56,2020-10-03,2020-10-05,24.81841486861781,15.30762657551805,20.063020722067932,0,75.59055118110236,9.51078829309976,2,0,14.9
56,2020-10-03,2020-10-06,29.39863277077547,13.30805383465072,21.353343302713096,0,72.44094488188976,16.09057893612475,3,0,15.1
56,2020-10-03,2020-10-07,29.39863277077547,17.11066011535997,23.25464644306772,0,69.29133858267717,12.2879726554155,4,0,16.9
56,2020-10-03,2020-10-08,20.20401623584704,15.30762657551805,17.755821405682546,0.1029999694814876,87.79527559055117,4.896389660328989,5,0,15.8
56,2020-10-03,2020-10-09,20.61418500320444,14.00875881221961,17.311471907712026,3.124332407605209,80.31496062992126,6.605426190984831,6,0,14.2
56,2020-10-03,2020-10-10,23.19483016449477,7.60841700491348,15.401623584704126,0,59.84251968503936,15.58641315958129,7,0,7.4
56,2020-10-03,2020-10-11,28.61247596667379,9.710531937620168,19.16150395214698,0,53.93700787401574,18.901944029053624,8,0,8.6
56,2020-10-03,2020-10-12,30.40696432386243,15.30762657551805,22.85729544969024,0,51.57480314960629,15.09933774834438,9,0,11.4
56,2020-10-03,2020-10-13,27.70668660542619,12.21427045503098,19.960478530228585,0,53.93700787401574,15.492416150395208,10,0,9.3
56,2020-10-03,2020-10-14,28.69792779320658,11.7101046784875,20.204016235847043,0,55.51181102362204,16.98782311471908,11,0,9.2
56,2020-10-03,2020-10-15,29.39863277077547,10.90685750907926,20.152745139927365,0,59.84251968503936,18.491775261696212,12,0,9.2
56,2020-10-03,2020-10-16,28.81756035035249,12.4108096560564,20.614185003204447,0,55.51181102362204,16.40675069429609,13,0,10
56,2020-10-03,2020-10-17,28.20230719931639,11.7101046784875,19.956205938901945,0,49.60629921259842,16.49220252082889,14,0,7
56,2020-10-03,2020-10-18,30.40696432386243,12.90643024994659,21.65669728690451,0,48.03149606299212,17.500534073915837,15,0,9
56,2020-10-03,2020-10-19,31.99636829737236,15.30762657551805,23.651997436445207,0,49.60629921259842,16.68874172185431,16,0,10.8
56,2020-10-03,2020-10-20,32.80816064943388,16.99957274086734,24.90386669515061,0,57.08661417322834,15.80858790856654,17,0,13.5
56,2020-10-03,2020-10-21,31.00512710959197,15.4101687673574,23.20764793847469,0,64.1732283464567,15.594958342234571,18,0,14.9
56,2020-10-03,2020-10-22,31.10766930143132,16.70049134800256,23.90408032471694,0,57.87401574803149,14.407177953428755,19,0,13
56,2020-10-03,2020-10-23,29.19354838709678,14.70946378978851,21.951506088442645,0,62.59842519685039,14.48408459730827,20,0,13.5
56,2020-10-03,2020-10-24,31.39820551164281,16.90557573168126,24.151890621662034,0,70.07874015748031,14.49262977996155,21,0,15.2
56,2020-10-03,2020-10-25,32.40653706472976,15.11108737449263,23.75881221961119,17.34519486068299,64.1732283464567,17.29544969023713,22,0,15
56,2020-10-03,2020-10-26,24.49369792779321,16.315958128605,20.404828028199105,0,80.70866141732283,8.17773979918821,23,0,15.7
56,2020-10-03,2020-10-27,24.61333048493912,14.21384319589831,19.413586840418716,20.13306070131534,74.80314960629921,10.39948728904081,24,0,13.6
56,2020-10-03,2020-10-28,29.10809656056398,10.50523392437513,19.806665242469556,0.1716666158024793,53.93700787401574,18.60286263618885,25,0,9.6
56,2020-10-03,2020-10-29,22.69920957060457,13.50459303567614,18.101901303140355,0,74.80314960629921,9.19461653492843,26,0,11.4
56,2020-10-03,2020-10-30,24.20316171758171,10.41123691518906,17.307199316385386,0,61.41732283464566,13.791924802392652,27,0,7.9
56,2020-10-03,2020-10-31,23.60499893185217,12.50480666524247,18.054902798547317,0,69.68503937007874,11.1001922666097,28,0,10.2
57,2020-06-13,2020-05-16,22.04977568895535,9.727622302926726,15.888698995941038,0,80.31496062992126,12.322153386028624,-28,0,10.9
57,2020-06-13,2020-05-17,25.27985473189489,3.993804742576373,14.636829737235631,0,76.37795275590551,21.286049989318517,-27,0,7.3
57,2020-06-13,2020-05-18,25.72420422986541,6.382183294167913,16.05319376201666,0,74.80314960629921,19.342020935697494,-26,0,8.8
57,2020-06-13,2020-05-19,23.98098696859645,5.959196752830591,14.97009186071352,0,82.67716535433071,18.02179021576586,-25,0,10.6
57,2020-06-13,2020-05-20,25.17731254005555,11.41956846827601,18.29844050416578,0,83.46456692913385,13.75774407177954,-24,0,13.3
57,2020-06-13,2020-05-21,25.3994872890408,11.89809869685964,18.64879299295022,0,79.5275590551181,13.50138859218116,-23,0,13.6
57,2020-06-13,2020-05-22,20.27237769707327,14.41038239692374,17.341380046998506,0,88.18897637795276,5.86199530014953,-22,0,14.1
57,2020-06-13,2020-05-23,17.45246742149114,10.41978209784234,13.93612475966674,33.81145664845729,81.88976377952756,7.032685323648799,-21,0,11.1
57,2020-06-13,2020-05-24,17.84554582354198,8.163853877376628,13.004699850459303,3.879665517136146,78.74015748031496,9.681691946165351,-20,0,7.7
57,2020-06-13,2020-05-25,17.84554582354198,7.775048066652425,12.810296945097202,0,70.07874015748031,10.070497756889557,-19,0,6.5
57,2020-06-13,2020-05-26,18.71715445417646,5.694296090578936,12.205725272377698,0,68.89763779527559,13.022858363597525,-18,0,5.4
57,2020-06-13,2020-05-27,22.93847468489639,1.678060243537706,12.30826746421705,0,72.83464566929133,21.260414441358684,-17,0,5.5
57,2020-06-13,2020-05-28,23.82717368083743,1.396069215979491,12.61162144840846,0,76.77165354330708,22.43110446485794,-16,0,6.9
57,2020-06-13,2020-05-29,23.55372783593249,1.028626361888485,12.291177098910488,0,78.34645669291338,22.525101474044007,-15,0,7.2
57,2020-06-13,2020-05-30,24.56205938901944,2.036957914975433,13.299508651997437,0,74.80314960629921,22.525101474044007,-14,0,7.7
57,2020-06-13,2020-05-31,24.81841486861781,2.703482161931211,13.76094851527451,0,74.80314960629921,22.1149327066866,-13,0,8.6
57,2020-06-13,2020-06-01,21.87887203588977,12.5731681264687,17.226020081179236,0,79.92125984251969,9.305703909421071,-12,0,12.7
57,2020-06-13,2020-06-02,18.10190130314036,10.95812860499893,14.530014954069644,8.796197393719297,93.7007874015748,7.143772698141429,-11,0,12.9
57,2020-06-13,2020-06-03,16.28177739799188,11.915189062166201,14.09848323007904,0.1785332804345785,94.09448818897636,4.36658833582568,-10,0,12.5
57,2020-06-13,2020-06-04,15.23071993163854,12.88079470198675,14.055757316812644,0.1922666096987768,96.45669291338582,2.34992522965179,-9,0,12.8
57,2020-06-13,2020-06-05,20.81926938688314,13.64986114078188,17.234565263832508,7.663197729422905,94.09448818897636,7.169408246101259,-8,0,14.2
57,2020-06-13,2020-06-06,19.00769066438795,11.18030335398419,15.09399700918607,13.80886257515184,84.64566929133858,7.827387310403761,-7,0,12.3
57,2020-06-13,2020-06-07,20.8363597521897,5.480666524246956,13.158513138218328,0,83.07086614173228,15.355693227942744,-6,0,9.1
57,2020-06-13,2020-06-08,23.53663747062593,7.330698568681906,15.433668019653918,0,88.18897637795276,16.205938901944023,-5,0,11.2
57,2020-06-13,2020-06-09,19.72548600726341,14.23947874385815,16.982482375560778,4.985198522904142,96.06299212598424,5.486007263405259,-4,0,16.7
57,2020-06-13,2020-06-10,20.87054048280282,16.32450331125828,18.59752189703055,25.76372569963684,94.88188976377953,4.5460371715445405,-3,0,17.3
57,2020-06-13,2020-06-11,25.05767998290963,18.01644947660756,21.53706472975859,16.17786187322611,82.28346456692913,7.041230506302071,-2,0,17.4
57,2020-06-13,2020-06-12,26.61290322580645,12.06045716727195,19.3366801965392,2.911465804010135,82.67716535433071,14.552446058534498,-1,0,15.2
57,2020-06-13,2020-06-13,26.23691518906217,12.85515915402692,19.546037171544544,0,77.95275590551181,13.38175603503525,0,0,14.7
57,2020-06-13,2020-06-14,16.96539201025422,11.59047212134159,14.277932065797906,1.029999694814904,93.30708661417324,5.374919888912631,1,0,13.5
57,2020-06-13,2020-06-15,16.98248237556078,11.35120700704978,14.16684469130528,0.04119998779259504,90.94488188976378,5.631275368511002,2,0,10.6
57,2020-06-13,2020-06-16,20.78508865627003,12.6158940397351,16.700491348002565,0,89.76377952755905,8.16919461653493,3,0,12.6
57,2020-06-13,2020-06-17,22.39158299508652,11.915189062166201,17.15338602862636,0,86.61417322834646,10.47639393292032,4,0,13.2
57,2020-06-13,2020-06-18,21.51997436445204,11.7101046784875,16.615039521469768,0,86.22047244094487,9.80986968596454,5,0,13.6
57,2020-06-13,2020-06-19,24.63042085024567,10.85558641315958,17.743003631702624,0,80.70866141732283,13.77483443708609,6,0,13.2
57,2020-06-13,2020-06-20,25.26276436658834,9.684896389660327,17.473830378124333,0,77.55905511811024,15.57786797692801,7,0,12.4
57,2020-06-13,2020-06-21,25.8096560563982,8.873104037598804,17.341380046998502,0,74.80314960629921,16.936552018799397,8,0,12.2
57,2020-06-13,2020-06-22,25.98055970946379,9.291817987609484,17.636188848536637,0,75.59055118110236,16.688741721854306,9,0,11.5
57,2020-06-13,2020-06-23,24.23734244819483,9.650715659047211,16.944029053621023,0,77.95275590551181,14.58662678914762,10,0,12.3
57,2020-06-13,2020-06-24,24.73296304208503,7.373424481948302,16.053193762016665,0,76.77165354330708,17.359538560136727,11,0,10.1
57,2020-06-13,2020-06-25,23.38282418286691,10.07797479171117,16.73039948728904,3.591265602587981,85.03937007874015,13.304849391155738,12,0,12.8
57,2020-06-13,2020-06-26,16.92266609698782,9.59089938047426,13.25678273873104,12.15399639881588,93.30708661417324,7.331766716513563,13,0,12.1
57,2020-06-13,2020-06-27,11.94936979277932,8.890194402905362,10.41978209784234,22.05572679830317,96.8503937007874,3.0591753898739587,14,0,8.7
57,2020-06-13,2020-06-28,14.41038239692374,8.967101046784876,11.688741721854308,7.78679769280069,94.09448818897636,5.443281350138864,15,0,8.4
57,2020-06-13,2020-06-29,16.95684682760094,8.321939756462294,12.639393292031617,0,91.73228346456692,8.634907071138647,16,0,9.8
57,2020-06-13,2020-06-30,22.45994445631275,9.56526383251442,16.012604144413586,0,86.61417322834646,12.894680623798331,17,0,13.2
57,2020-06-13,2020-07-01,13.50459303567614,6.343729972228157,9.92416150395215,26.24439222388378,79.13385826771653,7.160863063447982,18,0,7
57,2020-06-13,2020-07-02,15.38453321939756,1.985686819055758,8.68511001922666,0,82.28346456692913,13.398846400341805,19,0,4.3
57,2020-06-13,2020-07-03,16.24759666737877,1.618243964964751,8.93292031617176,0,84.64566929133858,14.629352702414018,20,0,4
57,2020-06-13,2020-07-04,20.58000427259133,2.4898525955992312,11.53492843409528,0,83.07086614173228,18.0901516769921,21,0,7.1
57,2020-06-13,2020-07-05,23.53663747062593,6.467635120700704,15.002136295663316,0,80.31496062992126,17.069002349925228,22,0,10.8
57,2020-06-13,2020-07-06,18.52916043580431,13.31659901730399,15.92287972655415,0.3021332438123636,90.94488188976378,5.2125614185003215,23,0,13.7
57,2020-06-13,2020-07-07,23.99807733390301,14.20529801324503,19.10168767357402,5.321665089877001,86.22047244094487,9.792779320657978,24,0,14.4
57,2020-06-13,2020-07-08,20.92181157872249,13.2738731040376,17.097842341380044,0.1167332987456859,76.37795275590551,7.64793847468489,25,0,12.1
57,2020-06-13,2020-07-09,17.09356975005341,4.848323007904295,10.970946378978851,2.307199316385379,77.95275590551181,12.245246742149114,26,0,6.9
57,2020-06-13,2020-07-10,22.01559495834223,1.259346293527024,11.637470625934627,0,82.28346456692913,20.756248664815207,27,0,6.1
57,2020-06-13,2020-07-11,24.23734244819483,7.493057039094211,15.86519974364452,0,79.5275590551181,16.74428540910062,28,0,11.7
58,2020-09-12,2020-08-15,18.23862422559282,11.98355052339244,15.11108737449263,37.68425550096134,90.94488188976378,6.255073702200379,-28,0,13.3
58,2020-09-12,2020-08-16,18.59752189703055,6.894894253364665,12.746208075197607,0.04119998779259504,84.25196850393701,11.702627643665885,-27,0,9.4
58,2020-09-12,2020-08-17,21.24652851954711,7.28370006408887,14.265114291817987,0,78.34645669291338,13.96282845545824,-26,0,10.1
58,2020-09-12,2020-08-18,22.22067934202094,10.48814355906858,16.35441145054476,0,86.61417322834646,11.73253578295236,-25,0,13.5
58,2020-09-12,2020-08-19,17.98226874599445,11.10339671010468,14.542832728049564,10.20386364329966,87.00787401574803,6.878872035889769,-24,0,13
58,2020-09-12,2020-08-20,11.77846613971374,3.276009399700918,7.527237769707328,0,68.89763779527559,8.502456740012821,-23,0,2
58,2020-09-12,2020-08-21,11.59047212134159,-0.7658619953001491,5.41230506302072,0,60.23622047244093,12.356334116641738,-22,0,-1
58,2020-09-12,2020-08-22,17.12775048066652,1.302072206793421,9.214911343729971,0,57.48031496062991,15.8256782738731,-21,0,1.2
58,2020-09-12,2020-08-23,20.97308267464217,5.531937620166632,13.2525101474044,0,62.99212598425196,15.44114505447554,-20,0,6.2
58,2020-09-12,2020-08-24,23.09228797265541,8.642384105960264,15.867336039307837,0,66.14173228346456,14.449903866695143,-19,0,8.9
58,2020-09-12,2020-08-25,27.04016235847041,12.95770134586627,19.99893185216834,0,62.99212598425196,14.08246101260414,-18,0,11.9
58,2020-09-12,2020-08-26,29.19354838709678,13.41914120914335,21.306344798120065,0,58.26771653543306,15.77440717795343,-17,0,12.1
58,2020-09-12,2020-08-27,31.09057893612476,15.94851527451399,23.519547105319376,0,53.14960629921259,15.14206366161077,-16,0,12.7
58,2020-09-12,2020-08-28,25.96346934415723,16.04251228370006,21.002990813928644,0,65.35433070866142,9.92095706045717,-15,0,15
58,2020-09-12,2020-08-29,30.23606067079684,18.18735312967315,24.211706900234994,0,59.84251968503936,12.04870754112369,-14,0,15.5
58,2020-09-12,2020-08-30,22.7675710318308,11.65028839991455,17.208929715872674,0.7484664448988383,90.15748031496062,11.117282631916252,-13,0,14
58,2020-09-12,2020-08-31,15.40162358470412,9.197820978423414,12.299722281563769,2.822199163792845,88.9763779527559,6.203802606280707,-12,0,10.2
58,2020-09-12,2020-09-01,24.06643879512924,8.873104037598804,16.469771416364022,0,80.31496062992126,15.193334757530437,-11,0,11.6
58,2020-09-12,2020-09-02,25.57039094210639,13.77803888058107,19.67421491134373,0,74.80314960629921,11.79235206152532,-10,0,14.3
58,2020-09-12,2020-09-03,17.37556077761162,9.377269814142275,13.37641529587695,0,87.00787401574803,7.998290963469344,-9,0,12.1
58,2020-09-12,2020-09-04,21.5370647297586,7.860499893185217,14.69878231147191,0.1441999572740826,78.34645669291338,13.676564836573384,-8,0,10.7
58,2020-09-12,2020-09-05,23.24610126041444,12.66716513565478,17.95663319803461,0,76.77165354330708,10.57893612475966,-7,0,13.7
58,2020-09-12,2020-09-06,17.2217474898526,12.06900234992523,14.645374919888916,0,93.30708661417324,5.1527451399273705,-6,0,13.2
58,2020-09-12,2020-09-07,14.98290963469344,12.12881862849818,13.555864131595811,10.50599688711202,95.2755905511811,2.85409100619526,-5,0,12.5
58,2020-09-12,2020-09-08,22.40867336039308,12.65007477034822,17.52937406537065,7.244331186864827,87.4015748031496,9.75859859004486,-4,0,13.9
58,2020-09-12,2020-09-09,26.39072847682119,15.2050843836787,20.797906430249945,0.04119998779259504,82.67716535433071,11.185644093142493,-3,0,17.1
58,2020-09-12,2020-09-10,25.41657765434736,17.23029267250588,21.32343516342662,0,79.5275590551181,8.186284981841482,-2,0,16.8
58,2020-09-12,2020-09-11,31.53492843409528,16.29886776329844,23.916898098696866,0,71.65354330708661,15.236060670796842,-1,0,17.8
58,2020-09-12,2020-09-12,26.28818628498184,16.39286477248451,21.340525528733178,0.1098666341135868,80.31496062992126,9.895321512497327,0,0,16.8
58,2020-09-12,2020-09-13,28.56120487075411,16.41850032044435,22.48985259559923,0.7827997680593342,70.86614173228347,12.142704550309762,1,0,16.7
58,2020-09-12,2020-09-14,22.27195043794061,10.73595385601367,16.50395214697714,15.90319528794214,89.76377952755905,11.53599658192694,2,0,14.7
58,2020-09-12,2020-09-15,16.49540696432386,6.676992095706046,11.586199530014952,0.1441999572740826,83.07086614173228,9.818414868617811,3,0,9.4
58,2020-09-12,2020-09-16,16.17069002349925,13.80367442854091,14.987182226020082,1.833399456770536,93.30708661417324,2.3670155949583407,4,0,15.7
58,2020-09-12,2020-09-17,24.32279427472762,13.5216834009827,18.92223883785516,13.88439588610493,86.22047244094487,10.80111087374492,5,0,15.6
58,2020-09-12,2020-09-18,25.53621021149327,13.74385814996796,19.640034180730616,17.77092806787317,79.92125984251969,11.79235206152531,6,0,15.5
58,2020-09-12,2020-09-19,24.39115573595386,12.31681264687033,18.353984191412096,0,72.44094488188976,12.074343089083529,7,0,12.8
58,2020-09-12,2020-09-20,17.28156376842555,5.053407391582995,11.167485580004271,0,68.89763779527559,12.228156376842554,8,0,5.4
58,2020-09-12,2020-09-21,18.95641956846828,4.77141636402478,11.86391796624653,0,59.44881889763779,14.1850032044435,9,0,3.8
58,2020-09-12,2020-09-22,23.43409527878659,4.993591113010041,14.213843195898315,0,61.81102362204724,18.44050416577655,10,0,6.7
58,2020-09-12,2020-09-23,26.92052980132451,10.61632129886776,18.768425550096133,0,66.53543307086613,16.30420850245675,11,0,11.9
58,2020-09-12,2020-09-24,29.03973509933775,12.95770134586627,20.99871822260201,0,59.44881889763779,16.082033753471478,12,0,13.1
58,2020-09-12,2020-09-25,30.2531510361034,14.83764152958769,22.545396282845545,0,54.33070866141732,15.41550950651571,13,0,12.7
58,2020-09-12,2020-09-26,33.62849818414868,16.58940397350993,25.108951078829307,0,52.36220472440944,17.03909421063875,14,0,14.2
58,2020-09-12,2020-09-27,26.97180089724418,18.20444349497971,22.588122196111943,0.9407330545976152,71.65354330708661,8.76735740226447,15,0,15.6
58,2020-09-12,2020-09-28,20.92181157872249,12.47917111728263,16.70049134800256,2.396465956602668,77.16535433070865,8.44264046143986,16,0,12.9
58,2020-09-12,2020-09-29,29.27900021362957,9.069643238624224,19.174321726126895,0.4394665364543471,66.14173228346456,20.209356975005345,17,0,12.7
58,2020-09-12,2020-09-30,34.31211279641102,19.48622089297159,26.899166844691308,0,63.7795275590551,14.82589190343943,18,0,19.4
58,2020-09-12,2020-10-01,35.57679982909634,22.1523178807947,28.86455885494552,0,52.36220472440944,13.424481948301636,19,0,18.5
58,2020-09-12,2020-10-02,31.32984405041658,17.32428968169195,24.327066866054267,0,59.84251968503936,14.005554368724628,20,0,16.4
58,2020-09-12,2020-10-03,17.40974150822474,12.09463789788507,14.752189703054906,0,85.8267716535433,5.315103610339671,21,0,11.7
58,2020-09-12,2020-10-04,27.1256141850032,12.13736381115146,19.63148899807733,0.9269997253334168,74.80314960629921,14.98825037385174,22,0,13.9
58,2020-09-12,2020-10-05,22.88720358897671,15.51271095919675,19.19995727408673,0,79.5275590551181,7.37449262977996,23,0,15.5
58,2020-09-12,2020-10-06,27.50160222174749,11.48792992950224,19.494766075624867,0,73.22834645669292,16.01367229224525,24,0,14.3
58,2020-09-12,2020-10-07,26.93762016663106,14.82909634693442,20.883358256782746,0,67.32283464566929,12.10852381969664,25,0,15.3
58,2020-09-12,2020-10-08,20.68254646443068,14.9572740867336,17.81991027558214,0.1441999572740826,90.94488188976378,5.725272377697079,26,0,16.4
58,2020-09-12,2020-10-09,24.15189062166204,12.76970732749412,18.46079897457808,0.8720664082766234,76.77165354330708,11.382183294167922,27,0,13.7
58,2020-09-12,2020-10-10,23.91262550737022,9.368724631488998,16.64067506942961,0,53.93700787401574,14.54390087588122,28,0,7
59,2020-10-03,2020-09-05,27.91177098910489,13.83785515915403,20.87481307412946,0,70.86614173228347,14.07391582995086,-28,0,13.1
59,2020-10-03,2020-09-06,29.56953642384106,15.63234351634266,22.60093997009186,0,58.66141732283464,13.9371929074984,-27,0,11.2
59,2020-10-03,2020-09-07,25.41657765434736,14.31638538773766,19.86648152104251,0,77.16535433070865,11.1001922666097,-26,0,12.6
59,2020-10-03,2020-09-08,23.41700491348003,14.5898312326426,19.003418073061315,0,84.25196850393701,8.827173680837431,-25,0,14.3
59,2020-10-03,2020-09-09,24.45951719718009,14.82055116428114,19.640034180730616,0,83.46456692913385,9.638966032898953,-24,0,14.1
59,2020-10-03,2020-09-10,29.12518692587054,13.56440931424909,21.344798120059817,0,73.62204724409449,15.56077761162145,-23,0,13.8
59,2020-10-03,2020-09-11,28.62956633198035,14.74364452040162,21.686605426190987,0,72.83464566929133,13.88592181157873,-22,0,13.7
59,2020-10-03,2020-09-12,30.80004272591326,17.69173253578295,24.245887630848102,0,56.29921259842519,13.108310190130313,-21,0,11.5
59,2020-10-03,2020-09-13,30.81713309121982,13.59004486220893,22.203588976714375,0,56.29921259842519,17.22708822901089,-20,0,9
59,2020-10-03,2020-09-14,27.36487929929502,18.03353984191412,22.69920957060457,0,57.87401574803149,9.3313394573809,-19,0,9.7
59,2020-10-03,2020-09-15,21.24652851954711,11.915189062166201,16.580858790856656,0,81.49606299212599,9.331339457380908,-18,0,11.6
59,2020-10-03,2020-09-16,25.87801751762444,11.18030335398419,18.52916043580431,0,75.59055118110236,14.69771416364025,-17,0,11.5
59,2020-10-03,2020-09-17,19.02478102969451,13.50459303567614,16.264687032685323,0.2059999389629752,85.8267716535433,5.52018799401837,-16,0,13.8
59,2020-10-03,2020-09-18,25.29694509720145,10.25742362743004,17.777184362315744,2.307199316385379,77.95275590551181,15.039521469771412,-15,0,12.2
59,2020-10-03,2020-09-19,27.39906002990814,11.70155949583422,19.55030976287118,0,68.11023622047244,15.69750053407392,-14,0,10.5
59,2020-10-03,2020-09-20,23.07519760734885,12.40226447340312,17.738731040375985,0,74.40944881889763,10.672933133945731,-13,0,10.9
59,2020-10-03,2020-09-21,17.87972655415509,11.13757744071779,14.50865199743644,0,81.1023622047244,6.742149113437302,-12,0,11.1
59,2020-10-03,2020-09-22,17.52082888271737,9.983977782525102,13.752403332621236,0.1235999633777851,79.5275590551181,7.536851100192269,-11,0,9.5
59,2020-10-03,2020-09-23,21.51997436445204,9.5738090151677,15.546891689809868,0,77.95275590551181,11.94616534928434,-10,0,8.8
59,2020-10-03,2020-09-24,25.45075838496048,9.864345225379193,17.657551805169838,0,68.50393700787401,15.586413159581287,-9,0,9.5
59,2020-10-03,2020-09-25,27.04016235847041,10.74449903866695,18.89233069856868,0,66.92913385826772,16.29566331980346,-8,0,9.4
59,2020-10-03,2020-09-26,30.8684041871395,13.684041871395,22.27622302926725,0,59.05511811023622,17.1843623157445,-7,0,10.5
59,2020-10-03,2020-09-27,30.47532578508866,17.01666310617389,23.745994445631275,0,59.05511811023622,13.45866267891477,-6,0,12.3
59,2020-10-03,2020-09-28,21.36616107669301,15.81179235206153,18.58897671437727,26.58772545548874,88.18897637795276,5.55436872463148,-5,0,16.5
59,2020-10-03,2020-09-29,27.53578295236061,14.50437940610981,21.02008117923521,6.983397930845058,83.85826771653544,13.031403546250798,-4,0,14.9
59,2020-10-03,2020-09-30,31.10766930143132,15.78615680410169,23.446913052766504,0,73.62204724409449,15.321512497329628,-3,0,16.6
59,2020-10-03,2020-10-01,32.21854304635762,15.67506942960906,23.94680623798334,0,67.32283464566929,16.543473616748557,-2,0,15.1
59,2020-10-03,2020-10-02,33.97030549027986,18.93932920316172,26.45481734672079,0,50.78740157480314,15.030976287118143,-1,0,13
59,2020-10-03,2020-10-03,27.99722281563768,15.17090365306558,21.584063234351632,0,75.19685039370079,12.8263191625721,0,0,14.5
59,2020-10-03,2020-10-04,19.96475112155522,12.48771629993591,16.226233710745564,32.82265694143499,85.8267716535433,7.477034821619311,1,0,12.7
59,2020-10-03,2020-10-05,28.81756035035249,14.45310831019013,21.63533433027131,0.8308664204840284,79.5275590551181,14.36445204016236,2,0,13.8
59,2020-10-03,2020-10-06,32.18436231574449,17.31574449903867,24.750053407391576,0,70.07874015748031,14.868617816705818,3,0,15.8
59,2020-10-03,2020-10-07,31.99636829737236,17.87972655415509,24.938047425763727,0.1922666096987768,70.86614173228347,14.116641743217269,4,0,15.8
59,2020-10-03,2020-10-08,23.16064943388165,16.04251228370006,19.601580858790857,0,91.73228346456692,7.118137150181592,5,0,17.2
59,2020-10-03,2020-10-09,19.94766075624867,14.29074983977783,17.11920529801325,24.81612598040712,95.2755905511811,5.65691091647084,6,0,14.9
59,2020-10-03,2020-10-10,22.8530228583636,8.856013672292246,15.854518265327924,5.967131565294352,71.65354330708661,13.997009186071356,7,0,8.7
59,2020-10-03,2020-10-11,23.86135441145055,9.266182439649649,16.563768425550098,0,74.40944881889763,14.595171971800902,8,0,9.3
59,2020-10-03,2020-10-12,26.74962614825892,11.68446913052767,19.217047639393293,0,72.83464566929133,15.065157017731249,9,0,11.7
59,2020-10-03,2020-10-13,27.26233710745567,14.17111728263192,20.716727195043795,0,64.96062992125984,13.091219824823751,10,0,10.5
59,2020-10-03,2020-10-14,29.24481948301645,14.14548173467208,21.695150608844266,0,70.47244094488188,15.09933774834437,11,0,14.8
59,2020-10-03,2020-10-15,20.93890194402906,14.41038239692374,17.6746421704764,3.36466566972868,87.4015748031496,6.528519547105319,12,0,14.3
59,2020-10-03,2020-10-16,21.84469130527665,12.23136082033754,17.038026062807095,11.63899655140844,74.80314960629921,9.61333048493911,13,0,11.4
59,2020-10-03,2020-10-17,23.6733603930784,8.360393078402051,16.016876735740226,1.373332926419863,68.11023622047244,15.31296731467635,14,0,8.2
59,2020-10-03,2020-10-18,24.18607135227516,9.864345225379193,17.025208288827177,0,68.11023622047244,14.321726126895967,15,0,9.3
59,2020-10-03,2020-10-19,28.37321085238197,14.33347575304422,21.353343302713096,0,68.89763779527559,14.039735099337747,16,0,12.9
59,2020-10-03,2020-10-20,27.80922879726554,16.04251228370006,21.9258705404828,0,74.01574803149606,11.76671651356548,17,0,15.4
59,2020-10-03,2020-10-21,28.95428327280496,15.35035248878445,22.152317880794705,0.2952665791802644,69.29133858267717,13.60393078402051,18,0,13.7
59,2020-10-03,2020-10-22,26.06601153599658,13.19696646015809,19.631488998077337,0,68.11023622047244,12.869045075838493,19,0,11.3
59,2020-10-03,2020-10-23,26.08310190130314,14.16257209997864,20.122837000640892,0,74.01574803149606,11.920529801324502,20,0,11.9
59,2020-10-03,2020-10-24,26.66417432172613,15.13672292245247,20.9004486220893,1.304666280098871,79.5275590551181,11.52745139927366,21,0,14.2
59,2020-10-03,2020-10-25,27.04016235847041,12.68425550096133,19.86220892971587,5.939664906765955,81.1023622047244,14.355906857509082,22,0,14.7
59,2020-10-03,2020-10-26,22.51121555223243,14.33347575304422,18.422345652638324,0,79.5275590551181,8.177739799188208,23,0,14.7
59,2020-10-03,2020-10-27,25.4849391155736,14.31638538773766,19.90066225165563,0.3295999023407603,67.71653543307086,11.16855372783594,24,0,12.2
59,2020-10-03,2020-10-28,28.92010254219184,9.300363170262765,19.110232856227302,0,55.51181102362204,19.61973937192908,25,0,7.6
59,2020-10-03,2020-10-29,24.75005340739158,12.22281563768426,18.48643452253792,0,69.68503937007874,12.52723776970732,26,0,8.4
59,2020-10-03,2020-10-30,15.25635547959838,11.56483657338176,13.410596026490069,7.038331247901851,91.33858267716536,3.69151890621662,27,0,11.6
59,2020-10-03,2020-10-31,17.89681691946165,10.32578508865627,14.11130100405896,2.506332590716283,83.46456692913385,7.57103183080538,28,0,9.6
60,2021-09-04,2021-08-07,23.14355906857509,11.41956846827601,17.28156376842555,0,84.64566929133858,11.72399060029908,-28,1,12.2
60,2021-09-04,2021-08-08,24.2886135441145,11.47938474684896,17.88399914548173,0,80.70866141732283,12.809228797265542,-27,1,12.2
60,2021-09-04,2021-08-09,26.23691518906217,10.10361033967101,18.17026276436659,0,71.25984251968504,16.13330484939116,-26,1,10.5
60,2021-09-04,2021-08-10,27.75795770134587,12.4108096560564,20.084383678701137,0,60.62992125984251,15.347148045289469,-25,1,9.1
60,2021-09-04,2021-08-11,19.04187139500107,11.65028839991455,15.346079897457807,0.3227332377086611,89.76377952755905,7.391582995086521,-24,1,11.3
60,2021-09-04,2021-08-12,12.66716513565478,9.394360179448835,11.030762657551808,0,92.91338582677164,3.272804956205946,-23,1,8.6
60,2021-09-04,2021-08-13,11.13757744071779,7.275154881435591,9.20636616107669,17.02932828760643,98.03149606299212,3.862422559282199,-22,1,9.1
60,2021-09-04,2021-08-14,18.32407605212562,10.47105319376202,14.397564622943818,17.2902615436262,92.91338582677164,7.8530228583636,-21,1,10.8
60,2021-09-04,2021-08-15,23.74172185430464,11.20593890194403,17.473830378124333,0,87.4015748031496,12.53578295236061,-20,1,12.7
60,2021-09-04,2021-08-16,22.3574022644734,13.45332193975646,17.90536210211493,1.524399548326073,93.30708661417324,8.90408032471694,-19,1,14.3
60,2021-09-04,2021-08-17,28.16812646870327,11.35975218970306,19.763939329203165,1.950132755516222,79.92125984251969,16.808374279000212,-18,1,13.9
60,2021-09-04,2021-08-18,29.65498825037385,13.51313821832942,21.584063234351635,0,72.44094488188976,16.14185003204443,-17,1,12.7
60,2021-09-04,2021-08-19,29.27900021362957,13.50459303567614,21.391796624652855,0,70.86614173228347,15.77440717795343,-16,1,14
60,2021-09-04,2021-08-20,28.56120487075411,12.88079470198675,20.72099978637043,0,63.38582677165353,15.68041016876736,-15,1,10.3
60,2021-09-04,2021-08-21,27.0059816278573,12.08609271523179,19.546037171544544,0,70.47244094488188,14.91988891262551,-14,1,10.7
60,2021-09-04,2021-08-22,27.74086733603931,11.88100833155309,19.810937833796203,0,66.14173228346456,15.85985900448622,-13,1,10.5
60,2021-09-04,2021-08-23,29.5524460585345,11.80410168767357,20.678273873104036,0,61.02362204724409,17.748344370860927,-12,1,9.1
60,2021-09-04,2021-08-24,28.21939756462294,14.59837641529588,21.40888698995941,0,64.1732283464567,13.621021149327062,-11,1,10
60,2021-09-04,2021-08-25,30.2531510361034,16.67485580004272,23.464003418073062,0,57.08661417322834,13.57829523606068,-10,1,10.2
60,2021-09-04,2021-08-26,24.42533646656697,13.41914120914335,18.92223883785516,0,76.77165354330708,11.006195257423622,-9,1,11.3
60,2021-09-04,2021-08-27,14.1369365520188,9.77034821619312,11.953642384105962,3.913998840296642,96.45669291338582,4.36658833582568,-8,1,11.4
60,2021-09-04,2021-08-28,15.37598803674429,11.74428540910062,13.560136722922454,0.9407330545976152,94.88188976377953,3.631702627643671,-7,1,11.8
60,2021-09-04,2021-08-29,17.55500961333048,12.09463789788507,14.824823755607774,0,92.1259842519685,5.46037171544541,-6,1,11.9
60,2021-09-04,2021-08-30,20.97308267464217,10.42832728049562,15.700704977568895,0,85.43307086614173,10.54475539414655,-5,1,11.1
60,2021-09-04,2021-08-31,22.8530228583636,10.33433027130955,16.593676564836578,0,80.70866141732283,12.518692587054051,-4,1,11.2
60,2021-09-04,2021-09-01,24.97222815637684,11.20593890194403,18.089083529160433,0,78.74015748031496,13.76628925443281,-3,1,12
60,2021-09-04,2021-09-02,26.15146336252937,10.65904721213416,18.40525528733177,0,75.59055118110236,15.49241615039521,-2,1,11.5
60,2021-09-04,2021-09-03,28.90301217688528,11.7955565050203,20.349284340952792,0,64.56692913385827,17.10745567186498,-1,1,9.4
60,2021-09-04,2021-09-04,26.59581286049989,14.11984618671224,20.357829523606064,0,74.40944881889763,12.475966673787651,0,1,11.9
60,2021-09-04,2021-09-05,28.68083742790002,14.14548173467208,21.41315958128605,0,77.16535433070865,14.53535569322794,1,1,14.9
60,2021-09-04,2021-09-06,26.68126468703269,13.53022858363597,20.10574663533433,0,80.31496062992126,13.15103610339672,2,1,14.2
60,2021-09-04,2021-09-07,25.02349925229652,13.66695150608844,19.34522537919248,0,83.85826771653544,11.35654774620808,3,1,13.1
60,2021-09-04,2021-09-08,28.98846400341807,14.94018372142705,21.96432386242256,0.4669331949827438,83.07086614173228,14.04828028199102,4,1,15.2
60,2021-09-04,2021-09-09,22.83593249305704,15.26490066225166,19.05041657765435,0.9269997253334168,79.92125984251969,7.57103183080538,5,1,14.1
60,2021-09-04,2021-09-10,24.9893185216834,7.587054048280282,16.28818628498184,0,62.20472440944881,17.402264473403118,6,1,7
60,2021-09-04,2021-09-11,20.76799829096347,9.479812005981628,15.123905148472549,1.297799615466772,83.85826771653544,11.28818628498184,7,1,9.5
60,2021-09-04,2021-09-12,29.58662678914762,12.71843623157445,21.152531510361037,2.911465804010135,81.88976377952756,16.86819055757317,8,1,14.9
60,2021-09-04,2021-09-13,30.61204870754112,15.64088869899594,23.12646870326853,0,71.25984251968504,14.97116000854518,9,1,14.8
60,2021-09-04,2021-09-14,25.51911984618671,17.69173253578295,21.60542619098483,5.040131839960935,81.49606299212599,7.827387310403761,10,1,15.1
60,2021-09-04,2021-09-15,22.13522751548814,14.53856013672292,18.33689382610553,16.10919522690511,90.94488188976378,7.59666737876522,11,1,16.5
60,2021-09-04,2021-09-16,16.22196111941893,12.58171330912198,14.401837214270454,0.6660664693136482,95.2755905511811,3.640247810296948,12,1,12.9
60,2021-09-04,2021-09-17,18.88805810724204,11.67592394787439,15.281991027558211,6.262398144474616,93.30708661417324,7.212134159367649,13,1,12.7
60,2021-09-04,2021-09-18,27.60414441358684,14.47874385814997,21.041444135868407,1.084933011871698,88.58267716535433,13.12540055543687,14,1,15.8
60,2021-09-04,2021-09-19,31.19312112796411,16.28177739799188,23.737449262977997,0,79.13385826771653,14.911343729972227,15,1,17.9
60,2021-09-04,2021-09-20,31.92800683614612,16.46977141636403,24.198889126255075,6.351664784691906,75.59055118110236,15.458235419782092,16,1,17.5
60,2021-09-04,2021-09-21,27.38196966460158,17.60628070925016,22.49412518692587,0,77.16535433070865,9.77568895535142,17,1,15.8
60,2021-09-04,2021-09-22,19.69130527665029,10.80431531723991,15.2478102969451,0,77.16535433070865,8.88698995941038,18,1,9.7
60,2021-09-04,2021-09-23,21.28070925016022,9.479812005981628,15.380260628070925,0,74.40944881889763,11.800897244178593,19,1,7.5
60,2021-09-04,2021-09-24,25.50202948088015,10.51377910702841,18.00790429395428,0,78.74015748031496,14.98825037385174,20,1,10.3
60,2021-09-04,2021-09-25,26.23691518906217,13.35077974791711,19.79384746848964,0,78.74015748031496,12.88613544114506,21,1,13.4
60,2021-09-04,2021-09-26,29.15936765648366,13.79512924588763,21.477248451185645,0,75.98425196850394,15.36423841059603,22,1,14.4
60,2021-09-04,2021-09-27,29.80880153813288,14.65819269386883,22.233497116000855,0,72.04724409448819,15.150608844264047,23,1,15
60,2021-09-04,2021-09-28,30.2531510361034,14.68382824182867,22.46848963896603,0,72.04724409448819,15.569322794274733,24,1,14
60,2021-09-04,2021-09-29,25.22858363597522,16.41850032044435,20.823541978209786,1.029999694814904,88.18897637795276,8.810083315530871,25,1,15.7
60,2021-09-04,2021-09-30,21.3319803460799,14.47874385814997,17.905362102114935,0.2746665852839669,87.79527559055117,6.853236487929928,26,1,13.8
60,2021-09-04,2021-10-01,17.18756675923948,13.86349070711386,15.525528733176673,0.8239997558519292,94.88188976377953,3.324076052125621,27,1,14.7
60,2021-09-04,2021-10-02,19.452040162358472,13.41059602649007,16.43131809442427,32.38319040498061,93.7007874015748,6.041444135868401,28,1,14.6
61,2021-09-10,2021-08-13,19.50331125827815,7.60841700491348,13.555864131595817,0,80.70866141732283,11.894894253364669,-28,1,7.9
61,2021-09-10,2021-08-14,19.70839564195685,10.41123691518906,15.059816278572956,0,84.25196850393701,9.297158726767792,-27,1,10.9
61,2021-09-10,2021-08-15,20.81926938688314,6.676992095706046,13.748130741294592,0,84.64566929133858,14.142277291177091,-26,1,12
61,2021-09-10,2021-08-16,23.10937833796197,11.59901730399487,17.35419782097842,0,85.03937007874015,11.5103610339671,-25,1,13.1
61,2021-09-10,2021-08-17,30.90258491775262,13.80367442854091,22.353129673146764,0.04806665242469421,74.40944881889763,17.09891048921171,-24,1,15.4
61,2021-09-10,2021-08-18,32.08182012390515,20.40910061952574,26.24546037171545,0.09613330484938842,57.48031496062991,11.672719504379412,-23,1,15.3
61,2021-09-10,2021-08-19,32.70561845759453,20.61418500320444,26.659901730399486,1.393932920316161,50.39370078740157,12.091433454390092,-22,1,13.5
61,2021-09-10,2021-08-20,24.90386669515061,17.60628070925016,21.255073702200384,0,59.05511811023622,7.297585985900451,-21,1,11.6
61,2021-09-10,2021-08-21,23.70754112369152,14.41038239692374,19.058961760307632,0.4463332010864463,74.80314960629921,9.29715872676778,-20,1,13.6
61,2021-09-10,2021-08-22,29.97970519119846,17.11066011535997,23.545182653279213,0,51.57480314960629,12.869045075838487,-19,1,10.8
61,2021-09-10,2021-08-23,23.50245674001282,16.99957274086734,20.25101474044008,0,65.74803149606299,6.502883999145482,-18,1,14.1
61,2021-09-10,2021-08-24,21.70796838282418,12.000640888699,16.85430463576159,0,81.1023622047244,9.70732749412518,-17,1,13.9
61,2021-09-10,2021-08-25,20.49455244605853,15.2050843836787,17.849818414868615,88.8271736808374,95.66929133858268,5.2894680623798305,-16,1,17.5
61,2021-09-10,2021-08-26,16.70049134800256,9.001281777397992,12.850886562700277,65.81011383404035,87.4015748031496,7.69920957060457,-15,1,10.6
61,2021-09-10,2021-08-27,19.91348002563555,7.005981627857295,13.459730826746425,0,78.74015748031496,12.907498397778255,-14,1,8
61,2021-09-10,2021-08-28,23.29737235633412,8.603930784020509,15.950651570177314,0,78.74015748031496,14.69344157231361,-13,1,10.3
61,2021-09-10,2021-08-29,23.50245674001282,10.62486648152104,17.063661610766932,0,77.16535433070865,12.87759025849178,-12,1,12.9
61,2021-09-10,2021-08-30,25.10895107882931,15.99978637043367,20.55436872463149,0,74.01574803149606,9.10916470839564,-11,1,12.5
61,2021-09-10,2021-08-31,26.49327066866054,13.80367442854091,20.14847254860073,0,69.68503937007874,12.689596240119627,-10,1,12.3
61,2021-09-10,2021-09-01,27.10852381969665,13.80367442854091,20.45609912411878,0,66.92913385826772,13.30484939115574,-9,1,11.8
61,2021-09-10,2021-09-02,27.91177098910489,16.40995513779107,22.16086306344798,0,63.38582677165353,11.501815851313822,-8,1,12.7
61,2021-09-10,2021-09-03,22.69920957060457,14.41038239692374,18.554795983764155,0.157933286538281,81.1023622047244,8.28882717368083,-7,1,15
61,2021-09-10,2021-09-04,24.90386669515061,12.80388805810724,18.85387737662893,0,87.4015748031496,12.099978637043373,-6,1,14.9
61,2021-09-10,2021-09-05,21.07562486648152,13.79512924588763,17.435377056184574,7.972197637867367,89.76377952755905,7.280495620593889,-5,1,15.9
61,2021-09-10,2021-09-06,22.69920957060457,11.20593890194403,16.9525742362743,1.256599627674177,88.58267716535433,11.49327066866054,-4,1,13.6
61,2021-09-10,2021-09-07,19.70839564195685,15.99978637043367,17.85409100619526,13.38312936796166,90.15748031496062,3.7086092715231818,-3,1,16.2
61,2021-09-10,2021-09-08,20.69963682973724,15.80324716940825,18.251441999572744,32.19092379528183,91.33858267716536,4.896389660328991,-2,1,16.7
61,2021-09-10,2021-09-09,17.11066011535997,9.001281777397992,13.05597094637898,9.99786370433668,86.61417322834646,8.109378337961978,-1,1,9.9
61,2021-09-10,2021-09-10,16.70049134800256,8.001495406964324,12.350993377483444,0,83.07086614173228,8.698995941038238,0,1,8.9
61,2021-09-10,2021-09-11,23.50245674001282,8.206579790643026,15.854518265327924,0,77.55905511811024,15.295876949369797,1,1,10.4
61,2021-09-10,2021-09-12,28.69792779320658,11.32557145908994,20.01174962614826,0,70.07874015748031,17.372356334116642,2,1,14.1
61,2021-09-10,2021-09-13,27.91177098910489,21.40034180730613,24.65605639820551,0,72.04724409448819,6.511429181798761,3,1,18.4
61,2021-09-10,2021-09-14,21.70796838282418,17.999359111301,19.85366374706259,20.7373271889401,94.48818897637796,3.70860927152318,4,1,18.2
61,2021-09-10,2021-09-15,18.4949797051912,8.603930784020509,13.549455244605854,0.3364665669728595,72.83464566929133,9.89104892117069,5,1,6.6
61,2021-09-10,2021-09-16,19.1102328562273,9.206366161076694,14.158299508651996,0,72.83464566929133,9.903866695150604,6,1,9
61,2021-09-10,2021-09-17,15.9057893612476,11.20593890194403,13.555864131595817,1.23599963377788,93.30708661417324,4.699850459303569,7,1,12.4
61,2021-09-10,2021-09-18,24.69878231147191,13.20551164281136,18.95214697714163,65.48051393169956,86.22047244094487,11.49327066866055,8,1,16.1
61,2021-09-10,2021-09-19,32.33817560350353,16.40995513779107,24.3740653706473,0,84.64566929133858,15.92822046571246,9,1,19
61,2021-09-10,2021-09-20,31.50074770348216,22.40867336039308,26.95471053193762,0.04119998779259504,75.98425196850394,9.092074343089076,10,1,19.5
61,2021-09-10,2021-09-21,24.49369792779321,14.20529801324503,19.34949797051912,45.12771996215704,88.58267716535433,10.28839991454818,11,1,14.1
61,2021-09-10,2021-09-22,21.50288399914548,8.603930784020509,15.053407391582995,0,71.65354330708661,12.898953215124973,12,1,7.1
61,2021-09-10,2021-09-23,17.70882290108951,12.4108096560564,15.059816278572956,0,82.67716535433071,5.298013245033108,13,1,11.2
61,2021-09-10,2021-09-24,22.28904080324717,13.41059602649007,17.84981841486862,3.735465559862064,82.28346456692913,8.878444776757098,14,1,13
61,2021-09-10,2021-09-25,23.50245674001282,10.59923093356121,17.050843836787017,0,77.55905511811024,12.903225806451612,15,1,11.2
61,2021-09-10,2021-09-26,27.211066011536,11.01794488357189,19.114505447553945,0,69.68503937007874,16.193121127964112,16,1,12.8
61,2021-09-10,2021-09-27,31.91091647083956,14.41038239692374,23.16064943388165,0,69.68503937007874,17.50053407391582,17,1,15.5
61,2021-09-10,2021-09-28,26.1001922666097,16.99957274086734,21.54988250373852,0.7621997741630366,86.61417322834646,9.10061952574236,18,1,17.9
61,2021-09-10,2021-09-29,22.69920957060457,15.59816278572955,19.14868617816706,13.37626270332956,87.00787401574803,7.10104678487502,19,1,15.3
61,2021-09-10,2021-09-30,27.50160222174749,14.59837641529588,21.04998931852169,3.144932401501507,83.46456692913385,12.90322580645161,20,1,16
61,2021-09-10,2021-10-01,22.49412518692587,18.80260628070925,20.64836573381756,33.15225684377575,91.73228346456692,3.691518906216622,21,1,18.1
61,2021-09-10,2021-10-02,27.70668660542619,13.41059602649007,20.55864131595813,0,81.49606299212599,14.296090578936118,22,1,15.6
61,2021-09-10,2021-10-03,21.98141422772912,14.89745780816065,18.439436017944885,14.47492904446545,89.37007874015748,7.083956419568468,23,1,16.6
61,2021-09-10,2021-10-04,20.90472121341594,12.80388805810724,16.85430463576159,3.474532303842267,85.03937007874015,8.100833155308699,24,1,11.8
61,2021-09-10,2021-10-05,22.49412518692587,8.603930784020509,15.54902798547319,0.04806665242469421,72.04724409448819,13.890194402905362,25,1,8.8
61,2021-09-10,2021-10-06,21.50288399914548,14.00021362956633,17.751548814355907,4.710531937620175,83.07086614173228,7.502670369579152,26,1,14.3
61,2021-09-10,2021-10-07,19.91348002563555,11.59901730399487,15.75624866481521,10.67766350291453,79.13385826771653,8.31446272164068,27,1,10.6
61,2021-09-10,2021-10-08,23.50245674001282,10.41123691518906,16.95684682760094,0,82.67716535433071,13.091219824823762,28,1,12.2
62,2021-09-18,2021-08-21,26.83507797479171,14.40183721427045,20.61845759453108,0.1098666341135868,72.83464566929133,12.433240760521258,-28,1,12.6
62,2021-09-18,2021-08-22,29.21063875240333,15.15381328775903,22.18222602008118,0,51.96850393700787,14.0568254646443,-27,1,11
62,2021-09-18,2021-08-23,29.70625934629353,16.67485580004272,23.190557573168125,0,64.1732283464567,13.031403546250807,-26,1,10.1
62,2021-09-18,2021-08-24,24.64751121555223,15.26490066225166,19.956205938901945,0.5561998352000614,78.74015748031496,9.382610553300568,-25,1,14.2
62,2021-09-18,2021-08-25,20.2211066011536,16.29886776329844,18.25998718222602,32.63039033173618,90.15748031496062,3.922238837855162,-24,1,15.9
62,2021-09-18,2021-08-26,16.34159367656484,10.90685750907926,13.62422559282205,28.70265816217537,90.5511811023622,5.434736167485582,-23,1,11.4
62,2021-09-18,2021-08-27,18.81969664601581,5.54902798547319,12.1843623157445,0.3364665669728595,81.49606299212599,13.27066866054262,-22,1,8.1
62,2021-09-18,2021-08-28,20.631275368511,9.77034821619312,15.20081179235206,0,79.92125984251969,10.86092715231788,-21,1,10.1
62,2021-09-18,2021-08-29,22.63084810937834,11.00939970091861,16.820123905148478,0,75.98425196850394,11.621448408459733,-20,1,11.5
62,2021-09-18,2021-08-30,22.81884212775048,11.31702627643666,17.067934202093568,0,74.40944881889763,11.501815851313818,-19,1,11
62,2021-09-18,2021-08-31,23.72463148899808,12.52189703054903,18.123264259773556,0,68.11023622047244,11.202734458449052,-18,1,11.5
62,2021-09-18,2021-09-01,24.81841486861781,12.32535782952361,18.57188634907071,0,65.74803149606299,12.493057039094202,-17,1,11.3
62,2021-09-18,2021-09-02,27.0059816278573,13.61568041016877,20.310831019013033,0,64.56692913385827,13.39030121768853,-16,1,12.8
62,2021-09-18,2021-09-03,24.32279427472762,14.78637043366802,19.55458235419782,0,74.80314960629921,9.5364238410596,-15,1,14.5
62,2021-09-18,2021-09-04,26.69835505233925,10.91540269173253,18.806878872035888,0,82.67716535433071,15.78295236060672,-14,1,14.2
62,2021-09-18,2021-09-05,22.51121555223243,13.92330698568682,18.217261268959625,8.988464003418073,85.8267716535433,8.58790856654561,-13,1,15.2
62,2021-09-18,2021-09-06,20.81926938688314,11.01794488357189,15.918607135227514,0,86.22047244094487,9.80132450331125,-12,1,13.6
62,2021-09-18,2021-09-07,18.40952787865841,13.71822260200812,16.063875240333264,19.29532761619922,89.76377952755905,4.691305276650288,-11,1,14.3
62,2021-09-18,2021-09-08,19.8109378337962,16.09378337961974,17.95236060670797,11.10339671010468,88.9763779527559,3.717154454176459,-10,1,15.8
62,2021-09-18,2021-09-09,18.22153386028626,8.236487929929503,13.229010895107882,20.99826044495987,79.5275590551181,9.985045930356758,-9,1,10.4
62,2021-09-18,2021-09-10,17.89681691946165,9.206366161076694,13.551591540269172,0.06179998168889256,79.5275590551181,8.690450758384955,-8,1,8.3
62,2021-09-18,2021-09-11,23.19483016449477,6.728263191625722,14.961546678060246,0,73.62204724409449,16.46656697286905,-7,1,9.1
62,2021-09-18,2021-09-12,28.61247596667379,11.62465285195471,20.118564409314253,0,67.32283464566929,16.98782311471908,-6,1,13.1
62,2021-09-18,2021-09-13,29.48408459730827,18.99060029908139,24.23734244819483,0,75.98425196850394,10.493484298226882,-5,1,16.6
62,2021-09-18,2021-09-14,22.20358897671438,16.20487075411237,19.204229865413375,34.47065645313882,89.76377952755905,5.998718222602008,-4,1,17.3
62,2021-09-18,2021-09-15,18.22153386028626,10.28305917538987,14.252296517838063,0.06179998168889256,78.34645669291338,7.938474684896391,-3,1,9
62,2021-09-18,2021-09-16,19.00769066438795,9.77034821619312,14.389019440290536,0,77.55905511811024,9.23734244819483,-2,1,10.7
62,2021-09-18,2021-09-17,15.21362956633198,12.56462294381542,13.8891262550737,0.1853999450666777,93.30708661417324,2.649006622516559,-1,1,12.7
62,2021-09-18,2021-09-18,26.57872249519333,13.96603289895322,20.27237769707327,68.99624622333445,84.64566929133858,12.61268959624011,0,1,15.4
62,2021-09-18,2021-09-19,30.577867976928,18.0848109378338,24.3313394573809,0.06179998168889256,85.43307086614173,12.4930570390942,1,1,18.6
62,2021-09-18,2021-09-20,30.80004272591326,18.63170262764367,24.715872676778467,0,76.37795275590551,12.168340098269592,2,1,19.4
62,2021-09-18,2021-09-21,25.26276436658834,11.7101046784875,18.48643452253792,11.9273964659566,86.61417322834646,13.55265968810084,3,1,14.5
62,2021-09-18,2021-09-22,20.03311258278146,6.809442426831874,13.421277504806667,0,71.25984251968504,13.223670155949586,4,1,6.4
62,2021-09-18,2021-09-23,15.14526810510575,10.09506515701773,12.62016663106174,0,80.70866141732283,5.050202948088019,5,1,9.3
62,2021-09-18,2021-09-24,22.18649861140782,13.79512924588763,17.990813928647725,7.752464369640194,85.03937007874015,8.391369365520191,6,1,13.1
62,2021-09-18,2021-09-25,23.79299295022431,10.58214056825465,17.18756675923948,0,79.5275590551181,13.21085238196966,7,1,11.2
62,2021-09-18,2021-09-26,27.91177098910489,12.97479171117283,20.44328135013886,0,73.22834645669292,14.93697927793206,8,1,12.8
62,2021-09-18,2021-09-27,30.16769920957061,13.684041871395,21.925870540482805,0,72.04724409448819,16.48365733817561,9,1,15.1
62,2021-09-18,2021-09-28,25.29694509720145,16.49540696432386,20.896176030762653,0,85.8267716535433,8.801538132877592,10,1,16.9
62,2021-09-18,2021-09-29,21.89596240119632,15.78615680410169,18.841059602649004,9.462263863032916,87.4015748031496,6.109805597094631,11,1,15.3
62,2021-09-18,2021-09-30,23.12646870326853,13.99166844691305,18.55906857509079,3.275399029511391,81.49606299212599,9.13480025635548,12,1,15
62,2021-09-18,2021-10-01,23.21192052980133,15.80324716940825,19.50758384960479,24.01959288308359,89.76377952755905,7.408673360393079,13,1,16.8
62,2021-09-18,2021-10-02,24.23734244819483,13.50459303567614,18.870967741935484,1.208532975249483,79.92125984251969,10.732749412518691,14,1,15.5
62,2021-09-18,2021-10-03,20.34073915829951,16.40995513779107,18.37534714804529,5.843531601916567,89.37007874015748,3.93078402050844,15,1,16.3
62,2021-09-18,2021-10-04,18.68297372356334,13.07733390301218,15.88015381328776,0.8102664265877308,87.00787401574803,5.6056398205511595,16,1,12.2
62,2021-09-18,2021-10-05,23.29737235633412,6.911984618671225,15.104678487502673,0.1510666219061818,73.62204724409449,16.385387737662896,17,1,9.2
62,2021-09-18,2021-10-06,20.08438367870113,14.3847468489639,17.234565263832515,1.496932889797648,87.79527559055117,5.69963682973723,18,1,14.7
62,2021-09-18,2021-10-07,20.05020294808801,10.30014954069643,15.17517624439222,4.477065340128775,83.07086614173228,9.75005340739158,19,1,10.4
62,2021-09-18,2021-10-08,21.09271523178808,9.88998077333903,15.491348002563557,0,86.22047244094487,11.20273445844905,20,1,12.7
62,2021-09-18,2021-10-09,17.62337107455672,13.80367442854091,15.713522751548815,28.53785821100496,90.15748031496062,3.819696646015808,21,1,14.2
62,2021-09-18,2021-10-10,24.01516769920957,14.31638538773766,19.165776543473616,0.6111331522568548,79.13385826771653,9.698782311471913,22,1,13.6
62,2021-09-18,2021-10-11,23.17773979918821,14.60692159794916,18.892330698568685,0.3845332193975537,82.28346456692913,8.57081820123905,23,1,13.4
62,2021-09-18,2021-10-12,25.6045716727195,14.77782525101474,20.19119846186712,11.84499649037141,79.92125984251969,10.826746421704762,24,1,14.4
62,2021-09-18,2021-10-13,26.62999359111301,14.89745780816065,20.76372569963683,0,72.44094488188976,11.73253578295236,25,1,14.9
62,2021-09-18,2021-10-14,27.6212347788934,16.71758171330912,22.16940824610126,11.24073000274666,76.37795275590551,10.90365306558428,26,1,16.4
62,2021-09-18,2021-10-15,23.50245674001282,16.18778038880581,19.845118564409315,38.0687887203589,90.5511811023622,7.314676351207012,27,1,17.2
62,2021-09-18,2021-10-16,17.60628070925016,12.60734885708182,15.10681478316599,16.90572832422865,89.37007874015748,4.99893185216834,28,1,12.2
63,2021-09-02,2021-08-05,17.7942747276223,10.30014954069643,14.047212134159366,0,81.88976377952756,7.494125186925872,-28,1,10
63,2021-09-02,2021-08-06,20.39201025421918,9.821619312112796,15.106814783165987,0,83.85826771653544,10.570390942106384,-27,1,10.1
63,2021-09-02,2021-08-07,22.34031189916685,11.7101046784875,17.025208288827173,0,84.64566929133858,10.630207220679347,-26,1,12.3
63,2021-09-02,2021-08-08,24.1689809869686,11.68446913052767,17.926725058748133,0,79.5275590551181,12.484511856440928,-25,1,12.5
63,2021-09-02,2021-08-09,26.01474044007691,9.46272164067507,17.73873104037599,0,72.44094488188976,16.55201879940184,-24,1,11.5
63,2021-09-02,2021-08-10,27.58705404828028,11.43665883358257,19.511856440931425,0,62.99212598425196,16.15039521469771,-23,1,10.3
63,2021-09-02,2021-08-11,18.71715445417646,10.59923093356121,14.658192693868834,0.1373332926419835,89.76377952755905,8.11792352061525,-22,1,11.7
63,2021-09-02,2021-08-12,11.64174321726127,8.407391582995086,10.024567400128175,0.1098666341135868,90.94488188976378,3.2343516342661847,-21,1,8.5
63,2021-09-02,2021-08-13,10.77013458662679,6.980346079897458,8.875240333262123,34.44318979461042,97.24409448818898,3.789788506729332,-20,1,9.3
63,2021-09-02,2021-08-14,16.77739799188208,10.13779107028413,13.457594531083105,31.28452406384471,92.51968503937007,6.639606921597949,-19,1,10.8
63,2021-09-02,2021-08-15,23.17773979918821,11.11194189275796,17.144840845973086,2.437665944395263,87.79527559055117,12.06579790643025,-18,1,12.8
63,2021-09-02,2021-08-16,21.24652851954711,12.82952360606708,17.038026062807095,3.790398876918857,92.51968503937007,8.41700491348003,-17,1,14.4
63,2021-09-02,2021-08-17,27.8263191625721,10.41123691518906,19.11877803888058,5.610065004425195,79.92125984251969,17.41508224738304,-16,1,14.5
63,2021-09-02,2021-08-18,29.44990386669515,12.40226447340312,20.926084170049133,0,75.19685039370079,17.04763939329203,-15,1,15.1
63,2021-09-02,2021-08-19,29.02264473403119,12.91497543259987,20.96881008331553,0,73.22834645669292,16.10766930143132,-14,1,15.5
63,2021-09-02,2021-08-20,28.30484939115573,11.82973723563341,20.067293313394572,0,65.74803149606299,16.47511215552232,-13,1,11.5
63,2021-09-02,2021-08-21,26.62999359111301,11.90664387951292,19.268318735312967,0,70.07874015748031,14.72334971160009,-12,1,11.9
63,2021-09-02,2021-08-22,27.45033112582782,11.06921597949156,19.259773552659688,0,66.53543307086613,16.38111514633626,-11,1,11.7
63,2021-09-02,2021-08-23,29.56953642384106,10.90685750907926,20.23819696646016,0,64.56692913385827,18.6626789147618,-10,1,10.7
63,2021-09-02,2021-08-24,28.57829523606067,13.58149967955565,21.07989745780816,0,66.53543307086613,14.99679555650502,-9,1,12.3
63,2021-09-02,2021-08-25,30.08224738303781,16.07669301431318,23.079470198675494,0,55.51181102362204,14.005554368724631,-8,1,11.6
63,2021-09-02,2021-08-26,24.45951719718009,13.85494552446059,19.15723136082034,0,74.01574803149606,10.6045716727195,-7,1,11.7
63,2021-09-02,2021-08-27,14.35911130100406,10.28305917538987,12.321085238196964,4.161198767052213,94.88188976377953,4.07605212561419,-6,1,11.2
63,2021-09-02,2021-08-28,14.9572740867336,11.38538773766289,13.171330912198243,1.297799615466772,94.09448818897636,3.5718863490707093,-5,1,11.5
63,2021-09-02,2021-08-29,17.12775048066652,11.65028839991455,14.389019440290536,1.48319956053345,90.94488188976378,5.477462080751971,-4,1,11.7
63,2021-09-02,2021-08-30,20.06729331339457,9.633625293740652,14.850459303567613,0,84.64566929133858,10.433668019653917,-3,1,10.9
63,2021-09-02,2021-08-31,21.82760093997009,10.10361033967101,15.965605639820549,0,79.92125984251969,11.72399060029908,-2,1,11.3
63,2021-09-02,2021-09-01,24.13480025635548,11.76992095706046,17.95236060670797,0,79.5275590551181,12.36487929929502,-1,1,11.9
63,2021-09-02,2021-09-02,25.91219824823756,10.71031830805384,18.3112582781457,0,75.98425196850394,15.20187994018372,0,1,12.5
63,2021-09-02,2021-09-03,28.47575304422132,11.08630634479812,19.78102969450972,0,68.50393700787401,17.389446699423203,1,1,11.2
63,2021-09-02,2021-09-04,26.66417432172613,13.30805383465072,19.986114078188425,0,79.5275590551181,13.35612048707541,2,1,13.4
63,2021-09-02,2021-09-05,27.99722281563768,13.9745780816065,20.98590044862209,2.993865779595325,79.13385826771653,14.02264473403118,3,1,15.2
63,2021-09-02,2021-09-06,23.9638966032899,13.49604785302286,18.72997222815638,0.09613330484938842,81.1023622047244,10.46784875026704,4,1,14.4
63,2021-09-02,2021-09-07,22.03268532364879,13.53022858363597,17.78145695364238,0,83.46456692913385,8.502456740012818,5,1,13.1
63,2021-09-02,2021-09-08,27.98013245033113,15.07690664387951,21.52851954710532,0,83.07086614173228,12.90322580645162,6,1,15.4
63,2021-09-02,2021-09-09,22.98974578081607,15.35035248878445,19.17004913480026,2.883999145481738,79.5275590551181,7.639393292031619,7,1,13.6
63,2021-09-02,2021-09-10,24.68169194616535,8.125400555436872,16.403546250801114,0,63.7795275590551,16.55629139072848,8,1,7.2
63,2021-09-02,2021-09-11,20.92181157872249,8.950010681478316,14.935911130100404,0.1510666219061818,83.85826771653544,11.971800897244174,9,1,8.3
63,2021-09-02,2021-09-12,29.33027130954924,12.23990600299081,20.785088656270027,0.3845332193975537,82.67716535433071,17.09036530655843,10,1,15.2
63,2021-09-02,2021-09-13,30.4582354197821,14.64110232856227,22.549668874172184,0,71.25984251968504,15.817133091219828,11,1,15.5
63,2021-09-02,2021-09-14,25.4849391155736,17.64046143986328,21.56270027771844,0.3295999023407603,80.70866141732283,7.844477675710319,12,1,15.1
63,2021-09-02,2021-09-15,20.66545609912412,13.50459303567614,17.08502456740013,16.2739951780755,89.37007874015748,7.160863063447982,13,1,15.9
63,2021-09-02,2021-09-16,14.33347575304422,11.67592394787439,13.004699850459303,3.728598895229965,94.88188976377953,2.657551805169831,14,1,12.6
63,2021-09-02,2021-09-17,17.50373851741081,11.17175817133091,14.33774834437086,19.92706076235237,93.30708661417324,6.331980346079899,15,1,12.9
63,2021-09-02,2021-09-18,27.04016235847041,13.95748771629994,20.498825037385178,1.201666310617384,88.18897637795276,13.08267464217047,16,1,15.8
63,2021-09-02,2021-09-19,30.08224738303781,15.46143986327708,22.771843623157444,0,81.1023622047244,14.62080751976073,17,1,18.7
63,2021-09-02,2021-09-20,31.03930784020508,16.52958769493698,23.78444776757103,9.688863795892216,78.34645669291338,14.5097201452681,18,1,18
63,2021-09-02,2021-09-21,26.73253578295236,16.46977141636403,21.601153599658197,0,79.92125984251969,10.262764366588332,19,1,16.8
63,2021-09-02,2021-09-22,18.11899166844691,9.975432599871825,14.047212134159366,0,77.16535433070865,8.143559068575087,20,1,9.2
63,2021-09-02,2021-09-23,19.82802819910275,9.67635120700705,14.7521897030549,0,73.22834645669292,10.1516769920957,21,1,8.2
63,2021-09-02,2021-09-24,24.10061952574236,10.44541764580218,17.27301858577227,0,79.13385826771653,13.65520187994018,22,1,10.8
63,2021-09-02,2021-09-25,25.41657765434736,12.70134586626789,19.058961760307625,0,78.74015748031496,12.715231788079471,23,1,13.4
63,2021-09-02,2021-09-26,28.92010254219184,13.56440931424909,21.242255928220462,0,75.59055118110236,15.355693227942751,24,1,15.2
63,2021-09-02,2021-09-27,29.22772911770989,14.24802392651143,21.73787652211066,0,76.37795275590551,14.979705191198462,25,1,15.6
63,2021-09-02,2021-09-28,30.32151249732963,14.31638538773766,22.318948942533645,0,72.04724409448819,16.005127109591967,26,1,15.3
63,2021-09-02,2021-09-29,25.94637897885067,16.20487075411237,21.07562486648152,7.7043977172155,87.4015748031496,9.7415082247383,27,1,16.9
63,2021-09-02,2021-09-30,19.94766075624867,13.60713522751549,16.77739799188208,0.3913998840296529,86.22047244094487,6.340525528733179,28,1,13.2
64,2021-09-12,2021-08-15,21.43452253791925,9.633625293740652,15.534073915829952,0.04119998779259504,84.25196850393701,11.800897244178596,-28,0,12.2
64,2021-09-12,2021-08-16,23.53663747062593,10.83849604785302,17.187566759239473,0,83.07086614173228,12.69814142277291,-27,0,12.7
64,2021-09-12,2021-08-17,29.79171117282632,13.4789574877163,21.635334330271313,0.0755333109530909,73.22834645669292,16.31275368511002,-26,0,15.3
64,2021-09-12,2021-08-18,31.2785729544969,19.55458235419782,25.41657765434736,0,56.29921259842519,11.723990600299082,-25,0,15.3
64,2021-09-12,2021-08-19,31.75710318308054,19.24695577867977,25.502029480880154,0.1098666341135868,51.18110236220472,12.510147404400772,-24,0,13.6
64,2021-09-12,2021-08-20,26.15146336252937,17.26447340311899,21.70796838282418,0,55.11811023622047,8.886989959410379,-23,0,11.9
64,2021-09-12,2021-08-21,25.09186071352275,14.68382824182867,19.88784447767571,0,67.71653543307086,10.40803247169408,-22,0,12.9
64,2021-09-12,2021-08-22,29.7575304422132,18.0848109378338,23.9211706900235,0,49.60629921259842,11.672719504379398,-21,0,10.7
64,2021-09-12,2021-08-23,25.36530655842769,16.99957274086734,21.182439649647513,0,59.44881889763779,8.36573381756035,-20,0,13
64,2021-09-12,2021-08-24,22.08395641956847,12.89788506729331,17.49092074343089,0,78.74015748031496,9.18607135227516,-19,0,14.3
64,2021-09-12,2021-08-25,20.631275368511,14.70946378978851,17.670369579149757,45.34745323038422,93.7007874015748,5.921811578722492,-18,0,17.8
64,2021-09-12,2021-08-26,15.94851527451399,9.368724631488998,12.658619953001494,40.84292123172705,89.37007874015748,6.579790643024992,-17,0,11.1
64,2021-09-12,2021-08-27,19.5204016235847,6.155735953856013,12.838068788720356,0,79.92125984251969,13.364665669728687,-16,0,8.1
64,2021-09-12,2021-08-28,22.69920957060457,8.578295236060672,15.63875240333262,0,79.5275590551181,14.120914334543896,-15,0,10.4
64,2021-09-12,2021-08-29,23.77590258491775,11.68446913052767,17.73018585772271,0,77.55905511811024,12.091433454390078,-14,0,12.3
64,2021-09-12,2021-08-30,24.27152317880795,13.32514419995727,18.79833368938261,0,74.01574803149606,10.94637897885068,-13,0,12.2
64,2021-09-12,2021-08-31,25.38239692373424,13.04315317239906,19.21277504806665,0,69.68503937007874,12.33924375133518,-12,0,12.2
64,2021-09-12,2021-09-01,26.15146336252937,13.40205084383679,19.77675710318308,0,66.53543307086613,12.74941251869258,-11,0,11.5
64,2021-09-12,2021-09-02,27.67250587481308,15.70925016022217,21.690878017517623,0,62.99212598425196,11.96325571459091,-10,0,12.8
64,2021-09-12,2021-09-03,23.60499893185217,13.59004486220893,18.59752189703055,0,77.95275590551181,10.014954069643238,-9,0,15.1
64,2021-09-12,2021-09-04,25.41657765434736,12.43644520401624,18.9265114291818,0,87.00787401574803,12.98013245033112,-8,0,14.9
64,2021-09-12,2021-09-05,22.13522751548814,14.1796624652852,18.15744499038667,5.342265083773299,88.9763779527559,7.9555650502029405,-7,0,15.9
64,2021-09-12,2021-09-06,22.06686605426191,10.89831232642598,16.482589190343944,0.1510666219061818,89.76377952755905,11.168553727835931,-6,0,13.9
64,2021-09-12,2021-09-07,20.16983550523392,15.71779534287545,17.943815424054684,11.46046327097383,89.37007874015748,4.45204016235847,-5,0,15.3
64,2021-09-12,2021-09-08,21.67378765221107,15.89724417859432,18.785515915402694,19.87212744529558,90.15748031496062,5.776543473616751,-4,0,16.4
64,2021-09-12,2021-09-09,16.84575945310831,8.856013672292246,12.850886562700278,19.99572740867336,85.8267716535433,7.989745780816065,-3,0,10.2
64,2021-09-12,2021-09-10,17.37556077761162,7.668233283486434,12.521897030549027,0,83.07086614173228,9.707327494125188,-2,0,8.9
64,2021-09-12,2021-09-11,22.93847468489639,7.843409527878658,15.390942106387524,0,77.16535433070865,15.095065157017732,-1,0,9.8
64,2021-09-12,2021-09-12,29.1422772911771,13.25678273873104,21.19953001495407,0,69.68503937007874,15.885494552446058,0,0,13.6
64,2021-09-12,2021-09-13,29.02264473403119,20.46037171544542,24.741508224738304,1.936399426252024,69.29133858267717,8.56227301858577,1,0,17.6
64,2021-09-12,2021-09-14,22.16940824610126,16.58940397350993,19.379406109805593,16.87826166570025,93.7007874015748,5.580004272591328,2,0,18.3
64,2021-09-12,2021-09-15,18.10190130314036,7.881862849818415,12.991882076479389,4.277932065797899,77.16535433070865,10.220038453321944,3,0,8.2
64,2021-09-12,2021-09-16,18.46079897457808,8.390301217688528,13.425550096133303,0,79.92125984251969,10.070497756889552,4,0,9.9
64,2021-09-12,2021-09-17,15.68361461226234,11.052125614185,13.36787011322367,1.490066225165549,94.88188976377953,4.631488998077341,5,0,13.7
64,2021-09-12,2021-09-18,25.22858363597522,12.95770134586627,19.093142490920744,62.01971495712149,85.43307086614173,12.270882290108949,6,0,16.4
64,2021-09-12,2021-09-19,31.62038026062807,17.17047639393292,24.395428327280495,0.04119998779259504,82.67716535433071,14.449903866695152,7,0,19.1
64,2021-09-12,2021-09-20,31.00512710959197,21.67378765221107,26.33945738090152,0,74.01574803149606,9.3313394573809,8,0,19.6
64,2021-09-12,2021-09-21,24.10061952574236,13.46186712240974,18.78124332407605,32.98745689260537,88.58267716535433,10.63875240333262,9,0,14.8
64,2021-09-12,2021-09-22,21.36616107669301,7.757957701345866,14.56205938901944,0,71.65354330708661,13.608203375347143,10,0,6.8
64,2021-09-12,2021-09-23,16.52958769493698,11.80410168767357,14.166844691305275,0,83.46456692913385,4.725486007263408,11,0,10.3
64,2021-09-12,2021-09-24,21.96432386242256,13.32514419995727,17.644734031189916,2.1355327005829,82.67716535433071,8.63917966246529,12,0,13.1
64,2021-09-12,2021-09-25,23.24610126041444,9.599444563127538,16.42277291177099,0,77.55905511811024,13.646656697286904,13,0,11.5
64,2021-09-12,2021-09-26,27.94595171971801,11.38538773766289,19.66566972869045,2.348399304177974,70.86614173228347,16.560563982055122,14,0,12.3
64,2021-09-12,2021-09-27,31.36402478102969,13.8891262550737,22.626575518051695,0,69.29133858267717,17.474898525955993,15,0,15.2
64,2021-09-12,2021-09-28,25.17731254005555,16.81157872249519,20.99444563127537,0.8377330851161275,83.46456692913385,8.365733817560358,16,0,17
64,2021-09-12,2021-09-29,22.83593249305704,15.31617175817133,19.076052125614183,3.1998657185583,87.00787401574803,7.519760734885709,17,0,15.7
64,2021-09-12,2021-09-30,26.81798760948515,14.08566545609912,20.451826532792136,3.721732230597866,83.46456692913385,12.732322153386033,18,0,16
64,2021-09-12,2021-10-01,23.07519760734885,18.01644947660756,20.545823541978205,23.26425977355265,91.73228346456692,5.058748130741293,19,0,18.4
64,2021-09-12,2021-10-02,26.20273445844905,13.95748771629994,20.080111087374497,0.8926664021729209,82.67716535433071,12.24524674214911,20,0,15.9
64,2021-09-12,2021-10-03,21.0414441358684,15.88869899594104,18.46507156590472,2.801599169896548,90.94488188976378,5.15274513992736,21,0,16.8
64,2021-09-12,2021-10-04,19.84511856440932,12.6158940397351,16.230506302072207,0.7896664326914333,85.8267716535433,7.229224524674219,22,0,12.5
64,2021-09-12,2021-10-05,22.98974578081607,8.057039094210639,15.523392437513357,0.4257332071901487,73.22834645669292,14.93270668660543,23,0,9.2
64,2021-09-12,2021-10-06,21.14398632770775,14.45310831019013,17.79854731894894,1.352732932523566,83.85826771653544,6.690878017517621,24,0,14.8
64,2021-09-12,2021-10-07,21.02435377056185,10.90685750907926,15.965605639820554,4.545731986449795,80.31496062992126,10.11749626148259,25,0,10.7
64,2021-09-12,2021-10-08,22.87011322367016,10.10361033967101,16.486861781670584,0.2403332621234711,85.43307086614173,12.76650288399915,26,0,12.9
64,2021-09-12,2021-10-09,19.315317239906,14.43601794488357,16.875667592394784,26.54652546769614,94.48818897637796,4.879299295022431,27,0,15.9
64,2021-09-12,2021-10-10,26.44199957274087,15.15381328775903,20.79790643024995,0,81.88976377952756,11.28818628498184,28,0,15.1
65,2021-09-24,2021-08-27,13.0260628070925,7.215338602862636,10.120700704977567,7.999664296395764,94.09448818897636,5.810724204229865,-28,1,8.5
65,2021-09-24,2021-08-28,14.0942106387524,10.4795983764153,12.28690450758385,0.7072664571062433,93.30708661417324,3.6146122623371006,-27,1,10.4
65,2021-09-24,2021-08-29,16.26468703268532,10.97521897030549,13.619953001495404,0.2677999206518678,90.5511811023622,5.2894680623798305,-26,1,10.7
65,2021-09-24,2021-08-30,20.30655842768639,9.684896389660327,14.99572740867336,0,81.88976377952756,10.62166203802606,-25,1,9.6
65,2021-09-24,2021-08-31,22.22067934202094,10.20615253151036,16.21341593676565,0,75.98425196850394,12.01452681051058,-24,1,9.7
65,2021-09-24,2021-09-01,24.06643879512924,10.25742362743004,17.16193121127964,0,75.59055118110236,13.8090151676992,-23,1,9.7
65,2021-09-24,2021-09-02,24.68169194616535,9.787438581499678,17.234565263832515,0,74.01574803149606,14.894253364665673,-22,1,9.3
65,2021-09-24,2021-09-03,28.13394573809015,12.35099337748344,20.2424695577868,0,64.1732283464567,15.78295236060671,-21,1,8.3
65,2021-09-24,2021-09-04,24.81841486861781,13.70967741935484,19.264046143986327,0,74.01574803149606,11.108737449262971,-20,1,10.5
65,2021-09-24,2021-09-05,26.86925870540483,12.97479171117283,19.92202520828883,4.943998535111547,76.77165354330708,13.894466994232,-19,1,12.9
65,2021-09-24,2021-09-06,26.37363811151463,12.31681264687033,19.34522537919248,0,77.95275590551181,14.0568254646443,-18,1,11.5
65,2021-09-24,2021-09-07,24.52787865840632,12.4108096560564,18.46934415723136,0,81.49606299212599,12.117069002349918,-17,1,12
65,2021-09-24,2021-09-08,26.54454176458022,14.10275582140568,20.323648792992948,0,82.28346456692913,12.44178594317454,-16,1,14.3
65,2021-09-24,2021-09-09,21.46870326853237,12.92352061525315,17.19611194189276,0.2883999145481653,74.01574803149606,8.54518265327922,-15,1,10.5
65,2021-09-24,2021-09-10,23.19483016449477,5.899380474257637,14.547105319376204,0,64.96062992125984,17.295449690237135,-14,1,5.6
65,2021-09-24,2021-09-11,20.37491988891263,8.522751548814355,14.448835718863492,4.518265327921398,82.28346456692913,11.852168340098274,-13,1,8.3
65,2021-09-24,2021-09-12,27.92886135441145,12.7782525101474,20.353556932279425,4.092532120731221,80.31496062992126,15.150608844264047,-12,1,13.4
65,2021-09-24,2021-09-13,29.36445204016236,16.48686178167058,22.92565691091647,0,68.50393700787401,12.87759025849178,-11,1,13.8
65,2021-09-24,2021-09-14,24.35697500534074,15.99124118778039,20.17410809656057,0.02746665852839669,83.85826771653544,8.365733817560349,-10,1,14.8
65,2021-09-24,2021-09-15,22.81884212775048,13.45332193975646,18.136082033753468,40.70558793908506,87.4015748031496,9.36552018799402,-9,1,15.1
65,2021-09-24,2021-09-16,16.58085879085666,11.71864986114078,14.14975432599872,5.25299844355601,94.48818897637796,4.86220892971588,-8,1,12.9
65,2021-09-24,2021-09-17,17.53791924802393,10.69322794274728,14.115573595385603,16.02679525131992,91.73228346456692,6.844691305276649,-7,1,12.3
65,2021-09-24,2021-09-18,25.98055970946379,13.38496047853023,19.68276009399701,0,87.4015748031496,12.59559923093356,-6,1,14.9
65,2021-09-24,2021-09-19,29.99679555650502,16.45268105105747,23.224738303781244,0,76.77165354330708,13.54411450544755,-5,1,16.7
65,2021-09-24,2021-09-20,31.0734885708182,15.37598803674429,23.224738303781244,0.1785332804345785,74.01574803149606,15.697500534073908,-4,1,16.4
65,2021-09-24,2021-09-21,25.72420422986541,17.09356975005341,21.40888698995941,1.043733024079103,76.77165354330708,8.630634479812002,-3,1,15.3
65,2021-09-24,2021-09-22,19.50331125827815,9.522537919248023,14.512924588763086,0,72.44094488188976,9.980773339030126,-2,1,8.8
65,2021-09-24,2021-09-23,20.75090792565691,8.189489425336467,14.47019867549669,0,70.47244094488188,12.561418500320444,-1,1,7.1
65,2021-09-24,2021-09-24,25.41657765434736,9.46272164067507,17.439649647511217,0.1098666341135868,75.59055118110236,15.95385601367229,0,1,10.3
65,2021-09-24,2021-09-25,24.85259559923093,12.21427045503098,18.53343302713095,0,79.13385826771653,12.63832514419995,1,1,12.1
65,2021-09-24,2021-09-26,27.87759025849178,13.01751762443922,20.4475539414655,0,76.77165354330708,14.86007263405256,2,1,13.1
65,2021-09-24,2021-09-27,29.84298226874599,14.36765648365734,22.105319376201663,0,62.59842519685039,15.475325785088648,3,1,13.9
65,2021-09-24,2021-09-28,29.77462080751976,14.1796624652852,21.97714163640248,0,69.68503937007874,15.59495834223456,4,1,13.1
65,2021-09-24,2021-09-29,24.3740653706473,15.31617175817133,19.845118564409315,9.304330576494635,82.67716535433071,9.05789361247597,5,1,14.7
65,2021-09-24,2021-09-30,20.05020294808801,13.61568041016877,16.83294167912839,2.732932523575556,86.61417322834646,6.434522537919241,6,1,13.8
65,2021-09-24,2021-10-01,16.67485580004272,13.32514419995727,14.999999999999996,19.3914609210486,92.91338582677164,3.3497116000854508,7,1,14.5
65,2021-09-24,2021-10-02,18.80260628070925,12.6158940397351,15.709250160222174,25.44785912656025,93.30708661417324,6.186712240974149,8,1,13.3
65,2021-09-24,2021-10-03,15.79470198675497,14.27365947447127,15.03418073061312,25.15945921201208,97.24409448818898,1.5210425122836997,9,1,15.2
65,2021-09-24,2021-10-04,19.67421491134373,14.15402691732536,16.914120914334546,53.42265083773307,93.30708661417324,5.520187994018368,10,1,15
65,2021-09-24,2021-10-05,23.09228797265541,11.88955351420637,17.49092074343089,2.932065797906432,84.64566929133858,11.20273445844904,11,1,13.3
65,2021-09-24,2021-10-06,20.58000427259133,12.94061098055971,16.76030762657552,0,91.33858267716536,7.639393292031622,12,1,15.1
65,2021-09-24,2021-10-07,22.81884212775048,14.91454817346721,18.866695150608845,8.960997344889677,91.73228346456692,7.904293954283268,13,1,16.4
65,2021-09-24,2021-10-08,20.03311258278146,11.02649006622516,15.52980132450331,4.66933194982758,88.9763779527559,9.0066225165563,14,1,13.4
65,2021-09-24,2021-10-09,16.315958128605,12.80388805810724,14.55992309335612,1.14673299356059,95.2755905511811,3.51207007049776,15,1,13.6
65,2021-09-24,2021-10-10,17.18756675923948,12.37662892544328,14.78209784234138,5.994598223822749,91.33858267716536,4.810937833796201,16,1,11.9
65,2021-09-24,2021-10-11,18.51207007049776,13.2311471907712,15.87160863063448,3.350932340464482,88.58267716535433,5.28092287972656,17,1,12.4
65,2021-09-24,2021-10-12,25.43366801965392,12.99188207647938,19.21277504806665,0.5699331644642598,79.92125984251969,12.44178594317454,18,1,12.9
65,2021-09-24,2021-10-13,25.46784875026704,13.78658406323435,19.627216406750694,0,76.37795275590551,11.68126468703269,19,1,12.9
65,2021-09-24,2021-10-14,25.00640888698996,14.76928006836146,19.88784447767571,7.010864589373455,78.74015748031496,10.2371288186285,20,1,13.9
65,2021-09-24,2021-10-15,18.75133518478957,15.59816278572955,17.174748985259562,5.458998382518985,94.48818897637796,3.153172399060022,21,1,15.9
65,2021-09-24,2021-10-16,23.33155308694723,14.18820764793847,18.75988036744285,37.46452223273414,86.22047244094487,9.143345439008762,22,1,13.7
65,2021-09-24,2021-10-17,16.98248237556078,13.31659901730399,15.149540696432386,0.933866389965516,93.7007874015748,3.665883358256792,23,1,14.1
65,2021-09-24,2021-10-18,16.58940397350993,11.18030335398419,13.88485366374706,24.58265938291572,93.30708661417324,5.409100619525741,24,1,12.4
65,2021-09-24,2021-10-19,16.67485580004272,11.24866481521043,13.961760307626577,0.4119998779259504,88.58267716535433,5.4261909848322905,25,1,10.9
65,2021-09-24,2021-10-20,18.37534714804529,7.578508865627003,12.976928006836149,3.467665639210168,79.92125984251969,10.796838282418284,26,1,8.3
65,2021-09-24,2021-10-21,21.99850459303568,9.59089938047426,15.79470198675497,0,74.40944881889763,12.40760521256142,27,1,9
65,2021-09-24,2021-10-22,25.17731254005555,8.7107455671865,16.944029053621023,0,69.68503937007874,16.46656697286905,28,1,8.6
66,2021-08-24,2021-07-27,18.51207007049776,8.304849391155736,13.408459730826747,27.04092532120731,81.1023622047244,10.207220679342024,-28,0,7.4
66,2021-08-24,2021-07-28,7.911770989104892,-0.7914975432599878,3.560136722922452,0,72.44094488188976,8.70326853236488,-27,0,-3.3
66,2021-08-24,2021-07-29,8.321939756462294,-1.688741721854306,3.316599017303994,0.3639332255012562,77.16535433070865,10.0106814783166,-26,0,-1.3
66,2021-08-24,2021-07-30,14.20529801324503,-0.3898739585558637,6.907712027344584,0,67.71653543307086,14.595171971800896,-25,0,-0.8
66,2021-08-24,2021-07-31,16.95684682760094,4.010895107882931,10.483870967741936,0,62.99212598425196,12.94595171971801,-24,0,1.8
66,2021-08-24,2021-08-01,19.70839564195685,6.864986114078189,13.28669087801752,0,67.32283464566929,12.843409527878665,-23,0,5.9
66,2021-08-24,2021-08-02,18.39243751335185,4.814142277291177,11.603289895321511,0,73.62204724409449,13.578295236060674,-22,0,5.5
66,2021-08-24,2021-08-03,17.91390728476821,3.80581072420423,10.85985900448622,0,77.16535433070865,14.10809656056398,-21,0,6.2
66,2021-08-24,2021-08-04,19.315317239906,6.493270668660543,12.904293954283272,0,79.5275590551181,12.822046571245458,-20,0,7.8
66,2021-08-24,2021-08-05,21.00726340525529,9.77034821619312,15.388805810724206,0,77.16535433070865,11.23691518906217,-19,0,9.9
66,2021-08-24,2021-08-06,20.7167271950438,12.10318308053835,16.409955137791073,0,70.47244094488188,8.613544114505448,-18,0,9.8
66,2021-08-24,2021-08-07,24.03225806451613,12.50480666524247,18.2685323648793,0,73.22834645669292,11.527451399273662,-17,0,11.7
66,2021-08-24,2021-08-08,26.61290322580645,12.89788506729331,19.75539414654988,0,72.04724409448819,13.71501815851314,-16,0,12.5
66,2021-08-24,2021-08-09,26.80089724417859,12.24845118564409,19.52467421491134,0,64.1732283464567,14.5524460585345,-15,0,11.9
66,2021-08-24,2021-08-10,20.59709463789789,12.09463789788507,16.34586626789148,6.88726462599567,92.91338582677164,8.50245674001282,-14,0,13.9
66,2021-08-24,2021-08-11,14.41038239692374,8.189489425336467,11.299935911130104,16.02679525131992,83.85826771653544,6.220892971587274,-13,0,7.4
66,2021-08-24,2021-08-12,10.53941465498825,2.994018372142705,6.766716513565477,0,84.25196850393701,7.545396282845544,-12,0,4.1
66,2021-08-24,2021-08-13,15.64943388164922,7.702414014099551,11.675923947874384,0,81.1023622047244,7.947019867549669,-11,0,7.6
66,2021-08-24,2021-08-14,17.43537705618458,9.505447553941464,13.470412305063023,0,83.85826771653544,7.929929502243116,-10,0,10.5
66,2021-08-24,2021-08-15,21.91305276650288,11.97500534073916,16.94402905362102,0,83.46456692913385,9.93804742576372,-9,0,12.3
66,2021-08-24,2021-08-16,24.40824610126042,12.47917111728263,18.443708609271525,0,84.25196850393701,11.92907498397779,-8,0,12.8
66,2021-08-24,2021-08-17,28.90301217688528,13.59004486220893,21.246528519547105,0,75.19685039370079,15.31296731467635,-7,0,14.7
66,2021-08-24,2021-08-18,30.49241615039521,17.2217474898526,23.857081820123906,0,61.02362204724409,13.270668660542611,-6,0,14.8
66,2021-08-24,2021-08-19,30.30442213202307,16.82866908780175,23.56654560991241,0,54.33070866141732,13.47575304422132,-5,0,13.7
66,2021-08-24,2021-08-20,28.27066866054262,16.99957274086734,22.63512070070498,0,54.72440944881889,11.27109591967528,-4,0,11.8
66,2021-08-24,2021-08-21,26.83507797479171,14.40183721427045,20.61845759453108,0.1098666341135868,72.83464566929133,12.433240760521258,-3,0,12.6
66,2021-08-24,2021-08-22,29.21063875240333,15.15381328775903,22.18222602008118,0,51.96850393700787,14.0568254646443,-2,0,11
66,2021-08-24,2021-08-23,29.70625934629353,16.67485580004272,23.190557573168125,0,64.1732283464567,13.031403546250807,-1,0,10.1
66,2021-08-24,2021-08-24,24.64751121555223,15.26490066225166,19.956205938901945,0.5561998352000614,78.74015748031496,9.382610553300568,0,0,14.2
66,2021-08-24,2021-08-25,20.2211066011536,16.29886776329844,18.25998718222602,32.63039033173618,90.15748031496062,3.922238837855162,1,0,15.9
66,2021-08-24,2021-08-26,16.34159367656484,10.90685750907926,13.62422559282205,28.70265816217537,90.5511811023622,5.434736167485582,2,0,11.4
66,2021-08-24,2021-08-27,18.81969664601581,5.54902798547319,12.1843623157445,0.3364665669728595,81.49606299212599,13.27066866054262,3,0,8.1
66,2021-08-24,2021-08-28,20.631275368511,9.77034821619312,15.20081179235206,0,79.92125984251969,10.86092715231788,4,0,10.1
66,2021-08-24,2021-08-29,22.63084810937834,11.00939970091861,16.820123905148478,0,75.98425196850394,11.621448408459733,5,0,11.5
66,2021-08-24,2021-08-30,22.81884212775048,11.31702627643666,17.067934202093568,0,74.40944881889763,11.501815851313818,6,0,11
66,2021-08-24,2021-08-31,23.72463148899808,12.52189703054903,18.123264259773556,0,68.11023622047244,11.202734458449052,7,0,11.5
66,2021-08-24,2021-09-01,24.81841486861781,12.32535782952361,18.57188634907071,0,65.74803149606299,12.493057039094202,8,0,11.3
66,2021-08-24,2021-09-02,27.0059816278573,13.61568041016877,20.310831019013033,0,64.56692913385827,13.39030121768853,9,0,12.8
66,2021-08-24,2021-09-03,24.32279427472762,14.78637043366802,19.55458235419782,0,74.80314960629921,9.5364238410596,10,0,14.5
66,2021-08-24,2021-09-04,26.69835505233925,10.91540269173253,18.806878872035888,0,82.67716535433071,15.78295236060672,11,0,14.2
66,2021-08-24,2021-09-05,22.51121555223243,13.92330698568682,18.217261268959625,8.988464003418073,85.8267716535433,8.58790856654561,12,0,15.2
66,2021-08-24,2021-09-06,20.81926938688314,11.01794488357189,15.918607135227514,0,86.22047244094487,9.80132450331125,13,0,13.6
66,2021-08-24,2021-09-07,18.40952787865841,13.71822260200812,16.063875240333264,19.29532761619922,89.76377952755905,4.691305276650288,14,0,14.3
66,2021-08-24,2021-09-08,19.8109378337962,16.09378337961974,17.95236060670797,11.10339671010468,88.9763779527559,3.717154454176459,15,0,15.8
66,2021-08-24,2021-09-09,18.22153386028626,8.236487929929503,13.229010895107882,20.99826044495987,79.5275590551181,9.985045930356758,16,0,10.4
66,2021-08-24,2021-09-10,17.89681691946165,9.206366161076694,13.551591540269172,0.06179998168889256,79.5275590551181,8.690450758384955,17,0,8.3
66,2021-08-24,2021-09-11,23.19483016449477,6.728263191625722,14.961546678060246,0,73.62204724409449,16.46656697286905,18,0,9.1
66,2021-08-24,2021-09-12,28.61247596667379,11.62465285195471,20.118564409314253,0,67.32283464566929,16.98782311471908,19,0,13.1
66,2021-08-24,2021-09-13,29.48408459730827,18.99060029908139,24.23734244819483,0,75.98425196850394,10.493484298226882,20,0,16.6
66,2021-08-24,2021-09-14,22.20358897671438,16.20487075411237,19.204229865413375,34.47065645313882,89.76377952755905,5.998718222602008,21,0,17.3
66,2021-08-24,2021-09-15,18.22153386028626,10.28305917538987,14.252296517838063,0.06179998168889256,78.34645669291338,7.938474684896391,22,0,9
66,2021-08-24,2021-09-16,19.00769066438795,9.77034821619312,14.389019440290536,0,77.55905511811024,9.23734244819483,23,0,10.7
66,2021-08-24,2021-09-17,15.21362956633198,12.56462294381542,13.8891262550737,0.1853999450666777,93.30708661417324,2.649006622516559,24,0,12.7
66,2021-08-24,2021-09-18,26.57872249519333,13.96603289895322,20.27237769707327,68.99624622333445,84.64566929133858,12.61268959624011,25,0,15.4
66,2021-08-24,2021-09-19,30.577867976928,18.0848109378338,24.3313394573809,0.06179998168889256,85.43307086614173,12.4930570390942,26,0,18.6
66,2021-08-24,2021-09-20,30.80004272591326,18.63170262764367,24.715872676778467,0,76.37795275590551,12.168340098269592,27,0,19.4
66,2021-08-24,2021-09-21,25.26276436658834,11.7101046784875,18.48643452253792,11.9273964659566,86.61417322834646,13.55265968810084,28,0,14.5
67,2022-10-15,2022-09-17,17.72591326639607,7.018799401837215,12.372356334116642,0,67.32283464566929,10.707113864558856,-28,1,6.8
67,2022-10-15,2022-09-18,20.52873317667165,7.300790429395429,13.91476180303354,0,64.96062992125984,13.227942747276222,-27,1,6.8
67,2022-10-15,2022-09-19,15.13672292245247,9.291817987609484,12.214270455030976,2.471999267555759,86.61417322834646,5.844904934842987,-26,1,9
67,2022-10-15,2022-09-20,22.37449262977996,9.377269814142275,15.87588122196112,19.92706076235237,83.85826771653544,12.997222815637684,-25,1,11.1
67,2022-10-15,2022-09-21,16.95684682760094,12.4108096560564,14.683828241828673,3.790398876918857,94.09448818897636,4.5460371715445405,-24,1,12.2
67,2022-10-15,2022-09-22,20.66545609912412,11.70155949583422,16.18350779747917,9.977263710440385,80.31496062992126,8.963896603289902,-23,1,10.3
67,2022-10-15,2022-09-23,16.79448835718863,2.207861568041016,9.501174962614822,1.304666280098871,64.1732283464567,14.586626789147614,-22,1,3.5
67,2022-10-15,2022-09-24,20.4261909848323,2.686391796624653,11.556291390728475,2.108066042054503,66.53543307086613,17.73979918820765,-21,1,3.8
67,2022-10-15,2022-09-25,14.37620166631062,8.659474471266822,11.51783806878872,12.64839625232705,91.33858267716536,5.716727195043797,-20,1,9
67,2022-10-15,2022-09-26,16.52958769493698,9.59089938047426,13.06024353770562,50.09918515579699,94.09448818897636,6.93868831446272,-19,1,11.4
67,2022-10-15,2022-09-27,17.05938901944029,12.29117709891049,14.675283059175388,11.70766319772943,94.09448818897636,4.768211920529799,-18,1,12.8
67,2022-10-15,2022-09-28,15.32471694082461,9.710531937620168,12.517624439222388,0.7278664510025408,90.5511811023622,5.614185003204442,-17,1,10.9
67,2022-10-15,2022-09-29,14.61546678060244,8.2578508865627,11.43665883358257,0.8995330668050201,88.18897637795276,6.357615894039739,-16,1,8.5
67,2022-10-15,2022-09-30,15.44434949797052,9.411450544755391,12.427900021362955,0.5081331827753672,85.8267716535433,6.032898953215128,-15,1,9.9
67,2022-10-15,2022-10-01,21.99850459303568,11.9579149754326,16.97820978423414,0.3845332193975537,87.4015748031496,10.04058961760308,-14,1,11.9
67,2022-10-15,2022-10-02,22.71629993591113,10.56505020294809,16.640675069429612,0,75.98425196850394,12.15124973296304,-13,1,11.5
67,2022-10-15,2022-10-03,20.7167271950438,12.12881862849818,16.42277291177099,0,75.98425196850394,8.587908566545618,-12,1,12.2
67,2022-10-15,2022-10-04,24.3740653706473,12.39371929074984,18.383892330698572,0,72.44094488188976,11.980346079897462,-11,1,12.1
67,2022-10-15,2022-10-05,25.6045716727195,12.82952360606708,19.21704763939329,0.3913998840296529,76.77165354330708,12.775048066652422,-10,1,13.1
67,2022-10-15,2022-10-06,18.2898953215125,14.37620166631062,16.33304849391156,14.02172917874691,91.33858267716536,3.9136936552018806,-9,1,14.6
67,2022-10-15,2022-10-07,19.41785943174535,11.24011963255715,15.32898953215125,24.44532609027374,75.19685039370079,8.177739799188199,-8,1,10.5
67,2022-10-15,2022-10-08,22.7675710318308,5.600299081392865,14.183935056611832,0,71.25984251968504,17.167271950437936,-7,1,8
67,2022-10-15,2022-10-09,25.17731254005555,10.31723990600299,17.74727622302927,0,72.44094488188976,14.86007263405256,-6,1,10.6
67,2022-10-15,2022-10-10,17.96517838068789,11.29139072847682,14.628284554582356,1.366466261787764,93.30708661417324,6.673787652211072,-5,1,13.6
67,2022-10-15,2022-10-11,17.20465712454604,12.43644520401624,14.820551164281138,6.839197973570975,94.88188976377953,4.768211920529799,-4,1,14.3
67,2022-10-15,2022-10-12,18.52916043580431,13.45332193975646,15.991241187780386,34.30585650196844,92.1259842519685,5.075838496047851,-3,1,14.4
67,2022-10-15,2022-10-13,21.91305276650288,14.1369365520188,18.02499465926084,1.496932889797648,88.9763779527559,7.7761162144840785,-2,1,14.8
67,2022-10-15,2022-10-14,17.94808801538133,13.25678273873104,15.602435377056183,30.65279091769159,91.73228346456692,4.69130527665029,-1,1,14.3
67,2022-10-15,2022-10-15,16.56376842555009,12.51335184789575,14.53856013672292,11.26819666127506,84.64566929133858,4.050416577654341,0,1,12.4
67,2022-10-15,2022-10-16,21.91305276650288,13.44477675710318,17.67891476180303,14.24146244697408,84.25196850393701,8.4682760093997,1,1,13.9
67,2022-10-15,2022-10-17,24.22025208288827,11.96646015808588,18.093356120487073,4.51139866328927,77.16535433070865,12.253791924802387,2,1,12.9
67,2022-10-15,2022-10-18,18.92223883785516,13.88058107242042,16.40140995513779,4.332865382854692,90.15748031496062,5.041657765434742,3,1,13.8
67,2022-10-15,2022-10-19,23.63917966246528,14.29074983977783,18.964964751121556,11.22699667348246,85.03937007874015,9.348429822687452,4,1,14.8
67,2022-10-15,2022-10-20,18.93932920316172,14.10275582140568,16.5210425122837,32.4655903805658,94.48818897637796,4.83657338175604,5,1,15.7
67,2022-10-15,2022-10-21,23.10937833796197,14.10275582140568,18.606067079683825,23.9509262367626,83.46456692913385,9.006622516556291,6,1,14.5
67,2022-10-15,2022-10-22,24.45951719718009,10.41123691518906,17.435377056184574,0.1098666341135868,75.59055118110236,14.048280281991032,7,1,11.6
67,2022-10-15,2022-10-23,26.15146336252937,12.71843623157445,19.43494979705191,0,74.40944881889763,13.43302713095492,8,1,12.3
67,2022-10-15,2022-10-24,26.88634907071139,11.65028839991455,19.26831873531297,0,67.32283464566929,15.23606067079684,9,1,10.9
67,2022-10-15,2022-10-25,26.42490920743431,13.57295449690237,19.99893185216834,0,66.92913385826772,12.851954710531942,10,1,12.4
67,2022-10-15,2022-10-26,26.92052980132451,14.03439436017945,20.47746208075198,0,63.7795275590551,12.88613544114506,11,1,12.3
67,2022-10-15,2022-10-27,24.86968596453749,13.44477675710318,19.157231360820333,0,72.04724409448819,11.42490920743431,12,1,11.5
67,2022-10-15,2022-10-28,27.74086733603931,13.14569536423841,20.44328135013886,0,71.25984251968504,14.595171971800902,13,1,13.6
67,2022-10-15,2022-10-29,22.42576372569964,13.31659901730399,17.871181371501812,0,92.51968503937007,9.10916470839565,14,1,15.6
67,2022-10-15,2022-10-30,21.5370647297586,12.79534287545396,17.16620380260628,41.74932096316417,89.76377952755905,8.741721854304641,15,1,15.4
67,2022-10-15,2022-10-31,21.09271523178808,13.86349070711386,17.47810296945097,53.94451734977264,90.5511811023622,7.229224524674221,16,1,15.9
67,2022-10-15,2022-11-01,14.12839136936552,6.843623157444991,10.486007263405256,13.30072939237647,86.61417322834646,7.284768211920529,17,1,7.9
67,2022-10-15,2022-11-02,14.50437940610981,5.070497756889553,9.787438581499682,1.40079958494826,70.47244094488188,9.433881649220258,18,1,4.3
67,2022-10-15,2022-11-03,19.33240760521256,5.925016022217475,12.628711813715018,0,68.11023622047244,13.407391582995084,19,1,5.7
67,2022-10-15,2022-11-04,20.68254646443068,6.476180303353985,13.579363383892332,0,67.71653543307086,14.206366161076694,20,1,6.8
67,2022-10-15,2022-11-05,21.05853450117496,6.506088442640461,13.782311471907713,0,63.38582677165353,14.5524460585345,21,1,6.5
67,2022-10-15,2022-11-06,20.16983550523392,7.38624225592822,13.77803888058107,0,65.35433070866142,12.7835932493057,22,1,7
67,2022-10-15,2022-11-07,21.1268959624012,7.745139927365948,14.436017944883574,0,65.35433070866142,13.381756035035252,23,1,7.4
67,2022-10-15,2022-11-08,21.65669728690451,7.420422986541337,14.538560136722923,0.5081331827753672,66.53543307086613,14.236274300363174,24,1,8
67,2022-10-15,2022-11-09,25.79256569109165,8.680837427900022,17.236701559495835,0,63.38582677165353,17.11172826319163,25,1,8
67,2022-10-15,2022-11-10,27.10852381969665,11.16321298867763,19.13586840418714,0,59.84251968503936,15.94531083101902,26,1,9.5
67,2022-10-15,2022-11-11,19.89638966032899,13.69258705404828,16.794488357188634,0,84.64566929133858,6.203802606280709,27,1,13.1
67,2022-10-15,2022-11-12,23.62208929715873,13.04315317239906,18.332621234778895,8.404797509689615,83.46456692913385,10.57893612475967,28,1,14.9
68,2022-09-18,2022-08-21,14.11130100405896,6.382183294167913,10.246742149113436,0,87.00787401574803,7.729117709891048,-28,0,7.8
68,2022-09-18,2022-08-22,14.70946378978851,10.41978209784234,12.564622943815426,0,87.79527559055117,4.2896816919461696,-27,0,10.1
68,2022-09-18,2022-08-23,19.91348002563555,9.146549882503738,14.530014954069644,0,83.46456692913385,10.766930143131813,-26,0,10.3
68,2022-09-18,2022-08-24,21.63960692159795,8.104037598803675,14.871822260200812,0,79.5275590551181,13.535569322794274,-25,0,10.4
68,2022-09-18,2022-08-25,21.69087801751763,9.522537919248023,15.606707968382826,0,81.88976377952756,12.168340098269606,-24,0,11
68,2022-09-18,2022-08-26,24.68169194616535,11.98355052339244,18.332621234778895,0,79.5275590551181,12.698141422772911,-23,0,13.1
68,2022-09-18,2022-08-27,27.04016235847041,10.684682760094,18.862422559282205,0,75.59055118110236,16.355479598376412,-22,0,13.2
68,2022-09-18,2022-08-28,23.50245674001282,9.505447553941464,16.50395214697714,0,70.07874015748031,13.997009186071356,-21,0,11.6
68,2022-09-18,2022-08-29,16.46977141636403,6.933347575304422,11.701559495834225,0,76.37795275590551,9.536423841059609,-20,0,7.3
68,2022-09-18,2022-08-30,14.21384319589831,4.737235633411665,9.475539414654987,0,81.49606299212599,9.476607562486643,-19,0,5.9
68,2022-09-18,2022-08-31,19.09314249092074,8.672292245246743,13.882717368083744,0,81.1023622047244,10.420850245673998,-18,0,7.5
68,2022-09-18,2022-09-01,24.1689809869686,7.544328135013886,15.856654560991242,0,77.95275590551181,16.624652851954714,-17,0,10.6
68,2022-09-18,2022-09-02,22.04977568895535,10.85558641315958,16.452681051057464,1.689199499496453,74.80314960629921,11.19418927579577,-16,0,11.8
68,2022-09-18,2022-09-03,15.2050843836787,10.45396282845546,12.82952360606708,7.512131107516694,94.88188976377953,4.751121555223241,-15,0,13.5
68,2022-09-18,2022-09-04,14.44456312753685,6.249732963042085,10.347148045289469,6.48213141270179,84.64566929133858,8.194830164494764,-14,0,7.3
68,2022-09-18,2022-09-05,12.90643024994659,6.019013031403546,9.462721640675069,0.8308664204840284,91.73228346456692,6.887417218543044,-13,0,7.9
68,2022-09-18,2022-09-06,14.52146977141636,10.4368724631489,12.479171117282627,5.3285317545091,95.2755905511811,4.08459730826746,-12,0,11.1
68,2022-09-18,2022-09-07,19.12732322153386,11.78701132236701,15.457167271950436,25.42039246803185,90.94488188976378,7.340311899166851,-11,0,12.8
68,2022-09-18,2022-09-08,27.55287331766716,10.41123691518906,18.98205511642811,4.051332132938626,76.77165354330708,17.1416364024781,-10,0,13.8
68,2022-09-18,2022-09-09,29.56953642384106,15.07690664387951,22.323221533860284,0,66.92913385826772,14.49262977996155,-9,0,14.3
68,2022-09-18,2022-09-10,24.1689809869686,14.53001495406964,19.34949797051912,0.2746665852839669,77.55905511811024,9.638966032898958,-8,0,16.4
68,2022-09-18,2022-09-11,14.77782525101474,10.96667378765221,12.872249519333476,0,90.5511811023622,3.8111514633625294,-7,0,11.5
68,2022-09-18,2022-09-12,13.57295449690237,10.20615253151036,11.889553514206366,0.5424665059358631,94.88188976377953,3.3668019653920087,-6,0,11.3
68,2022-09-18,2022-09-13,22.39158299508652,12.55607776116215,17.473830378124333,24.55519272438733,89.76377952755905,9.83550523392437,-5,0,13.9
68,2022-09-18,2022-09-14,16.82866908780175,11.74428540910062,14.286477248451185,15.05172887356181,96.8503937007874,5.08438367870113,-4,0,14.4
68,2022-09-18,2022-09-15,14.45310831019013,10.25742362743004,12.355265968810084,5.198065126499216,93.7007874015748,4.19568468276009,-3,0,11
68,2022-09-18,2022-09-16,18.01644947660756,10.19760734885708,14.107028412732321,5.527665028840005,86.61417322834646,7.818842127750479,-2,0,9.9
68,2022-09-18,2022-09-17,18.06772057252724,7.057252723776971,12.562486648152106,0,77.16535433070865,11.010467848750269,-1,0,7.7
68,2022-09-18,2022-09-18,20.58000427259133,8.330484939115575,14.455244605853451,0,78.34645669291338,12.249519333475757,0,0,8.7
68,2022-09-18,2022-09-19,16.62358470412305,10.0267036957915,13.325144199957276,0,85.43307086614173,6.59688100833155,1,0,10.5
68,2022-09-18,2022-09-20,24.13480025635548,11.31702627643666,17.72591326639607,7.848597674489582,83.46456692913385,12.81777397991882,2,0,13.3
68,2022-09-18,2022-09-21,16.62358470412305,12.78679769280068,14.705191198461865,2.897732474745936,94.09448818897636,3.83678701132237,3,0,12.8
68,2022-09-18,2022-09-22,22.54539628284554,12.32535782952361,17.435377056184574,9.867397076326796,81.49606299212599,10.220038453321932,4,0,11.7
68,2022-09-18,2022-09-23,17.53791924802393,3.763084810937833,10.65050202948088,0,59.84251968503936,13.774834437086096,5,0,3.9
68,2022-09-18,2022-09-24,21.26361888485366,1.071352275154881,11.16748558000427,0,72.44094488188976,20.19226660969878,6,0,6.1
68,2022-09-18,2022-09-25,13.22260200811792,9.052552873317667,11.137577440717797,5.761131626331377,92.1259842519685,4.170049134800253,7,0,9.3
68,2022-09-18,2022-09-26,17.7942747276223,10.24033326212348,14.01730399487289,43.72692037720878,94.88188976377953,7.553941465498822,8,0,12
68,2022-09-18,2022-09-27,20.2211066011536,12.23136082033754,16.22623371074557,4.875331888790555,92.51968503937007,7.98974578081606,9,0,13.9
68,2022-09-18,2022-09-28,15.66652424695578,10.94958342234565,13.308053834650714,2.444532609027362,90.5511811023622,4.716940824610129,10,0,11
68,2022-09-18,2022-09-29,15.39307840205084,9.5738090151677,12.483443708609268,2.932065797906432,90.15748031496062,5.819269386883141,11,0,9.8
68,2022-09-18,2022-09-30,15.76906643879513,10.35996581926939,13.06451612903226,0.02059999389629752,92.91338582677164,5.40910061952574,12,0,10.6
68,2022-09-18,2022-10-01,23.0581072420423,12.31681264687033,17.687459944456315,0.2403332621234711,87.79527559055117,10.74129459517197,13,0,12.8
68,2022-09-18,2022-10-02,24.18607135227516,12.19718008972442,18.191625720999788,0.4394665364543471,81.1023622047244,11.98889126255074,14,0,12.6
68,2022-09-18,2022-10-03,20.05020294808801,12.24845118564409,16.14932706686605,0,85.03937007874015,7.801751762443921,15,0,13.1
68,2022-09-18,2022-10-04,23.53663747062593,12.95770134586627,18.2471694082461,0,83.46456692913385,10.57893612475966,16,0,13.3
68,2022-09-18,2022-10-05,25.8096560563982,13.15424054689169,19.481948301644945,2.547532578508878,83.46456692913385,12.65541550950651,17,0,14.1
68,2022-09-18,2022-10-06,19.62294381542405,14.69237342448195,17.157658619953,1.31153294473097,93.7007874015748,4.930570390942101,18,0,15.6
68,2022-09-18,2022-10-07,21.43452253791925,12.88933988464003,17.16193121127964,17.50999481185337,75.19685039370079,8.54518265327922,19,0,12.5
68,2022-09-18,2022-10-08,24.33988464003418,5.480666524246956,14.910275582140567,0.04119998779259504,68.50393700787401,18.859218115787225,20,0,9.1
68,2022-09-18,2022-10-09,27.51869258705405,9.061098055970946,18.2898953215125,0,71.25984251968504,18.457594531083103,21,0,11.2
68,2022-09-18,2022-10-10,16.88848536637471,11.72719504379406,14.307840205084386,2.341532639545875,92.91338582677164,5.1612903225806495,22,0,12.2
68,2022-09-18,2022-10-11,19.75966673787652,12.40226447340312,16.08096560563982,3.062532425916316,91.73228346456692,7.357402264473398,23,0,14.7
68,2022-09-18,2022-10-12,21.36616107669301,14.31638538773766,17.841273232215336,6.736198004089488,91.33858267716536,7.049775688955352,24,0,15.4
68,2022-09-18,2022-10-13,22.73339030121769,15.05127109591968,18.892330698568685,1.895199438459429,91.33858267716536,7.68211920529801,25,0,15.8
68,2022-09-18,2022-10-14,17.87972655415509,14.37620166631062,16.127964110232856,13.46552934354685,94.48818897637796,3.503524887844472,26,0,15.5
68,2022-09-18,2022-10-15,17.20465712454604,13.26532792138432,15.23499252296518,7.306131168553719,94.48818897637796,3.9393292031617193,27,0,13.4
68,2022-09-18,2022-10-16,23.70754112369152,14.14548173467208,18.9265114291818,8.301797540208128,91.33858267716536,9.56205938901944,28,0,15.4
69,2022-09-08,2022-08-11,17.20465712454604,5.813928647724845,11.50929288613544,3.158665730765705,80.70866141732283,11.390728476821192,-28,1,5.9
69,2022-09-08,2022-08-12,18.11899166844691,7.659688100833155,12.889339884640032,0,81.1023622047244,10.459303567613755,-27,1,8.5
69,2022-09-08,2022-08-13,22.3574022644734,8.313394573809015,15.335398419141208,0,80.70866141732283,14.044007690664383,-26,1,10.6
69,2022-09-08,2022-08-14,24.32279427472762,11.01794488357189,17.670369579149757,0,73.62204724409449,13.30484939115573,-25,1,11.4
69,2022-09-08,2022-08-15,26.11728263191626,11.06921597949156,18.59324930570391,0,65.74803149606299,15.0480666524247,-24,1,10.3
69,2022-09-08,2022-08-16,21.28070925016022,13.44477675710318,17.3627430036317,0,75.98425196850394,7.835932493057042,-23,1,11.4
69,2022-09-08,2022-08-17,17.15338602862636,12.8637043366802,15.00854518265328,27.49412518692586,95.2755905511811,4.289681691946161,-22,1,13.4
69,2022-09-08,2022-08-18,16.51249732963042,11.86391796624653,14.188207647938476,24.08825952940458,90.94488188976378,4.64857936338389,-21,1,13.8
69,2022-09-08,2022-08-19,12.99188207647938,1.891689809869685,7.441785943174533,13.38999603259376,68.50393700787401,11.100192266609694,-20,1,1.4
69,2022-09-08,2022-08-20,14.93163853877377,-0.09079256569109084,7.42042298654134,0,77.55905511811024,15.02243110446486,-19,1,1.7
69,2022-09-08,2022-08-21,15.27344584490493,7.023071993163854,11.148258919034392,0,87.4015748031496,8.250373851741077,-18,1,8.1
69,2022-09-08,2022-08-22,16.45268105105747,10.36851100192267,13.41059602649007,0,89.37007874015748,6.084170049134801,-17,1,9.9
69,2022-09-08,2022-08-23,20.97308267464217,8.992736594744713,14.982909634693442,0,82.28346456692913,11.980346079897458,-16,1,10.6
69,2022-09-08,2022-08-24,22.27195043794061,9.00982696005127,15.64088869899594,0,79.13385826771653,13.26212347788934,-15,1,11
69,2022-09-08,2022-08-25,22.37449262977996,9.67635120700705,16.025421918393505,0,80.31496062992126,12.698141422772911,-14,1,11.7
69,2022-09-08,2022-08-26,25.05767998290963,12.18008972441786,18.618884853663744,0,78.74015748031496,12.87759025849177,-13,1,13.4
69,2022-09-08,2022-08-27,27.19397564622944,11.13757744071779,19.165776543473616,0,70.86614173228347,16.05639820551165,-12,1,11
69,2022-09-08,2022-08-28,24.7842341380047,11.38538773766289,18.08481093783379,0,68.89763779527559,13.398846400341808,-11,1,10.6
69,2022-09-08,2022-08-29,17.89681691946165,7.621234778893399,12.759025849177524,0,75.98425196850394,10.27558214056825,-10,1,7.5
69,2022-09-08,2022-08-30,15.55543687246315,5.121768852809229,10.33860286263619,0,77.55905511811024,10.433668019653922,-9,1,6
69,2022-09-08,2022-08-31,20.28946806237983,8.539841914120913,14.414654988250373,0,81.1023622047244,11.749626148258915,-8,1,7.9
69,2022-09-08,2022-09-01,24.579149754326,8.219397564622945,16.399273659474474,0,74.80314960629921,16.359752189703055,-7,1,10.5
69,2022-09-08,2022-09-02,23.00683614612262,12.41935483870968,17.71309549241615,0,74.01574803149606,10.58748130741294,-6,1,11
69,2022-09-08,2022-09-03,16.04251228370006,11.41102328562273,13.726767784661394,13.0329294717246,94.88188976377953,4.63148899807733,-5,1,13.6
69,2022-09-08,2022-09-04,14.64110232856227,7.557145908993805,11.099124118778038,12.27759636219366,83.85826771653544,7.083956419568466,-4,1,8.1
69,2022-09-08,2022-09-05,13.59004486220893,6.702627643665883,10.146336252937406,0.4531998657185454,90.15748031496062,6.887417218543048,-3,1,8.2
69,2022-09-08,2022-09-06,14.9572740867336,10.56505020294809,12.761162144840846,2.684865871150862,95.66929133858268,4.39222388378551,-2,1,11.1
69,2022-09-08,2022-09-07,18.81969664601581,11.64174321726127,15.23071993163854,12.01666310617389,90.15748031496062,7.17795342875454,-1,1,12.8
69,2022-09-08,2022-09-08,27.38196966460158,11.69301431318094,19.53749198889126,0.9475997192297144,74.01574803149606,15.68895535142064,0,1,13.7
69,2022-09-08,2022-09-09,29.53535569322794,15.76906643879513,22.652211066011535,0,64.1732283464567,13.766289254432811,1,1,13.5
69,2022-09-08,2022-09-10,24.80132450331126,16.18778038880581,20.494552446058535,0,77.16535433070865,8.613544114505451,2,1,16.5
69,2022-09-08,2022-09-11,17.1362956633198,11.63319803460799,14.384746848963896,0,90.15748031496062,5.50309762871181,3,1,11.9
69,2022-09-08,2022-09-12,15.13672292245247,10.51377910702841,12.82525101474044,0,94.09448818897636,4.62294381542406,4,1,11.7
69,2022-09-08,2022-09-13,21.48579363383892,12.67571031830805,17.080751976073486,22.45399334696492,91.73228346456692,8.81008331553087,5,1,14.4
69,2022-09-08,2022-09-14,16.96539201025422,12.38517410809656,14.67528305917539,15.34012878810998,96.8503937007874,4.58021790215766,6,1,14.9
69,2022-09-08,2022-09-15,14.80346079897458,10.79577013458663,12.799615466780605,5.486465041047381,94.09448818897636,4.007690664387949,7,1,11.3
69,2022-09-08,2022-09-16,18.37534714804529,10.50523392437513,14.44029053621021,3.495132297738564,84.64566929133858,7.87011322367016,8,1,10.2
69,2022-09-08,2022-09-17,18.34116641743217,7.569963682973723,12.955565050202946,0,75.59055118110236,10.771202734458448,9,1,7.8
69,2022-09-08,2022-09-18,21.0414441358684,8.078402050843838,14.55992309335612,0,74.80314960629921,12.96304208502456,10,1,8.7
69,2022-09-08,2022-09-19,17.81136509292886,10.07797479171117,13.944669942320017,0,82.28346456692913,7.733390301217689,11,1,10.3
69,2022-09-08,2022-09-20,24.04934842982269,11.86391796624653,17.95663319803461,8.11639759514145,84.25196850393701,12.18543046357616,12,1,13.2
69,2022-09-08,2022-09-21,17.40974150822474,13.05169835505234,15.23071993163854,1.421399578844557,93.7007874015748,4.358043153172401,13,1,13
69,2022-09-08,2022-09-22,21.91305276650288,12.95770134586627,17.435377056184574,17.50999481185337,83.46456692913385,8.955351420636608,14,1,11.4
69,2022-09-08,2022-09-23,17.62337107455672,4.01944029053621,10.821405682546464,0,63.38582677165353,13.603930784020507,15,1,4.5
69,2022-09-08,2022-09-24,21.70796838282418,3.139286477248451,12.423627430036316,0,67.71653543307086,18.56868190557573,16,1,5.8
69,2022-09-08,2022-09-25,14.01730399487289,9.24054689168981,11.62892544328135,0.7553331095309375,88.58267716535433,4.77675710318308,17,1,8.9
69,2022-09-08,2022-09-26,17.41828669087802,10.44541764580218,13.9318521683401,50.89571825312052,93.30708661417324,6.972869045075839,18,1,12
69,2022-09-08,2022-09-27,19.72548600726341,12.76970732749412,16.247596667378765,12.31192968535416,93.30708661417324,6.95577867976929,19,1,14.2
69,2022-09-08,2022-09-28,16.04251228370006,11.29139072847682,13.66695150608844,3.227332377086697,91.33858267716536,4.751121555223239,20,1,11.6
69,2022-09-08,2022-09-29,16.24759666737877,9.830164494766075,13.038880581072425,1.23599963377788,87.00787401574803,6.417432172612692,21,1,9.9
69,2022-09-08,2022-09-30,15.68361461226234,10.65050202948088,13.167058320871613,0.7553331095309375,92.1259842519685,5.033112582781461,22,1,10.5
69,2022-09-08,2022-10-01,23.00683614612262,12.59025849177526,17.79854731894894,2.602465895565672,86.61417322834646,10.41657765434736,23,1,13
69,2022-09-08,2022-10-02,24.44242683187353,12.63298440504166,18.537705618457593,0,79.13385826771653,11.80944242683187,24,1,13.2
69,2022-09-08,2022-10-03,20.8363597521897,12.88079470198675,16.858577227088226,1.496932889797648,84.64566929133858,7.955565050202951,25,1,13.6
69,2022-09-08,2022-10-04,23.75881221961119,13.46186712240974,18.610339671010465,0,81.49606299212599,10.29694509720145,26,1,13.3
69,2022-09-08,2022-10-05,26.27109591967528,13.59004486220893,19.930570390942105,0,79.92125984251969,12.681051057466348,27,1,14.3
69,2022-09-08,2022-10-06,20.631275368511,14.86327707754753,17.747276223029267,0,92.1259842519685,5.767998290963472,28,1,15.7
70,2022-09-23,2022-08-26,25.91219824823756,14.59837641529588,20.25528733176672,0,70.07874015748031,11.31382183294168,-28,0,12.8
70,2022-09-23,2022-08-27,29.10809656056398,15.4101687673574,22.25913266396069,0,64.1732283464567,13.69792779320658,-27,0,13.4
70,2022-09-23,2022-08-28,22.08395641956847,6.215552232428967,14.149754325998718,7.965330973235268,85.03937007874015,15.868404187139502,-26,0,9.8
70,2022-09-23,2022-08-29,14.70091860713523,4.609057893612476,9.654988250373854,2.78786584063235,74.80314960629921,10.091860713522754,-25,0,2.6
70,2022-09-23,2022-08-30,19.91348002563555,4.609057893612476,12.261268959624012,0,73.62204724409449,15.304422132023074,-24,0,6.1
70,2022-09-23,2022-08-31,22.28904080324717,7.804956205938902,15.046998504593034,0,72.04724409448819,14.484084597308266,-23,0,9
70,2022-09-23,2022-09-01,27.91177098910489,11.59901730399487,19.75539414654988,0,72.04724409448819,16.31275368511002,-22,0,12.5
70,2022-09-23,2022-09-02,22.49412518692587,14.59837641529588,18.546250801110876,15.23026215399639,90.15748031496062,7.895748771629991,-21,0,15.1
70,2022-09-23,2022-09-03,15.9057893612476,7.206793420209357,11.55629139072848,0.04806665242469421,71.25984251968504,8.698995941038241,-20,0,5.6
70,2022-09-23,2022-09-04,16.62358470412305,1.900234992522964,9.261909848323008,0,71.25984251968504,14.723349711600086,-19,0,4.6
70,2022-09-23,2022-09-05,20.90472121341594,10.00106814783166,15.4528946806238,0,76.37795275590551,10.90365306558428,-18,0,9.4
70,2022-09-23,2022-09-06,20.69963682973724,13.20551164281136,16.9525742362743,0.1510666219061818,84.64566929133858,7.494125186925881,-17,0,12.2
70,2022-09-23,2022-09-07,23.50245674001282,12.80388805810724,18.153172399060033,0,80.70866141732283,10.69856868190558,-16,0,13.5
70,2022-09-23,2022-09-08,28.90301217688528,12.80388805810724,20.85345011749626,0,78.34645669291338,16.09912411877804,-15,0,15.7
70,2022-09-23,2022-09-09,27.29651783806879,13.59859004486221,20.4475539414655,0,74.80314960629921,13.69792779320658,-14,0,16.3
70,2022-09-23,2022-09-10,18.9051484725486,5.20722067934202,12.05618457594531,5.156865138706621,74.80314960629921,13.69792779320658,-13,0,5.9
70,2022-09-23,2022-09-11,18.92223883785516,3.207647938474684,11.064943388164922,0,67.71653543307086,15.714590899380475,-12,0,5.6
70,2022-09-23,2022-09-12,22.49412518692587,15.2050843836787,18.849604785302287,4.044465468306527,79.13385826771653,7.28904080324717,-11,0,12.9
70,2022-09-23,2022-09-13,21.29779961546678,9.411450544755391,15.354625080111086,0.08926664021728925,80.31496062992126,11.886349070711386,-10,0,10.7
70,2022-09-23,2022-09-14,19.91348002563555,9.206366161076694,14.559923093356122,0,78.34645669291338,10.707113864558856,-9,0,9.2
70,2022-09-23,2022-09-15,20.90472121341594,10.59923093356121,15.751976073488574,0,81.49606299212599,10.30549027985473,-8,0,10.4
70,2022-09-23,2022-09-16,23.91262550737022,11.20593890194403,17.559282204657123,0,73.62204724409449,12.706686605426189,-7,0,10.5
70,2022-09-23,2022-09-17,23.91262550737022,10.41123691518906,17.16193121127964,0,68.89763779527559,13.50138859218116,-6,0,9.9
70,2022-09-23,2022-09-18,22.81884212775048,7.138431958983123,14.9786370433668,0,62.59842519685039,15.680410168767356,-5,0,7.5
70,2022-09-23,2022-09-19,15.30762657551805,13.59859004486221,14.45310831019013,7.21686452833643,88.9763779527559,1.7090365306558404,-4,0,11.9
70,2022-09-23,2022-09-20,22.10104678487503,11.59901730399487,16.85003204443495,24.17065950498977,83.46456692913385,10.50202948088016,-3,0,11.9
70,2022-09-23,2022-09-21,22.69920957060457,11.59901730399487,17.149113437299718,5.527665028840005,84.64566929133858,11.1001922666097,-2,0,12.8
70,2022-09-23,2022-09-22,16.49540696432386,10.59923093356121,13.547318948942534,1.792199468977941,85.43307086614173,5.89617603076265,-1,0,9.7
70,2022-09-23,2022-09-23,17.91390728476821,4.207434308908352,11.06067079683828,0.08926664021728925,74.01574803149606,13.706472975859858,0,0,4.2
70,2022-09-23,2022-09-24,20.28946806237983,6.207007049775688,13.248237556077758,0,64.1732283464567,14.08246101260414,1,0,5.4
70,2022-09-23,2022-09-25,20.20401623584704,9.411450544755391,14.807733390301216,0,77.16535433070865,10.792565691091646,2,0,10.4
70,2022-09-23,2022-09-26,24.90386669515061,15.80324716940825,20.35355693227943,0.06866664632099173,81.1023622047244,9.100619525742362,3,0,13.4
70,2022-09-23,2022-09-27,24.10061952574236,13.80367442854091,18.95214697714163,0,72.04724409448819,10.29694509720145,4,0,12.5
70,2022-09-23,2022-09-28,19.50331125827815,10.80431531723991,15.153813287759029,0,68.50393700787401,8.69899594103824,5,0,9.2
70,2022-09-23,2022-09-29,16.49540696432386,10.59923093356121,13.547318948942534,0,78.74015748031496,5.89617603076265,6,0,9.9
70,2022-09-23,2022-09-30,19.50331125827815,12.000640888699,15.751976073488574,2.21793267616809,90.15748031496062,7.50267036957915,7,0,12.6
70,2022-09-23,2022-10-01,23.29737235633412,14.41038239692374,18.85387737662893,17.74346140934477,83.07086614173228,8.886989959410379,8,0,13.6
70,2022-09-23,2022-10-02,21.50288399914548,7.886135441145054,14.694509720145268,0,76.37795275590551,13.616748558000427,9,0,11.2
70,2022-09-23,2022-10-03,22.90429395428327,10.20615253151036,16.555223242896815,5.280465102084406,69.68503937007874,12.698141422772908,10,0,9.8
70,2022-09-23,2022-10-04,23.50245674001282,8.80474257637257,16.153599658192697,0,68.50393700787401,14.697714163640253,11,0,8.9
70,2022-09-23,2022-10-05,29.91134372997223,10.59923093356121,20.25528733176672,0,69.68503937007874,19.31211279641102,12,0,12.1
70,2022-09-23,2022-10-06,24.90386669515061,16.99957274086734,20.951719718008977,21.02572710348826,88.18897637795276,7.904293954283272,13,0,16.4
70,2022-09-23,2022-10-07,22.10104678487503,11.80410168767357,16.9525742362743,7.642597735526607,77.95275590551181,10.29694509720146,14,0,11.3
70,2022-09-23,2022-10-08,25.50202948088015,10.80431531723991,18.15317239906003,0,65.74803149606299,14.69771416364024,15,0,10
70,2022-09-23,2022-10-09,18.7000640888699,8.78765221106601,13.743858149967956,0,68.89763779527559,9.91241187780389,16,0,5.8
70,2022-09-23,2022-10-10,13.50459303567614,7.005981627857295,10.255287331766716,0,83.46456692913385,6.498611407818844,17,0,6.8
70,2022-09-23,2022-10-11,15.50416577654347,9.804528946806238,12.654347361674857,12.12652974028748,96.8503937007874,5.699636829737232,18,0,13.8
70,2022-09-23,2022-10-12,20.90472121341594,12.59880367442854,16.75176244392224,9.51719718008971,88.58267716535433,8.3059175389874,19,0,12.5
70,2022-09-23,2022-10-13,23.70754112369152,11.41102328562273,17.559282204657123,3.158665730765705,81.49606299212599,12.296517838068793,20,0,12.1
70,2022-09-23,2022-10-14,19.29822687459944,13.20551164281136,16.251869258705398,0.1167332987456859,81.1023622047244,6.09271523178808,21,0,11.5
70,2022-09-23,2022-10-15,26.49327066866054,11.59901730399487,19.046143986327703,0,75.59055118110236,14.89425336466567,22,0,13.1
70,2022-09-23,2022-10-16,26.06601153599658,15.88015381328776,20.97308267464217,2.423932615131065,82.28346456692913,10.18585772270882,23,0,16.3
70,2022-09-23,2022-10-17,24.10061952574236,11.59901730399487,17.849818414868615,0.7415997802667391,77.16535433070865,12.50160222174749,24,0,12.6
70,2022-09-23,2022-10-18,23.91262550737022,15.4101687673574,19.66139713736381,0,78.74015748031496,8.50245674001282,25,0,13.5
70,2022-09-23,2022-10-19,28.69792779320658,14.41038239692374,21.554155095065163,0.7690664387951358,77.16535433070865,14.28754539628284,26,0,15.2
70,2022-09-23,2022-10-20,23.91262550737022,17.20465712454604,20.558641315958127,0.3364665669728595,87.4015748031496,6.7079683828241805,27,0,17.1
70,2022-09-23,2022-10-21,24.10061952574236,15.59816278572955,19.849391155735955,0.8445997497482267,82.67716535433071,8.50245674001281,28,0,15.5
71,2022-08-27,2022-07-30,17.03375347148045,5.20722067934202,11.120487075411232,0,82.28346456692913,11.826532792138428,-28,0,6.8
71,2022-08-27,2022-07-31,21.82760093997009,7.50160222174749,14.66460158085879,0,71.65354330708661,14.3259987182226,-27,0,7.9
71,2022-08-27,2022-08-01,24.69878231147191,11.04358043153172,17.871181371501812,0,68.89763779527559,13.65520187994019,-26,0,10.5
71,2022-08-27,2022-08-02,27.99722281563768,15.25635547959838,21.62678914761803,0,67.32283464566929,12.7408673360393,-25,0,13.8
71,2022-08-27,2022-08-03,28.06558427686392,16.96539201025422,22.515488143559068,0,64.56692913385827,11.1001922666097,-24,0,13.4
71,2022-08-27,2022-08-04,23.4682760093997,15.46998504593036,19.46913052766503,1.091799676503797,74.80314960629921,7.998290963469339,-23,0,14
71,2022-08-27,2022-08-05,17.999359111301,10.86413159581286,14.43174535355693,5.582598345896798,86.22047244094487,7.13522751548814,-22,0,10.6
71,2022-08-27,2022-08-06,13.53877376628926,7.749412518692587,10.644093142490924,1.338999603259367,92.51968503937007,5.789361247596673,-21,0,9.5
71,2022-08-27,2022-08-07,17.37556077761162,11.915189062166201,14.645374919888912,29.44425794244208,95.2755905511811,5.4603717154454205,-20,0,12.6
71,2022-08-27,2022-08-08,20.35782952360607,13.64986114078188,17.003845332193976,4.854731894894257,88.18897637795276,6.707968382824191,-19,0,11.8
71,2022-08-27,2022-08-09,16.37577440717795,11.26575518051698,13.820764793847465,0.06179998168889256,93.30708661417324,5.11001922666097,-18,0,12.1
71,2022-08-27,2022-08-10,14.26511429181799,8.864558854945525,11.564836573381758,14.90066225165563,90.15748031496062,5.400555436872466,-17,0,7.4
71,2022-08-27,2022-08-11,18.87096774193548,5.463576158940397,12.16727195043794,0,82.67716535433071,13.407391582995084,-16,0,7.5
71,2022-08-27,2022-08-12,20.51164281136509,10.76158940397351,15.6366161076693,0,74.80314960629921,9.75005340739158,-15,0,8.6
71,2022-08-27,2022-08-13,21.77632984405042,13.12005981627857,17.448194830164496,0,73.22834645669292,8.65627002777185,-14,0,10.6
71,2022-08-27,2022-08-14,20.631275368511,14.2992950224311,17.46528519547105,0,80.31496062992126,6.331980346079902,-13,0,13
71,2022-08-27,2022-08-15,29.68916898098697,17.53791924802393,23.61354411450545,8.246864223151334,58.66141732283464,12.15124973296304,-12,0,14.1
71,2022-08-27,2022-08-16,25.24567400128178,15.76052125614185,20.503097628711817,6.777397991882083,88.18897637795276,9.485152745139931,-11,0,15.4
71,2022-08-27,2022-08-17,23.24610126041444,13.31659901730399,18.281350138859217,2.011932737205115,88.9763779527559,9.929502243110452,-10,0,14.5
71,2022-08-27,2022-08-18,18.05063020722068,7.548600726340526,12.799615466780605,50.34638508255256,85.03937007874015,10.502029480880156,-9,0,10.3
71,2022-08-27,2022-08-19,12.33390301217688,2.301858577227089,7.317880794701984,0.8720664082766234,67.71653543307086,10.03204443494979,-8,0,-0.1
71,2022-08-27,2022-08-20,16.58940397350993,2.720572527237771,9.6549882503738509,0,68.11023622047244,13.86883144627216,-7,0,2.2
71,2022-08-27,2022-08-21,21.09271523178808,7.044434949797052,14.068575090792567,0,72.04724409448819,14.048280281991028,-6,0,6.9
71,2022-08-27,2022-08-22,23.17773979918821,9.12945951719718,16.153599658192697,0,74.40944881889763,14.04828028199103,-5,0,8.5
71,2022-08-27,2022-08-23,25.10895107882931,11.29139072847682,18.200170903653067,0,73.62204724409449,13.81756035035249,-4,0,10.6
71,2022-08-27,2022-08-24,25.62166203802606,14.06857509079257,19.845118564409315,0,64.96062992125984,11.553086947233489,-3,0,11.2
71,2022-08-27,2022-08-25,26.44199957274087,15.6579790643025,21.04998931852169,0,62.59842519685039,10.784020508438369,-2,0,11.7
71,2022-08-27,2022-08-26,27.09143345439008,15.06836146122623,21.079897457808155,0,63.38582677165353,12.023071993163851,-1,0,12
71,2022-08-27,2022-08-27,29.89425336466567,15.59816278572955,22.746208075197607,0,57.87401574803149,14.29609057893612,0,0,13.1
71,2022-08-27,2022-08-28,23.19483016449477,9.411450544755391,16.303140354625082,0.6317331461531523,81.49606299212599,13.783379619739378,1,0,11.8
71,2022-08-27,2022-08-29,15.05981627857295,3.58363597521897,9.32172612689596,8.006530961027863,74.01574803149606,11.47618030335398,2,0,2.9
71,2022-08-27,2022-08-30,20.23819696646016,5.890835291604358,13.064516129032258,0,69.68503937007874,14.3473616748558,3,0,6
71,2022-08-27,2022-08-31,21.947233497116,8.79619739371929,15.371715445417644,0,68.11023622047244,13.15103610339671,4,0,8.6
71,2022-08-27,2022-09-01,28.25357829523606,14.30784020508438,21.28070925016022,0,67.32283464566929,13.94573809015168,5,0,12.4
71,2022-08-27,2022-09-02,23.9638966032899,15.4101687673574,19.68703268532365,30.40559099093599,88.58267716535433,8.5537278359325,6,0,15.6
71,2022-08-27,2022-09-03,16.70049134800256,9.172185430463577,12.936338389233068,12.26386303292946,72.04724409448819,7.528305917538985,7,0,7.3
71,2022-08-27,2022-09-04,18.11899166844691,3.173467207861568,10.646229438154238,3.694265572069469,62.99212598425196,14.94552446058534,8,0,2.7
71,2022-08-27,2022-09-05,19.84511856440932,10.24887844477676,15.04699850459304,0,73.22834645669292,9.596240119632558,9,0,9.2
71,2022-08-27,2022-09-06,19.6058534501175,12.7782525101474,16.192052980132452,0.6935331278420449,87.00787401574803,6.8276009399701,10,0,13
71,2022-08-27,2022-09-07,21.26361888485366,13.98312326425977,17.623371074556715,0,83.07086614173228,7.280495620593889,11,0,13.9
71,2022-08-27,2022-09-08,29.36445204016236,14.42747276223029,21.895962401196325,0,75.98425196850394,14.93697927793207,12,0,15.8
71,2022-08-27,2022-09-09,28.78337961973937,15.50416577654347,22.14377269814142,0.2815332499160661,67.71653543307086,13.2792138431959,13,0,17.2
71,2022-08-27,2022-09-10,17.50373851741081,7.681051057466354,12.592394787438582,0.1235999633777851,78.34645669291338,9.822687459944454,14,0,8
71,2022-08-27,2022-09-11,21.91305276650288,6.164281136509294,14.038666951506087,0.1785332804345785,67.71653543307086,15.748771629993584,15,0,6.3
71,2022-08-27,2022-09-12,22.7675710318308,15.0427259132664,18.9051484725486,2.190466017639693,84.25196850393701,7.724845118564401,16,0,14.9
71,2022-08-27,2022-09-13,21.89596240119632,11.052125614185,16.47404400769066,0.3227332377086611,83.85826771653544,10.84383678701132,17,0,12.8
71,2022-08-27,2022-09-14,20.27237769707327,10.0267036957915,15.149540696432386,0,75.98425196850394,10.24567400128177,18,0,9.4
71,2022-08-27,2022-09-15,21.91305276650288,10.81286049989319,16.362956633198035,0,75.98425196850394,11.100192266609689,19,0,10.4
71,2022-08-27,2022-09-16,23.77590258491775,11.73574022644734,17.755821405682546,0,71.25984251968504,12.040162358470408,20,0,10.8
71,2022-08-27,2022-09-17,23.82717368083743,11.59047212134159,17.70882290108951,0,65.74803149606299,12.23670155949584,21,0,9.9
71,2022-08-27,2022-09-18,24.52787865840632,10.49668874172185,17.512283700064085,0,58.66141732283464,14.031189916684468,22,0,8.1
71,2022-08-27,2022-09-19,20.28946806237983,14.23947874385815,17.26447340311899,6.523331400494413,85.8267716535433,6.049989318521678,23,0,11.8
71,2022-08-27,2022-09-20,22.11813715018159,12.000640888699,17.059389019440296,26.64265877254556,83.46456692913385,10.11749626148259,24,0,12.9
71,2022-08-27,2022-09-21,21.87887203588977,12.96624652851955,17.42255928220466,0,84.25196850393701,8.91262550737022,25,0,13.7
71,2022-08-27,2022-09-22,18.25571459089938,11.17175817133091,14.713736381115146,0.7827997680593342,83.07086614173228,7.0839564195684694,26,0,11
71,2022-08-27,2022-09-23,17.40974150822474,4.027985473189489,10.718863490707117,0,71.65354330708661,13.381756035035252,27,0,4.5
71,2022-08-27,2022-09-24,21.40034180730613,5.343943601794489,13.37214270455031,0,63.38582677165353,16.05639820551164,28,0,5.7
72,2022-10-21,2022-09-23,15.4101687673574,3.80581072420423,9.607989745780817,0.1167332987456859,72.83464566929133,11.60435804315317,-28,0,3
72,2022-10-21,2022-09-24,19.5204016235847,4.284340952787867,11.902371288186284,0,65.74803149606299,15.236060670796832,-27,0,4.8
72,2022-10-21,2022-09-25,18.46079897457808,11.86391796624653,15.162358470412304,0,78.34645669291338,6.596881008331549,-26,0,9.9
72,2022-10-21,2022-09-26,23.10937833796197,12.70989104892117,17.90963469344157,1.586199530014966,81.88976377952756,10.3994872890408,-25,0,12.2
72,2022-10-21,2022-09-27,22.90429395428327,9.34308908352916,16.123691518906213,0.06179998168889256,75.98425196850394,13.561204870754109,-24,0,12.3
72,2022-10-21,2022-09-28,19.1956846827601,11.58192693868831,15.388805810724204,0,71.25984251968504,7.613757744071789,-23,0,8.7
72,2022-10-21,2022-09-29,16.07669301431318,10.59068575090793,13.333689382610554,0,79.5275590551181,5.486007263405249,-22,0,8.6
72,2022-10-21,2022-09-30,20.68254646443068,10.72740867336039,15.704977568895536,0,82.67716535433071,9.955137791070287,-21,0,11.3
72,2022-10-21,2022-10-01,23.09228797265541,13.59859004486221,18.34543900875881,3.666798913541072,82.28346456692913,9.4936979277932,-20,0,12.4
72,2022-10-21,2022-10-02,22.47703482161931,10.59923093356121,16.538132877590257,0,75.98425196850394,11.8778038880581,-19,0,10.5
72,2022-10-21,2022-10-03,22.61375774407178,9.001281777397992,15.807519760734886,0,69.68503937007874,13.612475966673788,-18,0,9.5
72,2022-10-21,2022-10-04,23.98098696859645,8.206579790643026,16.093783379619737,0,68.89763779527559,15.774407177953425,-17,0,9.9
72,2022-10-21,2022-10-05,27.6212347788934,11.47083956419569,19.546037171544544,0,69.29133858267717,16.15039521469771,-16,0,12.8
72,2022-10-21,2022-10-06,22.30613116855373,15.41871395001068,18.862422559282205,17.63359477523119,87.4015748031496,6.88741721854305,-15,0,15.2
72,2022-10-21,2022-10-07,20.0160222174749,11.51356547746208,15.764793847468493,38.78292184209724,77.55905511811024,8.502456740012821,-14,0,11.1
72,2022-10-21,2022-10-08,23.10937833796197,9.300363170262765,16.204870754112367,2.581865901669374,68.50393700787401,13.809015167699206,-13,0,9.2
72,2022-10-21,2022-10-09,17.70882290108951,10.00106814783166,13.854945524460584,0,71.25984251968504,7.707754753257848,-12,0,8.5
72,2022-10-21,2022-10-10,14.07712027344584,7.804956205938902,10.941038239692372,1.778466139713743,89.37007874015748,6.272164067506937,-11,0,9
72,2022-10-21,2022-10-11,15.92287972655416,12.46208075197607,14.192480239265116,23.86852626117741,95.66929133858268,3.4607989745780916,-10,0,13.6
72,2022-10-21,2022-10-12,17.82845545823542,12.31681264687033,15.072634052552877,15.79332865382855,90.5511811023622,5.511642811365091,-9,0,12.7
72,2022-10-21,2022-10-13,23.63917966246528,11.5050202948088,17.57209997863704,2.78786584063235,84.25196850393701,12.134159367656482,-8,0,13.2
72,2022-10-21,2022-10-14,19.315317239906,12.80388805810724,16.05960264900662,5.960264900662253,84.64566929133858,6.511429181798761,-7,0,12.1
72,2022-10-21,2022-10-15,23.91262550737022,12.09463789788507,18.003631702627644,0,76.37795275590551,11.817987609485147,-6,0,12.1
72,2022-10-21,2022-10-16,24.71587267677847,14.31638538773766,19.516129032258064,5.555131687368402,79.13385826771653,10.399487289040811,-5,0,14.5
72,2022-10-21,2022-10-17,24.88677632984405,14.00021362956633,19.44349497970519,0,76.77165354330708,10.88656270027772,-4,0,13.4
72,2022-10-21,2022-10-18,17.65755180516983,15.19653920102542,16.427045503097624,0.2815332499160661,83.46456692913385,2.461012604144411,-3,0,13.2
72,2022-10-21,2022-10-19,27.38196966460158,14.41038239692374,20.89617603076266,1.579332865382867,77.55905511811024,12.97158726767784,-2,0,14.5
72,2022-10-21,2022-10-20,22.63084810937834,15.70925016022217,19.170049134800255,0,84.25196850393701,6.921597949156171,-1,0,16.7
72,2022-10-21,2022-10-21,23.62208929715873,14.32493057039094,18.973509933774835,4.18179876094851,83.46456692913385,9.29715872676779,0,0,14.2
72,2022-10-21,2022-10-22,22.08395641956847,14.30784020508438,18.195898312326424,0,80.70866141732283,7.776116214484089,1,0,13.2
72,2022-10-21,2022-10-23,24.9893185216834,11.30848109378338,18.14889980773339,0,70.47244094488188,13.680837427900022,2,0,12.2
72,2022-10-21,2022-10-24,25.09186071352275,10.08651997436445,17.5891903439436,0,66.14173228346456,15.0053407391583,3,0,10.1
72,2022-10-21,2022-10-25,28.92010254219184,12.87224951933348,20.89617603076266,0,64.56692913385827,16.047853022858362,4,0,12.7
72,2022-10-21,2022-10-26,30.30442213202307,15.4101687673574,22.85729544969023,0,63.7795275590551,14.894253364665673,5,0,13.6
72,2022-10-21,2022-10-27,25.8096560563982,15.11108737449263,20.460371715445415,11.14459669789727,70.86614173228347,10.69856868190557,6,0,13.9
72,2022-10-21,2022-10-28,28.50993377483444,12.19718008972442,20.35355693227943,0,56.29921259842519,16.31275368511002,7,0,11
72,2022-10-21,2022-10-29,23.16064943388165,16.77739799188208,19.969023712881864,0,73.22834645669292,6.3832514419995725,8,0,15.1
72,2022-10-21,2022-10-30,24.63042085024567,16.1108737449263,20.370647297585982,13.89812921536912,78.74015748031496,8.519547105319369,9,0,17.5
72,2022-10-21,2022-10-31,17.34138004699851,7.027344584490494,12.1843623157445,4.703665272988076,94.48818897637796,10.314035462508016,10,0,12.6
72,2022-10-21,2022-11-01,15.99124118778039,4.711600085451826,10.351420636616108,31.50425733207189,71.25984251968504,11.279641102328563,11,0,2.6
72,2022-10-21,2022-11-02,19.12732322153386,4.591967528305917,11.85964537491989,0,62.59842519685039,14.535355693227944,12,0,3.3
72,2022-10-21,2022-11-03,22.81884212775048,7.377697073274941,15.09826960051271,0,56.69291338582676,15.441145054475538,13,0,6
72,2022-10-21,2022-11-04,23.00683614612262,7.223883785515915,15.115359965819268,0,61.41732283464566,15.782952360606703,14,0,6.3
72,2022-10-21,2022-11-05,23.72463148899808,10.07797479171117,16.901303140354628,0,63.7795275590551,13.646656697286913,15,0,8.1
72,2022-10-21,2022-11-06,23.79299295022431,10.79577013458663,17.29438154240547,0,62.59842519685039,12.99722281563768,16,0,8.3
72,2022-10-21,2022-11-07,23.10937833796197,9.095278786584064,16.102328562273016,0,67.71653543307086,14.014099551377909,17,0,8.3
72,2022-10-21,2022-11-08,24.0835291604358,10.684682760094,17.3841059602649,0.4188665425580496,66.92913385826772,13.398846400341798,18,0,8.8
72,2022-10-21,2022-11-09,24.81841486861781,9.505447553941464,17.161931211279636,0,67.71653543307086,15.312967314676346,19,0,9.4
72,2022-10-21,2022-11-10,29.09100619525742,12.18863490707114,20.63982055116428,0,62.59842519685039,16.90237128818628,20,0,10
72,2022-10-21,2022-11-11,21.10980559709464,15.9057893612476,18.507797479171117,0.3089999084444628,81.49606299212599,5.204016235847039,21,0,13.9
72,2022-10-21,2022-11-12,27.3306985686819,14.73509933774834,21.03289895321512,1.332132938627268,74.01574803149606,12.59559923093356,22,0,15.3
72,2022-10-21,2022-11-13,21.72505874813074,16.22196111941893,18.973509933774835,3.591265602587981,86.61417322834646,5.50309762871181,23,0,17
72,2022-10-21,2022-11-14,25.21149327066866,17.31574449903867,21.263618884853663,13.57539597766046,72.83464566929133,7.895748771629993,24,0,14.7
72,2022-10-21,2022-11-15,25.33112582781457,10.05233924375134,17.691732535782954,0,54.72440944881889,15.27878658406323,25,0,8.2
72,2022-10-21,2022-11-16,27.80922879726554,12.30826746421705,20.058748130741293,0,48.03149606299212,15.50096133304849,26,0,8.1
72,2022-10-21,2022-11-17,30.08224738303781,11.90664387951292,20.994445631275365,0.1167332987456859,46.45669291338582,18.17560350352489,27,0,6.7
72,2022-10-21,2022-11-18,31.10766930143132,13.59004486220893,22.348857081820125,0,44.48818897637795,17.517624439222388,28,0,7.5
73,2022-09-24,2022-08-27,26.33945738090151,13.00897244178594,19.674214911343725,0,64.1732283464567,13.330484939115571,-28,0,11.7
73,2022-09-24,2022-08-28,21.58833582567827,5.617389446699423,13.602862636188847,8.830530716879792,86.22047244094487,15.970946378978848,-27,0,9.3
73,2022-09-24,2022-08-29,12.50480666524247,1.293527024140142,6.8991668446913055,0.7690664387951358,76.37795275590551,11.211279641102328,-26,0,1.7
73,2022-09-24,2022-08-30,17.32428968169195,4.77141636402478,11.047853022858366,0,74.80314960629921,12.55287331766717,-25,0,4.9
73,2022-09-24,2022-08-31,19.14441358684042,6.903439436017944,13.023926511429185,0,70.07874015748031,12.240974150822478,-24,0,7.4
73,2022-09-24,2022-09-01,23.84426404614399,10.31723990600299,17.08075197607349,0,72.44094488188976,13.527024140141,-23,0,11.4
73,2022-09-24,2022-09-02,19.72548600726341,13.59859004486221,16.66203802606281,14.02859584337901,89.76377952755905,6.1268959624012,-22,0,14.5
73,2022-09-24,2022-09-03,14.31638538773766,6.113010040589618,10.214697714163638,6.049531540879542,69.29133858267717,8.203375347148041,-21,0,6.2
73,2022-09-24,2022-09-04,17.52082888271737,0.797906430249947,9.15936765648366,0,71.25984251968504,16.722922452467422,-20,0,3
73,2022-09-24,2022-09-05,19.12732322153386,7.381969664601581,13.25464644306772,0,74.01574803149606,11.74535355693228,-19,0,6.5
73,2022-09-24,2022-09-06,17.82845545823542,11.5050202948088,14.66673787652211,1.641132847071759,85.03937007874015,6.3234351634266215,-18,0,11.1
73,2022-09-24,2022-09-07,19.02478102969451,11.61610766930143,15.320444349497969,0.3913998840296529,82.28346456692913,7.408673360393079,-17,0,12.4
73,2022-09-24,2022-09-08,26.73253578295236,11.19739371929075,18.964964751121556,0,78.74015748031496,15.535142063661612,-16,0,14.6
73,2022-09-24,2022-09-09,26.62999359111301,14.61546678060244,20.622730185857726,0.4394665364543471,70.47244094488188,12.01452681051057,-15,0,16.3
73,2022-09-24,2022-09-10,15.14526810510575,7.18115787224952,11.163212988677635,0.2815332499160661,76.37795275590551,7.964110232856229,-14,0,7.9
73,2022-09-24,2022-09-11,20.49455244605853,4.173253578295236,12.333903012176885,0,68.11023622047244,16.321298867763296,-13,0,5.2
73,2022-09-24,2022-09-12,18.81969664601581,12.76970732749412,15.794701986754966,3.790398876918857,84.25196850393701,6.049989318521691,-12,0,12.7
73,2022-09-24,2022-09-13,20.7167271950438,11.60756248664815,16.162144840845976,0.3707998901333553,78.74015748031496,9.109164708395648,-11,0,12
73,2022-09-24,2022-09-14,17.72591326639607,9.103823969237345,13.414868617816706,0,77.55905511811024,8.622089297158727,-10,0,8.8
73,2022-09-24,2022-09-15,19.50331125827815,10.59068575090793,15.04699850459304,0,79.5275590551181,8.912625507370219,-9,0,9.6
73,2022-09-24,2022-09-16,19.94766075624867,10.1890621662038,15.068361461226235,0,74.01574803149606,9.758598590044867,-8,0,9.6
73,2022-09-24,2022-09-17,20.631275368511,9.7788933988464,15.2050843836787,0,68.89763779527559,10.852381969664602,-7,0,8.9
73,2022-09-24,2022-09-18,21.82760093997009,7.125614185003204,14.476607562486649,0,61.41732283464566,14.701986754966883,-6,0,7.3
73,2022-09-24,2022-09-19,16.43559068575091,12.11172826319163,14.27365947447127,2.396465956602668,90.15748031496062,4.32386242255928,-5,0,10.1
73,2022-09-24,2022-09-20,21.40034180730613,11.02649006622516,16.213415936765646,21.17679372539445,82.28346456692913,10.373851741080973,-4,0,11.3
73,2022-09-24,2022-09-21,22.20358897671438,11.08630634479812,16.644947660756248,0.5905331583605573,85.03937007874015,11.11728263191626,-3,0,12.4
73,2022-09-24,2022-09-22,16.90557573168126,8.304849391155736,12.605212561418496,1.043733024079103,82.67716535433071,8.600726340525524,-2,0,10.4
73,2022-09-24,2022-09-23,15.4101687673574,3.80581072420423,9.607989745780817,0.1167332987456859,72.83464566929133,11.60435804315317,-1,0,3
73,2022-09-24,2022-09-24,19.5204016235847,4.284340952787867,11.902371288186284,0,65.74803149606299,15.236060670796832,0,0,4.8
73,2022-09-24,2022-09-25,18.46079897457808,11.86391796624653,15.162358470412304,0,78.34645669291338,6.596881008331549,1,0,9.9
73,2022-09-24,2022-09-26,23.10937833796197,12.70989104892117,17.90963469344157,1.586199530014966,81.88976377952756,10.3994872890408,2,0,12.2
73,2022-09-24,2022-09-27,22.90429395428327,9.34308908352916,16.123691518906213,0.06179998168889256,75.98425196850394,13.561204870754109,3,0,12.3
73,2022-09-24,2022-09-28,19.1956846827601,11.58192693868831,15.388805810724204,0,71.25984251968504,7.613757744071789,4,0,8.7
73,2022-09-24,2022-09-29,16.07669301431318,10.59068575090793,13.333689382610554,0,79.5275590551181,5.486007263405249,5,0,8.6
73,2022-09-24,2022-09-30,20.68254646443068,10.72740867336039,15.704977568895536,0,82.67716535433071,9.955137791070287,6,0,11.3
73,2022-09-24,2022-10-01,23.09228797265541,13.59859004486221,18.34543900875881,3.666798913541072,82.28346456692913,9.4936979277932,7,0,12.4
73,2022-09-24,2022-10-02,22.47703482161931,10.59923093356121,16.538132877590257,0,75.98425196850394,11.8778038880581,8,0,10.5
73,2022-09-24,2022-10-03,22.61375774407178,9.001281777397992,15.807519760734886,0,69.68503937007874,13.612475966673788,9,0,9.5
73,2022-09-24,2022-10-04,23.98098696859645,8.206579790643026,16.093783379619737,0,68.89763779527559,15.774407177953425,10,0,9.9
73,2022-09-24,2022-10-05,27.6212347788934,11.47083956419569,19.546037171544544,0,69.29133858267717,16.15039521469771,11,0,12.8
73,2022-09-24,2022-10-06,22.30613116855373,15.41871395001068,18.862422559282205,17.63359477523119,87.4015748031496,6.88741721854305,12,0,15.2
73,2022-09-24,2022-10-07,20.0160222174749,11.51356547746208,15.764793847468493,38.78292184209724,77.55905511811024,8.502456740012821,13,0,11.1
73,2022-09-24,2022-10-08,23.10937833796197,9.300363170262765,16.204870754112367,2.581865901669374,68.50393700787401,13.809015167699206,14,0,9.2
73,2022-09-24,2022-10-09,17.70882290108951,10.00106814783166,13.854945524460584,0,71.25984251968504,7.707754753257848,15,0,8.5
73,2022-09-24,2022-10-10,14.07712027344584,7.804956205938902,10.941038239692372,1.778466139713743,89.37007874015748,6.272164067506937,16,0,9
73,2022-09-24,2022-10-11,15.92287972655416,12.46208075197607,14.192480239265116,23.86852626117741,95.66929133858268,3.4607989745780916,17,0,13.6
73,2022-09-24,2022-10-12,17.82845545823542,12.31681264687033,15.072634052552877,15.79332865382855,90.5511811023622,5.511642811365091,18,0,12.7
73,2022-09-24,2022-10-13,23.63917966246528,11.5050202948088,17.57209997863704,2.78786584063235,84.25196850393701,12.134159367656482,19,0,13.2
73,2022-09-24,2022-10-14,19.315317239906,12.80388805810724,16.05960264900662,5.960264900662253,84.64566929133858,6.511429181798761,20,0,12.1
73,2022-09-24,2022-10-15,23.91262550737022,12.09463789788507,18.003631702627644,0,76.37795275590551,11.817987609485147,21,0,12.1
73,2022-09-24,2022-10-16,24.71587267677847,14.31638538773766,19.516129032258064,5.555131687368402,79.13385826771653,10.399487289040811,22,0,14.5
73,2022-09-24,2022-10-17,24.88677632984405,14.00021362956633,19.44349497970519,0,76.77165354330708,10.88656270027772,23,0,13.4
73,2022-09-24,2022-10-18,17.65755180516983,15.19653920102542,16.427045503097624,0.2815332499160661,83.46456692913385,2.461012604144411,24,0,13.2
73,2022-09-24,2022-10-19,27.38196966460158,14.41038239692374,20.89617603076266,1.579332865382867,77.55905511811024,12.97158726767784,25,0,14.5
73,2022-09-24,2022-10-20,22.63084810937834,15.70925016022217,19.170049134800255,0,84.25196850393701,6.921597949156171,26,0,16.7
73,2022-09-24,2022-10-21,23.62208929715873,14.32493057039094,18.973509933774835,4.18179876094851,83.46456692913385,9.29715872676779,27,0,14.2
73,2022-09-24,2022-10-22,22.08395641956847,14.30784020508438,18.195898312326424,0,80.70866141732283,7.776116214484089,28,0,13.2
74,2022-10-19,2022-09-21,22.20358897671438,11.08630634479812,16.644947660756248,0.5905331583605573,85.03937007874015,11.11728263191626,-28,0,12.4
74,2022-10-19,2022-09-22,16.90557573168126,8.304849391155736,12.605212561418496,1.043733024079103,82.67716535433071,8.600726340525524,-27,0,10.4
74,2022-10-19,2022-09-23,15.4101687673574,3.80581072420423,9.607989745780817,0.1167332987456859,72.83464566929133,11.60435804315317,-26,0,3
74,2022-10-19,2022-09-24,19.5204016235847,4.284340952787867,11.902371288186284,0,65.74803149606299,15.236060670796832,-25,0,4.8
74,2022-10-19,2022-09-25,18.46079897457808,11.86391796624653,15.162358470412304,0,78.34645669291338,6.596881008331549,-24,0,9.9
74,2022-10-19,2022-09-26,23.10937833796197,12.70989104892117,17.90963469344157,1.586199530014966,81.88976377952756,10.3994872890408,-23,0,12.2
74,2022-10-19,2022-09-27,22.90429395428327,9.34308908352916,16.123691518906213,0.06179998168889256,75.98425196850394,13.561204870754109,-22,0,12.3
74,2022-10-19,2022-09-28,19.1956846827601,11.58192693868831,15.388805810724204,0,71.25984251968504,7.613757744071789,-21,0,8.7
74,2022-10-19,2022-09-29,16.07669301431318,10.59068575090793,13.333689382610554,0,79.5275590551181,5.486007263405249,-20,0,8.6
74,2022-10-19,2022-09-30,20.68254646443068,10.72740867336039,15.704977568895536,0,82.67716535433071,9.955137791070287,-19,0,11.3
74,2022-10-19,2022-10-01,23.09228797265541,13.59859004486221,18.34543900875881,3.666798913541072,82.28346456692913,9.4936979277932,-18,0,12.4
74,2022-10-19,2022-10-02,22.47703482161931,10.59923093356121,16.538132877590257,0,75.98425196850394,11.8778038880581,-17,0,10.5
74,2022-10-19,2022-10-03,22.61375774407178,9.001281777397992,15.807519760734886,0,69.68503937007874,13.612475966673788,-16,0,9.5
74,2022-10-19,2022-10-04,23.98098696859645,8.206579790643026,16.093783379619737,0,68.89763779527559,15.774407177953425,-15,0,9.9
74,2022-10-19,2022-10-05,27.6212347788934,11.47083956419569,19.546037171544544,0,69.29133858267717,16.15039521469771,-14,0,12.8
74,2022-10-19,2022-10-06,22.30613116855373,15.41871395001068,18.862422559282205,17.63359477523119,87.4015748031496,6.88741721854305,-13,0,15.2
74,2022-10-19,2022-10-07,20.0160222174749,11.51356547746208,15.764793847468493,38.78292184209724,77.55905511811024,8.502456740012821,-12,0,11.1
74,2022-10-19,2022-10-08,23.10937833796197,9.300363170262765,16.204870754112367,2.581865901669374,68.50393700787401,13.809015167699206,-11,0,9.2
74,2022-10-19,2022-10-09,17.70882290108951,10.00106814783166,13.854945524460584,0,71.25984251968504,7.707754753257848,-10,0,8.5
74,2022-10-19,2022-10-10,14.07712027344584,7.804956205938902,10.941038239692372,1.778466139713743,89.37007874015748,6.272164067506937,-9,0,9
74,2022-10-19,2022-10-11,15.92287972655416,12.46208075197607,14.192480239265116,23.86852626117741,95.66929133858268,3.4607989745780916,-8,0,13.6
74,2022-10-19,2022-10-12,17.82845545823542,12.31681264687033,15.072634052552877,15.79332865382855,90.5511811023622,5.511642811365091,-7,0,12.7
74,2022-10-19,2022-10-13,23.63917966246528,11.5050202948088,17.57209997863704,2.78786584063235,84.25196850393701,12.134159367656482,-6,0,13.2
74,2022-10-19,2022-10-14,19.315317239906,12.80388805810724,16.05960264900662,5.960264900662253,84.64566929133858,6.511429181798761,-5,0,12.1
74,2022-10-19,2022-10-15,23.91262550737022,12.09463789788507,18.003631702627644,0,76.37795275590551,11.817987609485147,-4,0,12.1
74,2022-10-19,2022-10-16,24.71587267677847,14.31638538773766,19.516129032258064,5.555131687368402,79.13385826771653,10.399487289040811,-3,0,14.5
74,2022-10-19,2022-10-17,24.88677632984405,14.00021362956633,19.44349497970519,0,76.77165354330708,10.88656270027772,-2,0,13.4
74,2022-10-19,2022-10-18,17.65755180516983,15.19653920102542,16.427045503097624,0.2815332499160661,83.46456692913385,2.461012604144411,-1,0,13.2
74,2022-10-19,2022-10-19,27.38196966460158,14.41038239692374,20.89617603076266,1.579332865382867,77.55905511811024,12.97158726767784,0,0,14.5
74,2022-10-19,2022-10-20,22.63084810937834,15.70925016022217,19.170049134800255,0,84.25196850393701,6.921597949156171,1,0,16.7
74,2022-10-19,2022-10-21,23.62208929715873,14.32493057039094,18.973509933774835,4.18179876094851,83.46456692913385,9.29715872676779,2,0,14.2
74,2022-10-19,2022-10-22,22.08395641956847,14.30784020508438,18.195898312326424,0,80.70866141732283,7.776116214484089,3,0,13.2
74,2022-10-19,2022-10-23,24.9893185216834,11.30848109378338,18.14889980773339,0,70.47244094488188,13.680837427900022,4,0,12.2
74,2022-10-19,2022-10-24,25.09186071352275,10.08651997436445,17.5891903439436,0,66.14173228346456,15.0053407391583,5,0,10.1
74,2022-10-19,2022-10-25,28.92010254219184,12.87224951933348,20.89617603076266,0,64.56692913385827,16.047853022858362,6,0,12.7
74,2022-10-19,2022-10-26,30.30442213202307,15.4101687673574,22.85729544969023,0,63.7795275590551,14.894253364665673,7,0,13.6
74,2022-10-19,2022-10-27,25.8096560563982,15.11108737449263,20.460371715445415,11.14459669789727,70.86614173228347,10.69856868190557,8,0,13.9
74,2022-10-19,2022-10-28,28.50993377483444,12.19718008972442,20.35355693227943,0,56.29921259842519,16.31275368511002,9,0,11
74,2022-10-19,2022-10-29,23.16064943388165,16.77739799188208,19.969023712881864,0,73.22834645669292,6.3832514419995725,10,0,15.1
74,2022-10-19,2022-10-30,24.63042085024567,16.1108737449263,20.370647297585982,13.89812921536912,78.74015748031496,8.519547105319369,11,0,17.5
74,2022-10-19,2022-10-31,17.34138004699851,7.027344584490494,12.1843623157445,4.703665272988076,94.48818897637796,10.314035462508016,12,0,12.6
74,2022-10-19,2022-11-01,15.99124118778039,4.711600085451826,10.351420636616108,31.50425733207189,71.25984251968504,11.279641102328563,13,0,2.6
74,2022-10-19,2022-11-02,19.12732322153386,4.591967528305917,11.85964537491989,0,62.59842519685039,14.535355693227944,14,0,3.3
74,2022-10-19,2022-11-03,22.81884212775048,7.377697073274941,15.09826960051271,0,56.69291338582676,15.441145054475538,15,0,6
74,2022-10-19,2022-11-04,23.00683614612262,7.223883785515915,15.115359965819268,0,61.41732283464566,15.782952360606703,16,0,6.3
74,2022-10-19,2022-11-05,23.72463148899808,10.07797479171117,16.901303140354628,0,63.7795275590551,13.646656697286913,17,0,8.1
74,2022-10-19,2022-11-06,23.79299295022431,10.79577013458663,17.29438154240547,0,62.59842519685039,12.99722281563768,18,0,8.3
74,2022-10-19,2022-11-07,23.10937833796197,9.095278786584064,16.102328562273016,0,67.71653543307086,14.014099551377909,19,0,8.3
74,2022-10-19,2022-11-08,24.0835291604358,10.684682760094,17.3841059602649,0.4188665425580496,66.92913385826772,13.398846400341798,20,0,8.8
74,2022-10-19,2022-11-09,24.81841486861781,9.505447553941464,17.161931211279636,0,67.71653543307086,15.312967314676346,21,0,9.4
74,2022-10-19,2022-11-10,29.09100619525742,12.18863490707114,20.63982055116428,0,62.59842519685039,16.90237128818628,22,0,10
74,2022-10-19,2022-11-11,21.10980559709464,15.9057893612476,18.507797479171117,0.3089999084444628,81.49606299212599,5.204016235847039,23,0,13.9
74,2022-10-19,2022-11-12,27.3306985686819,14.73509933774834,21.03289895321512,1.332132938627268,74.01574803149606,12.59559923093356,24,0,15.3
74,2022-10-19,2022-11-13,21.72505874813074,16.22196111941893,18.973509933774835,3.591265602587981,86.61417322834646,5.50309762871181,25,0,17
74,2022-10-19,2022-11-14,25.21149327066866,17.31574449903867,21.263618884853663,13.57539597766046,72.83464566929133,7.895748771629993,26,0,14.7
74,2022-10-19,2022-11-15,25.33112582781457,10.05233924375134,17.691732535782954,0,54.72440944881889,15.27878658406323,27,0,8.2
74,2022-10-19,2022-11-16,27.80922879726554,12.30826746421705,20.058748130741293,0,48.03149606299212,15.50096133304849,28,0,8.1
75,2022-10-12,2022-09-14,17.72591326639607,9.103823969237345,13.414868617816706,0,77.55905511811024,8.622089297158727,-28,1,8.8
75,2022-10-12,2022-09-15,19.50331125827815,10.59068575090793,15.04699850459304,0,79.5275590551181,8.912625507370219,-27,1,9.6
75,2022-10-12,2022-09-16,19.94766075624867,10.1890621662038,15.068361461226235,0,74.01574803149606,9.758598590044867,-26,1,9.6
75,2022-10-12,2022-09-17,20.631275368511,9.7788933988464,15.2050843836787,0,68.89763779527559,10.852381969664602,-25,1,8.9
75,2022-10-12,2022-09-18,21.82760093997009,7.125614185003204,14.476607562486649,0,61.41732283464566,14.701986754966883,-24,1,7.3
75,2022-10-12,2022-09-19,16.43559068575091,12.11172826319163,14.27365947447127,2.396465956602668,90.15748031496062,4.32386242255928,-23,1,10.1
75,2022-10-12,2022-09-20,21.40034180730613,11.02649006622516,16.213415936765646,21.17679372539445,82.28346456692913,10.373851741080973,-22,1,11.3
75,2022-10-12,2022-09-21,22.20358897671438,11.08630634479812,16.644947660756248,0.5905331583605573,85.03937007874015,11.11728263191626,-21,1,12.4
75,2022-10-12,2022-09-22,16.90557573168126,8.304849391155736,12.605212561418496,1.043733024079103,82.67716535433071,8.600726340525524,-20,1,10.4
75,2022-10-12,2022-09-23,15.4101687673574,3.80581072420423,9.607989745780817,0.1167332987456859,72.83464566929133,11.60435804315317,-19,1,3
75,2022-10-12,2022-09-24,19.5204016235847,4.284340952787867,11.902371288186284,0,65.74803149606299,15.236060670796832,-18,1,4.8
75,2022-10-12,2022-09-25,18.46079897457808,11.86391796624653,15.162358470412304,0,78.34645669291338,6.596881008331549,-17,1,9.9
75,2022-10-12,2022-09-26,23.10937833796197,12.70989104892117,17.90963469344157,1.586199530014966,81.88976377952756,10.3994872890408,-16,1,12.2
75,2022-10-12,2022-09-27,22.90429395428327,9.34308908352916,16.123691518906213,0.06179998168889256,75.98425196850394,13.561204870754109,-15,1,12.3
75,2022-10-12,2022-09-28,19.1956846827601,11.58192693868831,15.388805810724204,0,71.25984251968504,7.613757744071789,-14,1,8.7
75,2022-10-12,2022-09-29,16.07669301431318,10.59068575090793,13.333689382610554,0,79.5275590551181,5.486007263405249,-13,1,8.6
75,2022-10-12,2022-09-30,20.68254646443068,10.72740867336039,15.704977568895536,0,82.67716535433071,9.955137791070287,-12,1,11.3
75,2022-10-12,2022-10-01,23.09228797265541,13.59859004486221,18.34543900875881,3.666798913541072,82.28346456692913,9.4936979277932,-11,1,12.4
75,2022-10-12,2022-10-02,22.47703482161931,10.59923093356121,16.538132877590257,0,75.98425196850394,11.8778038880581,-10,1,10.5
75,2022-10-12,2022-10-03,22.61375774407178,9.001281777397992,15.807519760734886,0,69.68503937007874,13.612475966673788,-9,1,9.5
75,2022-10-12,2022-10-04,23.98098696859645,8.206579790643026,16.093783379619737,0,68.89763779527559,15.774407177953425,-8,1,9.9
75,2022-10-12,2022-10-05,27.6212347788934,11.47083956419569,19.546037171544544,0,69.29133858267717,16.15039521469771,-7,1,12.8
75,2022-10-12,2022-10-06,22.30613116855373,15.41871395001068,18.862422559282205,17.63359477523119,87.4015748031496,6.88741721854305,-6,1,15.2
75,2022-10-12,2022-10-07,20.0160222174749,11.51356547746208,15.764793847468493,38.78292184209724,77.55905511811024,8.502456740012821,-5,1,11.1
75,2022-10-12,2022-10-08,23.10937833796197,9.300363170262765,16.204870754112367,2.581865901669374,68.50393700787401,13.809015167699206,-4,1,9.2
75,2022-10-12,2022-10-09,17.70882290108951,10.00106814783166,13.854945524460584,0,71.25984251968504,7.707754753257848,-3,1,8.5
75,2022-10-12,2022-10-10,14.07712027344584,7.804956205938902,10.941038239692372,1.778466139713743,89.37007874015748,6.272164067506937,-2,1,9
75,2022-10-12,2022-10-11,15.92287972655416,12.46208075197607,14.192480239265116,23.86852626117741,95.66929133858268,3.4607989745780916,-1,1,13.6
75,2022-10-12,2022-10-12,17.82845545823542,12.31681264687033,15.072634052552877,15.79332865382855,90.5511811023622,5.511642811365091,0,1,12.7
75,2022-10-12,2022-10-13,23.63917966246528,11.5050202948088,17.57209997863704,2.78786584063235,84.25196850393701,12.134159367656482,1,1,13.2
75,2022-10-12,2022-10-14,19.315317239906,12.80388805810724,16.05960264900662,5.960264900662253,84.64566929133858,6.511429181798761,2,1,12.1
75,2022-10-12,2022-10-15,23.91262550737022,12.09463789788507,18.003631702627644,0,76.37795275590551,11.817987609485147,3,1,12.1
75,2022-10-12,2022-10-16,24.71587267677847,14.31638538773766,19.516129032258064,5.555131687368402,79.13385826771653,10.399487289040811,4,1,14.5
75,2022-10-12,2022-10-17,24.88677632984405,14.00021362956633,19.44349497970519,0,76.77165354330708,10.88656270027772,5,1,13.4
75,2022-10-12,2022-10-18,17.65755180516983,15.19653920102542,16.427045503097624,0.2815332499160661,83.46456692913385,2.461012604144411,6,1,13.2
75,2022-10-12,2022-10-19,27.38196966460158,14.41038239692374,20.89617603076266,1.579332865382867,77.55905511811024,12.97158726767784,7,1,14.5
75,2022-10-12,2022-10-20,22.63084810937834,15.70925016022217,19.170049134800255,0,84.25196850393701,6.921597949156171,8,1,16.7
75,2022-10-12,2022-10-21,23.62208929715873,14.32493057039094,18.973509933774835,4.18179876094851,83.46456692913385,9.29715872676779,9,1,14.2
75,2022-10-12,2022-10-22,22.08395641956847,14.30784020508438,18.195898312326424,0,80.70866141732283,7.776116214484089,10,1,13.2
75,2022-10-12,2022-10-23,24.9893185216834,11.30848109378338,18.14889980773339,0,70.47244094488188,13.680837427900022,11,1,12.2
75,2022-10-12,2022-10-24,25.09186071352275,10.08651997436445,17.5891903439436,0,66.14173228346456,15.0053407391583,12,1,10.1
75,2022-10-12,2022-10-25,28.92010254219184,12.87224951933348,20.89617603076266,0,64.56692913385827,16.047853022858362,13,1,12.7
75,2022-10-12,2022-10-26,30.30442213202307,15.4101687673574,22.85729544969023,0,63.7795275590551,14.894253364665673,14,1,13.6
75,2022-10-12,2022-10-27,25.8096560563982,15.11108737449263,20.460371715445415,11.14459669789727,70.86614173228347,10.69856868190557,15,1,13.9
75,2022-10-12,2022-10-28,28.50993377483444,12.19718008972442,20.35355693227943,0,56.29921259842519,16.31275368511002,16,1,11
75,2022-10-12,2022-10-29,23.16064943388165,16.77739799188208,19.969023712881864,0,73.22834645669292,6.3832514419995725,17,1,15.1
75,2022-10-12,2022-10-30,24.63042085024567,16.1108737449263,20.370647297585982,13.89812921536912,78.74015748031496,8.519547105319369,18,1,17.5
75,2022-10-12,2022-10-31,17.34138004699851,7.027344584490494,12.1843623157445,4.703665272988076,94.48818897637796,10.314035462508016,19,1,12.6
75,2022-10-12,2022-11-01,15.99124118778039,4.711600085451826,10.351420636616108,31.50425733207189,71.25984251968504,11.279641102328563,20,1,2.6
75,2022-10-12,2022-11-02,19.12732322153386,4.591967528305917,11.85964537491989,0,62.59842519685039,14.535355693227944,21,1,3.3
75,2022-10-12,2022-11-03,22.81884212775048,7.377697073274941,15.09826960051271,0,56.69291338582676,15.441145054475538,22,1,6
75,2022-10-12,2022-11-04,23.00683614612262,7.223883785515915,15.115359965819268,0,61.41732283464566,15.782952360606703,23,1,6.3
75,2022-10-12,2022-11-05,23.72463148899808,10.07797479171117,16.901303140354628,0,63.7795275590551,13.646656697286913,24,1,8.1
75,2022-10-12,2022-11-06,23.79299295022431,10.79577013458663,17.29438154240547,0,62.59842519685039,12.99722281563768,25,1,8.3
75,2022-10-12,2022-11-07,23.10937833796197,9.095278786584064,16.102328562273016,0,67.71653543307086,14.014099551377909,26,1,8.3
75,2022-10-12,2022-11-08,24.0835291604358,10.684682760094,17.3841059602649,0.4188665425580496,66.92913385826772,13.398846400341798,27,1,8.8
75,2022-10-12,2022-11-09,24.81841486861781,9.505447553941464,17.161931211279636,0,67.71653543307086,15.312967314676346,28,1,9.4
76,2022-09-13,2022-08-16,21.10980559709464,12.56462294381542,16.83721427045503,6.660664693136397,89.76377952755905,8.545182653279218,-28,0,14.6
76,2022-09-13,2022-08-17,22.06686605426191,11.73574022644734,16.901303140354628,1.895199438459429,88.9763779527559,10.33112582781457,-27,0,14
76,2022-09-13,2022-08-18,17.41828669087802,6.296731467635121,11.85750907925657,6.942197943052463,81.88976377952756,11.1215552232429,-26,0,9.1
76,2022-09-13,2022-08-19,11.76992095706046,0.951719718008972,6.360820337534716,0.0755333109530909,70.86614173228347,10.818201239051488,-25,0,-0.2
76,2022-09-13,2022-08-20,15.89724417859432,1.378978850672933,8.638111514633627,0,71.25984251968504,14.518265327921387,-24,0,2.7
76,2022-09-13,2022-08-21,19.69130527665029,4.797051911984619,12.244178594317454,0.04119998779259504,73.22834645669292,14.894253364665673,-23,0,6.4
76,2022-09-13,2022-08-22,21.51997436445204,7.309335612048708,14.414654988250373,0,76.37795275590551,14.210638752403332,-22,0,8.6
76,2022-09-13,2022-08-23,23.6733603930784,8.984191412091434,16.328775902584916,0.04119998779259504,77.16535433070865,14.689168980986969,-21,0,10.7
76,2022-09-13,2022-08-24,24.93804742576373,11.12048707541124,18.029267250587488,0,70.47244094488188,13.81756035035249,-20,0,11.4
76,2022-09-13,2022-08-25,25.99765007477035,13.06024353770562,19.528946806237983,0,66.92913385826772,12.937406537064728,-19,0,12.3
76,2022-09-13,2022-08-26,25.22858363597522,12.44499038666951,18.836787011322365,0,69.29133858267717,12.78359324930571,-18,0,12.1
76,2022-09-13,2022-08-27,28.33903012176885,13.82930997650075,21.0841700491348,0,64.1732283464567,14.5097201452681,-17,0,12.9
76,2022-09-13,2022-08-28,22.88720358897671,6.330912198248237,14.609057893612473,7.237464522232727,86.22047244094487,16.556291390728475,-16,0,10.5
76,2022-09-13,2022-08-29,14.04293954283273,2.207861568041016,8.125400555436872,0.7072664571062433,76.37795275590551,11.835077974791714,-15,0,2.4
76,2022-09-13,2022-08-30,19.26404614398633,4.275795770134586,11.769920957060458,0,74.80314960629921,14.988250373851743,-14,0,6
76,2022-09-13,2022-08-31,21.41743217261269,7.334971160008545,14.376201666310616,0,71.65354330708661,14.082461012604142,-13,0,8.4
76,2022-09-13,2022-09-01,26.47618030335398,11.06067079683828,18.768425550096133,0,72.83464566929133,15.4155095065157,-12,0,11.9
76,2022-09-13,2022-09-02,20.99017303994873,13.59004486220893,17.290108951078828,14.17279580065309,90.15748031496062,7.4001281777397985,-11,0,15
76,2022-09-13,2022-09-03,15.23926511429182,6.523178807947019,10.88122196111942,4.703665272988076,70.47244094488188,8.7160863063448,-10,0,6.1
76,2022-09-13,2022-09-04,17.39265114291818,1.045716727195044,9.219183935056613,0,70.86614173228347,16.346934415723137,-9,0,4.3
76,2022-09-13,2022-09-05,20.27237769707327,7.689596240119632,13.98098696859645,0,75.98425196850394,12.58278145695364,-8,0,8.9
76,2022-09-13,2022-09-06,19.86220892971587,12.23136082033754,16.046784875026706,1.263466292306276,85.8267716535433,7.630848109378329,-7,0,12.1
76,2022-09-13,2022-09-07,22.13522751548814,11.96646015808588,17.05084383678701,0.0755333109530909,82.28346456692913,10.16876735740226,-6,0,13.3
76,2022-09-13,2022-09-08,27.72377697073275,11.16321298867763,19.44349497970519,0,79.92125984251969,16.560563982055122,-5,0,15.5
76,2022-09-13,2022-09-09,27.17688528092288,12.36808374279,19.77248451185644,0.04119998779259504,72.83464566929133,14.808801538132878,-4,0,16.4
76,2022-09-13,2022-09-10,15.32471694082461,4.882503738517411,10.103610339671013,0.199133274330876,76.77165354330708,10.4422132023072,-3,0,6.6
76,2022-09-13,2022-09-11,20.18692587054048,3.15637684255501,11.671651356547745,0,68.50393700787401,17.030549027985472,-2,0,5.8
76,2022-09-13,2022-09-12,21.77632984405042,12.2057252723777,16.99102755821406,0.04119998779259504,81.49606299212599,9.57060457167272,-1,0,13.4
76,2022-09-13,2022-09-13,19.91348002563555,9.044007690664388,14.478743858149969,0,81.88976377952756,10.869472334971164,0,0,11.6
76,2022-09-13,2022-09-14,19.33240760521256,8.304849391155736,13.818628498184149,0,78.74015748031496,11.027558214056825,1,0,8.9
76,2022-09-13,2022-09-15,20.35782952360607,9.67635120700705,15.01709036530656,0,80.70866141732283,10.68147831659902,2,0,10.2
76,2022-09-13,2022-09-16,23.00683614612262,10.35996581926939,16.683400982696007,0,74.40944881889763,12.646870326853229,3,0,10.3
76,2022-09-13,2022-09-17,23.10937833796197,9.56526383251442,16.337321085238194,0,69.29133858267717,13.544114505447553,4,0,9.5
76,2022-09-13,2022-09-18,23.31446272164067,7.569963682973723,15.442213202307196,0,62.99212598425196,15.744499038666946,5,0,7.3
76,2022-09-13,2022-09-19,17.48664815210425,12.97479171117283,15.23071993163854,1.956999420148321,89.76377952755905,4.511856440931421,6,0,11.4
76,2022-09-13,2022-09-20,21.7421491134373,10.94958342234565,16.345866267891473,17.50999481185337,83.85826771653544,10.79256569109165,7,0,11.6
76,2022-09-13,2022-09-21,22.3574022644734,10.8470412305063,16.60222174748985,11.25446333201086,84.64566929133858,11.5103610339671,8,0,12.8
76,2022-09-13,2022-09-22,16.54667806024354,9.454176458021792,13.000427259132666,0.0755333109530909,85.8267716535433,7.092501602221748,9,0,10.2
76,2022-09-13,2022-09-23,16.65776543473617,3.15637684255501,9.90707113864559,0.04119998779259504,74.80314960629921,13.50138859218116,10,0,4
76,2022-09-13,2022-09-24,19.86220892971587,4.233069856868191,12.04763939329203,0.8239997558519292,64.96062992125984,15.629139072847678,11,0,5.3
76,2022-09-13,2022-09-25,20.18692587054048,9.753257850886564,14.970091860713522,0,78.34645669291338,10.433668019653918,12,0,10.6
76,2022-09-13,2022-09-26,23.92971587267678,13.67549668874172,18.80260628070925,0.1785332804345785,82.28346456692913,10.25421918393506,13,0,13
76,2022-09-13,2022-09-27,23.50245674001282,12.23990600299081,17.871181371501816,0,74.80314960629921,11.26255073702201,14,0,13
76,2022-09-13,2022-09-28,19.05896176030762,10.6419568468276,14.850459303567613,0.04119998779259504,69.68503937007874,8.4170049134800209,15,0,8.9
76,2022-09-13,2022-09-29,16.24759666737877,11.00939970091861,13.62849818414869,0,78.74015748031496,5.238196966460158,16,0,10
76,2022-09-13,2022-09-30,19.67421491134373,11.77846613971374,15.726340525528734,1.524399548326073,89.37007874015748,7.895748771629989,17,0,12.5
76,2022-09-13,2022-10-01,22.51121555223243,13.9318521683401,18.221533860286264,4.607531968138687,83.07086614173228,8.579363383892328,18,0,13.6
76,2022-09-13,2022-10-02,21.89596240119632,9.907071138645588,15.901516769920956,0,76.37795275590551,11.988891262550734,19,0,11.3
76,2022-09-13,2022-10-03,22.54539628284554,9.214911343729971,15.880153813287755,0.04119998779259504,68.89763779527559,13.330484939115568,20,0,9.4
76,2022-09-13,2022-10-04,23.53663747062593,8.522751548814355,16.029694509720144,0,68.50393700787401,15.013885921811577,21,0,9.4
76,2022-09-13,2022-10-05,29.1422772911771,9.701986754966889,19.422132023071992,0,70.07874015748031,19.440290536210213,22,0,12.3
76,2022-09-13,2022-10-06,24.11770989104892,16.51249732963042,20.31510361033967,33.34452345347452,88.18897637795276,7.605212561418501,23,0,16.3
76,2022-09-13,2022-10-07,21.45161290322581,11.33411664174322,16.392864772484515,15.79332865382855,79.92125984251969,10.117496261482591,24,0,11.3
76,2022-09-13,2022-10-08,24.40824610126042,10.35996581926939,17.384105960264904,0.04119998779259504,67.71653543307086,14.04828028199103,25,0,10.4
76,2022-09-13,2022-10-09,19.02478102969451,9.249092074343087,14.1369365520188,0,69.68503937007874,9.77568895535142,26,0,7.1
76,2022-09-13,2022-10-10,13.25678273873104,7.245246742149114,10.251014740440077,0,87.4015748031496,6.011535996581927,27,0,7.7
76,2022-09-13,2022-10-11,16.15359965819269,10.27451399273659,13.21405682546464,17.11172826319162,97.24409448818898,5.879085665456099,28,0,14.2
77,2023-07-22,2023-06-24,27.211066011536,14.90600299081393,21.058534501174965,0,64.1732283464567,12.305063020722072,-28,1,14.1
77,2023-07-22,2023-06-25,27.45033112582782,15.43580431531724,21.44306772057253,0,64.56692913385827,12.01452681051058,-27,1,13.4
77,2023-07-22,2023-06-26,26.59581286049989,14.76928006836146,20.682546464430676,0,66.14173228346456,11.82653279213843,-26,1,12.6
77,2023-07-22,2023-06-27,26.62999359111301,13.92330698568682,20.27665028839991,0,64.56692913385827,12.70668660542619,-25,1,11.8
77,2023-07-22,2023-06-28,27.04016235847041,13.95748771629994,20.498825037385178,0,64.1732283464567,13.08267464217047,-24,1,12.5
77,2023-07-22,2023-06-29,26.81798760948515,14.31638538773766,20.56718649861141,0,65.74803149606299,12.501602221747492,-23,1,12.5
77,2023-07-22,2023-06-30,25.1944029053621,13.92330698568682,19.55885494552446,0,70.86614173228347,11.27109591967528,-22,1,12.7
77,2023-07-22,2023-07-01,26.03183080538346,12.88933988464003,19.460585345011744,0,73.62204724409449,13.14249092074343,-21,1,12.8
77,2023-07-22,2023-07-02,25.21149327066866,12.66716513565478,18.93932920316172,0,73.22834645669292,12.54432813501388,-20,1,12.8
77,2023-07-22,2023-07-03,24.59624011963256,13.47041230506302,19.03332621234779,0,75.19685039370079,11.125827814569542,-19,1,12.5
77,2023-07-22,2023-07-04,23.45118564409314,13.09442426831874,18.27280495620594,0.04806665242469421,69.29133858267717,10.3567613757744,-18,1,10.6
77,2023-07-22,2023-07-05,26.08310190130314,12.12881862849818,19.10596026490066,0,59.05511811023622,13.95428327280496,-17,1,9.5
77,2023-07-22,2023-07-06,26.66417432172613,15.12817773979919,20.89617603076266,0,57.87401574803149,11.53599658192694,-16,1,10.7
77,2023-07-22,2023-07-07,25.3994872890408,16.64067506942961,21.02008117923521,0,56.29921259842519,8.75881221961119,-15,1,11.4
77,2023-07-22,2023-07-08,22.45994445631275,16.93975646229438,19.699850459303565,1.393932920316161,70.07874015748031,5.520187994018372,-14,1,14
77,2023-07-22,2023-07-09,22.1523178807947,17.04229865413373,19.597308267464214,11.52912991729482,87.00787401574803,5.11001922666097,-13,1,16.8
77,2023-07-22,2023-07-10,25.27985473189489,17.41828669087802,21.349070711386453,12.53852961821343,83.07086614173228,7.86156804101687,-12,1,17.4
77,2023-07-22,2023-07-11,29.19354838709678,18.93932920316172,24.06643879512925,0,70.86614173228347,10.25421918393506,-11,1,16.8
77,2023-07-22,2023-07-12,29.5524460585345,18.0848109378338,23.81862849818415,4.868465224158456,59.05511811023622,11.4676351207007,-10,1,14.6
77,2023-07-22,2023-07-13,21.3319803460799,10.52232428968169,15.927152317880791,8.816797387615594,81.88976377952756,10.80965605639821,-9,1,11.1
77,2023-07-22,2023-07-14,16.90557573168126,6.758171330912198,11.83187353129673,0.04806665242469421,72.44094488188976,10.147404400769062,-8,1,6.7
77,2023-07-22,2023-07-15,20.39201025421918,6.437726981414228,13.414868617816705,0,68.50393700787401,13.954283272804952,-7,1,7
77,2023-07-22,2023-07-16,21.79342020935697,12.12881862849818,16.961119418927574,0,60.23622047244093,9.66460158085879,-6,1,9.3
77,2023-07-22,2023-07-17,21.36616107669301,13.59859004486221,17.482375560777612,0.5973998229926565,71.65354330708661,7.767571031830801,-5,1,12.4
77,2023-07-22,2023-07-18,20.49455244605853,13.64986114078188,17.072206793420207,1.091799676503797,85.8267716535433,6.844691305276651,-4,1,15
77,2023-07-22,2023-07-19,23.91262550737022,14.1369365520188,19.02478102969451,0.3089999084444628,78.34645669291338,9.775688955351418,-3,1,14.6
77,2023-07-22,2023-07-20,25.75838496047853,14.46165349284341,20.11001922666097,0.3913998840296529,68.50393700787401,11.29673146763512,-2,1,13.3
77,2023-07-22,2023-07-21,26.35654774620808,16.01687673574023,21.186712240974153,0.3913998840296529,68.50393700787401,10.33967101046785,-1,1,14.4
77,2023-07-22,2023-07-22,26.62999359111301,16.79448835718863,21.71224097415082,0,68.11023622047244,9.83550523392438,0,1,14.6
77,2023-07-22,2023-07-23,28.90301217688528,16.45268105105747,22.677846613971376,0,60.23622047244093,12.450331125827809,1,1,13.8
77,2023-07-22,2023-07-24,28.15103610339671,18.34116641743217,23.24610126041444,0,57.08661417322834,9.80986968596454,2,1,14
77,2023-07-22,2023-07-25,29.05682546464431,17.72591326639607,23.39136936552019,0,49.99999999999999,11.33091219824824,3,1,12.5
77,2023-07-22,2023-07-26,29.36445204016236,18.35825678273873,23.861354411450545,0.2334665974913719,53.93700787401574,11.006195257423627,4,1,13.7
77,2023-07-22,2023-07-27,24.20316171758171,16.22196111941893,20.21256141850032,3.701132236701568,75.59055118110236,7.981200598162783,5,1,15.6
77,2023-07-22,2023-07-28,21.09271523178808,15.71779534287545,18.40525528733177,4.731131931516472,87.4015748031496,5.374919888912631,6,1,16.3
77,2023-07-22,2023-07-29,23.57081820123905,13.56440931424909,18.56761375774407,8.665730765709412,83.85826771653544,10.00640888698996,7,1,14.9
77,2023-07-22,2023-07-30,25.31403546250801,13.33368938261055,19.32386242255928,0,74.01574803149606,11.98034607989746,8,1,13.4
77,2023-07-22,2023-07-31,27.34778893398846,13.26532792138432,20.30655842768639,0,67.71653543307086,14.082461012604142,9,1,13.8
77,2023-07-22,2023-08-01,28.0314035462508,14.26511429181799,21.148258919034397,0,64.56692913385827,13.76628925443281,10,1,13.6
77,2023-07-22,2023-08-02,29.56953642384106,14.19675283059175,21.883144627216407,0,58.26771653543306,15.372783593249313,11,1,12.1
77,2023-07-22,2023-08-03,29.63789788506729,13.90621662038026,21.772057252723776,0,57.08661417322834,15.73168126468703,12,1,12.1
77,2023-07-22,2023-08-04,28.86883144627216,13.47041230506302,21.16962187566759,0,59.05511811023622,15.39841914120914,13,1,12.9
77,2023-07-22,2023-08-05,29.48408459730827,14.87182226020081,22.17795342875454,0,57.08661417322834,14.61226233710746,14,1,11.8
77,2023-07-22,2023-08-06,31.19312112796411,16.92266609698782,24.057893612475965,0,51.96850393700787,14.270455030976288,15,1,10.8
77,2023-07-22,2023-08-07,32.49198889126255,17.55500961333048,25.023499252296517,0,49.99999999999999,14.936979277932071,16,1,12.4
77,2023-07-22,2023-08-08,21.77632984405042,16.315958128605,19.04614398632771,11.01413006988739,84.25196850393701,5.460371715445419,17,1,15.4
77,2023-07-22,2023-08-09,22.97265541550951,14.07712027344584,18.524887844477675,26.79372539445174,80.70866141732283,8.895535142063672,18,1,14.2
77,2023-07-22,2023-08-10,30.16769920957061,16.3586840418714,23.263191625721007,14.80452894680624,65.74803149606299,13.809015167699211,19,1,16.4
77,2023-07-22,2023-08-11,29.19354838709678,17.60628070925016,23.39991454817347,0.157933286538281,64.1732283464567,11.58726767784662,20,1,15
77,2023-07-22,2023-08-12,22.27195043794061,16.01687673574023,19.14441358684042,4.078798791467023,79.92125984251969,6.255073702200381,21,1,16
77,2023-07-22,2023-08-13,24.22025208288827,14.23093356120487,19.22559282204657,12.33252967925046,80.70866141732283,9.9893185216834,22,1,16.2
77,2023-07-22,2023-08-14,25.58748130741294,14.26511429181799,19.926297799615465,0,77.16535433070865,11.32236701559495,23,1,15.4
77,2023-07-22,2023-08-15,28.18521683400983,15.64088869899594,21.913052766502886,0.8445997497482267,70.47244094488188,12.544328135013888,24,1,15.4
77,2023-07-22,2023-08-16,28.0314035462508,17.11066011535997,22.571031830805385,0,67.32283464566929,10.92074343089083,25,1,15.5
77,2023-07-22,2023-08-17,30.98803674428541,18.92223883785516,24.955137791070285,0,61.02362204724409,12.065797906430248,26,1,15.4
77,2023-07-22,2023-08-18,31.32984405041658,14.1369365520188,22.73339030121769,0,55.90551181102362,17.19290749839778,27,1,13.4
77,2023-07-22,2023-08-19,23.22901089510788,13.71822260200812,18.473616748558,9.92233039338359,80.70866141732283,9.51078829309976,28,1,13.7
78,2023-09-15,2023-08-18,25.6045716727195,11.68446913052767,18.644520401623588,3.749198889126262,73.22834645669292,13.920102542191833,-28,1,12.2
78,2023-09-15,2023-08-19,19.04187139500107,10.32578508865627,14.683828241828673,11.9754631183813,83.85826771653544,8.7160863063448,-27,1,9.9
78,2023-09-15,2023-08-20,20.47746208075198,8.856013672292246,14.666737876522111,0,87.79527559055117,11.621448408459734,-26,1,11.3
78,2023-09-15,2023-08-21,23.74172185430464,12.4108096560564,18.07626575518052,0,81.49606299212599,11.33091219824824,-25,1,11.7
78,2023-09-15,2023-08-22,25.8096560563982,14.07712027344584,19.94338816492202,0,71.65354330708661,11.73253578295236,-24,1,12.6
78,2023-09-15,2023-08-23,28.80046998504593,18.71715445417646,23.75881221961119,0,62.20472440944881,10.08331553086947,-23,1,14
78,2023-09-15,2023-08-24,27.60414441358684,16.683400982696,22.14377269814142,0,66.14173228346456,10.92074343089084,-22,1,14.4
78,2023-09-15,2023-08-25,20.32364879299295,10.86413159581286,15.593890194402906,3.968932157353436,94.48818897637796,9.45951719718009,-21,1,14.5
78,2023-09-15,2023-08-26,15.17944883571886,8.04849391155736,11.61397137363811,8.336130863368624,81.1023622047244,7.1309549241615,-20,1,7.3
78,2023-09-15,2023-08-27,16.32450331125828,3.925443281350139,10.124973296304209,0,75.98425196850394,12.39906002990814,-19,1,4.7
78,2023-09-15,2023-08-28,13.98312326425977,6.061738944669942,10.022431104464856,0,80.70866141732283,7.921384319589828,-18,1,5.8
78,2023-09-15,2023-08-29,17.53791924802393,7.343516342661824,12.440717795342875,0,79.5275590551181,10.194402905362104,-17,1,7.7
78,2023-09-15,2023-08-30,22.3574022644734,8.727835932493058,15.542619098483229,0,75.98425196850394,13.629566331980342,-16,1,9.7
78,2023-09-15,2023-08-31,24.04934842982269,10.36851100192267,17.208929715872678,0,75.98425196850394,13.68083742790002,-15,1,11
78,2023-09-15,2023-09-01,22.45994445631275,11.43665883358257,16.948301644947662,0,69.68503937007874,11.023285622730182,-14,1,10.6
78,2023-09-15,2023-09-02,17.52082888271737,12.23136082033754,14.876094851527457,11.74886318552203,90.5511811023622,5.2894680623798305,-13,1,12.4
78,2023-09-15,2023-09-03,27.50160222174749,13.82076479384747,20.66118350779748,40.65065462202824,79.13385826771653,13.68083742790002,-12,1,16.6
78,2023-09-15,2023-09-04,26.93762016663106,17.77718436231574,22.3574022644734,2.883999145481738,80.70866141732283,9.16043580431532,-11,1,17.7
78,2023-09-15,2023-09-05,21.77632984405042,11.42811365092929,16.602221747489857,27.1370586260567,81.1023622047244,10.348216193121129,-10,1,12.5
78,2023-09-15,2023-09-06,17.84554582354198,10.59068575090793,14.218115787224956,1.63426618243966,81.49606299212599,7.254860072634049,-9,1,10.2
78,2023-09-15,2023-09-07,22.40867336039308,12.13736381115146,17.27301858577227,0,78.34645669291338,10.271309549241622,-8,1,12
78,2023-09-15,2023-09-08,17.64046143986328,13.2738731040376,15.45716727195044,0,87.79527559055117,4.36658833582568,-7,1,13.5
78,2023-09-15,2023-09-09,18.85387737662893,13.23969237342448,16.046784875026706,38.83785515915403,92.1259842519685,5.614185003204449,-6,1,14
78,2023-09-15,2023-09-10,24.56205938901944,12.53044221320231,18.546250801110872,1.139866328928491,84.25196850393701,12.031617175817129,-5,1,14.7
78,2023-09-15,2023-09-11,26.45908993804743,14.58128604998932,20.520187994018375,0,74.40944881889763,11.87780388805811,-4,1,13.8
78,2023-09-15,2023-09-12,28.45866267891476,15.85451826532792,22.15659047212134,0,64.1732283464567,12.60414441358684,-3,1,13.6
78,2023-09-15,2023-09-13,26.16855372783593,15.23926511429182,20.703909421063877,0,73.62204724409449,10.929288613544111,-2,1,13.8
78,2023-09-15,2023-09-14,19.16150395214698,7.783593249305704,13.47254860072634,15.28519547105319,73.22834645669292,11.377910702841277,-1,1,7.6
78,2023-09-15,2023-09-15,21.10980559709464,4.045075838496048,12.577440717795344,0,69.68503937007874,17.064729758598588,0,1,4.8
78,2023-09-15,2023-09-16,25.36530655842769,8.180944242683188,16.77312540055544,0,65.35433070866142,17.1843623157445,1,1,7.6
78,2023-09-15,2023-09-17,29.53535569322794,13.86349070711386,21.6994232001709,0,62.20472440944881,15.671864986114082,2,1,12
78,2023-09-15,2023-09-18,30.15060884426405,17.35847041230506,23.75453962828455,0,64.1732283464567,12.792138431958987,3,1,13.4
78,2023-09-15,2023-09-19,26.73253578295236,16.28177739799188,21.50715659047212,0,75.59055118110236,10.45075838496048,4,1,15.4
78,2023-09-15,2023-09-20,27.19397564622944,15.40162358470412,21.29779961546678,12.55912961210976,81.49606299212599,11.79235206152532,5,1,16.1
78,2023-09-15,2023-09-21,28.74919888912626,16.71758171330912,22.73339030121769,5.939664906765955,77.16535433070865,12.03161717581714,6,1,16.8
78,2023-09-15,2023-09-22,31.14185003204443,17.35847041230506,24.250160222174745,7.21686452833643,70.47244094488188,13.783379619739373,7,1,16
78,2023-09-15,2023-09-23,31.09057893612476,16.32450331125828,23.70754112369152,0,71.25984251968504,14.76607562486648,8,1,15.7
78,2023-09-15,2023-09-24,32.11600085451826,18.85387737662893,25.484939115573596,0,68.50393700787401,13.262123477889332,9,1,16.5
78,2023-09-15,2023-09-25,28.62956633198035,17.7942747276223,23.21192052980133,0,76.77165354330708,10.835291604358048,10,1,18.1
78,2023-09-15,2023-09-26,29.58662678914762,17.04229865413373,23.314462721640673,5.074465163121431,77.16535433070865,12.544328135013888,11,1,18.2
78,2023-09-15,2023-09-27,25.98055970946379,14.50437940610981,20.2424695577868,3.041932432020019,79.5275590551181,11.47618030335398,12,1,15.8
78,2023-09-15,2023-09-28,16.15359965819269,8.642384105960264,12.397991882076475,4.18179876094851,81.49606299212599,7.511215552232425,13,1,8.7
78,2023-09-15,2023-09-29,18.99060029908139,11.35975218970306,15.175176244392226,7.834864345225384,84.25196850393701,7.630848109378329,14,1,11.8
78,2023-09-15,2023-09-30,17.98226874599445,13.80367442854091,15.892971587267679,3.124332407605209,90.94488188976378,4.178594317453539,15,1,15.1
78,2023-09-15,2023-10-01,24.61333048493912,15.8630634479812,20.23819696646016,4.737998596148572,84.25196850393701,8.75026703695792,16,1,15.9
78,2023-09-15,2023-10-02,26.81798760948515,14.27365947447127,20.54582354197821,0,78.34645669291338,12.54432813501388,17,1,15.1
78,2023-09-15,2023-10-03,26.62999359111301,15.2050843836787,20.917538987395854,0,79.5275590551181,11.42490920743431,18,1,16
78,2023-09-15,2023-10-04,23.12646870326853,17.35847041230506,20.24246955778679,6.928464613788265,90.5511811023622,5.767998290963469,19,1,18.5
78,2023-09-15,2023-10-05,18.87096774193548,15.50416577654347,17.187566759239473,53.31278420361949,96.8503937007874,3.3668019653920105,20,1,17.7
78,2023-09-15,2023-10-06,27.56996368297372,15.93997009186071,21.754966887417215,7.306131168553719,80.31496062992126,11.629993591113012,21,1,17.7
78,2023-09-15,2023-10-07,26.27109591967528,16.26468703268532,21.2678914761803,0,77.16535433070865,10.00640888698996,22,1,18.2
78,2023-09-15,2023-10-08,17.65755180516983,14.5898312326426,16.123691518906217,17.42759483626818,95.66929133858268,3.0677205725272305,23,1,16.2
78,2023-09-15,2023-10-09,23.77590258491775,13.20551164281136,18.490707113864552,79.81810968352303,81.1023622047244,10.570390942106387,24,1,12.1
78,2023-09-15,2023-10-10,24.23734244819483,12.44499038666951,18.34116641743217,0,74.80314960629921,11.79235206152532,25,1,12.5
78,2023-09-15,2023-10-11,29.02264473403119,12.93206579790643,20.97735526596881,0,70.47244094488188,16.090578936124757,26,1,14
78,2023-09-15,2023-10-12,23.24610126041444,15.88015381328776,19.563127536851106,47.95678579058199,88.18897637795276,7.365947447126681,27,1,17.6
78,2023-09-15,2023-10-13,16.58085879085666,10.86413159581286,13.72249519333476,8.610797448652619,92.91338582677164,5.716727195043799,28,1,11.3
79,2023-09-08,2023-08-11,18.0848109378338,12.59025849177526,15.33753471480453,11.70766319772943,94.48818897637796,5.494552446058542,-28,0,14.8
79,2023-09-08,2023-08-12,17.55500961333048,11.90664387951292,14.7308267464217,23.75865962706382,90.94488188976378,5.64836573381756,-27,0,13.6
79,2023-09-08,2023-08-13,15.01709036530656,9.932706686605426,12.474898525955991,7.340464491714215,94.48818897637796,5.084383678701133,-26,0,12.4
79,2023-09-08,2023-08-14,17.31574449903867,9.650715659047211,13.48323007904294,1.167332987456888,90.15748031496062,7.665028839991457,-25,0,11
79,2023-09-08,2023-08-15,21.29779961546678,8.78765221106601,15.042725913266397,0,88.58267716535433,12.510147404400769,-24,0,11.8
79,2023-09-08,2023-08-16,22.11813715018159,10.4795983764153,16.298867763298446,0,91.73228346456692,11.638538773766289,-23,0,14.2
79,2023-09-08,2023-08-17,25.87801751762444,12.93206579790643,19.40504165776543,0,85.03937007874015,12.945951719718009,-22,0,15.6
79,2023-09-08,2023-08-18,27.15979491561632,11.92373424481948,19.5417645802179,1.702932828760652,74.01574803149606,15.23606067079684,-21,0,12.8
79,2023-09-08,2023-08-19,20.78508865627003,11.99209570604572,16.388592181157875,16.89199499496445,83.46456692913385,8.79299295022431,-20,0,11.8
79,2023-09-08,2023-08-20,21.86178167058321,7.988677632984405,14.925229651783807,0,88.18897637795276,13.873104037598804,-19,0,12.3
79,2023-09-08,2023-08-21,24.35697500534074,11.15466780602435,17.755821405682546,0,82.28346456692913,13.20230719931639,-18,0,12.9
79,2023-09-08,2023-08-22,26.81798760948515,10.56505020294809,18.691518906216626,0,77.16535433070865,16.25293740653706,-17,0,13.1
79,2023-09-08,2023-08-23,30.35569322794275,16.92266609698782,23.63917966246529,0,58.26771653543306,13.43302713095493,-16,0,14.5
79,2023-09-08,2023-08-24,29.53535569322794,16.26468703268532,22.90002136295663,0,62.20472440944881,13.270668660542622,-15,0,15.1
79,2023-09-08,2023-08-25,20.16983550523392,10.65904721213416,15.41444135868404,13.25266273995177,97.24409448818898,9.51078829309976,-14,0,13.2
79,2023-09-08,2023-08-26,14.78637043366802,8.351847895748772,11.569109164708395,13.28699606311227,85.43307086614173,6.434522537919248,-13,0,6.8
79,2023-09-08,2023-08-27,15.31617175817133,3.04528946806238,9.180730613116856,0,84.64566929133858,12.27088229010895,-12,0,5.3
79,2023-09-08,2023-08-28,12.10318308053835,7.770775475325785,9.936979277932068,0,89.37007874015748,4.332407605212565,-11,0,7
79,2023-09-08,2023-08-29,17.1362956633198,8.531296731467634,12.833796197393715,0,89.37007874015748,8.604998931852165,-10,0,8.8
79,2023-09-08,2023-08-30,23.24610126041444,9.411450544755391,16.328775902584916,0,81.1023622047244,13.834650715659048,-9,0,10.4
79,2023-09-08,2023-08-31,24.9893185216834,9.36017944883572,17.174748985259562,0,79.13385826771653,15.629139072847682,-8,0,12.1
79,2023-09-08,2023-09-01,24.75005340739158,7.941679128391369,16.345866267891473,0,71.65354330708661,16.808374279000212,-7,0,9.5
79,2023-09-08,2023-09-02,17.01666310617389,11.41102328562273,14.21384319589831,0,97.24409448818898,5.605639820551161,-6,0,14
79,2023-09-08,2023-09-03,28.76628925443281,12.87224951933348,20.819269386883143,35.70665608691672,83.46456692913385,15.89403973509933,-5,0,17.5
79,2023-09-08,2023-09-04,29.44990386669515,19.07605212561418,24.262977996154664,0,80.31496062992126,10.37385174108097,-4,0,18.4
79,2023-09-08,2023-09-05,22.81884212775048,12.81243324076052,17.8156376842555,14.41999572740866,83.85826771653544,10.00640888698996,-3,0,14.3
79,2023-09-08,2023-09-06,16.96539201025422,11.61610766930143,14.290749839777824,0,87.79527559055117,5.34928434095279,-2,0,10.3
79,2023-09-08,2023-09-07,20.30655842768639,13.10296945097202,16.704763939329204,0.1304666280098843,90.5511811023622,7.20358897671437,-1,0,12.6
79,2023-09-08,2023-09-08,20.8363597521897,14.11984618671224,17.47810296945097,0,87.79527559055117,6.716513565477461,0,0,14.5
79,2023-09-08,2023-09-09,20.54582354197821,14.64110232856227,17.59346293527024,3.241065706350895,89.76377952755905,5.904721213415938,1,0,15.2
79,2023-09-08,2023-09-10,23.6733603930784,14.04293954283273,18.85814996795557,0.04119998779259504,90.5511811023622,9.63042085024567,2,0,14.9
79,2023-09-08,2023-09-11,27.87759025849178,14.25656910916471,21.067079683828243,0,80.31496062992126,13.621021149327069,3,0,15.5
79,2023-09-08,2023-09-12,30.21897030549028,12.76970732749412,21.4943388164922,0,69.29133858267717,17.449262977996163,4,0,14.3
79,2023-09-08,2023-09-13,29.00555436872463,13.94039735099338,21.472975859859005,0,73.22834645669292,15.065157017731252,5,0,13.3
79,2023-09-08,2023-09-14,20.44328135013886,10.34287545396283,15.393078402050843,4.065065462202824,73.62204724409449,10.100405896176031,6,0,9.8
79,2023-09-08,2023-09-15,22.01559495834223,6.591540269173253,14.303567613757744,0,79.5275590551181,15.424054689168978,7,0,8.5
79,2023-09-08,2023-09-16,26.45908993804743,8.90728476821192,17.683187353129675,0,71.65354330708661,17.55180516983551,8,0,10.5
79,2023-09-08,2023-09-17,31.36402478102969,9.086733603930783,20.22537919248024,0,66.92913385826772,22.277291177098903,9,0,11.8
79,2023-09-08,2023-09-18,31.4836573381756,13.83785515915403,22.660756248664818,0,65.74803149606299,17.645802179021572,10,0,14.1
79,2023-09-08,2023-09-19,29.15936765648366,16.22196111941893,22.690664387951298,2.341532639545875,78.34645669291338,12.937406537064732,11,0,16
79,2023-09-08,2023-09-20,28.42448194830165,15.96560563982055,22.1950437940611,14.69466231269266,85.43307086614173,12.4588763084811,12,0,17.9
79,2023-09-08,2023-09-21,30.33860286263619,17.04229865413373,23.69045075838496,0,77.55905511811024,13.29630420850246,13,0,16.5
79,2023-09-08,2023-09-22,32.44071779534288,15.8203375347148,24.13052766502884,0,79.92125984251969,16.620380260628075,14,0,16.3
79,2023-09-08,2023-09-23,32.37235633411665,15.4528946806238,23.912625507370223,7.436597796563603,79.5275590551181,16.919461653492853,15,0,17.1
79,2023-09-08,2023-09-24,33.52595599230933,17.81136509292886,25.668660542619097,0,79.13385826771653,15.714590899380468,16,0,17.9
79,2023-09-08,2023-09-25,27.02307199316385,17.12775048066652,22.075411236915187,5.25299844355601,92.91338582677164,9.895321512497327,17,0,19
79,2023-09-08,2023-09-26,30.09933774834437,16.54667806024354,23.323007904293956,11.02786339915158,85.03937007874015,13.552659688100832,18,0,18.4
79,2023-09-08,2023-09-27,25.99765007477035,17.65755180516983,21.82760093997009,0.5218665120395656,79.13385826771653,8.340098269600517,19,0,17.2
79,2023-09-08,2023-09-28,18.34116641743217,10.07797479171117,14.20957060457167,1.078066347239599,86.61417322834646,8.263191625721,20,0,9.4
79,2023-09-08,2023-09-29,18.42661824396496,12.01773125400555,15.222174748985257,0,90.94488188976378,6.408886989959409,21,0,12
79,2023-09-08,2023-09-30,19.70839564195685,14.41038239692374,17.059389019440296,3.165532395397804,95.2755905511811,5.298013245033111,22,0,15.4
79,2023-09-08,2023-10-01,23.84426404614399,16.04251228370006,19.943388164922027,12.59346293527025,89.76377952755905,7.801751762443931,23,0,17.2
79,2023-09-08,2023-10-02,25.21149327066866,14.06857509079257,19.640034180730616,0.9407330545976152,90.5511811023622,11.14291817987609,24,0,15.5
79,2023-09-08,2023-10-03,28.2364879299295,13.44477675710318,20.84063234351634,0,88.18897637795276,14.79171117282632,25,0,16.2
79,2023-09-08,2023-10-04,22.27195043794061,17.07647938474685,19.674214911343732,2.293465987121181,96.45669291338582,5.19547105319376,26,0,19.3
79,2023-09-08,2023-10-05,19.91348002563555,15.63234351634266,17.772911770989104,76.24744407483138,97.24409448818898,4.281136509292891,27,0,18
79,2023-09-08,2023-10-06,29.72334971160009,14.62401196325571,22.1736808374279,17.59239478743859,86.22047244094487,15.09933774834438,28,0,17.5
80,2023-09-04,2023-08-07,28.27066866054262,13.684041871395,20.97735526596881,0,68.50393700787401,14.58662678914762,-28,1,11.8
80,2023-09-04,2023-08-08,18.68297372356334,12.47917111728263,15.581072420422984,0.775933103427235,90.5511811023622,6.203802606280709,-27,1,12.4
80,2023-09-04,2023-08-09,14.89745780816065,11.30848109378338,13.102969450972015,19.28159428693502,96.8503937007874,3.588976714377271,-26,1,11.7
80,2023-09-04,2023-08-10,19.89638966032899,12.49626148258919,16.19632557145909,41.09012115848262,95.2755905511811,7.4001281777397985,-25,1,14.6
80,2023-09-04,2023-08-11,20.56291390728477,12.8637043366802,16.713309121982483,6.0701315347758404,92.51968503937007,7.69920957060457,-24,1,14.1
80,2023-09-04,2023-08-12,18.81969664601581,12.65007477034822,15.734885708182016,11.82439649647512,90.15748031496062,6.169621875667589,-23,1,13.6
80,2023-09-04,2023-08-13,15.66652424695578,11.41956846827601,13.543046357615896,5.156865138706621,93.30708661417324,4.246955778679769,-22,1,13
80,2023-09-04,2023-08-14,17.03375347148045,9.983977782525102,13.508865627002775,0.3639332255012562,90.15748031496062,7.0497756889553465,-21,1,11.1
80,2023-09-04,2023-08-15,21.16107669301431,9.599444563127538,15.380260628070925,0,86.22047244094487,11.561632129886773,-20,1,11.9
80,2023-09-04,2023-08-16,22.75048066652425,11.12903225806452,16.939756462294383,0.03433332316049587,89.76377952755905,11.621448408459733,-19,1,14.3
80,2023-09-04,2023-08-17,25.65584276863918,13.22260200811792,19.43922238837855,0.1029999694814876,83.85826771653544,12.433240760521258,-18,1,15.2
80,2023-09-04,2023-08-18,27.1256141850032,13.53022858363597,20.327921384319588,1.613666188543363,72.83464566929133,13.59538560136723,-17,1,12.4
80,2023-09-04,2023-08-19,20.66545609912412,12.24845118564409,16.456953642384107,11.67332987456894,82.28346456692913,8.417004913480032,-16,1,11.8
80,2023-09-04,2023-08-20,21.84469130527665,8.125400555436872,14.985045930356762,0.03433332316049587,86.61417322834646,13.71929074983978,-15,1,12.8
80,2023-09-04,2023-08-21,24.3740653706473,12.28263191625721,18.328348643452255,0,81.1023622047244,12.09143345439009,-14,1,13.3
80,2023-09-04,2023-08-22,26.62999359111301,10.65904721213416,18.644520401623584,0,74.01574803149606,15.97094637897885,-13,1,12.9
80,2023-09-04,2023-08-23,29.56953642384106,17.62337107455672,23.59645374919889,0,58.66141732283464,11.946165349284342,-12,1,14.1
80,2023-09-04,2023-08-24,28.81756035035249,18.27280495620594,23.545182653279213,0,61.81102362204724,10.544755394146552,-11,1,14.5
80,2023-09-04,2023-08-25,21.41743217261269,11.87246314889981,16.644947660756248,10.81499679555651,96.06299212598424,9.54496902371288,-10,1,14
80,2023-09-04,2023-08-26,13.67549668874172,9.55671864986114,11.616107669301432,11.39866328928494,85.8267716535433,4.1187780388805795,-9,1,7.7
80,2023-09-04,2023-08-27,15.39307840205084,3.6947233497116,9.54390087588122,0.03433332316049587,81.49606299212599,11.69835505233924,-8,1,6.1
80,2023-09-04,2023-08-28,12.75261696218757,7.984405041657766,10.368511001922668,0,87.4015748031496,4.768211920529804,-7,1,7.4
80,2023-09-04,2023-08-29,17.89681691946165,8.78765221106601,13.34223456526383,0,85.8267716535433,9.10916470839564,-6,1,9
80,2023-09-04,2023-08-30,23.17773979918821,9.505447553941464,16.341593676564838,0,77.16535433070865,13.672292245246744,-5,1,10.7
80,2023-09-04,2023-08-31,25.04058961760308,10.90685750907926,17.973723563341167,0.03433332316049587,75.98425196850394,14.13373210852382,-4,1,12.4
80,2023-09-04,2023-09-01,24.97222815637684,7.898953215124974,16.435590685750906,0,66.92913385826772,17.073274941251867,-3,1,11.2
80,2023-09-04,2023-09-02,17.04229865413373,12.15445417645802,14.598376415295874,0,95.66929133858268,4.887844477675712,-2,1,14.1
80,2023-09-04,2023-09-03,27.99722281563768,13.41914120914335,20.708182012390516,52.32398449659718,83.46456692913385,14.578081606494331,-1,1,17.4
80,2023-09-04,2023-09-04,28.76628925443281,18.68297372356334,23.724631488998075,1.002533036286508,79.92125984251969,10.08331553086947,0,1,18.3
80,2023-09-04,2023-09-05,23.02392651142918,13.54731894894253,18.285622730185857,9.936063722647788,81.88976377952756,9.47660756248665,1,1,14.7
80,2023-09-04,2023-09-06,18.20444349497971,11.7101046784875,14.957274086733603,0.03433332316049587,85.03937007874015,6.49433881649221,2,1,10.7
80,2023-09-04,2023-09-07,22.23776970732749,13.19696646015809,17.71736808374279,0,86.22047244094487,9.040803247169402,3,1,12.7
80,2023-09-04,2023-09-08,22.20358897671438,13.83785515915403,18.020722067934205,0.03433332316049587,87.79527559055117,8.365733817560349,4,1,14.4
80,2023-09-04,2023-09-09,20.16983550523392,14.23093356120487,17.200384533219395,3.762932218390461,91.33858267716536,5.93890194402905,5,1,15.3
80,2023-09-04,2023-09-10,24.93804742576373,13.17133091219825,19.054689168980993,0.03433332316049587,86.61417322834646,11.76671651356548,6,1,14.8
80,2023-09-04,2023-09-11,28.13394573809015,14.71800897244179,21.42597735526597,0,79.13385826771653,13.41593676564836,7,1,15.1
80,2023-09-04,2023-09-12,30.08224738303781,12.92352061525315,21.50288399914548,0.03433332316049587,65.35433070866142,17.15872676778466,8,1,13.4
80,2023-09-04,2023-09-13,29.00555436872463,14.01730399487289,21.51142918179876,0,67.32283464566929,14.98825037385174,9,1,12.6
80,2023-09-04,2023-09-14,19.17859431745354,10.49668874172185,14.837641529587696,4.91653187658315,75.59055118110236,8.68190557573169,10,1,10.4
80,2023-09-04,2023-09-15,22.18649861140782,7.117069002349925,14.651783806878871,0,77.55905511811024,15.069429609057895,11,1,8.9
80,2023-09-04,2023-09-16,26.54454176458022,9.317453535569324,17.930997650074772,0.03433332316049587,68.89763779527559,17.227088229010896,12,1,10.5
80,2023-09-04,2023-09-17,31.31275368511002,9.7190771202734485,20.515915402691732,0,61.41732283464566,21.593676564836574,13,1,11.7
80,2023-09-04,2023-09-18,30.90258491775262,13.59004486220893,22.246314889980773,0,62.20472440944881,17.31254005554369,14,1,13.4
80,2023-09-04,2023-09-19,29.43281350138859,15.96560563982055,22.69920957060457,2.080599383526106,72.44094488188976,13.46720786156804,15,1,15.6
80,2023-09-04,2023-09-20,28.97137363811152,16.54667806024354,22.75902584917753,7.38166447950681,81.1023622047244,12.42469557786798,16,1,17.4
80,2023-09-04,2023-09-21,30.33860286263619,16.84575945310831,23.59218115787225,9.627063814203323,74.01574803149606,13.49284340952788,17,1,16.8
80,2023-09-04,2023-09-22,32.15018158513138,16.41850032044435,24.284340952787865,0,73.22834645669292,15.73168126468703,18,1,16
80,2023-09-04,2023-09-23,32.45780816064944,15.77761162144841,24.117709891048925,1.579332865382867,73.62204724409449,16.680196539201035,19,1,16.6
80,2023-09-04,2023-09-24,33.32087160863064,17.53791924802393,25.429395428327283,0.03433332316049587,71.65354330708661,15.78295236060671,20,1,16.5
80,2023-09-04,2023-09-25,30.6633198034608,18.63170262764367,24.647511215552235,2.314065981017478,83.46456692913385,12.031617175817132,21,1,18.5
80,2023-09-04,2023-09-26,30.47532578508866,17.04229865413373,23.75881221961119,16.1915952024903,82.28346456692913,13.43302713095493,22,1,18.5
80,2023-09-04,2023-09-27,27.77504806665242,18.51207007049776,23.14355906857509,0.659199804681549,74.01574803149606,9.26297799615466,23,1,17.4
80,2023-09-04,2023-09-28,18.75133518478957,11.58192693868831,15.16663106173894,0.06866664632099173,83.85826771653544,7.169408246101261,24,1,10.1
80,2023-09-04,2023-09-29,19.02478102969451,12.12027344584491,15.572527237769709,0.1029999694814876,87.00787401574803,6.904507583849599,25,1,12
80,2023-09-04,2023-09-30,22.59666737876522,14.02584917752617,18.311258278145697,3.021332438123721,92.91338582677164,8.570818201239048,26,1,15.6
80,2023-09-04,2023-10-01,25.3994872890408,17.12775048066652,21.26361888485366,16.86452833643605,89.37007874015748,8.271736808374278,27,1,16.8
80,2023-09-04,2023-10-02,26.57872249519333,14.70946378978851,20.64409314249092,1.222266304513681,87.4015748031496,11.86925870540482,28,1,15.8
81,2023-09-03,2023-08-06,28.27066866054262,13.63277077547533,20.951719718008977,0,67.71653543307086,14.63789788506729,-28,1,14.1
81,2023-09-03,2023-08-07,21.72505874813074,11.41102328562273,16.568041016876734,2.822199163792845,82.28346456692913,10.31403546250801,-27,1,14.4
81,2023-09-03,2023-08-08,18.80260628070925,9.795983764152956,14.299295022431105,10.98666341135899,83.85826771653544,9.006622516556291,-26,1,9.9
81,2023-09-03,2023-08-09,17.11066011535997,11.88955351420637,14.50010681478317,9.853663747062598,90.94488188976378,5.2211066011536005,-25,1,12.8
81,2023-09-03,2023-08-10,23.79299295022431,14.7521897030549,19.272591326639606,4.923398541215249,87.4015748031496,9.04080324716941,-24,1,15.7
81,2023-09-03,2023-08-11,23.75881221961119,14.99145481734672,19.37513351847895,25.76372569963684,88.9763779527559,8.767357402264471,-23,1,17.4
81,2023-09-03,2023-08-12,17.91390728476821,6.62572099978637,12.26981414227729,1.867732779931032,68.89763779527559,11.28818628498184,-22,1,7.1
81,2023-09-03,2023-08-13,13.62422559282205,1.40461439863277,7.51441999572741,0,64.96062992125984,12.21961119418928,-21,1,1.5
81,2023-09-03,2023-08-14,21.38325144199957,2.438581499679556,11.910916470839563,0,64.96062992125984,18.94466994232001,-20,1,5.6
81,2023-09-03,2023-08-15,25.99765007477035,9.112369151890622,17.555009613330483,0,68.11023622047244,16.885280922879726,-19,1,11.2
81,2023-09-03,2023-08-16,27.79213843195898,14.76928006836146,21.28070925016022,0,66.14173228346456,13.022858363597518,-18,1,13.5
81,2023-09-03,2023-08-17,28.40739158299509,16.87139500106815,22.63939329203162,0,70.86614173228347,11.535996581926938,-17,1,16.6
81,2023-09-03,2023-08-18,22.01559495834223,13.78658406323435,17.90108951078829,1.956999420148321,81.88976377952756,8.22901089510788,-16,1,14.1
81,2023-09-03,2023-08-19,17.81136509292886,7.240974150822474,12.526169621875669,5.41779839472639,76.37795275590551,10.570390942106386,-15,1,9.1
81,2023-09-03,2023-08-20,20.99017303994873,8.386028626361888,14.688100833155309,0,79.13385826771653,12.60414441358684,-14,1,10.9
81,2023-09-03,2023-08-21,23.70754112369152,10.54795983764153,17.127750480666524,0,83.85826771653544,13.15958128604999,-13,1,13
81,2023-09-03,2023-08-22,28.98846400341807,15.92287972655416,22.455671864986115,0.04806665242469421,75.59055118110236,13.065584276863907,-12,1,17.2
81,2023-09-03,2023-08-23,29.99679555650502,18.42661824396496,24.21170690023499,0,72.44094488188976,11.57017731254006,-11,1,18.3
81,2023-09-03,2023-08-24,18.46079897457808,11.00939970091861,14.735099337748345,0,83.07086614173228,7.451399273659469,-10,1,11.7
81,2023-09-03,2023-08-25,17.50373851741081,5.907925656910917,11.705832087160864,0,64.56692913385827,11.595812860499892,-9,1,3.6
81,2023-09-03,2023-08-26,14.89745780816065,3.224738303781244,9.061098055970948,0,64.56692913385827,11.672719504379408,-8,1,2.4
81,2023-09-03,2023-08-27,14.22238837855159,2.71202734458449,8.46720786156804,0,62.59842519685039,11.5103610339671,-7,1,1.8
81,2023-09-03,2023-08-28,17.91390728476821,2.404400769066438,10.159154026917324,0,69.29133858267717,15.509506515701773,-6,1,4.3
81,2023-09-03,2023-08-29,22.59666737876522,6.130100405896176,14.363383892330695,0,69.68503937007874,16.466566972869042,-5,1,8.4
81,2023-09-03,2023-08-30,24.69878231147191,7.634052552873317,16.166417432172615,0,65.74803149606299,17.06472975859859,-4,1,9.7
81,2023-09-03,2023-08-31,25.70711386455886,10.45396282845546,18.08053834650716,0,62.99212598425196,15.2531510361034,-3,1,10.5
81,2023-09-03,2023-09-01,19.91348002563555,13.41059602649007,16.66203802606281,12.9985961485641,81.88976377952756,6.50288399914548,-2,1,12.1
81,2023-09-03,2023-09-02,19.50331125827815,15.80324716940825,17.6532792138432,33.5093234046449,91.73228346456692,3.7000640888698992,-1,1,15.8
81,2023-09-03,2023-09-03,18.81969664601581,15.9057893612476,17.362743003631707,30.81759086886197,94.09448818897636,2.913907284768211,0,1,18.1
81,2023-09-03,2023-09-04,20.10147404400769,14.41038239692374,17.255928220465716,123.5999633777886,96.8503937007874,5.691091647083951,1,1,18.5
81,2023-09-03,2023-09-05,17.70882290108951,10.41123691518906,14.060029908139285,49.71465193639941,89.37007874015748,7.297585985900449,2,1,10.1
81,2023-09-03,2023-09-06,24.2886135441145,8.206579790643026,16.247596667378765,0.03433332316049587,82.28346456692913,16.082033753471475,3,1,10.9
81,2023-09-03,2023-09-07,26.49327066866054,15,20.74663533433027,7.29926450392162,77.95275590551181,11.49327066866054,4,1,14.8
81,2023-09-03,2023-09-08,21.10980559709464,16.99957274086734,19.05468916898099,43.53465376750998,90.94488188976378,4.110232856227299,5,1,17.4
81,2023-09-03,2023-09-09,21.70796838282418,16.79448835718863,19.251228370006405,11.34372997222815,92.1259842519685,4.91348002563555,6,1,15.4
81,2023-09-03,2023-09-10,25.58748130741294,14.18820764793847,19.887844477675703,2.430799279763164,90.15748031496062,11.39927365947447,7,1,16.6
81,2023-09-03,2023-09-11,31.50074770348216,21.79342020935697,26.647083956419564,0,73.22834645669292,9.707327494125188,8,1,18.5
81,2023-09-03,2023-09-12,24.2886135441145,16.79448835718863,20.541550950651565,0,81.88976377952756,7.494125186925871,9,1,16.7
81,2023-09-03,2023-09-13,17.91390728476821,10.80431531723991,14.35911130100406,56.22425000762962,96.45669291338582,7.109591967528301,10,1,13.1
81,2023-09-03,2023-09-14,16.90557573168126,6.40354625080111,11.654560991241183,24.51399273659473,80.70866141732283,10.50202948088015,11,1,6.6
81,2023-09-03,2023-09-15,21.70796838282418,6.207007049775688,13.957487716299934,0.03433332316049587,64.1732283464567,15.500961333048492,12,1,5.5
81,2023-09-03,2023-09-16,28.09976500747704,10.80431531723991,19.452040162358475,0,56.29921259842519,17.295449690237128,13,1,9.1
81,2023-09-03,2023-09-17,31.31275368511002,16.58085879085666,23.94680623798334,0,62.20472440944881,14.731894894253362,14,1,15.7
81,2023-09-03,2023-09-18,32.70561845759453,22.40867336039308,27.557145908993807,0,65.74803149606299,10.296945097201451,15,1,17
81,2023-09-03,2023-09-19,23.70754112369152,19.1956846827601,21.451612903225808,24.18439283425397,92.1259842519685,4.511856440931421,16,1,18.9
81,2023-09-03,2023-09-20,30.09933774834437,17.40974150822474,23.75453962828455,6.193731498153625,83.85826771653544,12.68959624011963,17,1,19.4
81,2023-09-03,2023-09-21,32.91070284127323,21.79342020935697,27.3520615253151,6.262398144474616,79.13385826771653,11.117282631916256,18,1,20.2
81,2023-09-03,2023-09-22,24.90386669515061,19.1956846827601,22.049775688955357,8.610797448652619,85.43307086614173,5.7081820123905125,19,1,19.9
81,2023-09-03,2023-09-23,29.50117496261483,17.999359111301,23.750267036957915,31.50425733207189,78.74015748031496,11.501815851313829,20,1,19.5
81,2023-09-03,2023-09-24,27.3306985686819,19.1956846827601,23.263191625721,5.040131839960935,81.88976377952756,8.1350138859218,21,1,20.4
81,2023-09-03,2023-09-25,20.28946806237983,14.59837641529588,17.443922238837853,0.6866664632099457,92.91338582677164,5.691091647083949,22,1,15.4
81,2023-09-03,2023-09-26,28.49284340952788,15,21.74642170476394,14.39252906888026,87.79527559055117,13.49284340952788,23,1,17.1
81,2023-09-03,2023-09-27,18.10190130314036,12.2057252723777,15.153813287759029,3.694265572069469,87.79527559055117,5.896176030762659,24,1,11
81,2023-09-03,2023-09-28,22.49412518692587,7.403332621234779,14.948728904080324,0.0755333109530909,75.19685039370079,15.090792565691093,25,1,9.2
81,2023-09-03,2023-09-29,27.10852381969665,13.00042725913266,20.054475539414653,0,75.59055118110236,14.10809656056399,26,1,13.6
81,2023-09-03,2023-09-30,24.69878231147191,14.80346079897458,19.751121555223243,0,86.22047244094487,9.895321512497327,27,1,15.8
81,2023-09-03,2023-10-01,21.91305276650288,13.17133091219825,17.542191839350565,0,75.19685039370079,8.741721854304629,28,1,11.5
82,2023-08-28,2023-07-31,25.45075838496048,14.84618671224097,20.14847254860073,0,80.70866141732283,10.60457167271951,-28,1,14.4
82,2023-08-28,2023-08-01,25.87801751762444,15.57252723776971,20.72527237769707,0.05493331705679338,78.34645669291338,10.305490279854729,-27,1,14.8
82,2023-08-28,2023-08-02,27.24524674214911,15.51271095919675,21.37897885067293,0,75.59055118110236,11.73253578295236,-26,1,14.5
82,2023-08-28,2023-08-03,27.53578295236061,15.83742790002136,21.686605426190987,0,69.29133858267717,11.698355052339249,-25,1,13.8
82,2023-08-28,2023-08-04,28.33903012176885,15.59816278572955,21.9685964537492,0,69.29133858267717,12.7408673360393,-24,1,13.9
82,2023-08-28,2023-08-05,28.45866267891476,16.49540696432386,22.47703482161931,0,68.89763779527559,11.9632557145909,-23,1,15.3
82,2023-08-28,2023-08-06,28.27066866054262,17.23029267250588,22.750480666524247,0,62.20472440944881,11.04037598803674,-22,1,14.1
82,2023-08-28,2023-08-07,23.72463148899808,15.52980132450331,19.627216406750694,0,76.37795275590551,8.194830164494771,-21,1,15.6
82,2023-08-28,2023-08-08,22.11813715018159,11.97500534073916,17.046571245460374,8.775597399822999,85.03937007874015,10.143131809442428,-20,1,12.5
82,2023-08-28,2023-08-09,20.81926938688314,12.94061098055971,16.879940183721423,15.57359538560138,88.58267716535433,7.87865840632343,-19,1,13.3
82,2023-08-28,2023-08-10,24.76714377269814,14.90600299081393,19.836573381756036,3.1998657185583,85.03937007874015,9.861140781884211,-18,1,15.9
82,2023-08-28,2023-08-11,23.58790856654561,15.76906643879513,19.67848750267037,41.58452101199376,88.58267716535433,7.81884212775048,-17,1,17.5
82,2023-08-28,2023-08-12,20.88763084810938,10.0267036957915,15.45716727195044,27.56279183324685,79.92125984251969,10.86092715231788,-16,1,11.3
82,2023-08-28,2023-08-13,15.99978637043367,3.908352916043581,9.954069643238626,0.04119998779259504,65.35433070866142,12.091433454390089,-15,1,2.9
82,2023-08-28,2023-08-14,22.18649861140782,6.296731467635121,14.24161503952147,0,68.50393700787401,15.8897671437727,-14,1,6.4
82,2023-08-28,2023-08-15,26.68126468703269,12.8209784234138,19.751121555223246,0,69.68503937007874,13.86028626361889,-13,1,11.6
82,2023-08-28,2023-08-16,28.08267464217047,16.41850032044435,22.25058748130741,0,60.62992125984251,11.664174321726122,-12,1,13.1
82,2023-08-28,2023-08-17,29.48408459730827,19.00769066438795,24.24588763084811,0,67.71653543307086,10.47639393292032,-11,1,16.1
82,2023-08-28,2023-08-18,24.40824610126042,13.82930997650075,19.118778038880585,2.259132663960685,78.74015748031496,10.57893612475967,-10,1,14.7
82,2023-08-28,2023-08-19,19.41785943174535,10.89831232642598,15.158085879085665,15.57359538560138,82.67716535433071,8.519547105319369,-9,1,11.5
82,2023-08-28,2023-08-20,21.46870326853237,10.07797479171117,15.77333903012177,2.458265938291561,84.25196850393701,11.3907284768212,-8,1,12.3
82,2023-08-28,2023-08-21,24.63042085024567,14.11984618671224,19.37513351847895,0,85.03937007874015,10.510574663533433,-7,1,15.2
82,2023-08-28,2023-08-22,29.44990386669515,19.07605212561418,24.262977996154664,0,72.44094488188976,10.37385174108097,-6,1,16.7
82,2023-08-28,2023-08-23,31.36402478102969,22.40867336039308,26.886349070711383,0,63.7795275590551,8.95535142063661,-5,1,18.1
82,2023-08-28,2023-08-24,25.14313180944243,14.28220465712455,19.71266823328349,0,86.22047244094487,10.86092715231788,-4,1,15.7
82,2023-08-28,2023-08-25,18.40952787865841,7.907498397778252,13.15851313821833,0.7347331156346399,73.22834645669292,10.502029480880156,-3,1,5.9
82,2023-08-28,2023-08-26,16.22196111941893,5.993377483443709,11.10766930143132,0,61.81102362204724,10.22858363597522,-2,1,2.2
82,2023-08-28,2023-08-27,16.18778038880581,3.566545609912412,9.877162999359111,0,61.81102362204724,12.621234778893395,-1,1,2.2
82,2023-08-28,2023-08-28,20.46037171544542,4.062166203802606,12.261268959624012,0,68.50393700787401,16.398205511642814,0,1,5.6
82,2023-08-28,2023-08-29,22.88720358897671,9.46272164067507,16.17496261482589,0,68.50393700787401,13.42448194830164,1,1,8.7
82,2023-08-28,2023-08-30,25.92928861354412,12.12027344584491,19.024781029694516,0,62.99212598425196,13.80901516769921,2,1,10.1
82,2023-08-28,2023-08-31,26.56163212988677,15.51271095919675,21.03717154454176,0,61.41732283464566,11.04892117069002,3,1,11.7
82,2023-08-28,2023-09-01,21.50288399914548,15.487075411236921,18.4949797051912,0,78.34645669291338,6.015808587908561,4,1,13.2
82,2023-08-28,2023-09-02,19.34949797051912,15.63234351634266,17.49092074343089,56.19678334910122,93.7007874015748,3.7171544541764607,5,1,15.8
82,2023-08-28,2023-09-03,24.32279427472762,17.11066011535997,20.716727195043795,2.835932493057044,86.61417322834646,7.212134159367651,6,1,18.6
82,2023-08-28,2023-09-04,24.61333048493912,16.92266609698782,20.76799829096347,46.33625293740653,87.4015748031496,7.690664387951298,7,1,19.3
82,2023-08-28,2023-09-05,20.44328135013886,12.01773125400555,16.230506302072207,27.71385845515306,85.8267716535433,8.42555009613331,8,1,11.4
82,2023-08-28,2023-09-06,24.85259559923093,10.05233924375134,17.452467421491136,0.2403332621234711,79.5275590551181,14.80025635547959,9,1,12.3
82,2023-08-28,2023-09-07,26.06601153599658,16.09378337961974,21.07989745780816,0,75.98425196850394,9.97222815637684,10,1,15
82,2023-08-28,2023-09-08,20.90472121341594,17.11066011535997,19.007690664387955,59.54771568956571,90.94488188976378,3.7940610980559697,11,1,17.1
82,2023-08-28,2023-09-09,23.34864345225379,16.20487075411237,19.77675710318308,19.02066103091525,90.94488188976378,7.143772698141419,12,1,15.8
82,2023-08-28,2023-09-10,27.0059816278573,15.68361461226234,21.34479812005982,2.011932737205115,86.22047244094487,11.322367015594958,13,1,17.5
82,2023-08-28,2023-09-11,31.91091647083956,19.50331125827815,25.707113864558856,0.08926664021728925,67.71653543307086,12.40760521256141,14,1,17.8
82,2023-08-28,2023-09-12,26.95471053193762,18.54625080111087,22.750480666524247,0,69.68503937007874,8.408459730826753,15,1,16.4
82,2023-08-28,2023-09-13,23.14355906857509,11.74428540910062,17.443922238837857,2.21793267616809,86.61417322834646,11.39927365947447,16,1,16.1
82,2023-08-28,2023-09-14,16.29886776329844,8.565477462080752,12.432172612689596,18.67732779931029,80.70866141732283,7.733390301217687,17,1,7.4
82,2023-08-28,2023-09-15,22.23776970732749,6.147190771202734,14.192480239265112,0.0755333109530909,63.38582677165353,16.090578936124757,18,1,5.7
82,2023-08-28,2023-09-16,28.66374706259347,12.12881862849818,20.396282845545823,0,51.18110236220472,16.53492843409529,19,1,10
82,2023-08-28,2023-09-17,32.60307626575518,19.53749198889126,26.07028412732322,0,53.93700787401574,13.065584276863916,20,1,15.5
82,2023-08-28,2023-09-18,33.79940183721427,21.69087801751763,27.745139927365948,0,56.69291338582676,12.10852381969664,21,1,17.4
82,2023-08-28,2023-09-19,24.66460158085879,19.26404614398633,21.96432386242256,1.490066225165549,88.18897637795276,5.400555436872459,22,1,19.3
82,2023-08-28,2023-09-20,30.50950651570177,18.15317239906003,24.3313394573809,29.63652455214088,83.07086614173228,12.35633411664174,23,1,19.2
82,2023-08-28,2023-09-21,33.11578722495193,21.93014313180944,27.522965178380687,0.04119998779259504,71.25984251968504,11.18564409314249,24,1,20
82,2023-08-28,2023-09-22,28.95428327280496,20.16983550523392,24.56205938901944,0,73.62204724409449,8.784447767571042,25,1,20
82,2023-08-28,2023-09-23,33.79940183721427,20.27237769707327,27.03588976714377,0,67.32283464566929,13.527024140140998,26,1,19.4
82,2023-08-28,2023-09-24,34.68810083315531,22.45994445631275,28.57402264473403,0,66.53543307086613,12.22815637684256,27,1,20.9
82,2023-08-28,2023-09-25,26.57872249519333,17.72591326639607,22.152317880794698,0,87.4015748031496,8.852809228797259,28,1,19
83,2023-09-27,2023-08-30,23.263191625721,8.351847895748772,15.807519760734886,0.04806665242469421,69.68503937007874,14.911343729972227,-28,1,9.3
83,2023-09-27,2023-08-31,24.93804742576373,11.41102328562273,18.17453535569323,0.02746665852839669,64.56692913385827,13.527024140141002,-27,1,10.2
83,2023-09-27,2023-09-01,18.64879299295022,12.35099337748344,15.49989318521683,0,74.40944881889763,6.297799615466779,-26,1,11.8
83,2023-09-27,2023-09-02,19.05896176030762,13.36787011322367,16.213415936765646,47.29758598590044,89.76377952755905,5.691091647083951,-25,1,14.3
83,2023-09-27,2023-09-03,20.27237769707327,15.30762657551805,17.790002136295662,6.495864741965988,91.73228346456692,4.964751121555221,-24,1,17.1
83,2023-09-27,2023-09-04,21.14398632770775,17.31574449903867,19.22986541337321,104.9226355784783,94.48818897637796,3.828241828669082,-23,1,18.8
83,2023-09-27,2023-09-05,18.22153386028626,10.95812860499893,14.589831232642595,48.01171910763878,83.85826771653544,7.263405255287331,-22,1,10.3
83,2023-09-27,2023-09-06,20.25528733176672,8.343302713095493,14.299295022431108,0.04119998779259504,79.92125984251969,11.911984618671228,-21,1,10.7
83,2023-09-27,2023-09-07,23.75881221961119,13.20551164281136,18.482161931211273,0.04119998779259504,74.80314960629921,10.553300576799831,-20,1,12.9
83,2023-09-27,2023-09-08,19.26404614398633,15.17944883571886,17.221747489852596,48.75331888790552,88.9763779527559,4.084597308267471,-19,1,15.6
83,2023-09-27,2023-09-09,21.28070925016022,14.30784020508438,17.7942747276223,9.66139713736382,91.73228346456692,6.972869045075841,-18,1,14.1
83,2023-09-27,2023-09-10,23.99807733390301,13.81221961119419,18.9051484725486,4.607531968138687,87.00787401574803,10.18585772270882,-17,1,16.2
83,2023-09-27,2023-09-11,28.6466566972869,16.65776543473617,22.652211066011535,0.08926664021728925,70.86614173228347,11.98889126255073,-16,1,16.5
83,2023-09-27,2023-09-12,24.86968596453749,17.91390728476821,21.391796624652848,0,73.62204724409449,6.955778679769278,-15,1,14.9
83,2023-09-27,2023-09-13,19.6058534501175,10.38560136722922,14.99572740867336,6.200598162785724,92.51968503937007,9.22025208288828,-14,1,16.1
83,2023-09-27,2023-09-14,13.684041871395,7.198248237556077,10.441145054475538,25.87359233375042,78.74015748031496,6.485793633838923,-13,1,6.3
83,2023-09-27,2023-09-15,19.67421491134373,4.010895107882931,11.84255500961333,0.157933286538281,63.38582677165353,15.663319803460798,-12,1,4.3
83,2023-09-27,2023-09-16,25.63875240333262,8.650929288613543,17.144840845973082,0,58.26771653543306,16.987823114719077,-11,1,8.5
83,2023-09-27,2023-09-17,29.9626148258919,14.64964751121555,22.306131168553726,0,59.84251968503936,15.312967314676351,-10,1,13.5
83,2023-09-27,2023-09-18,31.00512710959197,18.23862422559282,24.621875667592395,0,62.99212598425196,12.766502883999152,-9,1,15.3
83,2023-09-27,2023-09-19,20.46037171544542,17.29865413373211,18.879512924588767,14.02859584337901,92.91338582677164,3.161717581713308,-8,1,18
83,2023-09-27,2023-09-20,28.98846400341807,16.41850032044435,22.70348216193121,25.21439252906887,81.88976377952756,12.569963682973722,-7,1,18.2
83,2023-09-27,2023-09-21,29.82589190343943,18.97350993377484,24.399700918607135,0.08926664021728925,76.77165354330708,10.852381969664592,-6,1,18.8
83,2023-09-27,2023-09-22,24.76714377269814,17.64046143986328,21.20380260628071,2.904599139378035,88.18897637795276,7.126682332834861,-5,1,18.6
83,2023-09-27,2023-09-23,25.22858363597522,17.07647938474685,21.152531510361037,20.7373271889401,81.1023622047244,8.15210425122837,-4,1,18.5
83,2023-09-27,2023-09-24,30.88549455244606,18.40952787865841,24.647511215552235,3.144932401501507,78.34645669291338,12.47596667378765,-3,1,19.6
83,2023-09-27,2023-09-25,21.40034180730613,15.69215979491562,18.546250801110876,0.7072664571062433,92.91338582677164,5.708182012390511,-2,1,16.6
83,2023-09-27,2023-09-26,31.14185003204443,16.54667806024354,23.844264046143984,16.43879512924588,81.1023622047244,14.595171971800893,-1,1,19.2
83,2023-09-27,2023-09-27,20.631275368511,10.41978209784234,15.525528733176673,4.154332102420113,90.5511811023622,10.211493270668662,0,1,12.6
83,2023-09-27,2023-09-28,21.38325144199957,6.181371501815851,13.78231147190771,0.5973998229926565,72.83464566929133,15.20187994018372,1,1,8.6
83,2023-09-27,2023-09-29,23.86135441145055,12.88933988464003,18.37534714804529,0.08926664021728925,72.83464566929133,10.972014526810518,2,1,12.8
83,2023-09-27,2023-09-30,19.96475112155522,14.88036744285409,17.422559282204656,1.435132908108756,88.18897637795276,5.08438367870113,3,1,15.5
83,2023-09-27,2023-10-01,21.99850459303568,11.85537278359325,16.926938688314465,0.6660664693136482,77.55905511811024,10.14313180944243,4,1,11.8
83,2023-09-27,2023-10-02,22.75048066652425,6.523178807947019,14.636829737235637,0.2746665852839669,66.92913385826772,16.22730185857723,5,1,8.2
83,2023-09-27,2023-10-03,27.58705404828028,9.855800042725914,18.7214270455031,0,75.59055118110236,17.731254005554366,6,1,13.6
83,2023-09-27,2023-10-04,24.45951719718009,15.35035248878445,19.90493484298227,68.66664632099366,88.58267716535433,9.10916470839564,7,1,17.6
83,2023-09-27,2023-10-05,23.10937833796197,13.13715018158513,18.12326425977355,14.59852900784327,75.98425196850394,9.972228156376842,8,1,12.7
83,2023-09-27,2023-10-06,20.11856440931425,12.76970732749412,16.444135868404185,0,90.94488188976378,7.34885708182013,9,1,15.4
83,2023-09-27,2023-10-07,19.00769066438795,15.4101687673574,17.208929715872674,67.67784661397135,94.48818897637796,3.5975218970305516,10,1,17
83,2023-09-27,2023-10-08,18.37534714804529,13.04315317239906,15.709250160222176,11.42612994781334,92.91338582677164,5.332193975646229,11,1,14.3
83,2023-09-27,2023-10-09,22.93847468489639,13.04315317239906,17.990813928647725,0.5012665181432681,80.31496062992126,9.89532151249733,12,1,12.9
83,2023-09-27,2023-10-10,27.07434308908353,12.78679769280068,19.930570390942105,0.04119998779259504,72.04724409448819,14.28754539628285,13,1,14.1
83,2023-09-27,2023-10-11,20.27237769707327,16.01687673574023,18.14462721640675,0,87.79527559055117,4.255500961333041,14,1,15.5
83,2023-09-27,2023-10-12,16.82866908780175,10.69322794274728,13.760948515274514,64.76638080996122,90.94488188976378,6.13544114505447,15,1,11.3
83,2023-09-27,2023-10-13,17.15338602862636,8.437299722281564,12.795342875453962,0.6248664815210532,83.46456692913385,8.716086306344797,16,1,7.7
83,2023-09-27,2023-10-14,23.21192052980133,10.19760734885708,16.704763939329204,0,71.65354330708661,13.01431318094425,17,1,10.4
83,2023-09-27,2023-10-15,26.32236701559496,13.50459303567614,19.91348002563555,0,73.22834645669292,12.81777397991882,18,1,13.9
83,2023-09-27,2023-10-16,20.8363597521897,16.29886776329844,18.56761375774407,1.48319956053345,89.37007874015748,4.5374919888912615,19,1,16.9
83,2023-09-27,2023-10-17,18.46079897457808,16.29886776329844,17.379833368938257,95.14450514236884,95.2755905511811,2.16193121127964,20,1,16.6
83,2023-09-27,2023-10-18,18.25571459089938,12.18008972441786,15.21790215765862,21.90466017639699,88.9763779527559,6.075624866481521,21,1,13.6
83,2023-09-27,2023-10-19,18.30698568681905,13.5216834009827,15.914334543900877,4.174932096316411,88.58267716535433,4.78530228583635,22,1,14.1
83,2023-09-27,2023-10-20,27.24524674214911,12.96624652851955,20.10574663533433,0.8789330729087226,77.16535433070865,14.27900021362956,23,1,14.3
83,2023-09-27,2023-10-21,28.88592181157872,14.84618671224097,21.866054261909845,0.04806665242469421,74.80314960629921,14.039735099337747,24,1,15.9
83,2023-09-27,2023-10-22,29.10809656056398,15.38453321939756,22.24631488998077,0.04119998779259504,74.40944881889763,13.723563341166418,25,1,16.2
83,2023-09-27,2023-10-23,24.90386669515061,18.97350993377484,21.938688314462723,0,78.34645669291338,5.930356761375773,26,1,18.1
83,2023-09-27,2023-10-24,25.1944029053621,16.09378337961974,20.64409314249092,0.04119998779259504,82.67716535433071,9.10061952574236,27,1,18.6
83,2023-09-27,2023-10-25,25.34821619312113,16.24759666737877,20.79790643024995,0,70.07874015748031,9.10061952574236,28,1,14.6
84,2023-09-20,2023-08-23,28.98846400341807,19.50331125827815,24.24588763084811,0.4943998535111405,64.1732283464567,9.48515274513992,-28,1,17
84,2023-09-20,2023-08-24,23.19483016449477,10.00961333048494,16.602221747489857,2.169866023743396,86.22047244094487,13.18521683400983,-27,1,13.3
84,2023-09-20,2023-08-25,16.20487075411237,6.207007049775688,11.20593890194403,12.140263069551681,71.65354330708661,9.997863704336682,-26,1,4.6
84,2023-09-20,2023-08-26,14.70946378978851,4.010895107882931,9.36017944883572,0,62.59842519685039,10.69856868190558,-25,1,1.4
84,2023-09-20,2023-08-27,13.60713522751549,1.908780175176245,7.757957701345868,0,65.74803149606299,11.698355052339243,-24,1,1.5
84,2023-09-20,2023-08-28,18.40952787865841,3.207647938474684,10.808587908566546,0,72.44094488188976,15.201879940183725,-23,1,4.1
84,2023-09-20,2023-08-29,20.40910061952574,7.206793420209357,13.80794701986755,0,68.89763779527559,13.202307199316383,-22,1,7.6
84,2023-09-20,2023-08-30,23.81008331553087,8.7107455671865,16.260414441358684,0,67.71653543307086,15.099337748344372,-21,1,9.4
84,2023-09-20,2023-08-31,25.3994872890408,11.90664387951292,18.65306558427686,0,62.59842519685039,13.49284340952788,-20,1,10
84,2023-09-20,2023-09-01,18.20444349497971,12.90643024994659,15.55543687246315,0,76.37795275590551,5.29801324503312,-19,1,11.7
84,2023-09-20,2023-09-02,19.315317239906,13.50459303567614,16.40995513779107,48.12158574175237,89.37007874015748,5.810724204229862,-18,1,14.3
84,2023-09-20,2023-09-03,20.40910061952574,15.50416577654347,17.956633198034606,9.57899716177863,91.33858267716536,4.9049348429822714,-17,1,17
84,2023-09-20,2023-09-04,20.81926938688314,17.91390728476821,19.366588335825675,115.7994323557237,94.48818897637796,2.9053621021149283,-16,1,18.8
84,2023-09-20,2023-09-05,18.20444349497971,11.21448408459731,14.70946378978851,53.28531754509109,84.25196850393701,6.989959410382401,-15,1,10.3
84,2023-09-20,2023-09-06,20.61418500320444,8.509933774834437,14.56205938901944,0.03433332316049587,79.92125984251969,12.104251228370003,-14,1,10.7
84,2023-09-20,2023-09-07,23.91262550737022,13.21405682546464,18.56334116641743,0,74.40944881889763,10.69856868190558,-13,1,12.9
84,2023-09-20,2023-09-08,19.1102328562273,15.50416577654347,17.307199316385386,52.43385113071076,88.58267716535433,3.606067079683829,-12,1,15.6
84,2023-09-20,2023-09-09,21.81051057466353,14.60692159794916,18.208716086306342,10.03219702749718,92.1259842519685,7.2035889767143715,-11,1,14.1
84,2023-09-20,2023-09-10,23.99807733390301,14.21384319589831,19.10596026490066,4.065065462202824,87.79527559055117,9.7842341380047,-10,1,16.3
84,2023-09-20,2023-09-11,28.81756035035249,16.90557573168126,22.861568041016874,0.08239997558519008,69.68503937007874,11.91198461867123,-9,1,16.6
84,2023-09-20,2023-09-12,24.81841486861781,18.40952787865841,21.61397137363811,0,75.59055118110236,6.408886989959402,-8,1,14.9
84,2023-09-20,2023-09-13,19.50331125827815,10.71031830805384,15.106814783165994,12.46299630726034,93.7007874015748,8.79299295022431,-7,1,15.9
84,2023-09-20,2023-09-14,13.60713522751549,7.510147404400769,10.55864131595813,29.58159123508406,78.74015748031496,6.096987823114722,-6,1,6.3
84,2023-09-20,2023-09-15,19.99893185216834,4.3099765007477044,12.154454176458025,0.1441999572740826,62.99212598425196,15.688955351420637,-5,1,4.4
84,2023-09-20,2023-09-16,25.8096560563982,9.112369151890622,17.46101260414441,0,55.90551181102362,16.69728690450758,-4,1,8.3
84,2023-09-20,2023-09-17,30.20187994018372,14.80346079897458,22.50267036957915,0,59.44881889763779,15.39841914120914,-3,1,13.5
84,2023-09-20,2023-09-18,31.00512710959197,19.70839564195685,25.35676137577441,0,64.1732283464567,11.29673146763512,-2,1,15.3
84,2023-09-20,2023-09-19,20.69963682973724,17.60628070925016,19.1529587694937,15.62852870265817,92.91338582677164,3.09335612048708,-1,1,17.9
84,2023-09-20,2023-09-20,29.60371715445418,16.70049134800256,23.152104251228373,20.5175939207129,81.88976377952756,12.90322580645162,0,1,18.2
84,2023-09-20,2023-09-21,29.99679555650502,19.50331125827815,24.750053407391583,0.0755333109530909,77.95275590551181,10.493484298226871,1,1,18.8
84,2023-09-20,2023-09-22,23.39991454817347,17.91390728476821,20.65691091647084,3.728598895229965,88.18897637795276,5.486007263405259,2,1,18.6
84,2023-09-20,2023-09-23,25.1944029053621,17.20465712454604,21.19953001495407,30.70772423474838,80.31496062992126,7.989745780816062,3,1,18.5
84,2023-09-20,2023-09-24,31.19312112796411,18.40952787865841,24.801324503311257,2.986999114963226,79.92125984251969,12.7835932493057,4,1,19.4
84,2023-09-20,2023-09-25,21.70796838282418,16.315958128605,19.01196325571459,0.1167332987456859,93.30708661417324,5.39201025421918,5,1,16.1
84,2023-09-20,2023-09-26,31.60328989532151,16.81157872249519,24.20743430890835,20.94332712790307,83.85826771653544,14.791711172826318,6,1,19.2
84,2023-09-20,2023-09-27,20.69963682973724,10.30869472334971,15.504165776543475,3.28226569414349,90.15748031496062,10.39094210638753,7,1,12.5
84,2023-09-20,2023-09-28,21.40034180730613,6.510361033967101,13.955351420636616,0.4325998718222479,74.01574803149606,14.88998077333903,8,1,8.7
84,2023-09-20,2023-09-29,23.99807733390301,13.11151463362529,18.55479598376415,0.0755333109530909,73.22834645669292,10.886562700277718,9,1,12.8
84,2023-09-20,2023-09-30,20.20401623584704,15.11108737449263,17.657551805169835,1.208532975249483,88.18897637795276,5.092928861354409,10,1,15.4
84,2023-09-20,2023-10-01,22.49412518692587,12.00918607135227,17.25165562913907,0.4394665364543471,79.5275590551181,10.4849391155736,11,1,11.8
84,2023-09-20,2023-10-02,23.00683614612262,6.809442426831874,14.908139286477248,0.2197332682271735,68.11023622047244,16.197393719290744,12,1,8.4
84,2023-09-20,2023-10-03,27.60414441358684,10.11215552232429,18.85814996795557,0,75.59055118110236,17.49198889126255,13,1,13.6
84,2023-09-20,2023-10-04,24.69878231147191,15.60670796838282,20.152745139927365,72.45704519791252,88.58267716535433,9.09207434308909,14,1,17.6
84,2023-09-20,2023-10-05,23.81008331553087,13.41059602649007,18.610339671010472,9.867397076326796,74.01574803149606,10.3994872890408,15,1,12.2
84,2023-09-20,2023-10-06,20.40910061952574,13.11151463362529,16.760307626575518,0,90.94488188976378,7.297585985900451,16,1,15.3
84,2023-09-20,2023-10-07,19.40076906643879,15.4101687673574,17.405468916898094,65.2058473464156,94.48818897637796,3.9906002990813914,17,1,16.9
84,2023-09-20,2023-10-08,18.7000640888699,13.21405682546464,15.95706045716727,8.720664082766206,92.1259842519685,5.486007263405261,18,1,14.1
84,2023-09-20,2023-10-09,23.00683614612262,13.30805383465072,18.15744499038667,0.315866573076562,81.1023622047244,9.6987823114719,19,1,12.9
84,2023-09-20,2023-10-10,27.19397564622944,13.21405682546464,20.20401623584704,0.03433332316049587,71.65354330708661,13.9799188207648,20,1,14.1
84,2023-09-20,2023-10-11,19.99893185216834,16.315958128605,18.157444990386672,0,87.00787401574803,3.682973723563339,21,1,15.5
84,2023-09-20,2023-10-12,17.20465712454604,10.90685750907926,14.055757316812649,64.32691427350687,90.94488188976378,6.297799615466779,22,1,11.2
84,2023-09-20,2023-10-13,17.40974150822474,8.7107455671865,13.06024353770562,0.5493331705679623,81.88976377952756,8.698995941038241,23,1,7.6
84,2023-09-20,2023-10-14,23.50245674001282,10.30869472334971,16.905575731681267,0,71.65354330708661,13.193762016663111,24,1,10.3
84,2023-09-20,2023-10-15,26.49327066866054,13.60713522751549,20.050202948088018,0,72.83464566929133,12.886135441145049,25,1,13.9
84,2023-09-20,2023-10-16,20.61418500320444,16.49540696432386,18.55479598376415,1.222266304513681,88.58267716535433,4.118778038880581,26,1,16.9
84,2023-09-20,2023-10-17,18.81969664601581,16.60649433881649,17.71309549241615,96.35303811761833,95.2755905511811,2.213202307199321,27,1,16.5
84,2023-09-20,2023-10-18,18.61461226233711,12.4108096560564,15.512710959196756,22.33039338358714,87.79527559055117,6.203802606280711,28,1,13.2
85,2023-09-08,2023-08-11,23.31446272164067,14.80346079897458,19.058961760307625,28.78505813776056,81.1023622047244,8.51100192266609,-28,1,17.2
85,2023-09-08,2023-08-12,19.12732322153386,8.03994872890408,13.58363597521897,2.238532670064387,70.86614173228347,11.08737449262978,-27,1,8.9
85,2023-09-08,2023-08-13,14.64110232856227,2.105319376201667,8.37321085238197,0,65.74803149606299,12.535782952360604,-26,1,2.6
85,2023-09-08,2023-08-14,21.46870326853237,3.839991454817346,12.65434736167486,0,65.74803149606299,17.62871181371502,-25,1,5.6
85,2023-09-08,2023-08-15,26.13437299722282,9.428540910061953,17.781456953642387,0,68.50393700787401,16.705832087160864,-24,1,11.5
85,2023-09-08,2023-08-16,27.53578295236061,13.99166844691305,20.76372569963683,0,65.74803149606299,13.54411450544756,-23,1,12.7
85,2023-09-08,2023-08-17,28.356120487075412,16.58085879085666,22.46848963896603,0,70.47244094488188,11.775261696218752,-22,1,16.3
85,2023-09-08,2023-08-18,23.17773979918821,13.684041871395,18.430890835291606,0,81.1023622047244,9.49369792779321,-21,1,14.2
85,2023-09-08,2023-08-19,18.23862422559282,8.975646229438155,13.607135227515489,7.306131168553719,75.59055118110236,9.262977996154664,-20,1,10.1
85,2023-09-08,2023-08-20,21.10980559709464,8.283486434522537,14.696646015808588,0,80.31496062992126,12.8263191625721,-19,1,11.5
85,2023-09-08,2023-08-21,23.62208929715873,12.5731681264687,18.097628711813716,0,84.25196850393701,11.048921170690033,-18,1,13.3
85,2023-09-08,2023-08-22,28.49284340952788,16.96539201025422,22.72911770989105,0,74.80314960629921,11.52745139927366,-17,1,16.6
85,2023-09-08,2023-08-23,30.16769920957061,19.87929929502243,25.02349925229652,0,68.89763779527559,10.28839991454818,-16,1,17.9
85,2023-09-08,2023-08-24,20.99017303994873,11.12903225806452,16.059602649006624,0,87.79527559055117,9.86114078188421,-15,1,13.3
85,2023-09-08,2023-08-25,17.62337107455672,6.09591967528306,11.85964537491989,0,66.92913385826772,11.52745139927366,-14,1,3.5
85,2023-09-08,2023-08-26,15.11963255714591,4.215979491561631,9.66780602435377,0,63.7795275590551,10.903653065584278,-13,1,1.5
85,2023-09-08,2023-08-27,14.76928006836146,2.216406750694295,8.492843409527877,0,63.38582677165353,12.552873317667164,-12,1,1.5
85,2023-09-08,2023-08-28,19.05896176030762,2.38731040375988,10.72313608203375,0,69.68503937007874,16.67165135654774,-11,1,4.5
85,2023-09-08,2023-08-29,22.39158299508652,6.672719504379407,14.532151249732964,0,68.50393700787401,15.718863490707111,-10,1,8.2
85,2023-09-08,2023-08-30,24.88677632984405,8.78765221106601,16.83721427045503,0,63.7795275590551,16.09912411877804,-9,1,9.6
85,2023-09-08,2023-08-31,25.8096560563982,11.82973723563341,18.819696646015807,0,62.20472440944881,13.97991882076479,-8,1,10.4
85,2023-09-08,2023-09-01,19.46913052766503,12.65861995300149,16.06387524033326,0,79.92125984251969,6.810510574663541,-7,1,12
85,2023-09-08,2023-09-02,19.05896176030762,15.31617175817133,17.187566759239477,51.11545152134769,91.73228346456692,3.7427900021362905,-6,1,15.3
85,2023-09-08,2023-09-03,20.32364879299295,15.91433454390088,18.118991668446917,16.41132847071748,92.1259842519685,4.409314249092072,-5,1,18
85,2023-09-08,2023-09-04,19.91348002563555,14.60692159794916,17.260200811792355,117.2276985992004,96.8503937007874,5.30655842768639,-4,1,18.7
85,2023-09-08,2023-09-05,17.77718436231574,10.30014954069643,14.038666951506084,53.42265083773307,87.00787401574803,7.477034821619311,-3,1,10.4
85,2023-09-08,2023-09-06,23.57081820123905,8.283486434522537,15.927152317880791,0.08926664021728925,81.1023622047244,15.287331766716513,-2,1,11.2
85,2023-09-08,2023-09-07,25.87801751762444,14.82909634693442,20.35355693227943,0.0755333109530909,77.95275590551181,11.04892117069002,-1,1,14.1
85,2023-09-08,2023-09-08,20.58000427259133,16.70049134800256,18.640247810296948,57.57011627552109,90.5511811023622,3.87951292458877,0,1,17
85,2023-09-08,2023-09-09,21.58833582567827,15.6579790643025,18.623157444990387,9.146397289956354,92.1259842519685,5.930356761375771,1,1,15.3
85,2023-09-08,2023-09-10,25.50202948088015,14.32493057039094,19.913480025635543,1.895199438459429,88.9763779527559,11.17709891048921,2,1,17
85,2023-09-08,2023-09-11,30.4582354197821,18.15317239906003,24.305703909421062,0.08926664021728925,69.68503937007874,12.30506302072207,3,1,18.1
85,2023-09-08,2023-09-12,24.9893185216834,16.45268105105747,20.72099978637043,0,78.34645669291338,8.53663747062593,4,1,16
85,2023-09-08,2023-09-13,18.47788933988464,10.37705618457595,14.427472762230297,26.25812555314798,96.06299212598424,8.10083315530869,5,1,15.4
85,2023-09-08,2023-09-14,15.52125614185003,6.544541764580218,11.032898953215124,25.29679250465406,79.5275590551181,8.976714377269811,6,1,6.8
85,2023-09-08,2023-09-15,20.99017303994873,4.78850672933134,12.889339884640034,0,61.81102362204724,16.20166631061739,7,1,5
85,2023-09-08,2023-09-16,27.3306985686819,9.633625293740652,18.482161931211277,0,54.72440944881889,17.697073274941246,8,1,9.1
85,2023-09-08,2023-09-17,31.53492843409528,16.15359965819269,23.844264046143984,0,61.02362204724409,15.381328775902592,9,1,15.2
85,2023-09-08,2023-09-18,32.11600085451826,21.55415509506516,26.83507797479171,0,64.1732283464567,10.561845759453105,10,1,17
85,2023-09-08,2023-09-19,22.87011322367016,18.4949797051912,20.68254646443068,10.27939695425275,93.30708661417324,4.375133518478961,11,1,18.8
85,2023-09-08,2023-09-20,29.67207861568041,16.90557573168126,23.288827173680836,16.46626178777427,82.67716535433071,12.766502883999149,12,1,19.1
85,2023-09-08,2023-09-21,31.99636829737236,20.46037171544542,26.228370006408888,0,76.77165354330708,11.53599658192694,13,1,19.8
85,2023-09-08,2023-09-22,24.86968596453749,18.81969664601581,21.844691305276648,4.18179876094851,83.85826771653544,6.049989318521678,14,1,19.5
85,2023-09-08,2023-09-23,29.12518692587054,17.52082888271737,23.323007904293956,24.00585955381939,75.98425196850394,11.60435804315317,15,1,19
85,2023-09-08,2023-09-24,29.72334971160009,19.74257637256996,24.732963042085025,0,77.16535433070865,9.98077333903013,16,1,20.4
85,2023-09-08,2023-09-25,20.52873317667165,14.63255714590899,17.58064516129032,0,92.51968503937007,5.8961760307626605,17,1,16
85,2023-09-08,2023-09-26,28.50993377483444,15.4101687673574,21.96005127109592,18.69106112857449,81.88976377952756,13.09976500747704,18,1,18.7
85,2023-09-08,2023-09-27,18.46079897457808,11.76992095706046,15.11535996581927,4.614398632770786,88.58267716535433,6.690878017517619,19,1,11.7
85,2023-09-08,2023-09-28,22.30613116855373,6.621448408459731,14.46378978850673,0.1304666280098843,73.62204724409449,15.684682760094,20,1,9.6
85,2023-09-08,2023-09-29,26.68126468703269,12.66716513565478,19.674214911343736,0,74.80314960629921,14.01409955137791,21,1,13.6
85,2023-09-08,2023-09-30,23.57081820123905,14.97436445204016,19.272591326639606,0,86.22047244094487,8.59645374919889,22,1,16.1
85,2023-09-08,2023-10-01,22.27195043794061,12.88079470198675,17.57637256996368,0.3295999023407603,75.59055118110236,9.39115573595386,23,1,11.3
85,2023-09-08,2023-10-02,24.01516769920957,8.612475966673788,16.313821832941677,0,62.59842519685039,15.402691732535782,24,1,9
85,2023-09-08,2023-10-03,27.86049989318522,9.13800469985046,18.49925229651784,0.04119998779259504,76.37795275590551,18.72249519333476,25,1,13.3
85,2023-09-08,2023-10-04,26.49327066866054,15.4101687673574,20.95171971800897,69.4357127597888,88.58267716535433,11.08310190130314,26,1,17.8
85,2023-09-08,2023-10-05,22.87011322367016,10.6419568468276,16.75603503524888,3.1998657185583,74.01574803149606,12.22815637684256,27,1,11.3
85,2023-09-08,2023-10-06,19.64003418073061,12.53044221320231,16.085238196966458,0,87.00787401574803,7.109591967528299,28,1,14.7
86,2023-08-28,2023-07-31,21.58833582567827,6.903439436017944,14.245887630848108,0.2540665913876694,85.43307086614173,14.684896389660327,-28,0,10.7
86,2023-08-28,2023-08-01,23.34864345225379,8.343302713095493,15.84597308267464,0.03433332316049587,76.77165354330708,15.005340739158296,-27,0,11.5
86,2023-08-28,2023-08-02,25.26276436658834,8.069856868190557,16.66631061738945,0,72.04724409448819,17.19290749839778,-26,0,10.1
86,2023-08-28,2023-08-03,24.9893185216834,8.569750053407391,16.779534287545395,0,72.04724409448819,16.41956846827601,-25,0,10.3
86,2023-08-28,2023-08-04,23.72463148899808,9.172185430463577,16.448408459730828,0,77.16535433070865,14.552446058534503,-24,0,10.9
86,2023-08-28,2023-08-05,26.3052766502884,10.40269173253578,18.35398419141209,0,73.22834645669292,15.902584917752618,-23,0,10.8
86,2023-08-28,2023-08-06,26.33945738090151,10.32578508865627,18.33262123477889,0,72.04724409448819,16.01367229224524,-22,0,11.8
86,2023-08-28,2023-08-07,28.27066866054262,13.684041871395,20.97735526596881,0,68.50393700787401,14.58662678914762,-21,0,11.8
86,2023-08-28,2023-08-08,18.68297372356334,12.47917111728263,15.581072420422984,0.775933103427235,90.5511811023622,6.203802606280709,-20,0,12.4
86,2023-08-28,2023-08-09,14.89745780816065,11.30848109378338,13.102969450972015,19.28159428693502,96.8503937007874,3.588976714377271,-19,0,11.7
86,2023-08-28,2023-08-10,19.89638966032899,12.49626148258919,16.19632557145909,41.09012115848262,95.2755905511811,7.4001281777397985,-18,0,14.6
86,2023-08-28,2023-08-11,20.56291390728477,12.8637043366802,16.713309121982483,6.0701315347758404,92.51968503937007,7.69920957060457,-17,0,14.1
86,2023-08-28,2023-08-12,18.81969664601581,12.65007477034822,15.734885708182016,11.82439649647512,90.15748031496062,6.169621875667589,-16,0,13.6
86,2023-08-28,2023-08-13,15.66652424695578,11.41956846827601,13.543046357615896,5.156865138706621,93.30708661417324,4.246955778679769,-15,0,13
86,2023-08-28,2023-08-14,17.03375347148045,9.983977782525102,13.508865627002775,0.3639332255012562,90.15748031496062,7.0497756889553465,-14,0,11.1
86,2023-08-28,2023-08-15,21.16107669301431,9.599444563127538,15.380260628070925,0,86.22047244094487,11.561632129886773,-13,0,11.9
86,2023-08-28,2023-08-16,22.75048066652425,11.12903225806452,16.939756462294383,0.03433332316049587,89.76377952755905,11.621448408459733,-12,0,14.3
86,2023-08-28,2023-08-17,25.65584276863918,13.22260200811792,19.43922238837855,0.1029999694814876,83.85826771653544,12.433240760521258,-11,0,15.2
86,2023-08-28,2023-08-18,27.1256141850032,13.53022858363597,20.327921384319588,1.613666188543363,72.83464566929133,13.59538560136723,-10,0,12.4
86,2023-08-28,2023-08-19,20.66545609912412,12.24845118564409,16.456953642384107,11.67332987456894,82.28346456692913,8.417004913480032,-9,0,11.8
86,2023-08-28,2023-08-20,21.84469130527665,8.125400555436872,14.985045930356762,0.03433332316049587,86.61417322834646,13.71929074983978,-8,0,12.8
86,2023-08-28,2023-08-21,24.3740653706473,12.28263191625721,18.328348643452255,0,81.1023622047244,12.09143345439009,-7,0,13.3
86,2023-08-28,2023-08-22,26.62999359111301,10.65904721213416,18.644520401623584,0,74.01574803149606,15.97094637897885,-6,0,12.9
86,2023-08-28,2023-08-23,29.56953642384106,17.62337107455672,23.59645374919889,0,58.66141732283464,11.946165349284342,-5,0,14.1
86,2023-08-28,2023-08-24,28.81756035035249,18.27280495620594,23.545182653279213,0,61.81102362204724,10.544755394146552,-4,0,14.5
86,2023-08-28,2023-08-25,21.41743217261269,11.87246314889981,16.644947660756248,10.81499679555651,96.06299212598424,9.54496902371288,-3,0,14
86,2023-08-28,2023-08-26,13.67549668874172,9.55671864986114,11.616107669301432,11.39866328928494,85.8267716535433,4.1187780388805795,-2,0,7.7
86,2023-08-28,2023-08-27,15.39307840205084,3.6947233497116,9.54390087588122,0.03433332316049587,81.49606299212599,11.69835505233924,-1,0,6.1
86,2023-08-28,2023-08-28,12.75261696218757,7.984405041657766,10.368511001922668,0,87.4015748031496,4.768211920529804,0,0,7.4
86,2023-08-28,2023-08-29,17.89681691946165,8.78765221106601,13.34223456526383,0,85.8267716535433,9.10916470839564,1,0,9
86,2023-08-28,2023-08-30,23.17773979918821,9.505447553941464,16.341593676564838,0,77.16535433070865,13.672292245246744,2,0,10.7
86,2023-08-28,2023-08-31,25.04058961760308,10.90685750907926,17.973723563341167,0.03433332316049587,75.98425196850394,14.13373210852382,3,0,12.4
86,2023-08-28,2023-09-01,24.97222815637684,7.898953215124974,16.435590685750906,0,66.92913385826772,17.073274941251867,4,0,11.2
86,2023-08-28,2023-09-02,17.04229865413373,12.15445417645802,14.598376415295874,0,95.66929133858268,4.887844477675712,5,0,14.1
86,2023-08-28,2023-09-03,27.99722281563768,13.41914120914335,20.708182012390516,52.32398449659718,83.46456692913385,14.578081606494331,6,0,17.4
86,2023-08-28,2023-09-04,28.76628925443281,18.68297372356334,23.724631488998075,1.002533036286508,79.92125984251969,10.08331553086947,7,0,18.3
86,2023-08-28,2023-09-05,23.02392651142918,13.54731894894253,18.285622730185857,9.936063722647788,81.88976377952756,9.47660756248665,8,0,14.7
86,2023-08-28,2023-09-06,18.20444349497971,11.7101046784875,14.957274086733603,0.03433332316049587,85.03937007874015,6.49433881649221,9,0,10.7
86,2023-08-28,2023-09-07,22.23776970732749,13.19696646015809,17.71736808374279,0,86.22047244094487,9.040803247169402,10,0,12.7
86,2023-08-28,2023-09-08,22.20358897671438,13.83785515915403,18.020722067934205,0.03433332316049587,87.79527559055117,8.365733817560349,11,0,14.4
86,2023-08-28,2023-09-09,20.16983550523392,14.23093356120487,17.200384533219395,3.762932218390461,91.33858267716536,5.93890194402905,12,0,15.3
86,2023-08-28,2023-09-10,24.93804742576373,13.17133091219825,19.054689168980993,0.03433332316049587,86.61417322834646,11.76671651356548,13,0,14.8
86,2023-08-28,2023-09-11,28.13394573809015,14.71800897244179,21.42597735526597,0,79.13385826771653,13.41593676564836,14,0,15.1
86,2023-08-28,2023-09-12,30.08224738303781,12.92352061525315,21.50288399914548,0.03433332316049587,65.35433070866142,17.15872676778466,15,0,13.4
86,2023-08-28,2023-09-13,29.00555436872463,14.01730399487289,21.51142918179876,0,67.32283464566929,14.98825037385174,16,0,12.6
86,2023-08-28,2023-09-14,19.17859431745354,10.49668874172185,14.837641529587696,4.91653187658315,75.59055118110236,8.68190557573169,17,0,10.4
86,2023-08-28,2023-09-15,22.18649861140782,7.117069002349925,14.651783806878871,0,77.55905511811024,15.069429609057895,18,0,8.9
86,2023-08-28,2023-09-16,26.54454176458022,9.317453535569324,17.930997650074772,0.03433332316049587,68.89763779527559,17.227088229010896,19,0,10.5
86,2023-08-28,2023-09-17,31.31275368511002,9.7190771202734485,20.515915402691732,0,61.41732283464566,21.593676564836574,20,0,11.7
86,2023-08-28,2023-09-18,30.90258491775262,13.59004486220893,22.246314889980773,0,62.20472440944881,17.31254005554369,21,0,13.4
86,2023-08-28,2023-09-19,29.43281350138859,15.96560563982055,22.69920957060457,2.080599383526106,72.44094488188976,13.46720786156804,22,0,15.6
86,2023-08-28,2023-09-20,28.97137363811152,16.54667806024354,22.75902584917753,7.38166447950681,81.1023622047244,12.42469557786798,23,0,17.4
86,2023-08-28,2023-09-21,30.33860286263619,16.84575945310831,23.59218115787225,9.627063814203323,74.01574803149606,13.49284340952788,24,0,16.8
86,2023-08-28,2023-09-22,32.15018158513138,16.41850032044435,24.284340952787865,0,73.22834645669292,15.73168126468703,25,0,16
86,2023-08-28,2023-09-23,32.45780816064944,15.77761162144841,24.117709891048925,1.579332865382867,73.62204724409449,16.680196539201035,26,0,16.6
86,2023-08-28,2023-09-24,33.32087160863064,17.53791924802393,25.429395428327283,0.03433332316049587,71.65354330708661,15.78295236060671,27,0,16.5
86,2023-08-28,2023-09-25,30.6633198034608,18.63170262764367,24.647511215552235,2.314065981017478,83.46456692913385,12.031617175817132,28,0,18.5
87,2023-09-11,2023-08-14,21.46870326853237,3.839991454817346,12.65434736167486,0,65.74803149606299,17.62871181371502,-28,1,5.6
87,2023-09-11,2023-08-15,26.13437299722282,9.428540910061953,17.781456953642387,0,68.50393700787401,16.705832087160864,-27,1,11.5
87,2023-09-11,2023-08-16,27.53578295236061,13.99166844691305,20.76372569963683,0,65.74803149606299,13.54411450544756,-26,1,12.7
87,2023-09-11,2023-08-17,28.356120487075412,16.58085879085666,22.46848963896603,0,70.47244094488188,11.775261696218752,-25,1,16.3
87,2023-09-11,2023-08-18,23.17773979918821,13.684041871395,18.430890835291606,0,81.1023622047244,9.49369792779321,-24,1,14.2
87,2023-09-11,2023-08-19,18.23862422559282,8.975646229438155,13.607135227515489,7.306131168553719,75.59055118110236,9.262977996154664,-23,1,10.1
87,2023-09-11,2023-08-20,21.10980559709464,8.283486434522537,14.696646015808588,0,80.31496062992126,12.8263191625721,-22,1,11.5
87,2023-09-11,2023-08-21,23.62208929715873,12.5731681264687,18.097628711813716,0,84.25196850393701,11.048921170690033,-21,1,13.3
87,2023-09-11,2023-08-22,28.49284340952788,16.96539201025422,22.72911770989105,0,74.80314960629921,11.52745139927366,-20,1,16.6
87,2023-09-11,2023-08-23,30.16769920957061,19.87929929502243,25.02349925229652,0,68.89763779527559,10.28839991454818,-19,1,17.9
87,2023-09-11,2023-08-24,20.99017303994873,11.12903225806452,16.059602649006624,0,87.79527559055117,9.86114078188421,-18,1,13.3
87,2023-09-11,2023-08-25,17.62337107455672,6.09591967528306,11.85964537491989,0,66.92913385826772,11.52745139927366,-17,1,3.5
87,2023-09-11,2023-08-26,15.11963255714591,4.215979491561631,9.66780602435377,0,63.7795275590551,10.903653065584278,-16,1,1.5
87,2023-09-11,2023-08-27,14.76928006836146,2.216406750694295,8.492843409527877,0,63.38582677165353,12.552873317667164,-15,1,1.5
87,2023-09-11,2023-08-28,19.05896176030762,2.38731040375988,10.72313608203375,0,69.68503937007874,16.67165135654774,-14,1,4.5
87,2023-09-11,2023-08-29,22.39158299508652,6.672719504379407,14.532151249732964,0,68.50393700787401,15.718863490707111,-13,1,8.2
87,2023-09-11,2023-08-30,24.88677632984405,8.78765221106601,16.83721427045503,0,63.7795275590551,16.09912411877804,-12,1,9.6
87,2023-09-11,2023-08-31,25.8096560563982,11.82973723563341,18.819696646015807,0,62.20472440944881,13.97991882076479,-11,1,10.4
87,2023-09-11,2023-09-01,19.46913052766503,12.65861995300149,16.06387524033326,0,79.92125984251969,6.810510574663541,-10,1,12
87,2023-09-11,2023-09-02,19.05896176030762,15.31617175817133,17.187566759239477,51.11545152134769,91.73228346456692,3.7427900021362905,-9,1,15.3
87,2023-09-11,2023-09-03,20.32364879299295,15.91433454390088,18.118991668446917,16.41132847071748,92.1259842519685,4.409314249092072,-8,1,18
87,2023-09-11,2023-09-04,19.91348002563555,14.60692159794916,17.260200811792355,117.2276985992004,96.8503937007874,5.30655842768639,-7,1,18.7
87,2023-09-11,2023-09-05,17.77718436231574,10.30014954069643,14.038666951506084,53.42265083773307,87.00787401574803,7.477034821619311,-6,1,10.4
87,2023-09-11,2023-09-06,23.57081820123905,8.283486434522537,15.927152317880791,0.08926664021728925,81.1023622047244,15.287331766716513,-5,1,11.2
87,2023-09-11,2023-09-07,25.87801751762444,14.82909634693442,20.35355693227943,0.0755333109530909,77.95275590551181,11.04892117069002,-4,1,14.1
87,2023-09-11,2023-09-08,20.58000427259133,16.70049134800256,18.640247810296948,57.57011627552109,90.5511811023622,3.87951292458877,-3,1,17
87,2023-09-11,2023-09-09,21.58833582567827,15.6579790643025,18.623157444990387,9.146397289956354,92.1259842519685,5.930356761375771,-2,1,15.3
87,2023-09-11,2023-09-10,25.50202948088015,14.32493057039094,19.913480025635543,1.895199438459429,88.9763779527559,11.17709891048921,-1,1,17
87,2023-09-11,2023-09-11,30.4582354197821,18.15317239906003,24.305703909421062,0.08926664021728925,69.68503937007874,12.30506302072207,0,1,18.1
87,2023-09-11,2023-09-12,24.9893185216834,16.45268105105747,20.72099978637043,0,78.34645669291338,8.53663747062593,1,1,16
87,2023-09-11,2023-09-13,18.47788933988464,10.37705618457595,14.427472762230297,26.25812555314798,96.06299212598424,8.10083315530869,2,1,15.4
87,2023-09-11,2023-09-14,15.52125614185003,6.544541764580218,11.032898953215124,25.29679250465406,79.5275590551181,8.976714377269811,3,1,6.8
87,2023-09-11,2023-09-15,20.99017303994873,4.78850672933134,12.889339884640034,0,61.81102362204724,16.20166631061739,4,1,5
87,2023-09-11,2023-09-16,27.3306985686819,9.633625293740652,18.482161931211277,0,54.72440944881889,17.697073274941246,5,1,9.1
87,2023-09-11,2023-09-17,31.53492843409528,16.15359965819269,23.844264046143984,0,61.02362204724409,15.381328775902592,6,1,15.2
87,2023-09-11,2023-09-18,32.11600085451826,21.55415509506516,26.83507797479171,0,64.1732283464567,10.561845759453105,7,1,17
87,2023-09-11,2023-09-19,22.87011322367016,18.4949797051912,20.68254646443068,10.27939695425275,93.30708661417324,4.375133518478961,8,1,18.8
87,2023-09-11,2023-09-20,29.67207861568041,16.90557573168126,23.288827173680836,16.46626178777427,82.67716535433071,12.766502883999149,9,1,19.1
87,2023-09-11,2023-09-21,31.99636829737236,20.46037171544542,26.228370006408888,0,76.77165354330708,11.53599658192694,10,1,19.8
87,2023-09-11,2023-09-22,24.86968596453749,18.81969664601581,21.844691305276648,4.18179876094851,83.85826771653544,6.049989318521678,11,1,19.5
87,2023-09-11,2023-09-23,29.12518692587054,17.52082888271737,23.323007904293956,24.00585955381939,75.98425196850394,11.60435804315317,12,1,19
87,2023-09-11,2023-09-24,29.72334971160009,19.74257637256996,24.732963042085025,0,77.16535433070865,9.98077333903013,13,1,20.4
87,2023-09-11,2023-09-25,20.52873317667165,14.63255714590899,17.58064516129032,0,92.51968503937007,5.8961760307626605,14,1,16
87,2023-09-11,2023-09-26,28.50993377483444,15.4101687673574,21.96005127109592,18.69106112857449,81.88976377952756,13.09976500747704,15,1,18.7
87,2023-09-11,2023-09-27,18.46079897457808,11.76992095706046,15.11535996581927,4.614398632770786,88.58267716535433,6.690878017517619,16,1,11.7
87,2023-09-11,2023-09-28,22.30613116855373,6.621448408459731,14.46378978850673,0.1304666280098843,73.62204724409449,15.684682760094,17,1,9.6
87,2023-09-11,2023-09-29,26.68126468703269,12.66716513565478,19.674214911343736,0,74.80314960629921,14.01409955137791,18,1,13.6
87,2023-09-11,2023-09-30,23.57081820123905,14.97436445204016,19.272591326639606,0,86.22047244094487,8.59645374919889,19,1,16.1
87,2023-09-11,2023-10-01,22.27195043794061,12.88079470198675,17.57637256996368,0.3295999023407603,75.59055118110236,9.39115573595386,20,1,11.3
87,2023-09-11,2023-10-02,24.01516769920957,8.612475966673788,16.313821832941677,0,62.59842519685039,15.402691732535782,21,1,9
87,2023-09-11,2023-10-03,27.86049989318522,9.13800469985046,18.49925229651784,0.04119998779259504,76.37795275590551,18.72249519333476,22,1,13.3
87,2023-09-11,2023-10-04,26.49327066866054,15.4101687673574,20.95171971800897,69.4357127597888,88.58267716535433,11.08310190130314,23,1,17.8
87,2023-09-11,2023-10-05,22.87011322367016,10.6419568468276,16.75603503524888,3.1998657185583,74.01574803149606,12.22815637684256,24,1,11.3
87,2023-09-11,2023-10-06,19.64003418073061,12.53044221320231,16.085238196966458,0,87.00787401574803,7.109591967528299,25,1,14.7
87,2023-09-11,2023-10-07,18.68297372356334,16.18778038880581,17.435377056184574,62.34931485946225,95.66929133858268,2.4951933347575306,26,1,17
87,2023-09-11,2023-10-08,19.1956846827601,13.81221961119419,16.503952146977145,3.179265724662002,89.76377952755905,5.38346507156591,27,1,13.6
87,2023-09-11,2023-10-09,23.84426404614399,14.11130100405896,18.977782525101475,0.08239997558519008,79.5275590551181,9.73296304208503,28,1,12.8
88,2023-09-17,2023-08-20,20.99017303994873,8.386028626361888,14.688100833155309,0,79.13385826771653,12.60414441358684,-28,1,10.9
88,2023-09-17,2023-08-21,23.70754112369152,10.54795983764153,17.127750480666524,0,83.85826771653544,13.15958128604999,-27,1,13
88,2023-09-17,2023-08-22,28.98846400341807,15.92287972655416,22.455671864986115,0.04806665242469421,75.59055118110236,13.065584276863907,-26,1,17.2
88,2023-09-17,2023-08-23,29.99679555650502,18.42661824396496,24.21170690023499,0,72.44094488188976,11.57017731254006,-25,1,18.3
88,2023-09-17,2023-08-24,18.46079897457808,11.00939970091861,14.735099337748345,0,83.07086614173228,7.451399273659469,-24,1,11.7
88,2023-09-17,2023-08-25,17.50373851741081,5.907925656910917,11.705832087160864,0,64.56692913385827,11.595812860499892,-23,1,3.6
88,2023-09-17,2023-08-26,14.89745780816065,3.224738303781244,9.061098055970948,0,64.56692913385827,11.672719504379408,-22,1,2.4
88,2023-09-17,2023-08-27,14.22238837855159,2.71202734458449,8.46720786156804,0,62.59842519685039,11.5103610339671,-21,1,1.8
88,2023-09-17,2023-08-28,17.91390728476821,2.404400769066438,10.159154026917324,0,69.29133858267717,15.509506515701773,-20,1,4.3
88,2023-09-17,2023-08-29,22.59666737876522,6.130100405896176,14.363383892330695,0,69.68503937007874,16.466566972869042,-19,1,8.4
88,2023-09-17,2023-08-30,24.69878231147191,7.634052552873317,16.166417432172615,0,65.74803149606299,17.06472975859859,-18,1,9.7
88,2023-09-17,2023-08-31,25.70711386455886,10.45396282845546,18.08053834650716,0,62.99212598425196,15.2531510361034,-17,1,10.5
88,2023-09-17,2023-09-01,19.91348002563555,13.41059602649007,16.66203802606281,12.9985961485641,81.88976377952756,6.50288399914548,-16,1,12.1
88,2023-09-17,2023-09-02,19.50331125827815,15.80324716940825,17.6532792138432,33.5093234046449,91.73228346456692,3.7000640888698992,-15,1,15.8
88,2023-09-17,2023-09-03,18.81969664601581,15.9057893612476,17.362743003631707,30.81759086886197,94.09448818897636,2.913907284768211,-14,1,18.1
88,2023-09-17,2023-09-04,20.10147404400769,14.41038239692374,17.255928220465716,123.5999633777886,96.8503937007874,5.691091647083951,-13,1,18.5
88,2023-09-17,2023-09-05,17.70882290108951,10.41123691518906,14.060029908139285,49.71465193639941,89.37007874015748,7.297585985900449,-12,1,10.1
88,2023-09-17,2023-09-06,24.2886135441145,8.206579790643026,16.247596667378765,0.03433332316049587,82.28346456692913,16.082033753471475,-11,1,10.9
88,2023-09-17,2023-09-07,26.49327066866054,15,20.74663533433027,7.29926450392162,77.95275590551181,11.49327066866054,-10,1,14.8
88,2023-09-17,2023-09-08,21.10980559709464,16.99957274086734,19.05468916898099,43.53465376750998,90.94488188976378,4.110232856227299,-9,1,17.4
88,2023-09-17,2023-09-09,21.70796838282418,16.79448835718863,19.251228370006405,11.34372997222815,92.1259842519685,4.91348002563555,-8,1,15.4
88,2023-09-17,2023-09-10,25.58748130741294,14.18820764793847,19.887844477675703,2.430799279763164,90.15748031496062,11.39927365947447,-7,1,16.6
88,2023-09-17,2023-09-11,31.50074770348216,21.79342020935697,26.647083956419564,0,73.22834645669292,9.707327494125188,-6,1,18.5
88,2023-09-17,2023-09-12,24.2886135441145,16.79448835718863,20.541550950651565,0,81.88976377952756,7.494125186925871,-5,1,16.7
88,2023-09-17,2023-09-13,17.91390728476821,10.80431531723991,14.35911130100406,56.22425000762962,96.45669291338582,7.109591967528301,-4,1,13.1
88,2023-09-17,2023-09-14,16.90557573168126,6.40354625080111,11.654560991241183,24.51399273659473,80.70866141732283,10.50202948088015,-3,1,6.6
88,2023-09-17,2023-09-15,21.70796838282418,6.207007049775688,13.957487716299934,0.03433332316049587,64.1732283464567,15.500961333048492,-2,1,5.5
88,2023-09-17,2023-09-16,28.09976500747704,10.80431531723991,19.452040162358475,0,56.29921259842519,17.295449690237128,-1,1,9.1
88,2023-09-17,2023-09-17,31.31275368511002,16.58085879085666,23.94680623798334,0,62.20472440944881,14.731894894253362,0,1,15.7
88,2023-09-17,2023-09-18,32.70561845759453,22.40867336039308,27.557145908993807,0,65.74803149606299,10.296945097201451,1,1,17
88,2023-09-17,2023-09-19,23.70754112369152,19.1956846827601,21.451612903225808,24.18439283425397,92.1259842519685,4.511856440931421,2,1,18.9
88,2023-09-17,2023-09-20,30.09933774834437,17.40974150822474,23.75453962828455,6.193731498153625,83.85826771653544,12.68959624011963,3,1,19.4
88,2023-09-17,2023-09-21,32.91070284127323,21.79342020935697,27.3520615253151,6.262398144474616,79.13385826771653,11.117282631916256,4,1,20.2
88,2023-09-17,2023-09-22,24.90386669515061,19.1956846827601,22.049775688955357,8.610797448652619,85.43307086614173,5.7081820123905125,5,1,19.9
88,2023-09-17,2023-09-23,29.50117496261483,17.999359111301,23.750267036957915,31.50425733207189,78.74015748031496,11.501815851313829,6,1,19.5
88,2023-09-17,2023-09-24,27.3306985686819,19.1956846827601,23.263191625721,5.040131839960935,81.88976377952756,8.1350138859218,7,1,20.4
88,2023-09-17,2023-09-25,20.28946806237983,14.59837641529588,17.443922238837853,0.6866664632099457,92.91338582677164,5.691091647083949,8,1,15.4
88,2023-09-17,2023-09-26,28.49284340952788,15,21.74642170476394,14.39252906888026,87.79527559055117,13.49284340952788,9,1,17.1
88,2023-09-17,2023-09-27,18.10190130314036,12.2057252723777,15.153813287759029,3.694265572069469,87.79527559055117,5.896176030762659,10,1,11
88,2023-09-17,2023-09-28,22.49412518692587,7.403332621234779,14.948728904080324,0.0755333109530909,75.19685039370079,15.090792565691093,11,1,9.2
88,2023-09-17,2023-09-29,27.10852381969665,13.00042725913266,20.054475539414653,0,75.59055118110236,14.10809656056399,12,1,13.6
88,2023-09-17,2023-09-30,24.69878231147191,14.80346079897458,19.751121555223243,0,86.22047244094487,9.895321512497327,13,1,15.8
88,2023-09-17,2023-10-01,21.91305276650288,13.17133091219825,17.542191839350565,0,75.19685039370079,8.741721854304629,14,1,11.5
88,2023-09-17,2023-10-02,23.91262550737022,13.59859004486221,18.755607776116214,0,64.1732283464567,10.31403546250801,15,1,9.3
88,2023-09-17,2023-10-03,28.69792779320658,9.804528946806238,19.25122837000641,0,75.98425196850394,18.893398846400345,16,1,13
88,2023-09-17,2023-10-04,27.70668660542619,15.80324716940825,21.75496688741722,56.03198339793084,88.9763779527559,11.90343943601794,17,1,17.7
88,2023-09-17,2023-10-05,23.70754112369152,11.20593890194403,17.456740012817775,0.398266548661752,75.98425196850394,12.50160222174749,18,1,10.8
88,2023-09-17,2023-10-06,20.49455244605853,12.80388805810724,16.649220252082884,0,84.25196850393701,7.690664387951291,19,1,13.8
88,2023-09-17,2023-10-07,18.7000640888699,16.40995513779107,17.555009613330483,46.47358623004851,95.2755905511811,2.2901089510788317,20,1,16.4
88,2023-09-17,2023-10-08,18.61461226233711,13.79512924588763,16.20487075411237,6.372264778588203,87.79527559055117,4.819483016449482,21,1,13.5
88,2023-09-17,2023-10-09,24.69878231147191,16.40995513779107,20.554368724631487,0,81.1023622047244,8.28882717368084,22,1,12.9
88,2023-09-17,2023-10-10,28.90301217688528,12.80388805810724,20.85345011749626,0,70.86614173228347,16.09912411877804,23,1,14.1
88,2023-09-17,2023-10-11,22.49412518692587,17.999359111301,20.246742149113437,8.809930722983495,86.61417322834646,4.49476607562487,24,1,16.8
88,2023-09-17,2023-10-12,18.7000640888699,9.206366161076694,13.953215124973298,33.89385662404248,91.73228346456692,9.493697927793209,25,1,10.3
88,2023-09-17,2023-10-13,19.29822687459944,9.599444563127538,14.448835718863489,26.65639210180976,78.74015748031496,9.698782311471902,26,1,8
88,2023-09-17,2023-10-14,25.70711386455886,9.804528946806238,17.75582140568255,0,72.04724409448819,15.902584917752622,27,1,10.5
88,2023-09-17,2023-10-15,28.28775902584918,14.49583422345653,21.391796624652855,0,74.01574803149606,13.79192480239265,28,1,15.3
89,2023-09-03,2023-08-06,26.20273445844905,8.125400555436872,17.164067506942963,0,76.37795275590551,18.07733390301218,-28,0,11.6
89,2023-09-03,2023-08-07,28.66374706259347,11.28284554582354,19.973296304208503,0,73.62204724409449,17.38090151676993,-27,0,12.3
89,2023-09-03,2023-08-08,17.74300363170263,11.67592394787439,14.709463789788511,0,91.33858267716536,6.067079683828242,-26,0,11.9
89,2023-09-03,2023-08-09,14.9572740867336,10.77013458662679,12.863704336680197,15.42252876369517,97.24409448818898,4.1871395001068095,-25,0,11.7
89,2023-09-03,2023-08-10,17.94808801538133,12.64152958769494,15.294808801538135,22.01452681051057,96.8503937007874,5.30655842768639,-24,0,14.4
89,2023-09-03,2023-08-11,18.0848109378338,12.59025849177526,15.33753471480453,11.70766319772943,94.48818897637796,5.494552446058542,-23,0,14.8
89,2023-09-03,2023-08-12,17.55500961333048,11.90664387951292,14.7308267464217,23.75865962706382,90.94488188976378,5.64836573381756,-22,0,13.6
89,2023-09-03,2023-08-13,15.01709036530656,9.932706686605426,12.474898525955991,7.340464491714215,94.48818897637796,5.084383678701133,-21,0,12.4
89,2023-09-03,2023-08-14,17.31574449903867,9.650715659047211,13.48323007904294,1.167332987456888,90.15748031496062,7.665028839991457,-20,0,11
89,2023-09-03,2023-08-15,21.29779961546678,8.78765221106601,15.042725913266397,0,88.58267716535433,12.510147404400769,-19,0,11.8
89,2023-09-03,2023-08-16,22.11813715018159,10.4795983764153,16.298867763298446,0,91.73228346456692,11.638538773766289,-18,0,14.2
89,2023-09-03,2023-08-17,25.87801751762444,12.93206579790643,19.40504165776543,0,85.03937007874015,12.945951719718009,-17,0,15.6
89,2023-09-03,2023-08-18,27.15979491561632,11.92373424481948,19.5417645802179,1.702932828760652,74.01574803149606,15.23606067079684,-16,0,12.8
89,2023-09-03,2023-08-19,20.78508865627003,11.99209570604572,16.388592181157875,16.89199499496445,83.46456692913385,8.79299295022431,-15,0,11.8
89,2023-09-03,2023-08-20,21.86178167058321,7.988677632984405,14.925229651783807,0,88.18897637795276,13.873104037598804,-14,0,12.3
89,2023-09-03,2023-08-21,24.35697500534074,11.15466780602435,17.755821405682546,0,82.28346456692913,13.20230719931639,-13,0,12.9
89,2023-09-03,2023-08-22,26.81798760948515,10.56505020294809,18.691518906216626,0,77.16535433070865,16.25293740653706,-12,0,13.1
89,2023-09-03,2023-08-23,30.35569322794275,16.92266609698782,23.63917966246529,0,58.26771653543306,13.43302713095493,-11,0,14.5
89,2023-09-03,2023-08-24,29.53535569322794,16.26468703268532,22.90002136295663,0,62.20472440944881,13.270668660542622,-10,0,15.1
89,2023-09-03,2023-08-25,20.16983550523392,10.65904721213416,15.41444135868404,13.25266273995177,97.24409448818898,9.51078829309976,-9,0,13.2
89,2023-09-03,2023-08-26,14.78637043366802,8.351847895748772,11.569109164708395,13.28699606311227,85.43307086614173,6.434522537919248,-8,0,6.8
89,2023-09-03,2023-08-27,15.31617175817133,3.04528946806238,9.180730613116856,0,84.64566929133858,12.27088229010895,-7,0,5.3
89,2023-09-03,2023-08-28,12.10318308053835,7.770775475325785,9.936979277932068,0,89.37007874015748,4.332407605212565,-6,0,7
89,2023-09-03,2023-08-29,17.1362956633198,8.531296731467634,12.833796197393715,0,89.37007874015748,8.604998931852165,-5,0,8.8
89,2023-09-03,2023-08-30,23.24610126041444,9.411450544755391,16.328775902584916,0,81.1023622047244,13.834650715659048,-4,0,10.4
89,2023-09-03,2023-08-31,24.9893185216834,9.36017944883572,17.174748985259562,0,79.13385826771653,15.629139072847682,-3,0,12.1
89,2023-09-03,2023-09-01,24.75005340739158,7.941679128391369,16.345866267891473,0,71.65354330708661,16.808374279000212,-2,0,9.5
89,2023-09-03,2023-09-02,17.01666310617389,11.41102328562273,14.21384319589831,0,97.24409448818898,5.605639820551161,-1,0,14
89,2023-09-03,2023-09-03,28.76628925443281,12.87224951933348,20.819269386883143,35.70665608691672,83.46456692913385,15.89403973509933,0,0,17.5
89,2023-09-03,2023-09-04,29.44990386669515,19.07605212561418,24.262977996154664,0,80.31496062992126,10.37385174108097,1,0,18.4
89,2023-09-03,2023-09-05,22.81884212775048,12.81243324076052,17.8156376842555,14.41999572740866,83.85826771653544,10.00640888698996,2,0,14.3
89,2023-09-03,2023-09-06,16.96539201025422,11.61610766930143,14.290749839777824,0,87.79527559055117,5.34928434095279,3,0,10.3
89,2023-09-03,2023-09-07,20.30655842768639,13.10296945097202,16.704763939329204,0.1304666280098843,90.5511811023622,7.20358897671437,4,0,12.6
89,2023-09-03,2023-09-08,20.8363597521897,14.11984618671224,17.47810296945097,0,87.79527559055117,6.716513565477461,5,0,14.5
89,2023-09-03,2023-09-09,20.54582354197821,14.64110232856227,17.59346293527024,3.241065706350895,89.76377952755905,5.904721213415938,6,0,15.2
89,2023-09-03,2023-09-10,23.6733603930784,14.04293954283273,18.85814996795557,0.04119998779259504,90.5511811023622,9.63042085024567,7,0,14.9
89,2023-09-03,2023-09-11,27.87759025849178,14.25656910916471,21.067079683828243,0,80.31496062992126,13.621021149327069,8,0,15.5
89,2023-09-03,2023-09-12,30.21897030549028,12.76970732749412,21.4943388164922,0,69.29133858267717,17.449262977996163,9,0,14.3
89,2023-09-03,2023-09-13,29.00555436872463,13.94039735099338,21.472975859859005,0,73.22834645669292,15.065157017731252,10,0,13.3
89,2023-09-03,2023-09-14,20.44328135013886,10.34287545396283,15.393078402050843,4.065065462202824,73.62204724409449,10.100405896176031,11,0,9.8
89,2023-09-03,2023-09-15,22.01559495834223,6.591540269173253,14.303567613757744,0,79.5275590551181,15.424054689168978,12,0,8.5
89,2023-09-03,2023-09-16,26.45908993804743,8.90728476821192,17.683187353129675,0,71.65354330708661,17.55180516983551,13,0,10.5
89,2023-09-03,2023-09-17,31.36402478102969,9.086733603930783,20.22537919248024,0,66.92913385826772,22.277291177098903,14,0,11.8
89,2023-09-03,2023-09-18,31.4836573381756,13.83785515915403,22.660756248664818,0,65.74803149606299,17.645802179021572,15,0,14.1
89,2023-09-03,2023-09-19,29.15936765648366,16.22196111941893,22.690664387951298,2.341532639545875,78.34645669291338,12.937406537064732,16,0,16
89,2023-09-03,2023-09-20,28.42448194830165,15.96560563982055,22.1950437940611,14.69466231269266,85.43307086614173,12.4588763084811,17,0,17.9
89,2023-09-03,2023-09-21,30.33860286263619,17.04229865413373,23.69045075838496,0,77.55905511811024,13.29630420850246,18,0,16.5
89,2023-09-03,2023-09-22,32.44071779534288,15.8203375347148,24.13052766502884,0,79.92125984251969,16.620380260628075,19,0,16.3
89,2023-09-03,2023-09-23,32.37235633411665,15.4528946806238,23.912625507370223,7.436597796563603,79.5275590551181,16.919461653492853,20,0,17.1
89,2023-09-03,2023-09-24,33.52595599230933,17.81136509292886,25.668660542619097,0,79.13385826771653,15.714590899380468,21,0,17.9
89,2023-09-03,2023-09-25,27.02307199316385,17.12775048066652,22.075411236915187,5.25299844355601,92.91338582677164,9.895321512497327,22,0,19
89,2023-09-03,2023-09-26,30.09933774834437,16.54667806024354,23.323007904293956,11.02786339915158,85.03937007874015,13.552659688100832,23,0,18.4
89,2023-09-03,2023-09-27,25.99765007477035,17.65755180516983,21.82760093997009,0.5218665120395656,79.13385826771653,8.340098269600517,24,0,17.2
89,2023-09-03,2023-09-28,18.34116641743217,10.07797479171117,14.20957060457167,1.078066347239599,86.61417322834646,8.263191625721,25,0,9.4
89,2023-09-03,2023-09-29,18.42661824396496,12.01773125400555,15.222174748985257,0,90.94488188976378,6.408886989959409,26,0,12
89,2023-09-03,2023-09-30,19.70839564195685,14.41038239692374,17.059389019440296,3.165532395397804,95.2755905511811,5.298013245033111,27,0,15.4
89,2023-09-03,2023-10-01,23.84426404614399,16.04251228370006,19.943388164922027,12.59346293527025,89.76377952755905,7.801751762443931,28,0,17.2
90,2023-09-28,2023-08-31,25.3994872890408,11.90664387951292,18.65306558427686,0,62.59842519685039,13.49284340952788,-28,1,10
90,2023-09-28,2023-09-01,18.20444349497971,12.90643024994659,15.55543687246315,0,76.37795275590551,5.29801324503312,-27,1,11.7
90,2023-09-28,2023-09-02,19.315317239906,13.50459303567614,16.40995513779107,48.12158574175237,89.37007874015748,5.810724204229862,-26,1,14.3
90,2023-09-28,2023-09-03,20.40910061952574,15.50416577654347,17.956633198034606,9.57899716177863,91.33858267716536,4.9049348429822714,-25,1,17
90,2023-09-28,2023-09-04,20.81926938688314,17.91390728476821,19.366588335825675,115.7994323557237,94.48818897637796,2.9053621021149283,-24,1,18.8
90,2023-09-28,2023-09-05,18.20444349497971,11.21448408459731,14.70946378978851,53.28531754509109,84.25196850393701,6.989959410382401,-23,1,10.3
90,2023-09-28,2023-09-06,20.61418500320444,8.509933774834437,14.56205938901944,0.03433332316049587,79.92125984251969,12.104251228370003,-22,1,10.7
90,2023-09-28,2023-09-07,23.91262550737022,13.21405682546464,18.56334116641743,0,74.40944881889763,10.69856868190558,-21,1,12.9
90,2023-09-28,2023-09-08,19.1102328562273,15.50416577654347,17.307199316385386,52.43385113071076,88.58267716535433,3.606067079683829,-20,1,15.6
90,2023-09-28,2023-09-09,21.81051057466353,14.60692159794916,18.208716086306342,10.03219702749718,92.1259842519685,7.2035889767143715,-19,1,14.1
90,2023-09-28,2023-09-10,23.99807733390301,14.21384319589831,19.10596026490066,4.065065462202824,87.79527559055117,9.7842341380047,-18,1,16.3
90,2023-09-28,2023-09-11,28.81756035035249,16.90557573168126,22.861568041016874,0.08239997558519008,69.68503937007874,11.91198461867123,-17,1,16.6
90,2023-09-28,2023-09-12,24.81841486861781,18.40952787865841,21.61397137363811,0,75.59055118110236,6.408886989959402,-16,1,14.9
90,2023-09-28,2023-09-13,19.50331125827815,10.71031830805384,15.106814783165994,12.46299630726034,93.7007874015748,8.79299295022431,-15,1,15.9
90,2023-09-28,2023-09-14,13.60713522751549,7.510147404400769,10.55864131595813,29.58159123508406,78.74015748031496,6.096987823114722,-14,1,6.3
90,2023-09-28,2023-09-15,19.99893185216834,4.3099765007477044,12.154454176458025,0.1441999572740826,62.99212598425196,15.688955351420637,-13,1,4.4
90,2023-09-28,2023-09-16,25.8096560563982,9.112369151890622,17.46101260414441,0,55.90551181102362,16.69728690450758,-12,1,8.3
90,2023-09-28,2023-09-17,30.20187994018372,14.80346079897458,22.50267036957915,0,59.44881889763779,15.39841914120914,-11,1,13.5
90,2023-09-28,2023-09-18,31.00512710959197,19.70839564195685,25.35676137577441,0,64.1732283464567,11.29673146763512,-10,1,15.3
90,2023-09-28,2023-09-19,20.69963682973724,17.60628070925016,19.1529587694937,15.62852870265817,92.91338582677164,3.09335612048708,-9,1,17.9
90,2023-09-28,2023-09-20,29.60371715445418,16.70049134800256,23.152104251228373,20.5175939207129,81.88976377952756,12.90322580645162,-8,1,18.2
90,2023-09-28,2023-09-21,29.99679555650502,19.50331125827815,24.750053407391583,0.0755333109530909,77.95275590551181,10.493484298226871,-7,1,18.8
90,2023-09-28,2023-09-22,23.39991454817347,17.91390728476821,20.65691091647084,3.728598895229965,88.18897637795276,5.486007263405259,-6,1,18.6
90,2023-09-28,2023-09-23,25.1944029053621,17.20465712454604,21.19953001495407,30.70772423474838,80.31496062992126,7.989745780816062,-5,1,18.5
90,2023-09-28,2023-09-24,31.19312112796411,18.40952787865841,24.801324503311257,2.986999114963226,79.92125984251969,12.7835932493057,-4,1,19.4
90,2023-09-28,2023-09-25,21.70796838282418,16.315958128605,19.01196325571459,0.1167332987456859,93.30708661417324,5.39201025421918,-3,1,16.1
90,2023-09-28,2023-09-26,31.60328989532151,16.81157872249519,24.20743430890835,20.94332712790307,83.85826771653544,14.791711172826318,-2,1,19.2
90,2023-09-28,2023-09-27,20.69963682973724,10.30869472334971,15.504165776543475,3.28226569414349,90.15748031496062,10.39094210638753,-1,1,12.5
90,2023-09-28,2023-09-28,21.40034180730613,6.510361033967101,13.955351420636616,0.4325998718222479,74.01574803149606,14.88998077333903,0,1,8.7
90,2023-09-28,2023-09-29,23.99807733390301,13.11151463362529,18.55479598376415,0.0755333109530909,73.22834645669292,10.886562700277718,1,1,12.8
90,2023-09-28,2023-09-30,20.20401623584704,15.11108737449263,17.657551805169835,1.208532975249483,88.18897637795276,5.092928861354409,2,1,15.4
90,2023-09-28,2023-10-01,22.49412518692587,12.00918607135227,17.25165562913907,0.4394665364543471,79.5275590551181,10.4849391155736,3,1,11.8
90,2023-09-28,2023-10-02,23.00683614612262,6.809442426831874,14.908139286477248,0.2197332682271735,68.11023622047244,16.197393719290744,4,1,8.4
90,2023-09-28,2023-10-03,27.60414441358684,10.11215552232429,18.85814996795557,0,75.59055118110236,17.49198889126255,5,1,13.6
90,2023-09-28,2023-10-04,24.69878231147191,15.60670796838282,20.152745139927365,72.45704519791252,88.58267716535433,9.09207434308909,6,1,17.6
90,2023-09-28,2023-10-05,23.81008331553087,13.41059602649007,18.610339671010472,9.867397076326796,74.01574803149606,10.3994872890408,7,1,12.2
90,2023-09-28,2023-10-06,20.40910061952574,13.11151463362529,16.760307626575518,0,90.94488188976378,7.297585985900451,8,1,15.3
90,2023-09-28,2023-10-07,19.40076906643879,15.4101687673574,17.405468916898094,65.2058473464156,94.48818897637796,3.9906002990813914,9,1,16.9
90,2023-09-28,2023-10-08,18.7000640888699,13.21405682546464,15.95706045716727,8.720664082766206,92.1259842519685,5.486007263405261,10,1,14.1
90,2023-09-28,2023-10-09,23.00683614612262,13.30805383465072,18.15744499038667,0.315866573076562,81.1023622047244,9.6987823114719,11,1,12.9
90,2023-09-28,2023-10-10,27.19397564622944,13.21405682546464,20.20401623584704,0.03433332316049587,71.65354330708661,13.9799188207648,12,1,14.1
90,2023-09-28,2023-10-11,19.99893185216834,16.315958128605,18.157444990386672,0,87.00787401574803,3.682973723563339,13,1,15.5
90,2023-09-28,2023-10-12,17.20465712454604,10.90685750907926,14.055757316812649,64.32691427350687,90.94488188976378,6.297799615466779,14,1,11.2
90,2023-09-28,2023-10-13,17.40974150822474,8.7107455671865,13.06024353770562,0.5493331705679623,81.88976377952756,8.698995941038241,15,1,7.6
90,2023-09-28,2023-10-14,23.50245674001282,10.30869472334971,16.905575731681267,0,71.65354330708661,13.193762016663111,16,1,10.3
90,2023-09-28,2023-10-15,26.49327066866054,13.60713522751549,20.050202948088018,0,72.83464566929133,12.886135441145049,17,1,13.9
90,2023-09-28,2023-10-16,20.61418500320444,16.49540696432386,18.55479598376415,1.222266304513681,88.58267716535433,4.118778038880581,18,1,16.9
90,2023-09-28,2023-10-17,18.81969664601581,16.60649433881649,17.71309549241615,96.35303811761833,95.2755905511811,2.213202307199321,19,1,16.5
90,2023-09-28,2023-10-18,18.61461226233711,12.4108096560564,15.512710959196756,22.33039338358714,87.79527559055117,6.203802606280711,20,1,13.2
90,2023-09-28,2023-10-19,18.7000640888699,13.70967741935484,16.20487075411237,4.202398754844808,87.79527559055117,4.990386669515061,21,1,14
90,2023-09-28,2023-10-20,27.70668660542619,13.30805383465072,20.507370220038453,0.8857997375408218,76.77165354330708,14.39863277077547,22,1,14.4
90,2023-09-28,2023-10-21,29.19354838709678,15.00854518265328,22.10104678487503,0.04119998779259504,74.80314960629921,14.1850032044435,23,1,16
90,2023-09-28,2023-10-22,29.31318094424268,15.60670796838282,22.45994445631275,0.03433332316049587,74.40944881889763,13.706472975859862,24,1,16.3
90,2023-09-28,2023-10-23,25.1944029053621,19.40076906643879,22.297585985900447,0,80.70866141732283,5.793633838923309,25,1,18
90,2023-09-28,2023-10-24,25.3994872890408,16.49540696432386,20.947447126682327,0.03433332316049587,83.85826771653544,8.90408032471694,26,1,18.7
90,2023-09-28,2023-10-25,25.8096560563982,16.49540696432386,21.15253151036103,0,72.04724409448819,9.31424909207434,27,1,14.6
90,2023-09-28,2023-10-26,25.6045716727195,11.11194189275796,18.35825678273873,0.2471999267555702,64.1732283464567,14.492629779961542,28,1,10.8
91,2023-09-14,2023-08-17,24.83550523392437,13.08587908566546,18.960692159794917,0,83.85826771653544,11.749626148258908,-28,1,13.6
91,2023-09-14,2023-08-18,25.6045716727195,11.68446913052767,18.644520401623588,3.749198889126262,73.22834645669292,13.920102542191833,-27,1,12.2
91,2023-09-14,2023-08-19,19.04187139500107,10.32578508865627,14.683828241828673,11.9754631183813,83.85826771653544,8.7160863063448,-26,1,9.9
91,2023-09-14,2023-08-20,20.47746208075198,8.856013672292246,14.666737876522111,0,87.79527559055117,11.621448408459734,-25,1,11.3
91,2023-09-14,2023-08-21,23.74172185430464,12.4108096560564,18.07626575518052,0,81.49606299212599,11.33091219824824,-24,1,11.7
91,2023-09-14,2023-08-22,25.8096560563982,14.07712027344584,19.94338816492202,0,71.65354330708661,11.73253578295236,-23,1,12.6
91,2023-09-14,2023-08-23,28.80046998504593,18.71715445417646,23.75881221961119,0,62.20472440944881,10.08331553086947,-22,1,14
91,2023-09-14,2023-08-24,27.60414441358684,16.683400982696,22.14377269814142,0,66.14173228346456,10.92074343089084,-21,1,14.4
91,2023-09-14,2023-08-25,20.32364879299295,10.86413159581286,15.593890194402906,3.968932157353436,94.48818897637796,9.45951719718009,-20,1,14.5
91,2023-09-14,2023-08-26,15.17944883571886,8.04849391155736,11.61397137363811,8.336130863368624,81.1023622047244,7.1309549241615,-19,1,7.3
91,2023-09-14,2023-08-27,16.32450331125828,3.925443281350139,10.124973296304209,0,75.98425196850394,12.39906002990814,-18,1,4.7
91,2023-09-14,2023-08-28,13.98312326425977,6.061738944669942,10.022431104464856,0,80.70866141732283,7.921384319589828,-17,1,5.8
91,2023-09-14,2023-08-29,17.53791924802393,7.343516342661824,12.440717795342875,0,79.5275590551181,10.194402905362104,-16,1,7.7
91,2023-09-14,2023-08-30,22.3574022644734,8.727835932493058,15.542619098483229,0,75.98425196850394,13.629566331980342,-15,1,9.7
91,2023-09-14,2023-08-31,24.04934842982269,10.36851100192267,17.208929715872678,0,75.98425196850394,13.68083742790002,-14,1,11
91,2023-09-14,2023-09-01,22.45994445631275,11.43665883358257,16.948301644947662,0,69.68503937007874,11.023285622730182,-13,1,10.6
91,2023-09-14,2023-09-02,17.52082888271737,12.23136082033754,14.876094851527457,11.74886318552203,90.5511811023622,5.2894680623798305,-12,1,12.4
91,2023-09-14,2023-09-03,27.50160222174749,13.82076479384747,20.66118350779748,40.65065462202824,79.13385826771653,13.68083742790002,-11,1,16.6
91,2023-09-14,2023-09-04,26.93762016663106,17.77718436231574,22.3574022644734,2.883999145481738,80.70866141732283,9.16043580431532,-10,1,17.7
91,2023-09-14,2023-09-05,21.77632984405042,11.42811365092929,16.602221747489857,27.1370586260567,81.1023622047244,10.348216193121129,-9,1,12.5
91,2023-09-14,2023-09-06,17.84554582354198,10.59068575090793,14.218115787224956,1.63426618243966,81.49606299212599,7.254860072634049,-8,1,10.2
91,2023-09-14,2023-09-07,22.40867336039308,12.13736381115146,17.27301858577227,0,78.34645669291338,10.271309549241622,-7,1,12
91,2023-09-14,2023-09-08,17.64046143986328,13.2738731040376,15.45716727195044,0,87.79527559055117,4.36658833582568,-6,1,13.5
91,2023-09-14,2023-09-09,18.85387737662893,13.23969237342448,16.046784875026706,38.83785515915403,92.1259842519685,5.614185003204449,-5,1,14
91,2023-09-14,2023-09-10,24.56205938901944,12.53044221320231,18.546250801110872,1.139866328928491,84.25196850393701,12.031617175817129,-4,1,14.7
91,2023-09-14,2023-09-11,26.45908993804743,14.58128604998932,20.520187994018375,0,74.40944881889763,11.87780388805811,-3,1,13.8
91,2023-09-14,2023-09-12,28.45866267891476,15.85451826532792,22.15659047212134,0,64.1732283464567,12.60414441358684,-2,1,13.6
91,2023-09-14,2023-09-13,26.16855372783593,15.23926511429182,20.703909421063877,0,73.62204724409449,10.929288613544111,-1,1,13.8
91,2023-09-14,2023-09-14,19.16150395214698,7.783593249305704,13.47254860072634,15.28519547105319,73.22834645669292,11.377910702841277,0,1,7.6
91,2023-09-14,2023-09-15,21.10980559709464,4.045075838496048,12.577440717795344,0,69.68503937007874,17.064729758598588,1,1,4.8
91,2023-09-14,2023-09-16,25.36530655842769,8.180944242683188,16.77312540055544,0,65.35433070866142,17.1843623157445,2,1,7.6
91,2023-09-14,2023-09-17,29.53535569322794,13.86349070711386,21.6994232001709,0,62.20472440944881,15.671864986114082,3,1,12
91,2023-09-14,2023-09-18,30.15060884426405,17.35847041230506,23.75453962828455,0,64.1732283464567,12.792138431958987,4,1,13.4
91,2023-09-14,2023-09-19,26.73253578295236,16.28177739799188,21.50715659047212,0,75.59055118110236,10.45075838496048,5,1,15.4
91,2023-09-14,2023-09-20,27.19397564622944,15.40162358470412,21.29779961546678,12.55912961210976,81.49606299212599,11.79235206152532,6,1,16.1
91,2023-09-14,2023-09-21,28.74919888912626,16.71758171330912,22.73339030121769,5.939664906765955,77.16535433070865,12.03161717581714,7,1,16.8
91,2023-09-14,2023-09-22,31.14185003204443,17.35847041230506,24.250160222174745,7.21686452833643,70.47244094488188,13.783379619739373,8,1,16
91,2023-09-14,2023-09-23,31.09057893612476,16.32450331125828,23.70754112369152,0,71.25984251968504,14.76607562486648,9,1,15.7
91,2023-09-14,2023-09-24,32.11600085451826,18.85387737662893,25.484939115573596,0,68.50393700787401,13.262123477889332,10,1,16.5
91,2023-09-14,2023-09-25,28.62956633198035,17.7942747276223,23.21192052980133,0,76.77165354330708,10.835291604358048,11,1,18.1
91,2023-09-14,2023-09-26,29.58662678914762,17.04229865413373,23.314462721640673,5.074465163121431,77.16535433070865,12.544328135013888,12,1,18.2
91,2023-09-14,2023-09-27,25.98055970946379,14.50437940610981,20.2424695577868,3.041932432020019,79.5275590551181,11.47618030335398,13,1,15.8
91,2023-09-14,2023-09-28,16.15359965819269,8.642384105960264,12.397991882076475,4.18179876094851,81.49606299212599,7.511215552232425,14,1,8.7
91,2023-09-14,2023-09-29,18.99060029908139,11.35975218970306,15.175176244392226,7.834864345225384,84.25196850393701,7.630848109378329,15,1,11.8
91,2023-09-14,2023-09-30,17.98226874599445,13.80367442854091,15.892971587267679,3.124332407605209,90.94488188976378,4.178594317453539,16,1,15.1
91,2023-09-14,2023-10-01,24.61333048493912,15.8630634479812,20.23819696646016,4.737998596148572,84.25196850393701,8.75026703695792,17,1,15.9
91,2023-09-14,2023-10-02,26.81798760948515,14.27365947447127,20.54582354197821,0,78.34645669291338,12.54432813501388,18,1,15.1
91,2023-09-14,2023-10-03,26.62999359111301,15.2050843836787,20.917538987395854,0,79.5275590551181,11.42490920743431,19,1,16
91,2023-09-14,2023-10-04,23.12646870326853,17.35847041230506,20.24246955778679,6.928464613788265,90.5511811023622,5.767998290963469,20,1,18.5
91,2023-09-14,2023-10-05,18.87096774193548,15.50416577654347,17.187566759239473,53.31278420361949,96.8503937007874,3.3668019653920105,21,1,17.7
91,2023-09-14,2023-10-06,27.56996368297372,15.93997009186071,21.754966887417215,7.306131168553719,80.31496062992126,11.629993591113012,22,1,17.7
91,2023-09-14,2023-10-07,26.27109591967528,16.26468703268532,21.2678914761803,0,77.16535433070865,10.00640888698996,23,1,18.2
91,2023-09-14,2023-10-08,17.65755180516983,14.5898312326426,16.123691518906217,17.42759483626818,95.66929133858268,3.0677205725272305,24,1,16.2
91,2023-09-14,2023-10-09,23.77590258491775,13.20551164281136,18.490707113864552,79.81810968352303,81.1023622047244,10.570390942106387,25,1,12.1
91,2023-09-14,2023-10-10,24.23734244819483,12.44499038666951,18.34116641743217,0,74.80314960629921,11.79235206152532,26,1,12.5
91,2023-09-14,2023-10-11,29.02264473403119,12.93206579790643,20.97735526596881,0,70.47244094488188,16.090578936124757,27,1,14
91,2023-09-14,2023-10-12,23.24610126041444,15.88015381328776,19.563127536851106,47.95678579058199,88.18897637795276,7.365947447126681,28,1,17.6
92,2024-09-03,2024-08-06,27.08,12.17,19.625,0.04,65.87,14.909999999999998,-28,1,11.4
92,2024-09-03,2024-08-07,26.87,12.54,19.705,0,61.61,14.330000000000002,-27,1,9.2
92,2024-09-03,2024-08-08,21.38,14,17.689999999999998,0.98,78.59,7.379999999999999,-26,1,12.2
92,2024-09-03,2024-08-09,14.92,5.18,10.05,2.88,91.34,9.74,-25,1,11
92,2024-09-03,2024-08-10,17.23,1.81,9.52,0.1,63.01,15.42,-24,1,2.8
92,2024-09-03,2024-08-11,19.87,4.18,12.025,0,51.79,15.69,-23,1,2.5
92,2024-09-03,2024-08-12,15.76,2.48,9.12,0.01,61.78,13.28,-22,1,2.1
92,2024-09-03,2024-08-13,18.76,-0.95,8.905000000000001,0.02,66.38,19.71,-21,1,0.9
92,2024-09-03,2024-08-14,24.45,3.12,13.785,0.03,60.3,21.33,-20,1,5.2
92,2024-09-03,2024-08-15,28,6.47,17.235,0,51.15,21.53,-19,1,7.9
92,2024-09-03,2024-08-16,29.54,11.32,20.43,0,48.03,18.22,-18,1,8.9
92,2024-09-03,2024-08-17,30.43,12.69,21.56,0.04,53.66,17.740000000000002,-17,1,9.2
92,2024-09-03,2024-08-18,31.66,13.62,22.64,0,49.25,18.04,-16,1,8.5
92,2024-09-03,2024-08-19,31.48,15.39,23.435,0,42.97,16.09,-15,1,6.7
92,2024-09-03,2024-08-20,31.44,13.85,22.645,0.29,51.1,17.590000000000003,-14,1,8.9
92,2024-09-03,2024-08-21,28.3,13.56,20.93,0.93,69.51,14.74,-13,1,13.3
92,2024-09-03,2024-08-22,29.92,11.78,20.85,0.33,55.39,18.14,-12,1,8.5
92,2024-09-03,2024-08-23,29.03,13.7,21.365,8.11,55.72,15.330000000000002,-11,1,7.7
92,2024-09-03,2024-08-24,18.34,8.04,13.19,18.09,86.48,10.3,-10,1,12.2
92,2024-09-03,2024-08-25,15.55,3.48,9.515,0.2,67.54,12.07,-9,1,4.4
92,2024-09-03,2024-08-26,17.21,-0.53,8.34,0.01,62.36,17.740000000000002,-8,1,0.4
92,2024-09-03,2024-08-27,20.48,1.07,10.775,0.02,68.07,19.41,-7,1,4.3
92,2024-09-03,2024-08-28,21.76,4.41,13.085,0.03,70.1,17.35,-6,1,7.4
92,2024-09-03,2024-08-29,28.08,8.58,18.33,0.08,64.5,19.5,-5,1,11.7
92,2024-09-03,2024-08-30,29.18,11.74,20.46,0.07,58.45,17.439999999999998,-4,1,11.9
92,2024-09-03,2024-08-31,29.75,11.31,20.53,0.18,60.66,18.44,-3,1,12.4
92,2024-09-03,2024-09-01,28.7,12.71,20.705,0.16,56.86,15.989999999999998,-2,1,10.1
92,2024-09-03,2024-09-02,28.06,13.59,20.825,0,67.67,14.47,-1,1,11.8
92,2024-09-03,2024-09-03,30.95,14.34,22.645,0,49.47,16.61,0,1,9.9
92,2024-09-03,2024-09-04,32.01,13.15,22.58,0.02,47.06,18.86,1,1,8.1
92,2024-09-03,2024-09-05,24.25,12.04,18.145,1.58,69.06,12.21,2,1,12.1
92,2024-09-03,2024-09-06,26.42,9.07,17.745,0.19,72.94,17.35,3,1,11.5
92,2024-09-03,2024-09-07,32.27,12.58,22.425,0.15,62.07,19.690000000000005,4,1,12.6
92,2024-09-03,2024-09-08,33.79,15.65,24.72,0.03,45.59,18.14,5,1,10.7
92,2024-09-03,2024-09-09,32.69,17.47,25.08,0.01,51.35,15.22,6,1,10.9
92,2024-09-03,2024-09-10,32.52,17.13,24.825000000000003,0.02,51.76,15.390000000000004,7,1,10.1
92,2024-09-03,2024-09-11,31.82,14.51,23.165,0.01,44.69,17.310000000000002,8,1,7.1
92,2024-09-03,2024-09-12,32.93,14.16,23.545,0.01,43.13,18.77,9,1,6.2
92,2024-09-03,2024-09-13,32.25,14.71,23.48,0.15,43.34,17.54,10,1,7.5
92,2024-09-03,2024-09-14,28.08,15.71,21.895,1.71,67.57,12.369999999999996,11,1,13.4
92,2024-09-03,2024-09-15,18.5,11.65,15.075,43.11,90.89,6.85,12,1,12.9
92,2024-09-03,2024-09-16,19.4,11.46,15.43,1.87,87.09,7.939999999999998,13,1,11.6
92,2024-09-03,2024-09-17,21.57,10.9,16.235,0.17,77.98,10.67,14,1,10.3
92,2024-09-03,2024-09-18,25.04,10.61,17.825,0.78,78.77,14.43,15,1,11.5
92,2024-09-03,2024-09-19,25.72,12.98,19.35,0.74,83.02,12.739999999999998,16,1,14.7
92,2024-09-03,2024-09-20,29.76,14.3,22.03,15.99,82.51,15.46,17,1,16.2
92,2024-09-03,2024-09-21,23.76,14.88,19.32,0.44,82.8,8.88,18,1,15.6
92,2024-09-03,2024-09-22,29.91,12.75,21.33,0.08,74.77,17.16,19,1,16.4
92,2024-09-03,2024-09-23,32.31,16.45,24.380000000000003,0.07,70.68,15.860000000000005,20,1,15.5
92,2024-09-03,2024-09-24,32.51,15.12,23.815,0.49,63.5,17.39,21,1,16
92,2024-09-03,2024-09-25,34.56,14.78,24.67,0.07,51.94,19.78,22,1,11.7
92,2024-09-03,2024-09-26,33.39,16.63,25.01,1.73,51.97,16.76,23,1,11.4
92,2024-09-03,2024-09-27,26.88,14.03,20.455,2.64,72.42,12.85,24,1,15.3
92,2024-09-03,2024-09-28,27.71,12.04,19.875,0,66.28,15.670000000000002,25,1,11.5
92,2024-09-03,2024-09-29,31.82,9.96,20.89,0.01,61.46,21.86,26,1,12.7
92,2024-09-03,2024-09-30,32.56,13.38,22.97,0.01,63.51,19.18,27,1,14
92,2024-09-03,2024-10-01,34,16.06,25.03,0.01,54.87,17.94,28,1,12.7
93,2024-10-01,2024-09-03,24.26,10.28,17.27,0,80.26,13.980000000000002,-28,0,12.3
93,2024-10-01,2024-09-04,26.88,9.3,18.09,20.96,88.34,17.58,-27,0,13.5
93,2024-10-01,2024-09-05,16.8,5.98,11.39,0.17,77.55,10.82,-26,0,7.5
93,2024-10-01,2024-09-06,22.41,3.49,12.95,0.03,82.16,18.92,-25,0,8.9
93,2024-10-01,2024-09-07,25.69,12.95,19.32,0.02,87.34,12.740000000000002,-24,0,15.8
93,2024-10-01,2024-09-08,28.68,16.65,22.665,0.05,85.73,12.03,-23,0,17.1
93,2024-10-01,2024-09-09,28.44,18.55,23.495,0.01,84.68,9.89,-22,0,15.4
93,2024-10-01,2024-09-10,28.34,17.83,23.085,0,82.87,10.510000000000002,-21,0,15.1
93,2024-10-01,2024-09-11,27.71,17.26,22.485,0.09,78.75,10.45,-20,0,13.5
93,2024-10-01,2024-09-12,19.68,15.82,17.75,16.31,91.15,3.859999999999999,-19,0,15.1
93,2024-10-01,2024-09-13,22.11,15.33,18.72,8.44,94,6.779999999999999,-18,0,17.1
93,2024-10-01,2024-09-14,21.42,12.56,16.990000000000002,0.33,86.22,8.860000000000001,-17,0,14.3
93,2024-10-01,2024-09-15,19.13,8.79,13.96,0.14,81.47,10.34,-16,0,10.1
93,2024-10-01,2024-09-16,21.87,9.72,15.795000000000002,0.03,82.12,12.15,-15,0,11.1
93,2024-10-01,2024-09-17,23.21,10.23,16.72,0.05,78.79,12.98,-14,0,11.4
93,2024-10-01,2024-09-18,25.63,11.57,18.6,0.01,76.75,14.06,-13,0,11.3
93,2024-10-01,2024-09-19,25.2,15.29,20.244999999999997,1.8,84.31,9.91,-12,0,15.3
93,2024-10-01,2024-09-20,21.11,12.87,16.99,46.16,84.61,8.24,-11,0,16.4
93,2024-10-01,2024-09-21,24.95,10.63,17.79,0.52,82.98,14.32,-10,0,15.3
93,2024-10-01,2024-09-22,29.15,16.29,22.72,0.07,85.76,12.86,-9,0,18.3
93,2024-10-01,2024-09-23,30.82,21.67,26.245,0.41,83.28,9.15,-8,0,20.8
93,2024-10-01,2024-09-24,29.89,22.19,26.04,2.07,85.78,7.699999999999999,-7,0,20.3
93,2024-10-01,2024-09-25,28.51,19.01,23.76,19.31,83.39,9.5,-6,0,18.5
93,2024-10-01,2024-09-26,18.67,14.86,16.765,19.21,92.83,3.8100000000000023,-5,0,17.2
93,2024-10-01,2024-09-27,21.88,12.92,17.4,0.2,85.01,8.959999999999999,-4,0,13.3
93,2024-10-01,2024-09-28,25.2,11.56,18.38,0,77.95,13.64,-3,0,12.4
93,2024-10-01,2024-09-29,28.54,13.27,20.905,0,73.62,15.27,-2,0,13.7
93,2024-10-01,2024-09-30,29.99,15.04,22.515,0.45,77.25,14.95,-1,0,14.4
93,2024-10-01,2024-10-01,30.45,18.98,24.715,11.64,79.25,11.47,0,0,16.9
93,2024-10-01,2024-10-02,22.29,12.09,17.189999999999998,30.37,91.06,10.2,1,0,16.4
93,2024-10-01,2024-10-03,19.56,8.9,14.23,0.08,78.56,10.659999999999998,2,0,9.1
93,2024-10-01,2024-10-04,23.4,8.05,15.725,0.03,80.71,15.349999999999998,3,0,9.6
93,2024-10-01,2024-10-05,27,11.41,19.205,0.06,78.19,15.59,4,0,12.7
93,2024-10-01,2024-10-06,25.34,15.42,20.38,0.37,81.42,9.92,5,0,14.6
93,2024-10-01,2024-10-07,23.54,15.52,19.53,9.65,90.65,8.02,6,0,16.5
93,2024-10-01,2024-10-08,21.38,16.56,18.97,8.02,93.77,4.82,7,0,17.2
93,2024-10-01,2024-10-09,19.85,15.93,17.89,19.76,93.16,3.9200000000000017,8,0,16.6
93,2024-10-01,2024-10-10,22.92,15.36,19.14,4.77,89.54,7.560000000000002,9,0,16.5
93,2024-10-01,2024-10-11,21.04,15.58,18.31,5.94,93.05,5.459999999999999,10,0,17.5
93,2024-10-01,2024-10-12,25.3,14.68,19.99,0.34,83.69,10.62,11,0,15.4
93,2024-10-01,2024-10-13,27.95,13.82,20.885,0.01,79.57,14.13,12,0,14.8
93,2024-10-01,2024-10-14,26.84,16.13,21.485,0.13,77.44,10.71,13,0,16.6
93,2024-10-01,2024-10-15,24.65,18.29,21.47,16.15,89.64,6.359999999999999,14,0,16.5
93,2024-10-01,2024-10-16,25.82,15.4,20.61,0.11,82.27,10.42,15,0,15.8
93,2024-10-01,2024-10-17,27.77,13.64,20.705,0,77.52,14.13,16,0,14.6
93,2024-10-01,2024-10-18,17.68,13.73,15.705,0.25,81.33,3.9499999999999993,17,0,13
93,2024-10-01,2024-10-19,25.81,13.77,19.79,0.01,83.35,12.04,18,0,12.7
93,2024-10-01,2024-10-20,27.88,14.93,21.405,0,77.9,12.95,19,0,14.3
93,2024-10-01,2024-10-21,28.74,15.67,22.205,0,79.78,13.07,20,0,16.3
93,2024-10-01,2024-10-22,30.42,19.47,24.945,0,81.3,10.950000000000005,21,0,19.1
93,2024-10-01,2024-10-23,28.95,20.77,24.86,4.92,86.41,8.18,22,0,20.2
93,2024-10-01,2024-10-24,28.69,16.85,22.770000000000003,35.1,86.6,11.84,23,0,20.6
93,2024-10-01,2024-10-25,25.15,13.91,19.53,0.82,80.58,11.239999999999998,24,0,14.9
93,2024-10-01,2024-10-26,21.46,11.24,16.35,0,73.88,10.22,25,0,10.2
93,2024-10-01,2024-10-27,24.07,9.38,16.725,0,73.89,14.69,26,0,9.1
93,2024-10-01,2024-10-28,27.86,11.27,19.565,0,77.96,16.59,27,0,13.4
93,2024-10-01,2024-10-29,28.62,14.71,21.665,0,79.76,13.91,28,0,15.3
94,2024-07-12,2024-06-14,29.59,14.21,21.9,0,54.52,15.38,-28,0,10.3
94,2024-07-12,2024-06-15,29.83,15.81,22.82,0,63.91,14.019999999999998,-27,0,13.3
94,2024-07-12,2024-06-16,30.46,16.92,23.69,0.01,58.38,13.54,-26,0,13
94,2024-07-12,2024-06-17,28.25,16.64,22.445,0.1,64.15,11.61,-25,0,12.9
94,2024-07-12,2024-06-18,28.87,15.62,22.245,0,57.62,13.250000000000002,-24,0,12
94,2024-07-12,2024-06-19,30.21,15.05,22.630000000000003,0.02,57.21,15.16,-23,0,11.5
94,2024-07-12,2024-06-20,30,16.11,23.055,0.03,55.75,13.89,-22,0,12.2
94,2024-07-12,2024-06-21,29.3,13.89,21.595,0.01,55.25,15.41,-21,0,11.1
94,2024-07-12,2024-06-22,29.34,14.4,21.87,0,58.79,14.94,-20,0,11.5
94,2024-07-12,2024-06-23,31.01,15.09,23.05,0.05,61.55,15.920000000000002,-19,0,13.7
94,2024-07-12,2024-06-24,31.35,18.86,25.105,1.75,63.21,12.490000000000002,-18,0,14.9
94,2024-07-12,2024-06-25,27.59,19.16,23.375,6.91,85.19,8.43,-17,0,17.8
94,2024-07-12,2024-06-26,26,15.55,20.775,0.13,73.34,10.45,-16,0,16.9
94,2024-07-12,2024-06-27,23.77,11.95,17.86,0.01,66.29,11.82,-15,0,13.4
94,2024-07-12,2024-06-28,28.1,13.05,20.575000000000003,0,65.54,15.05,-14,0,14.2
94,2024-07-12,2024-06-29,23.46,11.63,17.545,2.01,67.28,11.83,-13,0,12.8
94,2024-07-12,2024-06-30,23.81,7.93,15.87,0,42.54,15.88,-12,0,0.7
94,2024-07-12,2024-07-01,25.24,7.63,16.435,0,47.77,17.61,-11,0,5.1
94,2024-07-12,2024-07-02,27.38,9.5,18.44,0,59.89,17.88,-10,0,9.9
94,2024-07-12,2024-07-03,29.48,13.68,21.58,0,59.54,15.8,-9,0,12.5
94,2024-07-12,2024-07-04,30.28,13.81,22.045,0,53.93,16.47,-8,0,10.6
94,2024-07-12,2024-07-05,30.68,16.84,23.76,0,46.79,13.84,-7,0,9.2
94,2024-07-12,2024-07-06,29.21,16.54,22.875,0,55.09,12.670000000000002,-6,0,10.3
94,2024-07-12,2024-07-07,26.23,16.31,21.27,3.52,67.58,9.920000000000002,-5,0,13.2
94,2024-07-12,2024-07-08,19.03,14.14,16.585,5.62,85.59,4.890000000000001,-4,0,15.3
94,2024-07-12,2024-07-09,16.86,11.91,14.385,16.56,90.71,4.949999999999999,-3,0,13.6
94,2024-07-12,2024-07-10,14.39,8.99,11.69,4.25,85.73,5.4,-2,0,9.7
94,2024-07-12,2024-07-11,21.05,8.94,14.995,2.81,84.48,12.11,-1,0,12.3
94,2024-07-12,2024-07-12,20.33,11.63,15.98,16.28,88.54,8.699999999999998,0,0,12.9
94,2024-07-12,2024-07-13,21.53,10.94,16.235,2.19,88.88,10.590000000000002,1,0,13.9
94,2024-07-12,2024-07-14,17.58,10.09,13.835,0.14,80.84,7.489999999999998,2,0,13.5
94,2024-07-12,2024-07-15,18.38,10.79,14.585,0.28,84.55,7.59,3,0,13.6
94,2024-07-12,2024-07-16,24.09,13.54,18.815,1.14,82.85,10.55,4,0,14.4
94,2024-07-12,2024-07-17,26.23,12.61,19.42,0.25,80.3,13.62,5,0,14
94,2024-07-12,2024-07-18,27.09,13.28,20.185,0,73.83,13.81,6,0,14.1
94,2024-07-12,2024-07-19,27.41,11.31,19.36,0,66.36,16.1,7,0,12.4
94,2024-07-12,2024-07-20,26.96,11.26,19.11,0,65.51,15.7,8,0,11.5
94,2024-07-12,2024-07-21,27.43,9.89,18.66,0,60.62,17.54,9,0,10.3
94,2024-07-12,2024-07-22,28.5,11.46,19.98,0,63.08,17.04,10,0,11.7
94,2024-07-12,2024-07-23,28.1,11.22,19.66,0,61.66,16.880000000000003,11,0,10.8
94,2024-07-12,2024-07-24,28.68,10.39,19.535,0,55.94,18.29,12,0,8.1
94,2024-07-12,2024-07-25,28.7,12.45,20.575,0,58.13,16.25,13,0,9.8
94,2024-07-12,2024-07-26,27.22,14.26,20.74,0,60.31,12.96,14,0,10.2
94,2024-07-12,2024-07-27,29.28,15.16,22.22,0.1,56.46,14.12,15,0,11
94,2024-07-12,2024-07-28,30.69,15.43,23.06,0.17,60.38,15.260000000000002,16,0,11.5
94,2024-07-12,2024-07-29,23.08,14.23,18.655,3.05,77.72,8.849999999999998,17,0,14.1
94,2024-07-12,2024-07-30,23.82,14.42,19.12,1.76,79.5,9.4,18,0,14.2
94,2024-07-12,2024-07-31,27.13,11.57,19.35,0,70.7,15.56,19,0,12.5
94,2024-07-12,2024-08-01,29.75,13.98,21.865,0,62.13,15.77,20,0,13.9
94,2024-07-12,2024-08-02,29.27,13.96,21.615,0.01,55.69,15.31,21,0,11.7
94,2024-07-12,2024-08-03,30.29,16.43,23.36,0.09,53.86,13.86,22,0,11.1
94,2024-07-12,2024-08-04,30.93,14.6,22.765,0,56.49,16.33,23,0,10.7
94,2024-07-12,2024-08-05,31.65,15.07,23.36,0,57.43,16.58,24,0,11.4
94,2024-07-12,2024-08-06,31.13,14.9,23.015,0,54.5,16.229999999999997,25,0,10.7
94,2024-07-12,2024-08-07,31.85,15.85,23.85,0.09,49.35,16,26,0,10
94,2024-07-12,2024-08-08,20.6,15.07,17.835,4.67,84.37,5.530000000000001,27,0,15.5
94,2024-07-12,2024-08-09,17.28,7.5,12.39,0.81,65.12,9.78,28,0,8.6
95,2024-09-09,2024-08-12,13.33,2.19,7.76,0.03,77.8,11.14,-28,1,3
95,2024-09-09,2024-08-13,16.13,-0.07,8.03,0.36,74.95,16.2,-27,1,1.6
95,2024-09-09,2024-08-14,21.62,3.38,12.5,0.03,72.36,18.24,-26,1,6.1
95,2024-09-09,2024-08-15,24.38,8.82,16.6,0,79.55,15.56,-25,1,9.1
95,2024-09-09,2024-08-16,27.77,12.64,20.205,0.02,81.4,15.13,-24,1,13.8
95,2024-09-09,2024-08-17,27.46,16.37,21.915,0,82.41,11.09,-23,1,14.7
95,2024-09-09,2024-08-18,28.25,16.63,22.44,0,79.9,11.62,-22,1,15.1
95,2024-09-09,2024-08-19,28.93,16.04,22.485,1.64,77.96,12.89,-21,1,14.2
95,2024-09-09,2024-08-20,27.92,17.09,22.505000000000003,0.97,84.91,10.830000000000002,-20,1,17.8
95,2024-09-09,2024-08-21,27.27,17.46,22.365,0,81.99,9.81,-19,1,15.1
95,2024-09-09,2024-08-22,24.77,13.72,19.245,11.41,79.39,11.05,-18,1,12.4
95,2024-09-09,2024-08-23,14.61,10.06,12.335,24.08,88.59,4.549999999999999,-17,1,11.4
95,2024-09-09,2024-08-24,15.2,3.92,9.56,0.34,80.3,11.28,-16,1,5.9
95,2024-09-09,2024-08-25,13.21,2.39,7.800000000000001,0.02,79.22,10.82,-15,1,1.6
95,2024-09-09,2024-08-26,15.97,1.33,8.65,0.01,78.25,14.64,-14,1,3
95,2024-09-09,2024-08-27,19,2.74,10.87,0.04,74.68,16.259999999999998,-13,1,4.6
95,2024-09-09,2024-08-28,21.47,10.46,15.965,0.17,74.89,11.009999999999998,-12,1,9.1
95,2024-09-09,2024-08-29,25.37,11.61,18.49,0.14,74.97,13.760000000000002,-11,1,12.7
95,2024-09-09,2024-08-30,28.44,12.84,20.64,0.23,82.58,15.6,-10,1,15.3
95,2024-09-09,2024-08-31,28.34,14.82,21.58,0.06,82.65,13.52,-9,1,13.8
95,2024-09-09,2024-09-01,19.92,8.13,14.025000000000002,0.27,83.78,11.79,-8,1,11.9
95,2024-09-09,2024-09-02,20.75,7.3,14.025,0.02,76.09,13.45,-7,1,8.7
95,2024-09-09,2024-09-03,27.35,11.26,19.305,0.02,80.44,16.090000000000003,-6,1,12.5
95,2024-09-09,2024-09-04,28.52,12.32,20.42,18.09,86.85,16.2,-5,1,15.5
95,2024-09-09,2024-09-05,18.73,7.65,13.19,0.21,75.73,11.08,-4,1,8.8
95,2024-09-09,2024-09-06,24.31,5.88,15.095,0.19,79.13,18.43,-3,1,10
95,2024-09-09,2024-09-07,27.92,14.47,21.195,0.02,87.34,13.45,-2,1,16.3
95,2024-09-09,2024-09-08,30.42,16.46,23.44,0.02,83.08,13.96,-1,1,16.9
95,2024-09-09,2024-09-09,29.84,18.34,24.09,0.01,79.07,11.5,0,1,14.7
95,2024-09-09,2024-09-10,29.72,16.69,23.205,0.01,80.06,13.029999999999998,1,1,15
95,2024-09-09,2024-09-11,28.69,16.35,22.520000000000003,0.03,74.06,12.34,2,1,14
95,2024-09-09,2024-09-12,24.33,17.09,20.71,13.96,78.07,7.239999999999998,3,1,13.9
95,2024-09-09,2024-09-13,25.13,16.71,20.92,4.83,89.42,8.419999999999998,4,1,17.7
95,2024-09-09,2024-09-14,23.37,13.93,18.65,0.17,83.35,9.44,5,1,14.9
95,2024-09-09,2024-09-15,21.55,11.85,16.7,0.61,85.31,9.7,6,1,11.7
95,2024-09-09,2024-09-16,23.53,12.94,18.235,0.05,77.91,10.590000000000002,7,1,11.7
95,2024-09-09,2024-09-17,24.15,10.49,17.32,0.05,77.02,13.659999999999998,8,1,11.9
95,2024-09-09,2024-09-18,26.62,12.96,19.79,0.08,73.29,13.66,9,1,12.1
95,2024-09-09,2024-09-19,27.03,16.09,21.56,6.42,84.81,10.94,10,1,16.2
95,2024-09-09,2024-09-20,22.03,13.01,17.52,29.72,88.58,9.02,11,1,16.2
95,2024-09-09,2024-09-21,27.29,12.23,19.76,0.28,82.67,15.06,12,1,15.4
95,2024-09-09,2024-09-22,29.77,17.37,23.57,0.01,84.85,12.4,13,1,18.7
95,2024-09-09,2024-09-23,31.58,21.49,26.534999999999997,0.22,83.28,10.09,14,1,21
95,2024-09-09,2024-09-24,31.29,22.17,26.73,0.59,82.4,9.119999999999996,15,1,20.1
95,2024-09-09,2024-09-25,30.61,20.57,25.59,1.89,78.41,10.04,16,1,18.4
95,2024-09-09,2024-09-26,24.78,14.3,19.54,10.67,89.54,10.48,17,1,17.3
95,2024-09-09,2024-09-27,23.61,13.43,18.52,0.14,82.38,10.18,18,1,13.5
95,2024-09-09,2024-09-28,26.55,11.61,19.08,0,76,14.94,19,1,13.2
95,2024-09-09,2024-09-29,29.44,13.57,21.505000000000003,0,71.11,15.87,20,1,13.5
95,2024-09-09,2024-09-30,31.45,15.49,23.47,0.04,73.15,15.96,21,1,14.9
95,2024-09-09,2024-10-01,31.42,18.53,24.975,6.11,77.13,12.89,22,1,17.3
95,2024-09-09,2024-10-02,23.87,13.17,18.52,26.38,91.32,10.7,23,1,18.2
95,2024-09-09,2024-10-03,22.52,10.63,16.575,0.11,76.15,11.89,24,1,11.4
95,2024-09-09,2024-10-04,25.89,9.57,17.73,0,76.95,16.32,25,1,11.4
95,2024-09-09,2024-10-05,27.92,12.73,20.325000000000003,0.01,75.16,15.19,26,1,13.4
95,2024-09-09,2024-10-06,27.2,16.46,21.83,0.09,76.99,10.739999999999998,27,1,14.6
95,2024-09-09,2024-10-07,27.92,16.58,22.25,1.12,80.26,11.340000000000003,28,1,16.9
96,2024-09-25,2024-08-28,21.58,7.46,14.52,0.36,83.78,14.119999999999996,-28,0,9.3
96,2024-09-25,2024-08-29,23.81,12.62,18.215,0.01,81.01,11.19,-27,0,11.9
96,2024-09-25,2024-08-30,27.85,13.42,20.635,0.01,84.44,14.43,-26,0,15.3
96,2024-09-25,2024-08-31,26,14.7,20.35,0.11,87.51,11.3,-25,0,15.3
96,2024-09-25,2024-09-01,17.46,8.52,12.99,0.12,81.72,8.940000000000001,-24,0,10.1
96,2024-09-25,2024-09-02,19.52,8.31,13.915,0.17,81.9,11.21,-23,0,8.8
96,2024-09-25,2024-09-03,23.74,10.8,17.27,0,80.32,12.939999999999998,-22,0,11.9
96,2024-09-25,2024-09-04,26.14,9.01,17.575,21.77,88.61,17.130000000000003,-21,0,12.3
96,2024-09-25,2024-09-05,18.01,7.17,12.59,0.13,76.32,10.840000000000002,-20,0,7.1
96,2024-09-25,2024-09-06,23.26,4.27,13.765,0.05,82.61,18.99,-19,0,8.4
96,2024-09-25,2024-09-07,25.96,12.93,19.445,0.01,86.12,13.03,-18,0,16.1
96,2024-09-25,2024-09-08,29.37,16.98,23.175,0.32,87.22,12.39,-17,0,17.8
96,2024-09-25,2024-09-09,29.18,18.77,23.975,0.01,85.49,10.41,-16,0,17.9
96,2024-09-25,2024-09-10,28.97,17.99,23.479999999999997,0,83.33,10.98,-15,0,15.4
96,2024-09-25,2024-09-11,28.48,17.32,22.9,0.2,79.23,11.16,-14,0,14.3
96,2024-09-25,2024-09-12,19.61,16.06,17.835,18.21,95.33,3.5500000000000007,-13,0,17.1
96,2024-09-25,2024-09-13,19.19,14.9,17.045,5.71,96.79,4.290000000000001,-12,0,17.2
96,2024-09-25,2024-09-14,23.04,12.3,17.67,0.2,84.67,10.739999999999998,-11,0,14.4
96,2024-09-25,2024-09-15,20.55,9.72,15.135000000000002,0.08,79.94,10.83,-10,0,10.2
96,2024-09-25,2024-09-16,23.12,9.81,16.465,0.02,80.99,13.31,-9,0,11.3
96,2024-09-25,2024-09-17,23.85,10.14,16.995,0.04,78.88,13.71,-8,0,11.7
96,2024-09-25,2024-09-18,26.49,12.13,19.31,0,77.46,14.359999999999998,-7,0,11.9
96,2024-09-25,2024-09-19,26.31,15.34,20.825,1.21,83.1,10.97,-6,0,15.6
96,2024-09-25,2024-09-20,20.91,12.19,16.55,52.44,87.1,8.72,-5,0,16.9
96,2024-09-25,2024-09-21,25.85,11.19,18.52,0.51,83.12,14.660000000000002,-4,0,15.3
96,2024-09-25,2024-09-22,29.99,16.95,23.47,0.19,86.03,13.04,-3,0,18.7
96,2024-09-25,2024-09-23,32.49,20.76,26.625,0.22,82.38,11.73,-2,0,20.8
96,2024-09-25,2024-09-24,30.43,22.3,26.365,1.94,86.47,8.129999999999999,-1,0,20.8
96,2024-09-25,2024-09-25,28.96,19.81,24.385,20.24,82.82,9.150000000000002,0,0,19.2
96,2024-09-25,2024-09-26,19.19,14.65,16.92,28.19,92.33,4.540000000000001,1,0,16.9
96,2024-09-25,2024-09-27,23.96,12.66,18.31,0.11,81.66,11.3,2,0,13.3
96,2024-09-25,2024-09-28,25.99,11.79,18.89,0,78.42,14.2,3,0,12.7
96,2024-09-25,2024-09-29,29.74,13.51,21.625,0,74.33,16.229999999999997,4,0,14.1
96,2024-09-25,2024-09-30,31.09,15.13,23.11,0.3,76.39,15.96,5,0,15.1
96,2024-09-25,2024-10-01,31.56,18.94,25.25,6.61,78.91,12.619999999999996,6,0,16.6
96,2024-09-25,2024-10-02,22.31,11.41,16.86,30.95,90.25,10.9,7,0,15.8
96,2024-09-25,2024-10-03,20.88,9.5,15.19,0.06,75.68,11.38,8,0,8.2
96,2024-09-25,2024-10-04,24.14,8.07,16.105,0.01,79.28,16.07,9,0,9.4
96,2024-09-25,2024-10-05,28.76,11.71,20.235,0.02,77.21,17.05,10,0,13.2
96,2024-09-25,2024-10-06,26.13,15.96,21.045,0.5,81.39,10.169999999999998,11,0,14.5
96,2024-09-25,2024-10-07,22.59,15.55,19.07,10.43,90.57,7.039999999999999,12,0,16.5
96,2024-09-25,2024-10-08,21.68,16.74,19.21,6.59,94.46,4.940000000000001,13,0,17.7
96,2024-09-25,2024-10-09,19.89,16.05,17.97,21.99,93.7,3.84,14,0,16.1
96,2024-09-25,2024-10-10,23.65,15.43,19.54,3.77,91.8,8.219999999999999,15,0,17.1
96,2024-09-25,2024-10-11,22.3,16.09,19.195,2.71,91.92,6.210000000000001,16,0,17.3
96,2024-09-25,2024-10-12,27,14.6,20.8,0.32,81,12.4,17,0,15.1
96,2024-09-25,2024-10-13,29.34,13.71,21.525,0,78.13,15.63,18,0,14.5
96,2024-09-25,2024-10-14,27.88,17.71,22.795,0.67,79.77,10.169999999999998,19,0,17
96,2024-09-25,2024-10-15,24.64,18.11,21.375,24.55,91.68,6.530000000000001,20,0,16.8
96,2024-09-25,2024-10-16,28.32,15.68,22,0.08,79.04,12.64,21,0,15.8
96,2024-09-25,2024-10-17,29.47,14.19,21.83,0.01,75.06,15.28,22,0,15.2
96,2024-09-25,2024-10-18,17.31,14.59,15.95,0.82,83.99,2.719999999999999,23,0,12.6
96,2024-09-25,2024-10-19,26.4,14.2,20.299999999999997,0.01,81.24,12.2,24,0,13.5
96,2024-09-25,2024-10-20,28.85,15.34,22.095,0,77.5,13.510000000000002,25,0,14.7
96,2024-09-25,2024-10-21,30.16,16.66,23.41,0,77.29,13.5,26,0,16.5
96,2024-09-25,2024-10-22,33.19,19.48,26.335,0.05,76.65,13.709999999999996,27,0,19
96,2024-09-25,2024-10-23,29.46,21.49,25.475,9.15,87.27,7.970000000000002,28,0,20.1
97,2024-10-21,2024-09-23,21.99,14.74,18.365,26.24,94.92,7.249999999999998,-28,0,19.1
97,2024-10-21,2024-09-24,17.33,14.64,15.985,53.01,94.4,2.6899999999999977,-27,0,17.9
97,2024-10-21,2024-09-25,21.44,15.57,18.505000000000003,36.72,94.7,5.870000000000001,-26,0,18.6
97,2024-10-21,2024-09-26,18.83,13.19,16.009999999999998,8.58,94.21,5.639999999999999,-25,0,16
97,2024-10-21,2024-09-27,21.45,11.3,16.375,0.62,84.05,10.15,-24,0,12.9
97,2024-10-21,2024-09-28,24.16,9.51,16.835,0,79.31,14.65,-23,0,13.3
97,2024-10-21,2024-09-29,27.41,10.82,19.115,0,82.11,16.59,-22,0,13.9
97,2024-10-21,2024-09-30,28.37,17.28,22.825000000000003,0.43,86.2,11.09,-21,0,17.3
97,2024-10-21,2024-10-01,22.39,14.86,18.625,63.79,91.31,7.530000000000001,-20,0,18.8
97,2024-10-21,2024-10-02,21.09,6.96,14.025,0.14,74.4,14.13,-19,0,11.5
97,2024-10-21,2024-10-03,17.63,3.43,10.53,0.02,75.84,14.2,-18,0,5.9
97,2024-10-21,2024-10-04,20.35,4.02,12.185,0,78.91,16.330000000000002,-17,0,8.2
97,2024-10-21,2024-10-05,25.65,7.07,16.36,0,81.34,18.58,-16,0,12.5
97,2024-10-21,2024-10-06,24.43,11.64,18.035,0.01,82.05,12.79,-15,0,13.5
97,2024-10-21,2024-10-07,21.35,13.32,17.335,2.83,89.44,8.030000000000001,-14,0,14.4
97,2024-10-21,2024-10-08,22.53,13.7,18.115,0.24,89.3,8.830000000000002,-13,0,15.7
97,2024-10-21,2024-10-09,19.55,13.79,16.67,0.12,85.06,5.760000000000002,-12,0,13.1
97,2024-10-21,2024-10-10,23.49,13.21,18.35,7.18,87.81,10.279999999999998,-11,0,14.4
97,2024-10-21,2024-10-11,24.03,14.3,19.165,10.16,91.77,9.73,-10,0,17.2
97,2024-10-21,2024-10-12,23.71,11.83,17.77,0.14,78.81,11.88,-9,0,13.8
97,2024-10-21,2024-10-13,25.4,9.11,17.255,0,80.33,16.29,-8,0,12.3
97,2024-10-21,2024-10-14,26.05,12.92,19.485,18.1,89.01,13.13,-7,0,17
97,2024-10-21,2024-10-15,24.73,16.21,20.47,12.11,89.7,8.52,-6,0,17.8
97,2024-10-21,2024-10-16,25.08,12.23,18.655,0.1,79.29,12.849999999999998,-5,0,14.5
97,2024-10-21,2024-10-17,25.25,10.33,17.79,0,78.37,14.92,-4,0,13.6
97,2024-10-21,2024-10-18,25.03,12.68,18.855,0.22,80.28,12.35,-3,0,14.5
97,2024-10-21,2024-10-19,25.13,11.22,18.175,0,78.52,13.909999999999998,-2,0,13.6
97,2024-10-21,2024-10-20,28.16,9.13,18.645,0,82.96,19.03,-1,0,15.2
97,2024-10-21,2024-10-21,29.71,14.41,22.06,0,78.66,15.3,0,0,17.4
97,2024-10-21,2024-10-22,31.42,18.94,25.18,0,78.09,12.48,1,0,19.2
97,2024-10-21,2024-10-23,27.33,18.29,22.81,31.76,87.18,9.04,2,0,19.6
97,2024-10-21,2024-10-24,24.98,15.95,20.465,37.26,88.34,9.03,3,0,20.3
97,2024-10-21,2024-10-25,24.5,12.88,18.69,4.09,78.14,11.62,4,0,14.2
97,2024-10-21,2024-10-26,20.63,9.33,14.98,0.09,67.99,11.3,5,0,9.4
97,2024-10-21,2024-10-27,23.6,9.09,16.345,0,64.24,14.510000000000002,6,0,8.2
97,2024-10-21,2024-10-28,25.66,9.81,17.735,0,74.5,15.85,7,0,10.8
97,2024-10-21,2024-10-29,26.34,11.59,18.965,0,80.56,14.75,8,0,14.8
97,2024-10-21,2024-10-30,27.49,11.98,19.735,0,82.99,15.509999999999998,9,0,16.7
97,2024-10-21,2024-10-31,30.37,15.27,22.82,0,81.65,15.1,10,0,17.6
97,2024-10-21,2024-11-01,28.09,18.55,23.32,12.17,85.84,9.54,11,0,17.9
97,2024-10-21,2024-11-02,27.51,19.46,23.485,30.65,91.13,8.05,12,0,19.6
97,2024-10-21,2024-11-03,25.2,18.76,21.98,31.47,92.16,6.439999999999998,13,0,20.2
97,2024-10-21,2024-11-04,29.57,17.65,23.61,3.85,82.39,11.920000000000002,14,0,19.9
97,2024-10-21,2024-11-05,23.83,13.9,18.865,0.16,85.32,9.929999999999998,15,0,18
97,2024-10-21,2024-11-06,27.48,12.87,20.175,1.44,84.92,14.61,16,0,16.6
97,2024-10-21,2024-11-07,25.06,14.08,19.57,2.99,87.36,10.98,17,0,18.1
97,2024-10-21,2024-11-08,23.04,11.13,17.085,0.01,80.63,11.909999999999998,18,0,13
97,2024-10-21,2024-11-09,24.14,10.18,17.16,0,77.74,13.96,19,0,12.3
97,2024-10-21,2024-11-10,26.81,9.9,18.355,0,74.37,16.909999999999997,20,0,13.1
97,2024-10-21,2024-11-11,22.5,11.8,17.15,11.95,88.22,10.7,21,0,15.2
97,2024-10-21,2024-11-12,21.36,6.73,14.045,0,67.05,14.63,22,0,7.4
97,2024-10-21,2024-11-13,24.39,9.08,16.735,0,64.12,15.31,23,0,9.3
97,2024-10-21,2024-11-14,26.82,11.46,19.14,0,73.62,15.36,24,0,12.2
97,2024-10-21,2024-11-15,29.46,12.37,20.915,0,76.94,17.090000000000003,25,0,14.4
97,2024-10-21,2024-11-16,32.33,16.58,24.455,0,76.44,15.75,26,0,16.8
97,2024-10-21,2024-11-17,31.67,19.77,25.72,2.36,85.01,11.900000000000002,27,0,19.4
97,2024-10-21,2024-11-18,26.03,14.67,20.35,0.04,82.63,11.36,28,0,19.4
98,2024-06-12,2024-05-15,21.47,12.73,17.1,0.54,85.52,8.739999999999998,-28,0,12.8
98,2024-06-12,2024-05-16,25.58,13.98,19.78,0.15,80.32,11.599999999999998,-27,0,14.4
98,2024-06-12,2024-05-17,26.48,15.8,21.14,0.36,73.62,10.68,-26,0,15.8
98,2024-06-12,2024-05-18,23.24,17.17,20.205,9.54,86.06,6.069999999999997,-25,0,17.2
98,2024-06-12,2024-05-19,21.33,15.42,18.375,17.47,91.27,5.909999999999998,-24,0,15.4
98,2024-06-12,2024-05-20,22.37,12.71,17.54,0.03,82.3,9.66,-23,0,12.7
98,2024-06-12,2024-05-21,25.52,11.47,18.495,0.12,81.83,14.05,-22,0,14.4
98,2024-06-12,2024-05-22,26.53,13.11,19.82,0.22,80.92,13.420000000000002,-21,0,15.6
98,2024-06-12,2024-05-23,27.07,12.83,19.95,0.29,75.26,14.24,-20,0,14.4
98,2024-06-12,2024-05-24,20.73,11.6,16.165,29.9,89.13,9.13,-19,0,15.8
98,2024-06-12,2024-05-25,17.56,10.01,13.785,0.71,82.14,7.549999999999999,-18,0,8.9
98,2024-06-12,2024-05-26,14.45,9.27,11.86,4.27,90.28,5.18,-17,0,9.7
98,2024-06-12,2024-05-27,17.37,10.44,13.905,18.87,95.57,6.9300000000000015,-16,0,12.9
98,2024-06-12,2024-05-28,15.75,5.49,10.62,0.4,80.12,10.26,-15,0,7.6
98,2024-06-12,2024-05-29,17.1,3.37,10.235,0.08,80.96,13.73,-14,0,6.5
98,2024-06-12,2024-05-30,17.69,5.62,11.655,0.37,82.15,12.07,-13,0,7.6
98,2024-06-12,2024-05-31,18.84,6.34,12.59,0.07,81.25,12.5,-12,0,7.9
98,2024-06-12,2024-06-01,21.71,8.57,15.14,0.17,81.75,13.14,-11,0,11
98,2024-06-12,2024-06-02,22.9,8.25,15.575,0.02,78.08,14.65,-10,0,11.6
98,2024-06-12,2024-06-03,24.17,9.62,16.895,0.07,77.3,14.550000000000002,-9,0,11.5
98,2024-06-12,2024-06-04,20.14,10.64,15.39,0.11,84.56,9.5,-8,0,12.2
98,2024-06-12,2024-06-05,23.35,10.21,16.78,0.02,77.29,13.14,-7,0,12.4
98,2024-06-12,2024-06-06,24.41,10.94,17.675,0.02,67.97,13.47,-6,0,11.7
98,2024-06-12,2024-06-07,24.83,10.71,17.77,0.08,72.82,14.119999999999996,-5,0,11.6
98,2024-06-12,2024-06-08,24.55,10.91,17.73,0.01,71.39,13.64,-4,0,11.9
98,2024-06-12,2024-06-09,25.77,10.51,18.14,0.14,78.33,15.26,-3,0,12.9
98,2024-06-12,2024-06-10,25.99,11.63,18.81,0,76.21,14.359999999999998,-2,0,13.4
98,2024-06-12,2024-06-11,25.05,12.33,18.69,0.01,71.56,12.72,-1,0,12.4
98,2024-06-12,2024-06-12,25.07,12.09,18.58,0.03,70.44,12.98,0,0,12.6
98,2024-06-12,2024-06-13,26.1,9.74,17.92,0.03,65.95,16.36,1,0,12.4
98,2024-06-12,2024-06-14,25.68,9.42,17.55,0.05,64.82,16.259999999999998,2,0,9.9
98,2024-06-12,2024-06-15,26.85,12.18,19.515,0,69.01,14.670000000000002,3,0,13
98,2024-06-12,2024-06-16,26.71,13.08,19.895,0.03,69.78,13.63,4,0,12.6
98,2024-06-12,2024-06-17,25.78,13.71,19.745,0.6,72.32,12.07,5,0,12.3
98,2024-06-12,2024-06-18,25.49,12.48,18.985,0.1,64.71,13.009999999999998,6,0,10.7
98,2024-06-12,2024-06-19,25.93,11.14,18.535,0.03,64.3,14.79,7,0,10.8
98,2024-06-12,2024-06-20,26.25,13.47,19.86,0,67.91,12.78,8,0,12.1
98,2024-06-12,2024-06-21,25.54,12.67,19.105,0,70.46,12.87,9,0,13
98,2024-06-12,2024-06-22,24.73,9.8,17.265,0.01,71.4,14.93,10,0,12.3
98,2024-06-12,2024-06-23,26.9,12.08,19.49,0.06,71.4,14.82,11,0,12.7
98,2024-06-12,2024-06-24,26.62,14.13,20.375,35.62,74.7,12.49,12,0,13.6
98,2024-06-12,2024-06-25,14.56,11.27,12.915,55.21,93.46,3.290000000000001,13,0,13.7
98,2024-06-12,2024-06-26,21.58,11.47,16.525,1.62,91.46,10.109999999999998,14,0,13.2
98,2024-06-12,2024-06-27,19.03,8.92,13.975,0.06,81.53,10.11,15,0,12.1
98,2024-06-12,2024-06-28,21.89,7.61,14.75,0.09,84.12,14.28,16,0,13.1
98,2024-06-12,2024-06-29,18.41,6.56,12.485,1.02,81.31,11.85,17,0,11
98,2024-06-12,2024-06-30,16.19,1.51,8.850000000000001,0,62.33,14.68,18,0,1.4
98,2024-06-12,2024-07-01,20.38,2.85,11.615,0.32,69.71,17.529999999999998,19,0,3.7
98,2024-06-12,2024-07-02,21.72,7.06,14.39,0.18,67.49,14.66,20,0,8
98,2024-06-12,2024-07-03,23.5,7.5,15.5,0.04,76.75,16,21,0,10.2
98,2024-06-12,2024-07-04,24.61,9.49,17.05,0,73.53,15.12,22,0,10.4
98,2024-06-12,2024-07-05,24.99,10.08,17.535,0.07,71.38,14.909999999999998,23,0,9
98,2024-06-12,2024-07-06,20.76,11.28,16.02,0.17,79.68,9.480000000000002,24,0,10.5
98,2024-06-12,2024-07-07,24.33,9.68,17.005,10.27,81.67,14.65,25,0,11.7
98,2024-06-12,2024-07-08,13.32,8.51,10.915,11.44,92.72,4.8100000000000005,26,0,10.7
98,2024-06-12,2024-07-09,11.97,7.01,9.49,14.07,93.94,4.960000000000001,27,0,9.3
98,2024-06-12,2024-07-10,15.94,6.69,11.315,3.53,91.03,9.25,28,0,9.4
99,2024-09-14,2024-08-17,24.21,15.94,20.075,0,88.9,8.270000000000001,-28,1,12.8
99,2024-09-14,2024-08-18,25.67,17.14,21.405,0.01,84.19,8.530000000000001,-27,1,13.1
99,2024-09-14,2024-08-19,27.21,15.58,21.395,0.07,81.07,11.63,-26,1,12.1
99,2024-09-14,2024-08-20,22.43,17.58,20.005,0.91,93.72,4.850000000000001,-25,1,17.4
99,2024-09-14,2024-08-21,24.56,16.37,20.465,0.02,86.63,8.189999999999998,-24,1,14.8
99,2024-09-14,2024-08-22,23.77,13.67,18.72,17.83,84.46,10.1,-23,1,12.5
99,2024-09-14,2024-08-23,14.12,8.64,11.38,12.49,88.96,5.479999999999999,-22,1,10.6
99,2024-09-14,2024-08-24,12.17,3.2,7.685,1.11,85.11,8.969999999999999,-21,1,5.2
99,2024-09-14,2024-08-25,11.25,1.54,6.395,0.01,83.02,9.71,-20,1,1.2
99,2024-09-14,2024-08-26,14.39,1.34,7.865,0.01,80.89,13.05,-19,1,2
99,2024-09-14,2024-08-27,17.43,0.94,9.185,0.06,79.38,16.49,-18,1,3.4
99,2024-09-14,2024-08-28,20.12,7.07,13.595,0.36,82.82,13.05,-17,1,7.6
99,2024-09-14,2024-08-29,23.83,11.77,17.799999999999997,0.01,74.55,12.06,-16,1,11.3
99,2024-09-14,2024-08-30,27.16,13.63,20.395,0.01,81.02,13.53,-15,1,14
99,2024-09-14,2024-08-31,25.54,13.63,19.585,0.09,86.98,11.909999999999998,-14,1,13.4
99,2024-09-14,2024-09-01,17.82,8.21,13.015,0.59,84.94,9.61,-13,1,11.9
99,2024-09-14,2024-09-02,19.52,8.37,13.945,0.01,78.17,11.15,-12,1,8.3
99,2024-09-14,2024-09-03,24.49,9.5,16.994999999999997,0.01,79.98,14.989999999999998,-11,1,11.7
99,2024-09-14,2024-09-04,27.43,9.58,18.505,19.02,86.53,17.85,-10,1,13.5
99,2024-09-14,2024-09-05,16.5,5.55,11.025,0.35,77.95,10.95,-9,1,7.3
99,2024-09-14,2024-09-06,22.29,3.98,13.135,0.03,80.41,18.31,-8,1,9
99,2024-09-14,2024-09-07,25.61,12.03,18.82,0.03,87.86,13.58,-7,1,14.6
99,2024-09-14,2024-09-08,27.61,16.01,21.81,0.02,86.02,11.599999999999998,-6,1,15.8
99,2024-09-14,2024-09-09,28.44,18.13,23.285,0,82.49,10.310000000000002,-5,1,13.3
99,2024-09-14,2024-09-10,28,17.7,22.85,0,80.3,10.3,-4,1,13.5
99,2024-09-14,2024-09-11,27.69,16.57,22.130000000000003,0.03,79.26,11.12,-3,1,12.2
99,2024-09-14,2024-09-12,22.25,16.61,19.43,15.12,85.79,5.640000000000001,-2,1,12.2
99,2024-09-14,2024-09-13,23.61,15.85,19.73,10,92.07,7.76,-1,1,16.4
99,2024-09-14,2024-09-14,21.82,12.7,17.259999999999998,0.26,86.13,9.12,0,1,14.4
99,2024-09-14,2024-09-15,18.27,8.02,13.145,0.12,83.93,10.25,1,1,9.3
99,2024-09-14,2024-09-16,21.27,11.17,16.22,0.03,81.97,10.1,2,1,10.6
99,2024-09-14,2024-09-17,23.03,10.47,16.75,0.04,78.77,12.56,3,1,11
99,2024-09-14,2024-09-18,25.13,10.68,17.905,0.01,77.57,14.45,4,1,10.8
99,2024-09-14,2024-09-19,24.97,14.11,19.54,2.04,84.43,10.86,5,1,14.7
99,2024-09-14,2024-09-20,20.74,12.85,16.794999999999998,41.77,84.48,7.889999999999999,6,1,15
99,2024-09-14,2024-09-21,24.99,10.05,17.52,0.39,82.09,14.939999999999998,7,1,14.3
99,2024-09-14,2024-09-22,28.93,14.92,21.925,0.03,84.96,14.01,8,1,17.3
99,2024-09-14,2024-09-23,29.51,20.64,25.075000000000003,0.36,85.55,8.870000000000001,9,1,20.2
99,2024-09-14,2024-09-24,29.78,21.19,25.485,1.57,84.55,8.59,10,1,19.6
99,2024-09-14,2024-09-25,28.46,19.14,23.8,10.92,81.94,9.32,11,1,17.5
99,2024-09-14,2024-09-26,19.32,13.57,16.445,17.77,91.98,5.75,12,1,16.4
99,2024-09-14,2024-09-27,21.75,12.97,17.36,0.38,84.87,8.78,13,1,13.1
99,2024-09-14,2024-09-28,25.22,11.45,18.335,0,76.77,13.77,14,1,11.4
99,2024-09-14,2024-09-29,28.37,12.32,20.345,0,71.75,16.05,15,1,12.6
99,2024-09-14,2024-09-30,29.79,14.02,21.905,0.21,77.03,15.77,16,1,14.5
99,2024-09-14,2024-10-01,29.99,18.21,24.1,8.57,79.62,11.779999999999998,17,1,15.6
99,2024-09-14,2024-10-02,21.8,12.58,17.19,33.41,90.53,9.22,18,1,16.4
99,2024-09-14,2024-10-03,19.13,8.57,13.85,0.1,79.49,10.56,19,1,9.6
99,2024-09-14,2024-10-04,23.46,7.85,15.655,0.01,80.59,15.61,20,1,10.3
99,2024-09-14,2024-10-05,26.39,10.85,18.62,0.1,78.22,15.54,21,1,11.5
99,2024-09-14,2024-10-06,24.79,14.67,19.73,0.31,81.13,10.12,22,1,14.1
99,2024-09-14,2024-10-07,23.91,15.2,19.555,8.49,90.39,8.71,23,1,15.9
99,2024-09-14,2024-10-08,21.51,16.22,18.865,8.1,93.44,5.290000000000003,24,1,16.4
99,2024-09-14,2024-10-09,19.57,15.54,17.555,17.34,93.48,4.030000000000001,25,1,15.7
99,2024-09-14,2024-10-10,22.4,14.48,18.44,4.98,87.51,7.919999999999998,26,1,15.1
99,2024-09-14,2024-10-11,20.22,15.28,17.75,9.63,94.04,4.9399999999999995,27,1,16.9
99,2024-09-14,2024-10-12,24.52,14.18,19.35,0.29,84.1,10.34,28,1,15
100,2024-10-05,2024-09-07,26.8,14,19.2,0,76,12.8,-28,1,14.6
100,2024-10-05,2024-09-08,30.1,17.2,22.5,0,67,12.900000000000002,-27,1,15.8
100,2024-10-05,2024-09-09,30.5,18.9,23.8,0,52,11.6,-26,1,13.3
100,2024-10-05,2024-09-10,30,19.3,24.8,0,50,10.7,-25,1,13.5
100,2024-10-05,2024-09-11,30.1,19,24.2,0,47,11.1,-24,1,12.2
100,2024-10-05,2024-09-12,24.2,17.5,20,5.7,63,6.699999999999999,-23,1,12.2
100,2024-10-05,2024-09-13,24.4,16.5,18.9,27.3,86,7.899999999999999,-22,1,16.4
100,2024-10-05,2024-09-14,20,14.6,17,1.2,86,5.4,-21,1,14.4
100,2024-10-05,2024-09-15,17.9,9.3,13.4,0.3,76,8.599999999999998,-20,1,9.3
100,2024-10-05,2024-09-16,19.9,10.3,14.4,0.2,79,9.599999999999998,-19,1,10.6
100,2024-10-05,2024-09-17,20.8,11.1,15.3,0,78,9.7,-18,1,11
100,2024-10-05,2024-09-18,23.3,11.1,16.5,0.5,70,12.2,-17,1,10.8
100,2024-10-05,2024-09-19,24.7,13.9,18.6,2.9,79,10.8,-16,1,14.7
100,2024-10-05,2024-09-20,21,14.7,17.6,41.8,85,6.300000000000001,-15,1,15
100,2024-10-05,2024-09-21,24.2,13.1,17.8,0,82,11.1,-14,1,14.3
100,2024-10-05,2024-09-22,28.6,15.6,21.4,0,78,13.000000000000002,-13,1,17.3
100,2024-10-05,2024-09-23,31.2,20.2,25,0,76,11,-12,1,20.2
100,2024-10-05,2024-09-24,31,20.1,24.8,0,74,10.9,-11,1,19.6
100,2024-10-05,2024-09-25,28.9,20.8,24.2,0,67,8.099999999999998,-10,1,17.5
100,2024-10-05,2024-09-26,20.8,15.6,18.3,19.5,89,5.200000000000001,-9,1,16.4
100,2024-10-05,2024-09-27,20.6,13.1,16.1,1.5,84,7.500000000000002,-8,1,13.1
100,2024-10-05,2024-09-28,23,10.6,16.2,0,75,12.4,-7,1,11.4
100,2024-10-05,2024-09-29,26.4,12.9,18.9,0,69,13.499999999999998,-6,1,12.6
100,2024-10-05,2024-09-30,30,14.7,21.5,0,66,15.3,-5,1,14.5
100,2024-10-05,2024-10-01,31.4,20.3,24,18.8,61,11.099999999999998,-4,1,15.6
100,2024-10-05,2024-10-02,19.4,14.2,17.5,44.3,93,5.199999999999999,-3,1,16.4
100,2024-10-05,2024-10-03,17.8,9.4,13.4,0,79,8.4,-2,1,9.6
100,2024-10-05,2024-10-04,22.1,9,14.7,0,77,13.1,-1,1,10.3
100,2024-10-05,2024-10-05,24.5,11.1,16.8,0,73,13.4,0,1,11.5
100,2024-10-05,2024-10-06,25.4,15.9,19.8,3.8,71,9.499999999999998,1,1,14.1
100,2024-10-05,2024-10-07,21.9,15.6,18.4,5.8,85,6.299999999999999,2,1,15.9
100,2024-10-05,2024-10-08,21.1,16.3,18.3,14.3,89,4.800000000000001,3,1,16.4
100,2024-10-05,2024-10-09,18.5,15.6,16.7,31.9,93,2.9000000000000004,4,1,15.7
100,2024-10-05,2024-10-10,21.8,15.6,17.8,3.4,85,6.200000000000001,5,1,15.1
100,2024-10-05,2024-10-11,20.4,16.7,18.1,51.7,93,3.6999999999999993,6,1,16.9
100,2024-10-05,2024-10-12,23.2,15.6,18.3,0.9,83,7.6,7,1,15
100,2024-10-05,2024-10-13,25.8,14.7,19.3,0,70,11.1,8,1,13.5
100,2024-10-05,2024-10-14,25.8,15.2,20.2,0,73,10.6,9,1,15
100,2024-10-05,2024-10-15,20.8,15.6,18.4,16.3,83,5.200000000000001,10,1,15.4
100,2024-10-05,2024-10-16,23.6,14.7,18.6,0,82,8.900000000000002,11,1,15
100,2024-10-05,2024-10-17,27.6,13.9,19.9,0,77,13.7,12,1,15.1
100,2024-10-05,2024-10-18,21,14.4,17.4,1.3,88,6.6,13,1,15.3
100,2024-10-05,2024-10-19,23.2,14.1,18.2,2.2,77,9.1,14,1,14
100,2024-10-05,2024-10-20,25.3,13.1,19,0,71,12.2,15,1,13.5
100,2024-10-05,2024-10-21,27.2,16.4,21.3,0.1,72,10.8,16,1,15.8
100,2024-10-05,2024-10-22,28.2,17.8,23.1,0.4,76,10.4,17,1,18.4
100,2024-10-05,2024-10-23,26.9,20.1,23.2,8.2,80,6.799999999999997,18,1,19.6
100,2024-10-05,2024-10-24,28.2,20.6,22.6,18.6,86,7.599999999999998,19,1,19.9
100,2024-10-05,2024-10-25,22.8,14.6,18.5,0.7,80,8.200000000000001,20,1,14.8
100,2024-10-05,2024-10-26,19.6,12.4,16,0,70,7.200000000000001,21,1,10.2
100,2024-10-05,2024-10-27,24.1,9.8,16.3,0,65,14.3,22,1,9.2
100,2024-10-05,2024-10-28,27.5,13.8,19.9,0,70,13.7,23,1,13.9
100,2024-10-05,2024-10-29,28.2,15.2,21.5,0,70,13,24,1,15
100,2024-10-05,2024-10-30,28.5,16.6,21.9,0,70,11.9,25,1,15.4
100,2024-10-05,2024-10-31,28.1,16.9,22.2,0,66,11.200000000000005,26,1,15
100,2024-10-05,2024-11-01,28.9,16.2,22.3,0,60,12.7,27,1,13.5
100,2024-10-05,2024-11-02,23.2,19.2,20.6,7.7,81,4,28,1,17.1
101,2024-10-15,2024-09-17,21.3,9.4,15.3,0,87,11.9,-28,1,12.9
101,2024-10-15,2024-09-18,22.2,15.4,18,0,81,6.799999999999999,-27,1,14.5
101,2024-10-15,2024-09-19,24.2,13.9,18.3,7.4,86,10.3,-26,1,15.7
101,2024-10-15,2024-09-20,22.4,16,19.5,23.5,90,6.399999999999999,-25,1,17.7
101,2024-10-15,2024-09-21,23.4,13.8,18,0.8,90,9.599999999999998,-24,1,16.2
101,2024-10-15,2024-09-22,27,17.4,21.3,3.1,86,9.6,-23,1,18.7
101,2024-10-15,2024-09-23,23.1,19,20.5,30.7,95,4.100000000000001,-22,1,19.6
101,2024-10-15,2024-09-24,20.6,17.2,18.9,64.1,95,3.400000000000002,-21,1,18
101,2024-10-15,2024-09-25,22.4,18,19.6,34.8,95,4.399999999999999,-20,1,18.8
101,2024-10-15,2024-09-26,20.4,17.1,18.7,6.3,94,3.299999999999997,-19,1,17.6
101,2024-10-15,2024-09-27,20.4,14.2,17.4,2.4,84,6.199999999999999,-18,1,14.5
101,2024-10-15,2024-09-28,24.2,12.1,17.3,0,84,12.1,-17,1,14.2
101,2024-10-15,2024-09-29,25.5,13.6,19.2,0,83,11.9,-16,1,16.2
101,2024-10-15,2024-09-30,27.7,16.9,21.7,2.2,78,10.8,-15,1,17.6
101,2024-10-15,2024-10-01,27.3,19.5,22,23.6,85,7.800000000000001,-14,1,19.1
101,2024-10-15,2024-10-02,19.8,13.8,17.5,0.5,74,6,-13,1,12.6
101,2024-10-15,2024-10-03,17.9,8.2,12.9,0.1,70,9.7,-12,1,7.4
101,2024-10-15,2024-10-04,18.4,9.4,13.9,0,75,8.999999999999998,-11,1,9.3
101,2024-10-15,2024-10-05,23.4,13.6,18,0,77,9.8,-10,1,13.7
101,2024-10-15,2024-10-06,21.9,12.9,17.6,0,82,8.999999999999998,-9,1,14.2
101,2024-10-15,2024-10-07,20.9,16.4,18.4,0.7,80,4.5,-8,1,14.8
101,2024-10-15,2024-10-08,21.7,17.4,18.9,4.2,88,4.300000000000001,-7,1,16.9
101,2024-10-15,2024-10-09,19.5,15.4,17.3,0.3,78,4.1,-6,1,13.3
101,2024-10-15,2024-10-10,19.9,16.7,18.2,1.5,79,3.1999999999999993,-5,1,14.5
101,2024-10-15,2024-10-11,23.2,17.5,19.7,14.5,89,5.699999999999999,-4,1,17.7
101,2024-10-15,2024-10-12,22.6,13.9,17.6,0,79,8.700000000000001,-3,1,13.2
101,2024-10-15,2024-10-13,22.2,13.3,17.5,0.2,81,8.899999999999999,-2,1,14.2
101,2024-10-15,2024-10-14,23.6,18.1,20.3,1.1,79,5.5,-1,1,16.4
101,2024-10-15,2024-10-15,23.3,18.6,20.4,23.8,85,4.699999999999999,0,1,17.8
101,2024-10-15,2024-10-16,23,15.9,19.1,0.4,79,7.1,1,1,15.2
101,2024-10-15,2024-10-17,23,11.8,17,0.2,86,11.2,2,1,14.3
101,2024-10-15,2024-10-18,23.5,15.2,18.3,0.5,84,8.3,3,1,15.3
101,2024-10-15,2024-10-19,23.4,14.4,18,0,83,8.999999999999998,4,1,14.7
101,2024-10-15,2024-10-20,24,14.9,19.1,0,80,9.1,5,1,15.3
101,2024-10-15,2024-10-21,30.3,17.6,22.7,0,78,12.7,6,1,18.4
101,2024-10-15,2024-10-22,31.2,18.5,24.7,0,76,12.7,7,1,19.6
101,2024-10-15,2024-10-23,25.5,21,22.7,2.6,87,4.5,8,1,20.3
101,2024-10-15,2024-10-24,25.8,21,23.1,16,88,4.800000000000001,9,1,20.8
101,2024-10-15,2024-10-25,24,17.6,20.4,0.6,68,6.399999999999999,10,1,14.2
101,2024-10-15,2024-10-26,19.5,11.9,15.8,11,69,7.6,11,1,9.7
101,2024-10-15,2024-10-27,24.6,11.6,17,0,64,13.000000000000002,12,1,9.7
101,2024-10-15,2024-10-28,24.1,13.3,18.6,0,74,10.8,13,1,13.7
101,2024-10-15,2024-10-29,24.2,17.1,20.6,3.6,85,7.099999999999998,14,1,17.8
101,2024-10-15,2024-10-30,25,18.4,21.3,1.4,83,6.600000000000001,15,1,18.2
101,2024-10-15,2024-10-31,26.2,19.8,22.2,0.4,79,6.399999999999999,16,1,18.2
101,2024-10-15,2024-11-01,28.6,19.4,23.2,0,77,9.200000000000005,17,1,18.7
101,2024-10-15,2024-11-02,31.3,20.1,24.7,3.9,79,11.2,18,1,20.5
101,2024-10-15,2024-11-03,26.2,21.2,23.4,3.4,89,5,19,1,21.4
101,2024-10-15,2024-11-04,29.4,21.4,24.8,2.3,81,8,20,1,21.1
101,2024-10-15,2024-11-05,25.6,19.1,22.3,0.2,82,6.5,21,1,19
101,2024-10-15,2024-11-06,22.9,18.2,20.4,0.9,82,4.699999999999999,22,1,17.1
101,2024-10-15,2024-11-07,22.7,19.3,21,11.7,91,3.3999999999999986,23,1,19.5
101,2024-10-15,2024-11-08,22.8,16.4,19,1.1,74,6.400000000000002,24,1,14
101,2024-10-15,2024-11-09,22.8,13.9,18.2,0,77,8.9,25,1,13.6
101,2024-10-15,2024-11-10,24.3,12.5,19,0,74,11.8,26,1,13.9
101,2024-10-15,2024-11-11,24.5,14.9,19.6,5.5,85,9.6,27,1,16.8
101,2024-10-15,2024-11-12,20.6,12.2,16.9,0.2,58,8.400000000000002,28,1,8.1
102,1998-08-23,1998-07-26,15.5,11.3,12.9,0,82,4.199999999999999,-28,0,9.8
102,1998-08-23,1998-07-27,17.6,7.6,12,0,83,10.000000000000002,-27,0,8.9
102,1998-08-23,1998-07-28,21.5,8.9,14.3,9.2,78,12.6,-26,0,10.3
102,1998-08-23,1998-07-29,15.4,9.9,12,9.3,84,5.5,-25,0,9.1
102,1998-08-23,1998-07-30,17.9,5.5,10.8,0,81,12.4,-24,0,7.3
102,1998-08-23,1998-07-31,17.5,9.9,13.1,7.5,83,7.6,-23,0,10.3
102,1998-08-23,1998-08-01,15.1,12.5,13.9,29.7,95,2.5999999999999996,-22,0,13.2
102,1998-08-23,1998-08-02,15.5,12.7,13.7,3.5,94,2.8000000000000007,-21,0,12.6
102,1998-08-23,1998-08-03,16.8,11.9,13.8,0,83,4.9,-20,0,10.7
102,1998-08-23,1998-08-04,14.5,10.9,12.6,0.8,80,3.5999999999999996,-19,0,9.3
102,1998-08-23,1998-08-05,16.9,12.4,14,0.6,85,4.499999999999998,-18,0,11.4
102,1998-08-23,1998-08-06,14.7,9.1,11.6,0,86,5.6,-17,0,9.1
102,1998-08-23,1998-08-07,18.1,6.5,11.8,0,81,11.6,-16,0,8.4
102,1998-08-23,1998-08-08,20,10.8,14.3,0,79,9.2,-15,0,10.5
102,1998-08-23,1998-08-09,18.7,11.6,14.7,2.2,83,7.1,-14,0,11.7
102,1998-08-23,1998-08-10,19.7,13.1,16.1,0.7,87,6.6,-13,0,13.9
102,1998-08-23,1998-08-11,19,14.9,16.1,3.3,93,4.1,-12,0,15
102,1998-08-23,1998-08-12,15.7,11.4,13.5,0.6,91,4.299999999999999,-11,0,12
102,1998-08-23,1998-08-13,18.2,12.2,14.1,5,94,6,-10,0,13.1
102,1998-08-23,1998-08-14,17.5,12.2,14.4,37.2,99,5.300000000000001,-9,0,14.2
102,1998-08-23,1998-08-15,16.5,13.8,15.3,45.8,93,2.6999999999999993,-8,0,14.1
102,1998-08-23,1998-08-16,21.4,10.8,15.2,0,87,10.599999999999998,-7,0,12.7
102,1998-08-23,1998-08-17,18.2,15,16.4,31.6,94,3.1999999999999993,-6,0,15.4
102,1998-08-23,1998-08-18,17.7,15.8,16.5,71.5,96,1.8999999999999984,-5,0,15.9
102,1998-08-23,1998-08-19,20.8,15.5,17,4.4,91,5.300000000000001,-4,0,15.5
102,1998-08-23,1998-08-20,15.5,12.3,14.4,25.8,96,3.1999999999999993,-3,0,13.8
102,1998-08-23,1998-08-21,13.7,10.7,11.9,12.5,92,3,-2,0,10.7
102,1998-08-23,1998-08-22,15.4,11.1,13,6.8,90,4.300000000000001,-1,0,11.4
102,1998-08-23,1998-08-23,23.8,13,17,0,77,10.8,0,0,12.8
102,1998-08-23,1998-08-24,23.6,17.6,20.1,0.1,84,6,1,0,17.2
102,1998-08-23,1998-08-25,24.7,15.7,19.3,1.9,79,9,2,0,15.5
102,1998-08-23,1998-08-26,16.9,11.5,15.1,35,97,5.399999999999999,3,0,14.6
102,1998-08-23,1998-08-27,11.8,8.4,9.9,0.5,85,3.4000000000000004,4,0,7.3
102,1998-08-23,1998-08-28,16.4,1.9,9.2,0,80,14.499999999999998,5,0,5.5
102,1998-08-23,1998-08-29,16.2,3.6,9.7,0,82,12.6,6,0,6.4
102,1998-08-23,1998-08-30,16.3,6.6,10.4,0,78,9.7,7,0,6.5
102,1998-08-23,1998-08-31,18.6,6.8,11.5,0,73,11.8,8,0,6.5
102,1998-08-23,1998-09-01,23.4,9.1,15.2,0,77,14.3,9,0,11
102,1998-08-23,1998-09-02,25.2,13.8,18.7,0,76,11.4,10,0,14.2
102,1998-08-23,1998-09-03,21.1,15.6,17.4,16.7,75,5.500000000000002,11,0,12.8
102,1998-08-23,1998-09-04,16.3,11.9,15.4,2.9,92,4.4,12,0,14.1
102,1998-08-23,1998-09-05,15.3,9.1,11.7,0,79,6.200000000000001,13,0,8.2
102,1998-08-23,1998-09-06,21,9.2,14.2,0.1,79,11.8,14,0,10.3
102,1998-08-23,1998-09-07,16.1,13,14.5,43.1,92,3.1000000000000014,15,0,13.3
102,1998-08-23,1998-09-08,17.4,11.7,14.3,0,85,5.699999999999999,16,0,11.5
102,1998-08-23,1998-09-09,18.8,7.2,13.3,0,77,11.6,17,0,9.1
102,1998-08-23,1998-09-10,21.6,9.8,14.8,0,77,11.8,18,0,10.5
102,1998-08-23,1998-09-11,22.3,11.7,16.9,0.5,71,10.6,19,0,11.6
102,1998-08-23,1998-09-12,22.2,16.9,19.1,9.6,85,5.300000000000001,20,0,16.4
102,1998-08-23,1998-09-13,18.5,11.9,16.1,19.3,89,6.6,21,0,14.1
102,1998-08-23,1998-09-14,18.2,8.9,13.1,2.3,77,9.3,22,0,9.1
102,1998-08-23,1998-09-15,18,10.2,13.2,0.2,83,7.800000000000001,23,0,10.3
102,1998-08-23,1998-09-16,22.6,9.3,14.9,0,80,13.3,24,0,11
102,1998-08-23,1998-09-17,22.3,13.9,17.1,5.2,81,8.4,25,0,13.7
102,1998-08-23,1998-09-18,16.8,11.4,13.8,56,96,5.4,26,0,13.2
102,1998-08-23,1998-09-19,13.4,9.9,11.4,4.1,88,3.5,27,0,9.5
102,1998-08-23,1998-09-20,10.9,9.9,10.3,16.6,99,1,28,0,10.1
103,1998-09-09,1998-08-12,15.7,11.4,13.5,0.6,91,4.299999999999999,-28,0,12
103,1998-09-09,1998-08-13,18.2,12.2,14.1,5,94,6,-27,0,13.1
103,1998-09-09,1998-08-14,17.5,12.2,14.4,37.2,99,5.300000000000001,-26,0,14.2
103,1998-09-09,1998-08-15,16.5,13.8,15.3,45.8,93,2.6999999999999993,-25,0,14.1
103,1998-09-09,1998-08-16,21.4,10.8,15.2,0,87,10.599999999999998,-24,0,12.7
103,1998-09-09,1998-08-17,18.2,15,16.4,31.6,94,3.1999999999999993,-23,0,15.4
103,1998-09-09,1998-08-18,17.7,15.8,16.5,71.5,96,1.8999999999999984,-22,0,15.9
103,1998-09-09,1998-08-19,20.8,15.5,17,4.4,91,5.300000000000001,-21,0,15.5
103,1998-09-09,1998-08-20,15.5,12.3,14.4,25.8,96,3.1999999999999993,-20,0,13.8
103,1998-09-09,1998-08-21,13.7,10.7,11.9,12.5,92,3,-19,0,10.7
103,1998-09-09,1998-08-22,15.4,11.1,13,6.8,90,4.300000000000001,-18,0,11.4
103,1998-09-09,1998-08-23,23.8,13,17,0,77,10.8,-17,0,12.8
103,1998-09-09,1998-08-24,23.6,17.6,20.1,0.1,84,6,-16,0,17.2
103,1998-09-09,1998-08-25,24.7,15.7,19.3,1.9,79,9,-15,0,15.5
103,1998-09-09,1998-08-26,16.9,11.5,15.1,35,97,5.399999999999999,-14,0,14.6
103,1998-09-09,1998-08-27,11.8,8.4,9.9,0.5,85,3.4000000000000004,-13,0,7.3
103,1998-09-09,1998-08-28,16.4,1.9,9.2,0,80,14.499999999999998,-12,0,5.5
103,1998-09-09,1998-08-29,16.2,3.6,9.7,0,82,12.6,-11,0,6.4
103,1998-09-09,1998-08-30,16.3,6.6,10.4,0,78,9.7,-10,0,6.5
103,1998-09-09,1998-08-31,18.6,6.8,11.5,0,73,11.8,-9,0,6.5
103,1998-09-09,1998-09-01,23.4,9.1,15.2,0,77,14.3,-8,0,11
103,1998-09-09,1998-09-02,25.2,13.8,18.7,0,76,11.4,-7,0,14.2
103,1998-09-09,1998-09-03,21.1,15.6,17.4,16.7,75,5.500000000000002,-6,0,12.8
103,1998-09-09,1998-09-04,16.3,11.9,15.4,2.9,92,4.4,-5,0,14.1
103,1998-09-09,1998-09-05,15.3,9.1,11.7,0,79,6.200000000000001,-4,0,8.2
103,1998-09-09,1998-09-06,21,9.2,14.2,0.1,79,11.8,-3,0,10.3
103,1998-09-09,1998-09-07,16.1,13,14.5,43.1,92,3.1000000000000014,-2,0,13.3
103,1998-09-09,1998-09-08,17.4,11.7,14.3,0,85,5.699999999999999,-1,0,11.5
103,1998-09-09,1998-09-09,18.8,7.2,13.3,0,77,11.6,0,0,9.1
103,1998-09-09,1998-09-10,21.6,9.8,14.8,0,77,11.8,1,0,10.5
103,1998-09-09,1998-09-11,22.3,11.7,16.9,0.5,71,10.6,2,0,11.6
103,1998-09-09,1998-09-12,22.2,16.9,19.1,9.6,85,5.300000000000001,3,0,16.4
103,1998-09-09,1998-09-13,18.5,11.9,16.1,19.3,89,6.6,4,0,14.1
103,1998-09-09,1998-09-14,18.2,8.9,13.1,2.3,77,9.3,5,0,9.1
103,1998-09-09,1998-09-15,18,10.2,13.2,0.2,83,7.800000000000001,6,0,10.3
103,1998-09-09,1998-09-16,22.6,9.3,14.9,0,80,13.3,7,0,11
103,1998-09-09,1998-09-17,22.3,13.9,17.1,5.2,81,8.4,8,0,13.7
103,1998-09-09,1998-09-18,16.8,11.4,13.8,56,96,5.4,9,0,13.2
103,1998-09-09,1998-09-19,13.4,9.9,11.4,4.1,88,3.5,10,0,9.5
103,1998-09-09,1998-09-20,10.9,9.9,10.3,16.6,99,1,11,0,10.1
103,1998-09-09,1998-09-21,13.3,6.9,10,0.4,81,6.4,12,0,6.5
103,1998-09-09,1998-09-22,19.3,4.6,11.5,0,68,14.7,13,0,5.5
103,1998-09-09,1998-09-23,19.6,9.7,14.1,0,72,9.900000000000002,14,0,8.8
103,1998-09-09,1998-09-24,20.6,10.9,15.1,0.2,69,9.7,15,0,9.2
103,1998-09-09,1998-09-25,21.8,13.2,16.8,0.5,80,8.600000000000001,16,0,13.3
103,1998-09-09,1998-09-26,24.4,13.4,18,1.8,85,10.999999999999998,17,0,15.2
103,1998-09-09,1998-09-27,19.8,13.6,17.5,22.6,90,6.200000000000001,18,0,15.8
103,1998-09-09,1998-09-28,16.7,7,11.9,0,74,9.7,19,0,7.1
103,1998-09-09,1998-09-29,17.9,7.5,12.6,0,69,10.4,20,0,6.7
103,1998-09-09,1998-09-30,20,8.9,14.1,1,76,11.1,21,0,9.9
103,1998-09-09,1998-10-01,21.4,11.2,15.8,0.7,79,10.2,22,0,12.2
103,1998-09-09,1998-10-02,21.9,12.9,17,5.9,80,8.999999999999998,23,0,13.4
103,1998-09-09,1998-10-03,19,14.4,16.3,11.4,88,4.6,24,0,14.3
103,1998-09-09,1998-10-04,24.3,15,18.6,25.6,88,9.3,25,0,16.6
103,1998-09-09,1998-10-05,20.5,16.2,18,37.9,88,4.300000000000001,26,0,15.9
103,1998-09-09,1998-10-06,17.9,10.7,13.9,3.8,86,7.199999999999999,27,0,11.6
103,1998-09-09,1998-10-07,20.1,10.6,14.5,0.1,79,9.500000000000002,28,0,10.6
104,1998-09-17,1998-08-20,15.5,12.3,14.4,25.8,96,3.1999999999999993,-28,0,13.8
104,1998-09-17,1998-08-21,13.7,10.7,11.9,12.5,92,3,-27,0,10.7
104,1998-09-17,1998-08-22,15.4,11.1,13,6.8,90,4.300000000000001,-26,0,11.4
104,1998-09-17,1998-08-23,23.8,13,17,0,77,10.8,-25,0,12.8
104,1998-09-17,1998-08-24,23.6,17.6,20.1,0.1,84,6,-24,0,17.2
104,1998-09-17,1998-08-25,24.7,15.7,19.3,1.9,79,9,-23,0,15.5
104,1998-09-17,1998-08-26,16.9,11.5,15.1,35,97,5.399999999999999,-22,0,14.6
104,1998-09-17,1998-08-27,11.8,8.4,9.9,0.5,85,3.4000000000000004,-21,0,7.3
104,1998-09-17,1998-08-28,16.4,1.9,9.2,0,80,14.499999999999998,-20,0,5.5
104,1998-09-17,1998-08-29,16.2,3.6,9.7,0,82,12.6,-19,0,6.4
104,1998-09-17,1998-08-30,16.3,6.6,10.4,0,78,9.7,-18,0,6.5
104,1998-09-17,1998-08-31,18.6,6.8,11.5,0,73,11.8,-17,0,6.5
104,1998-09-17,1998-09-01,23.4,9.1,15.2,0,77,14.3,-16,0,11
104,1998-09-17,1998-09-02,25.2,13.8,18.7,0,76,11.4,-15,0,14.2
104,1998-09-17,1998-09-03,21.1,15.6,17.4,16.7,75,5.500000000000002,-14,0,12.8
104,1998-09-17,1998-09-04,16.3,11.9,15.4,2.9,92,4.4,-13,0,14.1
104,1998-09-17,1998-09-05,15.3,9.1,11.7,0,79,6.200000000000001,-12,0,8.2
104,1998-09-17,1998-09-06,21,9.2,14.2,0.1,79,11.8,-11,0,10.3
104,1998-09-17,1998-09-07,16.1,13,14.5,43.1,92,3.1000000000000014,-10,0,13.3
104,1998-09-17,1998-09-08,17.4,11.7,14.3,0,85,5.699999999999999,-9,0,11.5
104,1998-09-17,1998-09-09,18.8,7.2,13.3,0,77,11.6,-8,0,9.1
104,1998-09-17,1998-09-10,21.6,9.8,14.8,0,77,11.8,-7,0,10.5
104,1998-09-17,1998-09-11,22.3,11.7,16.9,0.5,71,10.6,-6,0,11.6
104,1998-09-17,1998-09-12,22.2,16.9,19.1,9.6,85,5.300000000000001,-5,0,16.4
104,1998-09-17,1998-09-13,18.5,11.9,16.1,19.3,89,6.6,-4,0,14.1
104,1998-09-17,1998-09-14,18.2,8.9,13.1,2.3,77,9.3,-3,0,9.1
104,1998-09-17,1998-09-15,18,10.2,13.2,0.2,83,7.800000000000001,-2,0,10.3
104,1998-09-17,1998-09-16,22.6,9.3,14.9,0,80,13.3,-1,0,11
104,1998-09-17,1998-09-17,22.3,13.9,17.1,5.2,81,8.4,0,0,13.7
104,1998-09-17,1998-09-18,16.8,11.4,13.8,56,96,5.4,1,0,13.2
104,1998-09-17,1998-09-19,13.4,9.9,11.4,4.1,88,3.5,2,0,9.5
104,1998-09-17,1998-09-20,10.9,9.9,10.3,16.6,99,1,3,0,10.1
104,1998-09-17,1998-09-21,13.3,6.9,10,0.4,81,6.4,4,0,6.5
104,1998-09-17,1998-09-22,19.3,4.6,11.5,0,68,14.7,5,0,5.5
104,1998-09-17,1998-09-23,19.6,9.7,14.1,0,72,9.900000000000002,6,0,8.8
104,1998-09-17,1998-09-24,20.6,10.9,15.1,0.2,69,9.7,7,0,9.2
104,1998-09-17,1998-09-25,21.8,13.2,16.8,0.5,80,8.600000000000001,8,0,13.3
104,1998-09-17,1998-09-26,24.4,13.4,18,1.8,85,10.999999999999998,9,0,15.2
104,1998-09-17,1998-09-27,19.8,13.6,17.5,22.6,90,6.200000000000001,10,0,15.8
104,1998-09-17,1998-09-28,16.7,7,11.9,0,74,9.7,11,0,7.1
104,1998-09-17,1998-09-29,17.9,7.5,12.6,0,69,10.4,12,0,6.7
104,1998-09-17,1998-09-30,20,8.9,14.1,1,76,11.1,13,0,9.9
104,1998-09-17,1998-10-01,21.4,11.2,15.8,0.7,79,10.2,14,0,12.2
104,1998-09-17,1998-10-02,21.9,12.9,17,5.9,80,8.999999999999998,15,0,13.4
104,1998-09-17,1998-10-03,19,14.4,16.3,11.4,88,4.6,16,0,14.3
104,1998-09-17,1998-10-04,24.3,15,18.6,25.6,88,9.3,17,0,16.6
104,1998-09-17,1998-10-05,20.5,16.2,18,37.9,88,4.300000000000001,18,0,15.9
104,1998-09-17,1998-10-06,17.9,10.7,13.9,3.8,86,7.199999999999999,19,0,11.6
104,1998-09-17,1998-10-07,20.1,10.6,14.5,0.1,79,9.500000000000002,20,0,10.6
104,1998-09-17,1998-10-08,18.8,12.2,15.3,13.8,82,6.600000000000001,21,0,12.2
104,1998-09-17,1998-10-09,22.8,12.2,16.9,0,79,10.6,22,0,12.7
104,1998-09-17,1998-10-10,24.3,12.9,17.9,0.5,72,11.4,23,0,12.3
104,1998-09-17,1998-10-11,20,15,17.2,23,88,5,24,0,15.2
104,1998-09-17,1998-10-12,23.1,16.1,18.9,2.8,89,7,25,0,16.9
104,1998-09-17,1998-10-13,25.1,15.3,19.4,0.2,82,9.8,26,0,16.1
104,1998-09-17,1998-10-14,24.4,15.5,19.5,1,81,8.899999999999999,27,0,15.8
104,1998-09-17,1998-10-15,25.6,16.2,19.7,3.3,81,9.400000000000002,28,0,16.3
105,1998-09-27,1998-08-30,16.3,6.6,10.4,0,78,9.7,-28,0,6.5
105,1998-09-27,1998-08-31,18.6,6.8,11.5,0,73,11.8,-27,0,6.5
105,1998-09-27,1998-09-01,23.4,9.1,15.2,0,77,14.3,-26,0,11
105,1998-09-27,1998-09-02,25.2,13.8,18.7,0,76,11.4,-25,0,14.2
105,1998-09-27,1998-09-03,21.1,15.6,17.4,16.7,75,5.500000000000002,-24,0,12.8
105,1998-09-27,1998-09-04,16.3,11.9,15.4,2.9,92,4.4,-23,0,14.1
105,1998-09-27,1998-09-05,15.3,9.1,11.7,0,79,6.200000000000001,-22,0,8.2
105,1998-09-27,1998-09-06,21,9.2,14.2,0.1,79,11.8,-21,0,10.3
105,1998-09-27,1998-09-07,16.1,13,14.5,43.1,92,3.1000000000000014,-20,0,13.3
105,1998-09-27,1998-09-08,17.4,11.7,14.3,0,85,5.699999999999999,-19,0,11.5
105,1998-09-27,1998-09-09,18.8,7.2,13.3,0,77,11.6,-18,0,9.1
105,1998-09-27,1998-09-10,21.6,9.8,14.8,0,77,11.8,-17,0,10.5
105,1998-09-27,1998-09-11,22.3,11.7,16.9,0.5,71,10.6,-16,0,11.6
105,1998-09-27,1998-09-12,22.2,16.9,19.1,9.6,85,5.300000000000001,-15,0,16.4
105,1998-09-27,1998-09-13,18.5,11.9,16.1,19.3,89,6.6,-14,0,14.1
105,1998-09-27,1998-09-14,18.2,8.9,13.1,2.3,77,9.3,-13,0,9.1
105,1998-09-27,1998-09-15,18,10.2,13.2,0.2,83,7.800000000000001,-12,0,10.3
105,1998-09-27,1998-09-16,22.6,9.3,14.9,0,80,13.3,-11,0,11
105,1998-09-27,1998-09-17,22.3,13.9,17.1,5.2,81,8.4,-10,0,13.7
105,1998-09-27,1998-09-18,16.8,11.4,13.8,56,96,5.4,-9,0,13.2
105,1998-09-27,1998-09-19,13.4,9.9,11.4,4.1,88,3.5,-8,0,9.5
105,1998-09-27,1998-09-20,10.9,9.9,10.3,16.6,99,1,-7,0,10.1
105,1998-09-27,1998-09-21,13.3,6.9,10,0.4,81,6.4,-6,0,6.5
105,1998-09-27,1998-09-22,19.3,4.6,11.5,0,68,14.7,-5,0,5.5
105,1998-09-27,1998-09-23,19.6,9.7,14.1,0,72,9.900000000000002,-4,0,8.8
105,1998-09-27,1998-09-24,20.6,10.9,15.1,0.2,69,9.7,-3,0,9.2
105,1998-09-27,1998-09-25,21.8,13.2,16.8,0.5,80,8.600000000000001,-2,0,13.3
105,1998-09-27,1998-09-26,24.4,13.4,18,1.8,85,10.999999999999998,-1,0,15.2
105,1998-09-27,1998-09-27,19.8,13.6,17.5,22.6,90,6.200000000000001,0,0,15.8
105,1998-09-27,1998-09-28,16.7,7,11.9,0,74,9.7,1,0,7.1
105,1998-09-27,1998-09-29,17.9,7.5,12.6,0,69,10.4,2,0,6.7
105,1998-09-27,1998-09-30,20,8.9,14.1,1,76,11.1,3,0,9.9
105,1998-09-27,1998-10-01,21.4,11.2,15.8,0.7,79,10.2,4,0,12.2
105,1998-09-27,1998-10-02,21.9,12.9,17,5.9,80,8.999999999999998,5,0,13.4
105,1998-09-27,1998-10-03,19,14.4,16.3,11.4,88,4.6,6,0,14.3
105,1998-09-27,1998-10-04,24.3,15,18.6,25.6,88,9.3,7,0,16.6
105,1998-09-27,1998-10-05,20.5,16.2,18,37.9,88,4.300000000000001,8,0,15.9
105,1998-09-27,1998-10-06,17.9,10.7,13.9,3.8,86,7.199999999999999,9,0,11.6
105,1998-09-27,1998-10-07,20.1,10.6,14.5,0.1,79,9.500000000000002,10,0,10.6
105,1998-09-27,1998-10-08,18.8,12.2,15.3,13.8,82,6.600000000000001,11,0,12.2
105,1998-09-27,1998-10-09,22.8,12.2,16.9,0,79,10.6,12,0,12.7
105,1998-09-27,1998-10-10,24.3,12.9,17.9,0.5,72,11.4,13,0,12.3
105,1998-09-27,1998-10-11,20,15,17.2,23,88,5,14,0,15.2
105,1998-09-27,1998-10-12,23.1,16.1,18.9,2.8,89,7,15,0,16.9
105,1998-09-27,1998-10-13,25.1,15.3,19.4,0.2,82,9.8,16,0,16.1
105,1998-09-27,1998-10-14,24.4,15.5,19.5,1,81,8.899999999999999,17,0,15.8
105,1998-09-27,1998-10-15,25.6,16.2,19.7,3.3,81,9.400000000000002,18,0,16.3
105,1998-09-27,1998-10-16,19,14.7,17.6,76.1,93,4.300000000000001,19,0,16.4
105,1998-09-27,1998-10-17,20.2,13.1,15.9,18.6,81,7.1,20,0,12.3
105,1998-09-27,1998-10-18,20.9,10.8,15.4,0,73,10.099999999999998,21,0,10
105,1998-09-27,1998-10-19,23.7,11.2,16.9,0,70,12.5,22,0,11
105,1998-09-27,1998-10-20,24,11.5,17.7,0,65,12.5,23,0,10.7
105,1998-09-27,1998-10-21,25.3,13.3,18.8,0,72,12,24,0,13.2
105,1998-09-27,1998-10-22,27.8,15.5,20.9,0,70,12.3,25,0,14.9
105,1998-09-27,1998-10-23,27.9,17.9,21.5,16.5,77,10,26,0,17.2
105,1998-09-27,1998-10-24,17.9,11.4,14.4,2.1,77,6.499999999999998,27,0,10.3
105,1998-09-27,1998-10-25,16.1,11.7,13.8,35.1,85,4.400000000000002,28,0,11.3
106,1998-09-30,1998-09-02,25.2,13.8,18.7,0,76,11.4,-28,0,14.2
106,1998-09-30,1998-09-03,21.1,15.6,17.4,16.7,75,5.500000000000002,-27,0,12.8
106,1998-09-30,1998-09-04,16.3,11.9,15.4,2.9,92,4.4,-26,0,14.1
106,1998-09-30,1998-09-05,15.3,9.1,11.7,0,79,6.200000000000001,-25,0,8.2
106,1998-09-30,1998-09-06,21,9.2,14.2,0.1,79,11.8,-24,0,10.3
106,1998-09-30,1998-09-07,16.1,13,14.5,43.1,92,3.1000000000000014,-23,0,13.3
106,1998-09-30,1998-09-08,17.4,11.7,14.3,0,85,5.699999999999999,-22,0,11.5
106,1998-09-30,1998-09-09,18.8,7.2,13.3,0,77,11.6,-21,0,9.1
106,1998-09-30,1998-09-10,21.6,9.8,14.8,0,77,11.8,-20,0,10.5
106,1998-09-30,1998-09-11,22.3,11.7,16.9,0.5,71,10.6,-19,0,11.6
106,1998-09-30,1998-09-12,22.2,16.9,19.1,9.6,85,5.300000000000001,-18,0,16.4
106,1998-09-30,1998-09-13,18.5,11.9,16.1,19.3,89,6.6,-17,0,14.1
106,1998-09-30,1998-09-14,18.2,8.9,13.1,2.3,77,9.3,-16,0,9.1
106,1998-09-30,1998-09-15,18,10.2,13.2,0.2,83,7.800000000000001,-15,0,10.3
106,1998-09-30,1998-09-16,22.6,9.3,14.9,0,80,13.3,-14,0,11
106,1998-09-30,1998-09-17,22.3,13.9,17.1,5.2,81,8.4,-13,0,13.7
106,1998-09-30,1998-09-18,16.8,11.4,13.8,56,96,5.4,-12,0,13.2
106,1998-09-30,1998-09-19,13.4,9.9,11.4,4.1,88,3.5,-11,0,9.5
106,1998-09-30,1998-09-20,10.9,9.9,10.3,16.6,99,1,-10,0,10.1
106,1998-09-30,1998-09-21,13.3,6.9,10,0.4,81,6.4,-9,0,6.5
106,1998-09-30,1998-09-22,19.3,4.6,11.5,0,68,14.7,-8,0,5.5
106,1998-09-30,1998-09-23,19.6,9.7,14.1,0,72,9.900000000000002,-7,0,8.8
106,1998-09-30,1998-09-24,20.6,10.9,15.1,0.2,69,9.7,-6,0,9.2
106,1998-09-30,1998-09-25,21.8,13.2,16.8,0.5,80,8.600000000000001,-5,0,13.3
106,1998-09-30,1998-09-26,24.4,13.4,18,1.8,85,10.999999999999998,-4,0,15.2
106,1998-09-30,1998-09-27,19.8,13.6,17.5,22.6,90,6.200000000000001,-3,0,15.8
106,1998-09-30,1998-09-28,16.7,7,11.9,0,74,9.7,-2,0,7.1
106,1998-09-30,1998-09-29,17.9,7.5,12.6,0,69,10.4,-1,0,6.7
106,1998-09-30,1998-09-30,20,8.9,14.1,1,76,11.1,0,0,9.9
106,1998-09-30,1998-10-01,21.4,11.2,15.8,0.7,79,10.2,1,0,12.2
106,1998-09-30,1998-10-02,21.9,12.9,17,5.9,80,8.999999999999998,2,0,13.4
106,1998-09-30,1998-10-03,19,14.4,16.3,11.4,88,4.6,3,0,14.3
106,1998-09-30,1998-10-04,24.3,15,18.6,25.6,88,9.3,4,0,16.6
106,1998-09-30,1998-10-05,20.5,16.2,18,37.9,88,4.300000000000001,5,0,15.9
106,1998-09-30,1998-10-06,17.9,10.7,13.9,3.8,86,7.199999999999999,6,0,11.6
106,1998-09-30,1998-10-07,20.1,10.6,14.5,0.1,79,9.500000000000002,7,0,10.6
106,1998-09-30,1998-10-08,18.8,12.2,15.3,13.8,82,6.600000000000001,8,0,12.2
106,1998-09-30,1998-10-09,22.8,12.2,16.9,0,79,10.6,9,0,12.7
106,1998-09-30,1998-10-10,24.3,12.9,17.9,0.5,72,11.4,10,0,12.3
106,1998-09-30,1998-10-11,20,15,17.2,23,88,5,11,0,15.2
106,1998-09-30,1998-10-12,23.1,16.1,18.9,2.8,89,7,12,0,16.9
106,1998-09-30,1998-10-13,25.1,15.3,19.4,0.2,82,9.8,13,0,16.1
106,1998-09-30,1998-10-14,24.4,15.5,19.5,1,81,8.899999999999999,14,0,15.8
106,1998-09-30,1998-10-15,25.6,16.2,19.7,3.3,81,9.400000000000002,15,0,16.3
106,1998-09-30,1998-10-16,19,14.7,17.6,76.1,93,4.300000000000001,16,0,16.4
106,1998-09-30,1998-10-17,20.2,13.1,15.9,18.6,81,7.1,17,0,12.3
106,1998-09-30,1998-10-18,20.9,10.8,15.4,0,73,10.099999999999998,18,0,10
106,1998-09-30,1998-10-19,23.7,11.2,16.9,0,70,12.5,19,0,11
106,1998-09-30,1998-10-20,24,11.5,17.7,0,65,12.5,20,0,10.7
106,1998-09-30,1998-10-21,25.3,13.3,18.8,0,72,12,21,0,13.2
106,1998-09-30,1998-10-22,27.8,15.5,20.9,0,70,12.3,22,0,14.9
106,1998-09-30,1998-10-23,27.9,17.9,21.5,16.5,77,10,23,0,17.2
106,1998-09-30,1998-10-24,17.9,11.4,14.4,2.1,77,6.499999999999998,24,0,10.3
106,1998-09-30,1998-10-25,16.1,11.7,13.8,35.1,85,4.400000000000002,25,0,11.3
106,1998-09-30,1998-10-26,18.7,13.8,15.9,22.9,92,4.899999999999999,26,0,14.6
106,1998-09-30,1998-10-27,20.8,15.3,17.3,2.1,87,5.5,27,0,14.9
106,1998-09-30,1998-10-28,25.2,11,17.8,0,78,14.2,28,0,13.3
107,1998-10-05,1998-09-07,16.1,13,14.5,43.1,92,3.1000000000000014,-28,0,13.3
107,1998-10-05,1998-09-08,17.4,11.7,14.3,0,85,5.699999999999999,-27,0,11.5
107,1998-10-05,1998-09-09,18.8,7.2,13.3,0,77,11.6,-26,0,9.1
107,1998-10-05,1998-09-10,21.6,9.8,14.8,0,77,11.8,-25,0,10.5
107,1998-10-05,1998-09-11,22.3,11.7,16.9,0.5,71,10.6,-24,0,11.6
107,1998-10-05,1998-09-12,22.2,16.9,19.1,9.6,85,5.300000000000001,-23,0,16.4
107,1998-10-05,1998-09-13,18.5,11.9,16.1,19.3,89,6.6,-22,0,14.1
107,1998-10-05,1998-09-14,18.2,8.9,13.1,2.3,77,9.3,-21,0,9.1
107,1998-10-05,1998-09-15,18,10.2,13.2,0.2,83,7.800000000000001,-20,0,10.3
107,1998-10-05,1998-09-16,22.6,9.3,14.9,0,80,13.3,-19,0,11
107,1998-10-05,1998-09-17,22.3,13.9,17.1,5.2,81,8.4,-18,0,13.7
107,1998-10-05,1998-09-18,16.8,11.4,13.8,56,96,5.4,-17,0,13.2
107,1998-10-05,1998-09-19,13.4,9.9,11.4,4.1,88,3.5,-16,0,9.5
107,1998-10-05,1998-09-20,10.9,9.9,10.3,16.6,99,1,-15,0,10.1
107,1998-10-05,1998-09-21,13.3,6.9,10,0.4,81,6.4,-14,0,6.5
107,1998-10-05,1998-09-22,19.3,4.6,11.5,0,68,14.7,-13,0,5.5
107,1998-10-05,1998-09-23,19.6,9.7,14.1,0,72,9.900000000000002,-12,0,8.8
107,1998-10-05,1998-09-24,20.6,10.9,15.1,0.2,69,9.7,-11,0,9.2
107,1998-10-05,1998-09-25,21.8,13.2,16.8,0.5,80,8.600000000000001,-10,0,13.3
107,1998-10-05,1998-09-26,24.4,13.4,18,1.8,85,10.999999999999998,-9,0,15.2
107,1998-10-05,1998-09-27,19.8,13.6,17.5,22.6,90,6.200000000000001,-8,0,15.8
107,1998-10-05,1998-09-28,16.7,7,11.9,0,74,9.7,-7,0,7.1
107,1998-10-05,1998-09-29,17.9,7.5,12.6,0,69,10.4,-6,0,6.7
107,1998-10-05,1998-09-30,20,8.9,14.1,1,76,11.1,-5,0,9.9
107,1998-10-05,1998-10-01,21.4,11.2,15.8,0.7,79,10.2,-4,0,12.2
107,1998-10-05,1998-10-02,21.9,12.9,17,5.9,80,8.999999999999998,-3,0,13.4
107,1998-10-05,1998-10-03,19,14.4,16.3,11.4,88,4.6,-2,0,14.3
107,1998-10-05,1998-10-04,24.3,15,18.6,25.6,88,9.3,-1,0,16.6
107,1998-10-05,1998-10-05,20.5,16.2,18,37.9,88,4.300000000000001,0,0,15.9
107,1998-10-05,1998-10-06,17.9,10.7,13.9,3.8,86,7.199999999999999,1,0,11.6
107,1998-10-05,1998-10-07,20.1,10.6,14.5,0.1,79,9.500000000000002,2,0,10.6
107,1998-10-05,1998-10-08,18.8,12.2,15.3,13.8,82,6.600000000000001,3,0,12.2
107,1998-10-05,1998-10-09,22.8,12.2,16.9,0,79,10.6,4,0,12.7
107,1998-10-05,1998-10-10,24.3,12.9,17.9,0.5,72,11.4,5,0,12.3
107,1998-10-05,1998-10-11,20,15,17.2,23,88,5,6,0,15.2
107,1998-10-05,1998-10-12,23.1,16.1,18.9,2.8,89,7,7,0,16.9
107,1998-10-05,1998-10-13,25.1,15.3,19.4,0.2,82,9.8,8,0,16.1
107,1998-10-05,1998-10-14,24.4,15.5,19.5,1,81,8.899999999999999,9,0,15.8
107,1998-10-05,1998-10-15,25.6,16.2,19.7,3.3,81,9.400000000000002,10,0,16.3
107,1998-10-05,1998-10-16,19,14.7,17.6,76.1,93,4.300000000000001,11,0,16.4
107,1998-10-05,1998-10-17,20.2,13.1,15.9,18.6,81,7.1,12,0,12.3
107,1998-10-05,1998-10-18,20.9,10.8,15.4,0,73,10.099999999999998,13,0,10
107,1998-10-05,1998-10-19,23.7,11.2,16.9,0,70,12.5,14,0,11
107,1998-10-05,1998-10-20,24,11.5,17.7,0,65,12.5,15,0,10.7
107,1998-10-05,1998-10-21,25.3,13.3,18.8,0,72,12,16,0,13.2
107,1998-10-05,1998-10-22,27.8,15.5,20.9,0,70,12.3,17,0,14.9
107,1998-10-05,1998-10-23,27.9,17.9,21.5,16.5,77,10,18,0,17.2
107,1998-10-05,1998-10-24,17.9,11.4,14.4,2.1,77,6.499999999999998,19,0,10.3
107,1998-10-05,1998-10-25,16.1,11.7,13.8,35.1,85,4.400000000000002,20,0,11.3
107,1998-10-05,1998-10-26,18.7,13.8,15.9,22.9,92,4.899999999999999,21,0,14.6
107,1998-10-05,1998-10-27,20.8,15.3,17.3,2.1,87,5.5,22,0,14.9
107,1998-10-05,1998-10-28,25.2,11,17.8,0,78,14.2,23,0,13.3
107,1998-10-05,1998-10-29,25.6,15.2,19.6,0,75,10.400000000000002,24,0,14.6
107,1998-10-05,1998-10-30,24.3,13.5,18.3,1.9,75,10.8,25,0,13.5
107,1998-10-05,1998-10-31,23,14.3,18.2,0.8,78,8.7,26,0,14.1
107,1998-10-05,1998-11-01,21.1,11.3,15.9,0,74,9.8,27,0,10.9
107,1998-10-05,1998-11-02,23.2,11.2,16.9,0.2,70,12,28,0,11.2
108,1999-09-07,1999-08-10,22,8,13.6,0,68,14,-28,0,7.5
108,1999-09-07,1999-08-11,25.2,13,18,0,70,12.2,-27,0,12.3
108,1999-09-07,1999-08-12,23.9,15.2,18.6,0.3,72,8.7,-26,0,13.3
108,1999-09-07,1999-08-13,17.4,7.3,10.7,19.4,89,10.099999999999998,-25,0,8.9
108,1999-09-07,1999-08-14,7.9,0.9,3.9,0,62,7,-24,0,-2.9
108,1999-09-07,1999-08-15,7.7,-1.8,2.6,0,68,9.5,-23,0,-2.9
108,1999-09-07,1999-08-16,13.4,1.3,6.2,0,77,12.1,-22,0,2.1
108,1999-09-07,1999-08-17,15.1,5.7,10.1,0,73,9.4,-21,0,5.2
108,1999-09-07,1999-08-18,17.9,7.3,11.9,0,76,10.599999999999998,-20,0,7.5
108,1999-09-07,1999-08-19,21.3,9.7,14.3,0,78,11.6,-19,0,10.2
108,1999-09-07,1999-08-20,22.5,11.3,16.2,0,75,11.2,-18,0,11.4
108,1999-09-07,1999-08-21,24.3,12.5,17.6,0,72,11.8,-17,0,12.3
108,1999-09-07,1999-08-22,22.2,15.1,18.2,0,67,7.1,-16,0,11.8
108,1999-09-07,1999-08-23,24.6,13.7,18.2,0,80,10.900000000000002,-15,0,14.3
108,1999-09-07,1999-08-24,23,13,17.6,0,75,10,-14,0,12.7
108,1999-09-07,1999-08-25,23.8,13.7,18.2,0,70,10.1,-13,0,12.3
108,1999-09-07,1999-08-26,17,10.1,13.6,3.1,78,6.9,-12,0,9.5
108,1999-09-07,1999-08-27,17.9,10.3,13.2,27.2,86,7.599999999999998,-11,0,10.9
108,1999-09-07,1999-08-28,20.4,13,16.2,15.3,88,7.399999999999999,-10,0,14.1
108,1999-09-07,1999-08-29,23.3,10.8,16.1,0,85,12.5,-9,0,13.2
108,1999-09-07,1999-08-30,27.1,15.1,19.9,0,71,12.000000000000002,-8,0,14.3
108,1999-09-07,1999-08-31,27.8,19.2,22.8,0,54,8.600000000000001,-7,0,12.8
108,1999-09-07,1999-09-01,26.6,17.1,21.2,1.9,63,9.5,-6,0,13.8
108,1999-09-07,1999-09-02,23.6,16.5,19.7,0.6,66,7.100000000000001,-5,0,13.1
108,1999-09-07,1999-09-03,26,16.5,20,0,70,9.5,-4,0,14.2
108,1999-09-07,1999-09-04,24.2,15.4,18.9,0.1,81,8.799999999999999,-3,0,15.3
108,1999-09-07,1999-09-05,20,15.7,17.5,9.3,87,4.300000000000001,-2,0,15.3
108,1999-09-07,1999-09-06,26.3,15.7,20.2,3,77,10.6,-1,0,15.7
108,1999-09-07,1999-09-07,29,20.5,24,0,60,8.5,0,0,15.6
108,1999-09-07,1999-09-08,25.6,9.8,17,9.1,77,15.8,1,0,12.4
108,1999-09-07,1999-09-09,17,9.6,12.5,0,76,7.4,2,0,8.2
108,1999-09-07,1999-09-10,16.5,6.9,11.5,0,73,9.6,3,0,6.6
108,1999-09-07,1999-09-11,19.2,8.8,12.9,0,69,10.4,4,0,7.2
108,1999-09-07,1999-09-12,20.7,10.4,15,0,71,10.3,5,0,9.6
108,1999-09-07,1999-09-13,22.4,12.7,16.7,8.1,76,9.7,6,0,12.3
108,1999-09-07,1999-09-14,18.6,14.7,16.5,22.7,91,3.900000000000002,7,0,15
108,1999-09-07,1999-09-15,14.9,7.3,11.1,4.5,74,7.6,8,0,6.1
108,1999-09-07,1999-09-16,19.2,5.5,11.9,0,67,13.7,9,0,5.5
108,1999-09-07,1999-09-17,22.7,6.7,14.4,0,67,16,10,0,7.7
108,1999-09-07,1999-09-18,23.3,10,16,0,61,13.3,11,0,8.3
108,1999-09-07,1999-09-19,22,10.3,15.5,0,80,11.7,12,0,11.8
108,1999-09-07,1999-09-20,24,12.1,16.9,0,72,11.9,13,0,11.3
108,1999-09-07,1999-09-21,24.6,11,17.4,0,70,13.6,14,0,11.3
108,1999-09-07,1999-09-22,20.2,11.1,14.9,0,74,9.1,15,0,10
108,1999-09-07,1999-09-23,20.1,10.4,14.4,0,64,9.7,16,0,7.2
108,1999-09-07,1999-09-24,20.6,7.8,13.8,0,60,12.8,17,0,5.9
108,1999-09-07,1999-09-25,21.7,8.3,14.7,0,64,13.4,18,0,7.5
108,1999-09-07,1999-09-26,22.4,10.3,16,0,69,12.099999999999998,19,0,9.7
108,1999-09-07,1999-09-27,23.4,10.8,16,0.8,74,12.599999999999998,20,0,11
108,1999-09-07,1999-09-28,25.4,14.1,18.1,2.8,77,11.3,21,0,13.8
108,1999-09-07,1999-09-29,18.9,12.5,16.1,18.1,91,6.399999999999999,22,0,14.5
108,1999-09-07,1999-09-30,23.4,8.1,15.3,0,75,15.3,23,0,10.4
108,1999-09-07,1999-10-01,21.1,9.9,16.3,26.5,92,11.2,24,0,14.9
108,1999-09-07,1999-10-02,11.2,7.6,9.6,32.3,84,3.5999999999999996,25,0,6.7
108,1999-09-07,1999-10-03,11.8,4.7,8.1,0,69,7.1000000000000005,26,0,2.5
108,1999-09-07,1999-10-04,13.2,3.7,7.7,0,68,9.5,27,0,1.9
108,1999-09-07,1999-10-05,18,5.9,11.3,1.5,69,12.1,28,0,5.6
109,1999-09-11,1999-08-14,7.9,0.9,3.9,0,62,7,-28,0,-2.9
109,1999-09-11,1999-08-15,7.7,-1.8,2.6,0,68,9.5,-27,0,-2.9
109,1999-09-11,1999-08-16,13.4,1.3,6.2,0,77,12.1,-26,0,2.1
109,1999-09-11,1999-08-17,15.1,5.7,10.1,0,73,9.4,-25,0,5.2
109,1999-09-11,1999-08-18,17.9,7.3,11.9,0,76,10.599999999999998,-24,0,7.5
109,1999-09-11,1999-08-19,21.3,9.7,14.3,0,78,11.6,-23,0,10.2
109,1999-09-11,1999-08-20,22.5,11.3,16.2,0,75,11.2,-22,0,11.4
109,1999-09-11,1999-08-21,24.3,12.5,17.6,0,72,11.8,-21,0,12.3
109,1999-09-11,1999-08-22,22.2,15.1,18.2,0,67,7.1,-20,0,11.8
109,1999-09-11,1999-08-23,24.6,13.7,18.2,0,80,10.900000000000002,-19,0,14.3
109,1999-09-11,1999-08-24,23,13,17.6,0,75,10,-18,0,12.7
109,1999-09-11,1999-08-25,23.8,13.7,18.2,0,70,10.1,-17,0,12.3
109,1999-09-11,1999-08-26,17,10.1,13.6,3.1,78,6.9,-16,0,9.5
109,1999-09-11,1999-08-27,17.9,10.3,13.2,27.2,86,7.599999999999998,-15,0,10.9
109,1999-09-11,1999-08-28,20.4,13,16.2,15.3,88,7.399999999999999,-14,0,14.1
109,1999-09-11,1999-08-29,23.3,10.8,16.1,0,85,12.5,-13,0,13.2
109,1999-09-11,1999-08-30,27.1,15.1,19.9,0,71,12.000000000000002,-12,0,14.3
109,1999-09-11,1999-08-31,27.8,19.2,22.8,0,54,8.600000000000001,-11,0,12.8
109,1999-09-11,1999-09-01,26.6,17.1,21.2,1.9,63,9.5,-10,0,13.8
109,1999-09-11,1999-09-02,23.6,16.5,19.7,0.6,66,7.100000000000001,-9,0,13.1
109,1999-09-11,1999-09-03,26,16.5,20,0,70,9.5,-8,0,14.2
109,1999-09-11,1999-09-04,24.2,15.4,18.9,0.1,81,8.799999999999999,-7,0,15.3
109,1999-09-11,1999-09-05,20,15.7,17.5,9.3,87,4.300000000000001,-6,0,15.3
109,1999-09-11,1999-09-06,26.3,15.7,20.2,3,77,10.6,-5,0,15.7
109,1999-09-11,1999-09-07,29,20.5,24,0,60,8.5,-4,0,15.6
109,1999-09-11,1999-09-08,25.6,9.8,17,9.1,77,15.8,-3,0,12.4
109,1999-09-11,1999-09-09,17,9.6,12.5,0,76,7.4,-2,0,8.2
109,1999-09-11,1999-09-10,16.5,6.9,11.5,0,73,9.6,-1,0,6.6
109,1999-09-11,1999-09-11,19.2,8.8,12.9,0,69,10.4,0,0,7.2
109,1999-09-11,1999-09-12,20.7,10.4,15,0,71,10.3,1,0,9.6
109,1999-09-11,1999-09-13,22.4,12.7,16.7,8.1,76,9.7,2,0,12.3
109,1999-09-11,1999-09-14,18.6,14.7,16.5,22.7,91,3.900000000000002,3,0,15
109,1999-09-11,1999-09-15,14.9,7.3,11.1,4.5,74,7.6,4,0,6.1
109,1999-09-11,1999-09-16,19.2,5.5,11.9,0,67,13.7,5,0,5.5
109,1999-09-11,1999-09-17,22.7,6.7,14.4,0,67,16,6,0,7.7
109,1999-09-11,1999-09-18,23.3,10,16,0,61,13.3,7,0,8.3
109,1999-09-11,1999-09-19,22,10.3,15.5,0,80,11.7,8,0,11.8
109,1999-09-11,1999-09-20,24,12.1,16.9,0,72,11.9,9,0,11.3
109,1999-09-11,1999-09-21,24.6,11,17.4,0,70,13.6,10,0,11.3
109,1999-09-11,1999-09-22,20.2,11.1,14.9,0,74,9.1,11,0,10
109,1999-09-11,1999-09-23,20.1,10.4,14.4,0,64,9.7,12,0,7.2
109,1999-09-11,1999-09-24,20.6,7.8,13.8,0,60,12.8,13,0,5.9
109,1999-09-11,1999-09-25,21.7,8.3,14.7,0,64,13.4,14,0,7.5
109,1999-09-11,1999-09-26,22.4,10.3,16,0,69,12.099999999999998,15,0,9.7
109,1999-09-11,1999-09-27,23.4,10.8,16,0.8,74,12.599999999999998,16,0,11
109,1999-09-11,1999-09-28,25.4,14.1,18.1,2.8,77,11.3,17,0,13.8
109,1999-09-11,1999-09-29,18.9,12.5,16.1,18.1,91,6.399999999999999,18,0,14.5
109,1999-09-11,1999-09-30,23.4,8.1,15.3,0,75,15.3,19,0,10.4
109,1999-09-11,1999-10-01,21.1,9.9,16.3,26.5,92,11.2,20,0,14.9
109,1999-09-11,1999-10-02,11.2,7.6,9.6,32.3,84,3.5999999999999996,21,0,6.7
109,1999-09-11,1999-10-03,11.8,4.7,8.1,0,69,7.1000000000000005,22,0,2.5
109,1999-09-11,1999-10-04,13.2,3.7,7.7,0,68,9.5,23,0,1.9
109,1999-09-11,1999-10-05,18,5.9,11.3,1.5,69,12.1,24,0,5.6
109,1999-09-11,1999-10-06,18.1,11.7,13.9,0,80,6.400000000000002,25,0,10.4
109,1999-09-11,1999-10-07,18.4,12.9,15.1,30.4,89,5.499999999999998,26,0,13.3
109,1999-09-11,1999-10-08,17.2,12.6,14.9,1.7,85,4.6,27,0,12.1
109,1999-09-11,1999-10-09,15.6,9.1,12,0,84,6.5,28,0,9.4
110,1999-10-02,1999-09-04,24.2,15.4,18.9,0.1,81,8.799999999999999,-28,1,15.3
110,1999-10-02,1999-09-05,20,15.7,17.5,9.3,87,4.300000000000001,-27,1,15.3
110,1999-10-02,1999-09-06,26.3,15.7,20.2,3,77,10.6,-26,1,15.7
110,1999-10-02,1999-09-07,29,20.5,24,0,60,8.5,-25,1,15.6
110,1999-10-02,1999-09-08,25.6,9.8,17,9.1,77,15.8,-24,1,12.4
110,1999-10-02,1999-09-09,17,9.6,12.5,0,76,7.4,-23,1,8.2
110,1999-10-02,1999-09-10,16.5,6.9,11.5,0,73,9.6,-22,1,6.6
110,1999-10-02,1999-09-11,19.2,8.8,12.9,0,69,10.4,-21,1,7.2
110,1999-10-02,1999-09-12,20.7,10.4,15,0,71,10.3,-20,1,9.6
110,1999-10-02,1999-09-13,22.4,12.7,16.7,8.1,76,9.7,-19,1,12.3
110,1999-10-02,1999-09-14,18.6,14.7,16.5,22.7,91,3.900000000000002,-18,1,15
110,1999-10-02,1999-09-15,14.9,7.3,11.1,4.5,74,7.6,-17,1,6.1
110,1999-10-02,1999-09-16,19.2,5.5,11.9,0,67,13.7,-16,1,5.5
110,1999-10-02,1999-09-17,22.7,6.7,14.4,0,67,16,-15,1,7.7
110,1999-10-02,1999-09-18,23.3,10,16,0,61,13.3,-14,1,8.3
110,1999-10-02,1999-09-19,22,10.3,15.5,0,80,11.7,-13,1,11.8
110,1999-10-02,1999-09-20,24,12.1,16.9,0,72,11.9,-12,1,11.3
110,1999-10-02,1999-09-21,24.6,11,17.4,0,70,13.6,-11,1,11.3
110,1999-10-02,1999-09-22,20.2,11.1,14.9,0,74,9.1,-10,1,10
110,1999-10-02,1999-09-23,20.1,10.4,14.4,0,64,9.7,-9,1,7.2
110,1999-10-02,1999-09-24,20.6,7.8,13.8,0,60,12.8,-8,1,5.9
110,1999-10-02,1999-09-25,21.7,8.3,14.7,0,64,13.4,-7,1,7.5
110,1999-10-02,1999-09-26,22.4,10.3,16,0,69,12.099999999999998,-6,1,9.7
110,1999-10-02,1999-09-27,23.4,10.8,16,0.8,74,12.599999999999998,-5,1,11
110,1999-10-02,1999-09-28,25.4,14.1,18.1,2.8,77,11.3,-4,1,13.8
110,1999-10-02,1999-09-29,18.9,12.5,16.1,18.1,91,6.399999999999999,-3,1,14.5
110,1999-10-02,1999-09-30,23.4,8.1,15.3,0,75,15.3,-2,1,10.4
110,1999-10-02,1999-10-01,21.1,9.9,16.3,26.5,92,11.2,-1,1,14.9
110,1999-10-02,1999-10-02,11.2,7.6,9.6,32.3,84,3.5999999999999996,0,1,6.7
110,1999-10-02,1999-10-03,11.8,4.7,8.1,0,69,7.1000000000000005,1,1,2.5
110,1999-10-02,1999-10-04,13.2,3.7,7.7,0,68,9.5,2,1,1.9
110,1999-10-02,1999-10-05,18,5.9,11.3,1.5,69,12.1,3,1,5.6
110,1999-10-02,1999-10-06,18.1,11.7,13.9,0,80,6.400000000000002,4,1,10.4
110,1999-10-02,1999-10-07,18.4,12.9,15.1,30.4,89,5.499999999999998,5,1,13.3
110,1999-10-02,1999-10-08,17.2,12.6,14.9,1.7,85,4.6,6,1,12.1
110,1999-10-02,1999-10-09,15.6,9.1,12,0,84,6.5,7,1,9.4
110,1999-10-02,1999-10-10,21.3,8.3,14.3,0,76,13,8,1,9.8
110,1999-10-02,1999-10-11,22.5,12,16.7,0,69,10.5,9,1,11
110,1999-10-02,1999-10-12,21.3,12.2,16.3,0,74,9.1,10,1,11.6
110,1999-10-02,1999-10-13,27.6,14.6,19.8,0,75,13.000000000000002,11,1,15
110,1999-10-02,1999-10-14,19.5,17,18.3,24.9,92,2.5,12,1,16.9
110,1999-10-02,1999-10-15,24.6,16.6,20.1,15.3,86,8,13,1,17.7
110,1999-10-02,1999-10-16,19.9,14.4,17.4,36.9,97,5.499999999999998,14,1,16.9
110,1999-10-02,1999-10-17,20.5,12.6,15.8,0,78,7.9,15,1,11.4
110,1999-10-02,1999-10-18,21.6,8.2,15.3,0,68,13.400000000000002,16,1,8.6
110,1999-10-02,1999-10-19,23.6,11.4,17.1,0,65,12.2,17,1,10
110,1999-10-02,1999-10-20,24,12,17.9,0,65,12,18,1,10.7
110,1999-10-02,1999-10-21,23.8,12,17.7,0,68,11.8,19,1,11.1
110,1999-10-02,1999-10-22,22.7,12.5,17.3,0.1,75,10.2,20,1,12.4
110,1999-10-02,1999-10-23,24.2,13.3,18.2,0,72,10.9,21,1,12.5
110,1999-10-02,1999-10-24,23.9,13.6,18.1,0,67,10.3,22,1,11.4
110,1999-10-02,1999-10-25,20.5,13.7,17.1,1.9,66,6.800000000000001,23,1,10.6
110,1999-10-02,1999-10-26,20.7,13.4,16.8,4,73,7.299999999999999,24,1,11.8
110,1999-10-02,1999-10-27,23,14.2,18,1.8,78,8.8,25,1,13.9
110,1999-10-02,1999-10-28,25.3,15.3,20,0.5,78,10,26,1,15.8
110,1999-10-02,1999-10-29,26.4,15.9,21.1,0.2,77,10.499999999999998,27,1,16.6
110,1999-10-02,1999-10-30,26,16.5,21.2,0,70,9.5,28,1,14.9
111,1999-10-06,1999-09-08,25.6,9.8,17,9.1,77,15.8,-28,1,12.4
111,1999-10-06,1999-09-09,17,9.6,12.5,0,76,7.4,-27,1,8.2
111,1999-10-06,1999-09-10,16.5,6.9,11.5,0,73,9.6,-26,1,6.6
111,1999-10-06,1999-09-11,19.2,8.8,12.9,0,69,10.4,-25,1,7.2
111,1999-10-06,1999-09-12,20.7,10.4,15,0,71,10.3,-24,1,9.6
111,1999-10-06,1999-09-13,22.4,12.7,16.7,8.1,76,9.7,-23,1,12.3
111,1999-10-06,1999-09-14,18.6,14.7,16.5,22.7,91,3.900000000000002,-22,1,15
111,1999-10-06,1999-09-15,14.9,7.3,11.1,4.5,74,7.6,-21,1,6.1
111,1999-10-06,1999-09-16,19.2,5.5,11.9,0,67,13.7,-20,1,5.5
111,1999-10-06,1999-09-17,22.7,6.7,14.4,0,67,16,-19,1,7.7
111,1999-10-06,1999-09-18,23.3,10,16,0,61,13.3,-18,1,8.3
111,1999-10-06,1999-09-19,22,10.3,15.5,0,80,11.7,-17,1,11.8
111,1999-10-06,1999-09-20,24,12.1,16.9,0,72,11.9,-16,1,11.3
111,1999-10-06,1999-09-21,24.6,11,17.4,0,70,13.6,-15,1,11.3
111,1999-10-06,1999-09-22,20.2,11.1,14.9,0,74,9.1,-14,1,10
111,1999-10-06,1999-09-23,20.1,10.4,14.4,0,64,9.7,-13,1,7.2
111,1999-10-06,1999-09-24,20.6,7.8,13.8,0,60,12.8,-12,1,5.9
111,1999-10-06,1999-09-25,21.7,8.3,14.7,0,64,13.4,-11,1,7.5
111,1999-10-06,1999-09-26,22.4,10.3,16,0,69,12.099999999999998,-10,1,9.7
111,1999-10-06,1999-09-27,23.4,10.8,16,0.8,74,12.599999999999998,-9,1,11
111,1999-10-06,1999-09-28,25.4,14.1,18.1,2.8,77,11.3,-8,1,13.8
111,1999-10-06,1999-09-29,18.9,12.5,16.1,18.1,91,6.399999999999999,-7,1,14.5
111,1999-10-06,1999-09-30,23.4,8.1,15.3,0,75,15.3,-6,1,10.4
111,1999-10-06,1999-10-01,21.1,9.9,16.3,26.5,92,11.2,-5,1,14.9
111,1999-10-06,1999-10-02,11.2,7.6,9.6,32.3,84,3.5999999999999996,-4,1,6.7
111,1999-10-06,1999-10-03,11.8,4.7,8.1,0,69,7.1000000000000005,-3,1,2.5
111,1999-10-06,1999-10-04,13.2,3.7,7.7,0,68,9.5,-2,1,1.9
111,1999-10-06,1999-10-05,18,5.9,11.3,1.5,69,12.1,-1,1,5.6
111,1999-10-06,1999-10-06,18.1,11.7,13.9,0,80,6.400000000000002,0,1,10.4
111,1999-10-06,1999-10-07,18.4,12.9,15.1,30.4,89,5.499999999999998,1,1,13.3
111,1999-10-06,1999-10-08,17.2,12.6,14.9,1.7,85,4.6,2,1,12.1
111,1999-10-06,1999-10-09,15.6,9.1,12,0,84,6.5,3,1,9.4
111,1999-10-06,1999-10-10,21.3,8.3,14.3,0,76,13,4,1,9.8
111,1999-10-06,1999-10-11,22.5,12,16.7,0,69,10.5,5,1,11
111,1999-10-06,1999-10-12,21.3,12.2,16.3,0,74,9.1,6,1,11.6
111,1999-10-06,1999-10-13,27.6,14.6,19.8,0,75,13.000000000000002,7,1,15
111,1999-10-06,1999-10-14,19.5,17,18.3,24.9,92,2.5,8,1,16.9
111,1999-10-06,1999-10-15,24.6,16.6,20.1,15.3,86,8,9,1,17.7
111,1999-10-06,1999-10-16,19.9,14.4,17.4,36.9,97,5.499999999999998,10,1,16.9
111,1999-10-06,1999-10-17,20.5,12.6,15.8,0,78,7.9,11,1,11.4
111,1999-10-06,1999-10-18,21.6,8.2,15.3,0,68,13.400000000000002,12,1,8.6
111,1999-10-06,1999-10-19,23.6,11.4,17.1,0,65,12.2,13,1,10
111,1999-10-06,1999-10-20,24,12,17.9,0,65,12,14,1,10.7
111,1999-10-06,1999-10-21,23.8,12,17.7,0,68,11.8,15,1,11.1
111,1999-10-06,1999-10-22,22.7,12.5,17.3,0.1,75,10.2,16,1,12.4
111,1999-10-06,1999-10-23,24.2,13.3,18.2,0,72,10.9,17,1,12.5
111,1999-10-06,1999-10-24,23.9,13.6,18.1,0,67,10.3,18,1,11.4
111,1999-10-06,1999-10-25,20.5,13.7,17.1,1.9,66,6.800000000000001,19,1,10.6
111,1999-10-06,1999-10-26,20.7,13.4,16.8,4,73,7.299999999999999,20,1,11.8
111,1999-10-06,1999-10-27,23,14.2,18,1.8,78,8.8,21,1,13.9
111,1999-10-06,1999-10-28,25.3,15.3,20,0.5,78,10,22,1,15.8
111,1999-10-06,1999-10-29,26.4,15.9,21.1,0.2,77,10.499999999999998,23,1,16.6
111,1999-10-06,1999-10-30,26,16.5,21.2,0,70,9.5,24,1,14.9
111,1999-10-06,1999-10-31,23.7,14.1,19.1,0,60,9.6,25,1,10.7
111,1999-10-06,1999-11-01,25.4,14.7,19.4,0,59,10.7,26,1,10.9
111,1999-10-06,1999-11-02,20.7,15.2,17.5,20.6,82,5.5,27,1,14.3
111,1999-10-06,1999-11-03,24.4,17.4,20.1,4.1,83,7,28,1,17
112,1999-09-16,1999-08-19,21.3,9.7,14.3,0,78,11.6,-28,0,10.2
112,1999-09-16,1999-08-20,22.5,11.3,16.2,0,75,11.2,-27,0,11.4
112,1999-09-16,1999-08-21,24.3,12.5,17.6,0,72,11.8,-26,0,12.3
112,1999-09-16,1999-08-22,22.2,15.1,18.2,0,67,7.1,-25,0,11.8
112,1999-09-16,1999-08-23,24.6,13.7,18.2,0,80,10.900000000000002,-24,0,14.3
112,1999-09-16,1999-08-24,23,13,17.6,0,75,10,-23,0,12.7
112,1999-09-16,1999-08-25,23.8,13.7,18.2,0,70,10.1,-22,0,12.3
112,1999-09-16,1999-08-26,17,10.1,13.6,3.1,78,6.9,-21,0,9.5
112,1999-09-16,1999-08-27,17.9,10.3,13.2,27.2,86,7.599999999999998,-20,0,10.9
112,1999-09-16,1999-08-28,20.4,13,16.2,15.3,88,7.399999999999999,-19,0,14.1
112,1999-09-16,1999-08-29,23.3,10.8,16.1,0,85,12.5,-18,0,13.2
112,1999-09-16,1999-08-30,27.1,15.1,19.9,0,71,12.000000000000002,-17,0,14.3
112,1999-09-16,1999-08-31,27.8,19.2,22.8,0,54,8.600000000000001,-16,0,12.8
112,1999-09-16,1999-09-01,26.6,17.1,21.2,1.9,63,9.5,-15,0,13.8
112,1999-09-16,1999-09-02,23.6,16.5,19.7,0.6,66,7.100000000000001,-14,0,13.1
112,1999-09-16,1999-09-03,26,16.5,20,0,70,9.5,-13,0,14.2
112,1999-09-16,1999-09-04,24.2,15.4,18.9,0.1,81,8.799999999999999,-12,0,15.3
112,1999-09-16,1999-09-05,20,15.7,17.5,9.3,87,4.300000000000001,-11,0,15.3
112,1999-09-16,1999-09-06,26.3,15.7,20.2,3,77,10.6,-10,0,15.7
112,1999-09-16,1999-09-07,29,20.5,24,0,60,8.5,-9,0,15.6
112,1999-09-16,1999-09-08,25.6,9.8,17,9.1,77,15.8,-8,0,12.4
112,1999-09-16,1999-09-09,17,9.6,12.5,0,76,7.4,-7,0,8.2
112,1999-09-16,1999-09-10,16.5,6.9,11.5,0,73,9.6,-6,0,6.6
112,1999-09-16,1999-09-11,19.2,8.8,12.9,0,69,10.4,-5,0,7.2
112,1999-09-16,1999-09-12,20.7,10.4,15,0,71,10.3,-4,0,9.6
112,1999-09-16,1999-09-13,22.4,12.7,16.7,8.1,76,9.7,-3,0,12.3
112,1999-09-16,1999-09-14,18.6,14.7,16.5,22.7,91,3.900000000000002,-2,0,15
112,1999-09-16,1999-09-15,14.9,7.3,11.1,4.5,74,7.6,-1,0,6.1
112,1999-09-16,1999-09-16,19.2,5.5,11.9,0,67,13.7,0,0,5.5
112,1999-09-16,1999-09-17,22.7,6.7,14.4,0,67,16,1,0,7.7
112,1999-09-16,1999-09-18,23.3,10,16,0,61,13.3,2,0,8.3
112,1999-09-16,1999-09-19,22,10.3,15.5,0,80,11.7,3,0,11.8
112,1999-09-16,1999-09-20,24,12.1,16.9,0,72,11.9,4,0,11.3
112,1999-09-16,1999-09-21,24.6,11,17.4,0,70,13.6,5,0,11.3
112,1999-09-16,1999-09-22,20.2,11.1,14.9,0,74,9.1,6,0,10
112,1999-09-16,1999-09-23,20.1,10.4,14.4,0,64,9.7,7,0,7.2
112,1999-09-16,1999-09-24,20.6,7.8,13.8,0,60,12.8,8,0,5.9
112,1999-09-16,1999-09-25,21.7,8.3,14.7,0,64,13.4,9,0,7.5
112,1999-09-16,1999-09-26,22.4,10.3,16,0,69,12.099999999999998,10,0,9.7
112,1999-09-16,1999-09-27,23.4,10.8,16,0.8,74,12.599999999999998,11,0,11
112,1999-09-16,1999-09-28,25.4,14.1,18.1,2.8,77,11.3,12,0,13.8
112,1999-09-16,1999-09-29,18.9,12.5,16.1,18.1,91,6.399999999999999,13,0,14.5
112,1999-09-16,1999-09-30,23.4,8.1,15.3,0,75,15.3,14,0,10.4
112,1999-09-16,1999-10-01,21.1,9.9,16.3,26.5,92,11.2,15,0,14.9
112,1999-09-16,1999-10-02,11.2,7.6,9.6,32.3,84,3.5999999999999996,16,0,6.7
112,1999-09-16,1999-10-03,11.8,4.7,8.1,0,69,7.1000000000000005,17,0,2.5
112,1999-09-16,1999-10-04,13.2,3.7,7.7,0,68,9.5,18,0,1.9
112,1999-09-16,1999-10-05,18,5.9,11.3,1.5,69,12.1,19,0,5.6
112,1999-09-16,1999-10-06,18.1,11.7,13.9,0,80,6.400000000000002,20,0,10.4
112,1999-09-16,1999-10-07,18.4,12.9,15.1,30.4,89,5.499999999999998,21,0,13.3
112,1999-09-16,1999-10-08,17.2,12.6,14.9,1.7,85,4.6,22,0,12.1
112,1999-09-16,1999-10-09,15.6,9.1,12,0,84,6.5,23,0,9.4
112,1999-09-16,1999-10-10,21.3,8.3,14.3,0,76,13,24,0,9.8
112,1999-09-16,1999-10-11,22.5,12,16.7,0,69,10.5,25,0,11
112,1999-09-16,1999-10-12,21.3,12.2,16.3,0,74,9.1,26,0,11.6
112,1999-09-16,1999-10-13,27.6,14.6,19.8,0,75,13.000000000000002,27,0,15
112,1999-09-16,1999-10-14,19.5,17,18.3,24.9,92,2.5,28,0,16.9
113,1999-10-03,1999-09-05,20,15.7,17.5,9.3,87,4.300000000000001,-28,0,15.3
113,1999-10-03,1999-09-06,26.3,15.7,20.2,3,77,10.6,-27,0,15.7
113,1999-10-03,1999-09-07,29,20.5,24,0,60,8.5,-26,0,15.6
113,1999-10-03,1999-09-08,25.6,9.8,17,9.1,77,15.8,-25,0,12.4
113,1999-10-03,1999-09-09,17,9.6,12.5,0,76,7.4,-24,0,8.2
113,1999-10-03,1999-09-10,16.5,6.9,11.5,0,73,9.6,-23,0,6.6
113,1999-10-03,1999-09-11,19.2,8.8,12.9,0,69,10.4,-22,0,7.2
113,1999-10-03,1999-09-12,20.7,10.4,15,0,71,10.3,-21,0,9.6
113,1999-10-03,1999-09-13,22.4,12.7,16.7,8.1,76,9.7,-20,0,12.3
113,1999-10-03,1999-09-14,18.6,14.7,16.5,22.7,91,3.900000000000002,-19,0,15
113,1999-10-03,1999-09-15,14.9,7.3,11.1,4.5,74,7.6,-18,0,6.1
113,1999-10-03,1999-09-16,19.2,5.5,11.9,0,67,13.7,-17,0,5.5
113,1999-10-03,1999-09-17,22.7,6.7,14.4,0,67,16,-16,0,7.7
113,1999-10-03,1999-09-18,23.3,10,16,0,61,13.3,-15,0,8.3
113,1999-10-03,1999-09-19,22,10.3,15.5,0,80,11.7,-14,0,11.8
113,1999-10-03,1999-09-20,24,12.1,16.9,0,72,11.9,-13,0,11.3
113,1999-10-03,1999-09-21,24.6,11,17.4,0,70,13.6,-12,0,11.3
113,1999-10-03,1999-09-22,20.2,11.1,14.9,0,74,9.1,-11,0,10
113,1999-10-03,1999-09-23,20.1,10.4,14.4,0,64,9.7,-10,0,7.2
113,1999-10-03,1999-09-24,20.6,7.8,13.8,0,60,12.8,-9,0,5.9
113,1999-10-03,1999-09-25,21.7,8.3,14.7,0,64,13.4,-8,0,7.5
113,1999-10-03,1999-09-26,22.4,10.3,16,0,69,12.099999999999998,-7,0,9.7
113,1999-10-03,1999-09-27,23.4,10.8,16,0.8,74,12.599999999999998,-6,0,11
113,1999-10-03,1999-09-28,25.4,14.1,18.1,2.8,77,11.3,-5,0,13.8
113,1999-10-03,1999-09-29,18.9,12.5,16.1,18.1,91,6.399999999999999,-4,0,14.5
113,1999-10-03,1999-09-30,23.4,8.1,15.3,0,75,15.3,-3,0,10.4
113,1999-10-03,1999-10-01,21.1,9.9,16.3,26.5,92,11.2,-2,0,14.9
113,1999-10-03,1999-10-02,11.2,7.6,9.6,32.3,84,3.5999999999999996,-1,0,6.7
113,1999-10-03,1999-10-03,11.8,4.7,8.1,0,69,7.1000000000000005,0,0,2.5
113,1999-10-03,1999-10-04,13.2,3.7,7.7,0,68,9.5,1,0,1.9
113,1999-10-03,1999-10-05,18,5.9,11.3,1.5,69,12.1,2,0,5.6
113,1999-10-03,1999-10-06,18.1,11.7,13.9,0,80,6.400000000000002,3,0,10.4
113,1999-10-03,1999-10-07,18.4,12.9,15.1,30.4,89,5.499999999999998,4,0,13.3
113,1999-10-03,1999-10-08,17.2,12.6,14.9,1.7,85,4.6,5,0,12.1
113,1999-10-03,1999-10-09,15.6,9.1,12,0,84,6.5,6,0,9.4
113,1999-10-03,1999-10-10,21.3,8.3,14.3,0,76,13,7,0,9.8
113,1999-10-03,1999-10-11,22.5,12,16.7,0,69,10.5,8,0,11
113,1999-10-03,1999-10-12,21.3,12.2,16.3,0,74,9.1,9,0,11.6
113,1999-10-03,1999-10-13,27.6,14.6,19.8,0,75,13.000000000000002,10,0,15
113,1999-10-03,1999-10-14,19.5,17,18.3,24.9,92,2.5,11,0,16.9
113,1999-10-03,1999-10-15,24.6,16.6,20.1,15.3,86,8,12,0,17.7
113,1999-10-03,1999-10-16,19.9,14.4,17.4,36.9,97,5.499999999999998,13,0,16.9
113,1999-10-03,1999-10-17,20.5,12.6,15.8,0,78,7.9,14,0,11.4
113,1999-10-03,1999-10-18,21.6,8.2,15.3,0,68,13.400000000000002,15,0,8.6
113,1999-10-03,1999-10-19,23.6,11.4,17.1,0,65,12.2,16,0,10
113,1999-10-03,1999-10-20,24,12,17.9,0,65,12,17,0,10.7
113,1999-10-03,1999-10-21,23.8,12,17.7,0,68,11.8,18,0,11.1
113,1999-10-03,1999-10-22,22.7,12.5,17.3,0.1,75,10.2,19,0,12.4
113,1999-10-03,1999-10-23,24.2,13.3,18.2,0,72,10.9,20,0,12.5
113,1999-10-03,1999-10-24,23.9,13.6,18.1,0,67,10.3,21,0,11.4
113,1999-10-03,1999-10-25,20.5,13.7,17.1,1.9,66,6.800000000000001,22,0,10.6
113,1999-10-03,1999-10-26,20.7,13.4,16.8,4,73,7.299999999999999,23,0,11.8
113,1999-10-03,1999-10-27,23,14.2,18,1.8,78,8.8,24,0,13.9
113,1999-10-03,1999-10-28,25.3,15.3,20,0.5,78,10,25,0,15.8
113,1999-10-03,1999-10-29,26.4,15.9,21.1,0.2,77,10.499999999999998,26,0,16.6
113,1999-10-03,1999-10-30,26,16.5,21.2,0,70,9.5,27,0,14.9
113,1999-10-03,1999-10-31,23.7,14.1,19.1,0,60,9.6,28,0,10.7
114,2000-10-07,2000-09-09,23.6,12.2,17.4,0,76,11.400000000000002,-28,1,13
114,2000-10-07,2000-09-10,21,16.8,18.7,11.8,86,4.199999999999999,-27,1,16.4
114,2000-10-07,2000-09-11,21,17.3,19.6,27.4,90,3.6999999999999993,-26,1,17.9
114,2000-10-07,2000-09-12,17.6,13.6,15.9,44.5,93,4.000000000000002,-25,1,14.8
114,2000-10-07,2000-09-13,15,9.7,11.9,6.8,93,5.300000000000001,-24,1,10.8
114,2000-10-07,2000-09-14,16.2,9.8,12.7,29.3,96,6.399999999999999,-23,1,12.1
114,2000-10-07,2000-09-15,15.6,11.4,13.1,1.3,88,4.199999999999999,-22,1,11.1
114,2000-10-07,2000-09-16,15.4,11.5,13.1,0.1,85,3.9,-21,1,10.5
114,2000-10-07,2000-09-17,17.2,12.3,14.5,1,80,4.899999999999999,-20,1,11.2
114,2000-10-07,2000-09-18,25.1,13.2,17.8,0.1,81,11.900000000000002,-19,1,14.4
114,2000-10-07,2000-09-19,24.2,17,19.5,27.5,89,7.199999999999999,-18,1,17.5
114,2000-10-07,2000-09-20,27.9,16.7,21.6,0,79,11.2,-17,1,17.6
114,2000-10-07,2000-09-21,25.4,11.6,20.1,22.8,79,13.8,-16,1,16.1
114,2000-10-07,2000-09-22,17.2,9.9,13.2,3,75,7.299999999999999,-15,1,8.6
114,2000-10-07,2000-09-23,23.4,9.9,16.1,20.9,83,13.499999999999998,-14,1,13.1
114,2000-10-07,2000-09-24,18.2,9.2,13.6,26.6,85,9,-13,1,11
114,2000-10-07,2000-09-25,10.6,4.5,7.5,0,65,6.1,-12,1,1.1
114,2000-10-07,2000-09-26,16.9,2.3,9,0,65,14.599999999999998,-11,1,2.6
114,2000-10-07,2000-09-27,19.9,6.6,12.5,0,68,13.3,-10,1,6.4
114,2000-10-07,2000-09-28,22,10,15.3,0,72,12,-9,1,9.9
114,2000-10-07,2000-09-29,24.5,12.8,17.8,0.2,76,11.7,-8,1,13.3
114,2000-10-07,2000-09-30,24.6,14.9,19.1,3.2,83,9.7,-7,1,15.9
114,2000-10-07,2000-10-01,24.4,15.1,19.2,2.3,85,9.3,-6,1,16.5
114,2000-10-07,2000-10-02,25.7,14.1,19.8,0.7,82,11.6,-5,1,16.3
114,2000-10-07,2000-10-03,28.2,15.9,21.3,2.4,79,12.3,-4,1,17.2
114,2000-10-07,2000-10-04,20.1,15.7,18.2,52.6,94,4.400000000000002,-3,1,17.3
114,2000-10-07,2000-10-05,17.1,10.6,14,0,77,6.500000000000002,-2,1,9.5
114,2000-10-07,2000-10-06,17.5,7.3,12.2,0,69,10.2,-1,1,6.2
114,2000-10-07,2000-10-07,20.6,5.6,13.2,0,72,15.000000000000002,0,1,7.7
114,2000-10-07,2000-10-08,23.4,9.2,15.9,0,71,14.2,1,1,10.1
114,2000-10-07,2000-10-09,27.8,15,19.7,9,71,12.8,2,1,14.1
114,2000-10-07,2000-10-10,18.5,13.9,17.1,36.7,97,4.6,3,1,16.6
114,2000-10-07,2000-10-11,23,13.8,17.5,28,95,9.2,4,1,16.7
114,2000-10-07,2000-10-12,24.5,17.8,19.8,21.7,93,6.699999999999999,5,1,18.7
114,2000-10-07,2000-10-13,20.2,17.8,18.9,74.2,96,2.3999999999999986,6,1,18.2
114,2000-10-07,2000-10-14,19.2,16.2,17.9,32.6,97,3,7,1,17.4
114,2000-10-07,2000-10-15,20.2,15.3,17.7,4.2,86,4.899999999999999,8,1,15.2
114,2000-10-07,2000-10-16,24.2,15.4,19.1,8.8,84,8.799999999999999,9,1,16.3
114,2000-10-07,2000-10-17,23.2,17.5,19.7,8.8,91,5.699999999999999,10,1,18.3
114,2000-10-07,2000-10-18,25.8,15.5,20.5,7.4,87,10.3,11,1,18.1
114,2000-10-07,2000-10-19,26.7,17,20.7,18.5,86,9.7,12,1,18.2
114,2000-10-07,2000-10-20,25.6,17.5,21.1,3.1,83,8.100000000000001,13,1,17.9
114,2000-10-07,2000-10-21,26.2,15.4,20,0,76,10.8,14,1,15
114,2000-10-07,2000-10-22,29.6,15.5,21.8,0,71,14.1,15,1,16
114,2000-10-07,2000-10-23,25.8,18.1,21.3,4.5,86,7.699999999999999,16,1,18.7
114,2000-10-07,2000-10-24,23.7,18.2,20,19.6,91,5.5,17,1,18.5
114,2000-10-07,2000-10-25,25.3,17.5,20.7,20.3,88,7.800000000000001,18,1,18.4
114,2000-10-07,2000-10-26,23.8,18,20.7,14.5,86,5.800000000000001,19,1,18.2
114,2000-10-07,2000-10-27,22.1,17.6,19.6,17.7,83,4.5,20,1,16.2
114,2000-10-07,2000-10-28,20.3,12.8,16.7,0,72,7.5,21,1,11.4
114,2000-10-07,2000-10-29,20,8.5,14.1,0,73,11.5,22,1,8.8
114,2000-10-07,2000-10-30,24.8,10.5,17.4,0,70,14.3,23,1,11.2
114,2000-10-07,2000-10-31,26.5,13.3,19.9,0,68,13.2,24,1,13.1
114,2000-10-07,2000-11-01,27.9,16.3,21.4,0,70,11.599999999999998,25,1,15.3
114,2000-10-07,2000-11-02,21.8,17.6,19.8,15.1,81,4.199999999999999,26,1,16.3
114,2000-10-07,2000-11-03,21.7,12.7,16.7,0.2,75,9,27,1,11.9
114,2000-10-07,2000-11-04,22.9,10.8,16.3,0,73,12.099999999999998,28,1,11.1
115,2000-09-03,2000-08-06,19.8,7.2,12.5,0.4,78,12.6,-28,1,8.6
115,2000-09-03,2000-08-07,21.4,8.9,14.3,0,82,12.499999999999998,-27,1,10.9
115,2000-09-03,2000-08-08,22.4,11.4,15.8,0.2,83,10.999999999999998,-26,1,12.8
115,2000-09-03,2000-08-09,16.7,8.5,14.8,26.2,91,8.2,-25,1,13.3
115,2000-09-03,2000-08-10,10.5,3.4,6.8,0,76,7.1,-24,1,2.7
115,2000-09-03,2000-08-11,8.6,1.3,4.8,0,72,7.3,-23,1,-0.1
115,2000-09-03,2000-08-12,13.2,0.6,6,0,68,12.6,-22,1,0.3
115,2000-09-03,2000-08-13,14.3,5.9,9.4,0,71,8.4,-21,1,4.3
115,2000-09-03,2000-08-14,17.6,10.7,13.3,10.2,79,6.900000000000002,-20,1,9.7
115,2000-09-03,2000-08-15,17.7,11.4,14.7,14.4,89,6.299999999999999,-19,1,12.8
115,2000-09-03,2000-08-16,17.2,7.5,11.7,0,74,9.7,-18,1,6.7
115,2000-09-03,2000-08-17,16.9,9.4,12.6,8.6,85,7.499999999999998,-17,1,10
115,2000-09-03,2000-08-18,19.5,11.2,14.3,0,83,8.3,-16,1,11
115,2000-09-03,2000-08-19,21.8,9.6,14.3,0,76,12.2,-15,1,9.9
115,2000-09-03,2000-08-20,22.9,9.4,15.3,0,76,13.499999999999998,-14,1,10.6
115,2000-09-03,2000-08-21,24,10.1,16.3,0,75,13.9,-13,1,11.5
115,2000-09-03,2000-08-22,25.9,12.9,18.8,0,70,12.999999999999998,-12,1,12.9
115,2000-09-03,2000-08-23,25.6,13.5,19.1,0,61,12.1,-11,1,11.4
115,2000-09-03,2000-08-24,25.4,14.8,19.9,0,73,10.599999999999998,-10,1,14.7
115,2000-09-03,2000-08-25,23.2,16.7,19.6,2.9,65,6.5,-9,1,12.7
115,2000-09-03,2000-08-26,16.2,10.9,13.8,62.5,95,5.299999999999999,-8,1,13
115,2000-09-03,2000-08-27,16.2,9.2,12,0.2,84,7,-7,1,9.3
115,2000-09-03,2000-08-28,14.4,6,10,0,80,8.4,-6,1,6.3
115,2000-09-03,2000-08-29,15.7,1.4,8.7,0,71,14.3,-5,1,2.7
115,2000-09-03,2000-08-30,20.8,4.9,12.1,0,68,15.9,-4,1,5.8
115,2000-09-03,2000-08-31,17.1,12,14.4,8.7,81,5.100000000000001,-3,1,11.2
115,2000-09-03,2000-09-01,14.2,6.5,10,0,80,7.699999999999999,-2,1,6.7
115,2000-09-03,2000-09-02,15.8,6.1,10.9,0,81,9.7,-1,1,7.7
115,2000-09-03,2000-09-03,17,8,12,0,76,9,0,1,7.6
115,2000-09-03,2000-09-04,17.8,6.8,11.7,0,71,11,1,1,6.2
115,2000-09-03,2000-09-05,18.3,7.3,12.4,0,73,11,2,1,7.3
115,2000-09-03,2000-09-06,19,8.1,13.5,0,71,10.9,3,1,7.9
115,2000-09-03,2000-09-07,21,10.3,14.8,0,72,10.7,4,1,9.6
115,2000-09-03,2000-09-08,22.7,11.2,16.2,0,71,11.5,5,1,10.8
115,2000-09-03,2000-09-09,23.6,12.2,17.4,0,76,11.400000000000002,6,1,13
115,2000-09-03,2000-09-10,21,16.8,18.7,11.8,86,4.199999999999999,7,1,16.4
115,2000-09-03,2000-09-11,21,17.3,19.6,27.4,90,3.6999999999999993,8,1,17.9
115,2000-09-03,2000-09-12,17.6,13.6,15.9,44.5,93,4.000000000000002,9,1,14.8
115,2000-09-03,2000-09-13,15,9.7,11.9,6.8,93,5.300000000000001,10,1,10.8
115,2000-09-03,2000-09-14,16.2,9.8,12.7,29.3,96,6.399999999999999,11,1,12.1
115,2000-09-03,2000-09-15,15.6,11.4,13.1,1.3,88,4.199999999999999,12,1,11.1
115,2000-09-03,2000-09-16,15.4,11.5,13.1,0.1,85,3.9,13,1,10.5
115,2000-09-03,2000-09-17,17.2,12.3,14.5,1,80,4.899999999999999,14,1,11.2
115,2000-09-03,2000-09-18,25.1,13.2,17.8,0.1,81,11.900000000000002,15,1,14.4
115,2000-09-03,2000-09-19,24.2,17,19.5,27.5,89,7.199999999999999,16,1,17.5
115,2000-09-03,2000-09-20,27.9,16.7,21.6,0,79,11.2,17,1,17.6
115,2000-09-03,2000-09-21,25.4,11.6,20.1,22.8,79,13.8,18,1,16.1
115,2000-09-03,2000-09-22,17.2,9.9,13.2,3,75,7.299999999999999,19,1,8.6
115,2000-09-03,2000-09-23,23.4,9.9,16.1,20.9,83,13.499999999999998,20,1,13.1
115,2000-09-03,2000-09-24,18.2,9.2,13.6,26.6,85,9,21,1,11
115,2000-09-03,2000-09-25,10.6,4.5,7.5,0,65,6.1,22,1,1.1
115,2000-09-03,2000-09-26,16.9,2.3,9,0,65,14.599999999999998,23,1,2.6
115,2000-09-03,2000-09-27,19.9,6.6,12.5,0,68,13.3,24,1,6.4
115,2000-09-03,2000-09-28,22,10,15.3,0,72,12,25,1,9.9
115,2000-09-03,2000-09-29,24.5,12.8,17.8,0.2,76,11.7,26,1,13.3
115,2000-09-03,2000-09-30,24.6,14.9,19.1,3.2,83,9.7,27,1,15.9
115,2000-09-03,2000-10-01,24.4,15.1,19.2,2.3,85,9.3,28,1,16.5
116,2000-09-24,2000-08-27,16.2,9.2,12,0.2,84,7,-28,1,9.3
116,2000-09-24,2000-08-28,14.4,6,10,0,80,8.4,-27,1,6.3
116,2000-09-24,2000-08-29,15.7,1.4,8.7,0,71,14.3,-26,1,2.7
116,2000-09-24,2000-08-30,20.8,4.9,12.1,0,68,15.9,-25,1,5.8
116,2000-09-24,2000-08-31,17.1,12,14.4,8.7,81,5.100000000000001,-24,1,11.2
116,2000-09-24,2000-09-01,14.2,6.5,10,0,80,7.699999999999999,-23,1,6.7
116,2000-09-24,2000-09-02,15.8,6.1,10.9,0,81,9.7,-22,1,7.7
116,2000-09-24,2000-09-03,17,8,12,0,76,9,-21,1,7.6
116,2000-09-24,2000-09-04,17.8,6.8,11.7,0,71,11,-20,1,6.2
116,2000-09-24,2000-09-05,18.3,7.3,12.4,0,73,11,-19,1,7.3
116,2000-09-24,2000-09-06,19,8.1,13.5,0,71,10.9,-18,1,7.9
116,2000-09-24,2000-09-07,21,10.3,14.8,0,72,10.7,-17,1,9.6
116,2000-09-24,2000-09-08,22.7,11.2,16.2,0,71,11.5,-16,1,10.8
116,2000-09-24,2000-09-09,23.6,12.2,17.4,0,76,11.400000000000002,-15,1,13
116,2000-09-24,2000-09-10,21,16.8,18.7,11.8,86,4.199999999999999,-14,1,16.4
116,2000-09-24,2000-09-11,21,17.3,19.6,27.4,90,3.6999999999999993,-13,1,17.9
116,2000-09-24,2000-09-12,17.6,13.6,15.9,44.5,93,4.000000000000002,-12,1,14.8
116,2000-09-24,2000-09-13,15,9.7,11.9,6.8,93,5.300000000000001,-11,1,10.8
116,2000-09-24,2000-09-14,16.2,9.8,12.7,29.3,96,6.399999999999999,-10,1,12.1
116,2000-09-24,2000-09-15,15.6,11.4,13.1,1.3,88,4.199999999999999,-9,1,11.1
116,2000-09-24,2000-09-16,15.4,11.5,13.1,0.1,85,3.9,-8,1,10.5
116,2000-09-24,2000-09-17,17.2,12.3,14.5,1,80,4.899999999999999,-7,1,11.2
116,2000-09-24,2000-09-18,25.1,13.2,17.8,0.1,81,11.900000000000002,-6,1,14.4
116,2000-09-24,2000-09-19,24.2,17,19.5,27.5,89,7.199999999999999,-5,1,17.5
116,2000-09-24,2000-09-20,27.9,16.7,21.6,0,79,11.2,-4,1,17.6
116,2000-09-24,2000-09-21,25.4,11.6,20.1,22.8,79,13.8,-3,1,16.1
116,2000-09-24,2000-09-22,17.2,9.9,13.2,3,75,7.299999999999999,-2,1,8.6
116,2000-09-24,2000-09-23,23.4,9.9,16.1,20.9,83,13.499999999999998,-1,1,13.1
116,2000-09-24,2000-09-24,18.2,9.2,13.6,26.6,85,9,0,1,11
116,2000-09-24,2000-09-25,10.6,4.5,7.5,0,65,6.1,1,1,1.1
116,2000-09-24,2000-09-26,16.9,2.3,9,0,65,14.599999999999998,2,1,2.6
116,2000-09-24,2000-09-27,19.9,6.6,12.5,0,68,13.3,3,1,6.4
116,2000-09-24,2000-09-28,22,10,15.3,0,72,12,4,1,9.9
116,2000-09-24,2000-09-29,24.5,12.8,17.8,0.2,76,11.7,5,1,13.3
116,2000-09-24,2000-09-30,24.6,14.9,19.1,3.2,83,9.7,6,1,15.9
116,2000-09-24,2000-10-01,24.4,15.1,19.2,2.3,85,9.3,7,1,16.5
116,2000-09-24,2000-10-02,25.7,14.1,19.8,0.7,82,11.6,8,1,16.3
116,2000-09-24,2000-10-03,28.2,15.9,21.3,2.4,79,12.3,9,1,17.2
116,2000-09-24,2000-10-04,20.1,15.7,18.2,52.6,94,4.400000000000002,10,1,17.3
116,2000-09-24,2000-10-05,17.1,10.6,14,0,77,6.500000000000002,11,1,9.5
116,2000-09-24,2000-10-06,17.5,7.3,12.2,0,69,10.2,12,1,6.2
116,2000-09-24,2000-10-07,20.6,5.6,13.2,0,72,15.000000000000002,13,1,7.7
116,2000-09-24,2000-10-08,23.4,9.2,15.9,0,71,14.2,14,1,10.1
116,2000-09-24,2000-10-09,27.8,15,19.7,9,71,12.8,15,1,14.1
116,2000-09-24,2000-10-10,18.5,13.9,17.1,36.7,97,4.6,16,1,16.6
116,2000-09-24,2000-10-11,23,13.8,17.5,28,95,9.2,17,1,16.7
116,2000-09-24,2000-10-12,24.5,17.8,19.8,21.7,93,6.699999999999999,18,1,18.7
116,2000-09-24,2000-10-13,20.2,17.8,18.9,74.2,96,2.3999999999999986,19,1,18.2
116,2000-09-24,2000-10-14,19.2,16.2,17.9,32.6,97,3,20,1,17.4
116,2000-09-24,2000-10-15,20.2,15.3,17.7,4.2,86,4.899999999999999,21,1,15.2
116,2000-09-24,2000-10-16,24.2,15.4,19.1,8.8,84,8.799999999999999,22,1,16.3
116,2000-09-24,2000-10-17,23.2,17.5,19.7,8.8,91,5.699999999999999,23,1,18.3
116,2000-09-24,2000-10-18,25.8,15.5,20.5,7.4,87,10.3,24,1,18.1
116,2000-09-24,2000-10-19,26.7,17,20.7,18.5,86,9.7,25,1,18.2
116,2000-09-24,2000-10-20,25.6,17.5,21.1,3.1,83,8.100000000000001,26,1,17.9
116,2000-09-24,2000-10-21,26.2,15.4,20,0,76,10.8,27,1,15
116,2000-09-24,2000-10-22,29.6,15.5,21.8,0,71,14.1,28,1,16
117,2001-09-09,2001-08-12,21.6,11.7,16,0,70,9.900000000000002,-28,0,10.3
117,2001-09-09,2001-08-13,22.6,13.1,17,0,70,9.500000000000002,-27,0,11.2
117,2001-09-09,2001-08-14,23.7,13.7,18.1,0,67,10,-26,0,11.7
117,2001-09-09,2001-08-15,23.6,13.6,17.7,0,69,10.000000000000002,-25,0,11.6
117,2001-09-09,2001-08-16,23.2,13.8,17.8,0,70,9.4,-24,0,11.9
117,2001-09-09,2001-08-17,23.1,13.5,17.7,0,73,9.6,-23,0,12.6
117,2001-09-09,2001-08-18,24.7,15.1,19.2,0,65,9.6,-22,0,12.2
117,2001-09-09,2001-08-19,21.8,14.7,17.6,8,79,7.100000000000001,-21,0,13.7
117,2001-09-09,2001-08-20,17.1,10.9,14.1,6.5,84,6.200000000000001,-20,0,11.2
117,2001-09-09,2001-08-21,16.4,8.7,11.8,0,77,7.699999999999999,-19,0,7.6
117,2001-09-09,2001-08-22,16.2,7.2,11,0,71,9,-18,0,5.7
117,2001-09-09,2001-08-23,17.3,6.2,11.3,0,76,11.1,-17,0,6.9
117,2001-09-09,2001-08-24,20,7,13.1,0,73,13,-16,0,7.8
117,2001-09-09,2001-08-25,23.7,9.2,16.2,0.9,81,14.5,-15,0,12.9
117,2001-09-09,2001-08-26,26.1,15.4,19.7,0.3,76,10.7,-14,0,15.1
117,2001-09-09,2001-08-27,21.7,16.9,19.2,5.8,78,4.800000000000001,-13,0,15.3
117,2001-09-09,2001-08-28,18,12.8,15.4,27.5,92,5.199999999999999,-12,0,14.1
117,2001-09-09,2001-08-29,21.2,13.6,16.5,17.2,85,7.6,-11,0,13.9
117,2001-09-09,2001-08-30,24.2,13.5,18.4,0.1,84,10.7,-10,0,15.4
117,2001-09-09,2001-08-31,26.9,17.9,21.2,0.7,84,9,-9,0,18.3
117,2001-09-09,2001-09-01,27.5,17.4,21.9,0,76,10.1,-8,0,17.2
117,2001-09-09,2001-09-02,27.6,17.2,21.8,0,74,10.400000000000002,-7,0,16.7
117,2001-09-09,2001-09-03,26.1,17.1,21.3,0.2,75,9,-6,0,16.4
117,2001-09-09,2001-09-04,20.7,15.3,18.3,24,93,5.399999999999999,-5,0,17.1
117,2001-09-09,2001-09-05,17.3,13.4,14.9,2.5,88,3.9,-4,0,12.8
117,2001-09-09,2001-09-06,17.8,13.4,15.2,3.3,82,4.4,-3,0,12
117,2001-09-09,2001-09-07,22.8,13.3,17.3,0,76,9.5,-2,0,12.9
117,2001-09-09,2001-09-08,20.3,15.4,17.6,12.1,85,4.9,-1,0,15
117,2001-09-09,2001-09-09,23.2,13.6,17.5,5,89,9.6,0,0,15.5
117,2001-09-09,2001-09-10,14.5,9.2,11.6,13.4,89,5.300000000000001,1,0,9.8
117,2001-09-09,2001-09-11,16.4,6.9,11.4,0,79,9.499999999999998,2,0,7.4
117,2001-09-09,2001-09-12,17.6,6,11.5,0,76,11.6,3,0,7.1
117,2001-09-09,2001-09-13,18.2,10.9,14.5,21.3,80,7.299999999999999,4,0,11
117,2001-09-09,2001-09-14,18.6,12.7,15.3,1.9,83,5.900000000000002,5,0,12.1
117,2001-09-09,2001-09-15,13.8,8.1,11.2,0.2,71,5.700000000000001,6,0,5.9
117,2001-09-09,2001-09-16,9.9,3.8,6.4,0.2,69,6.1000000000000005,7,0,1
117,2001-09-09,2001-09-17,16.2,0.7,7.7,0,73,15.5,8,0,2.8
117,2001-09-09,2001-09-18,19.1,7,12.3,0,71,12.1,9,0,6.8
117,2001-09-09,2001-09-19,20,8.9,14,0,71,11.1,10,0,8.7
117,2001-09-09,2001-09-20,23.2,12.3,16.9,1.7,74,10.9,11,0,12.2
117,2001-09-09,2001-09-21,21.3,13.3,16.9,0,74,8,12,0,12.1
117,2001-09-09,2001-09-22,17,14.8,16,3.2,80,2.1999999999999993,13,0,12.5
117,2001-09-09,2001-09-23,21.5,14.3,17.4,1.4,78,7.199999999999999,14,0,13.4
117,2001-09-09,2001-09-24,22.5,14.4,18,1.2,81,8.1,15,0,14.6
117,2001-09-09,2001-09-25,19.6,16.2,17.7,7.4,91,3.400000000000002,16,0,16.1
117,2001-09-09,2001-09-26,16.8,11.7,13.6,3.9,94,5.100000000000001,17,0,12.6
117,2001-09-09,2001-09-27,22.1,9.5,15.2,0.3,80,12.6,18,0,11.4
117,2001-09-09,2001-09-28,18.5,13.8,15.8,12.3,87,4.699999999999999,19,0,13.7
117,2001-09-09,2001-09-29,18.6,13.3,15.8,11.2,85,5.300000000000001,20,0,13.2
117,2001-09-09,2001-09-30,20,14.4,16.8,16.8,88,5.6,21,0,14.7
117,2001-09-09,2001-10-01,22.2,16.9,18.5,66.7,91,5.300000000000001,22,0,16.9
117,2001-09-09,2001-10-02,16.6,12.4,13.9,3.9,84,4.200000000000001,23,0,11.2
117,2001-09-09,2001-10-03,15.5,11.3,13,2.5,85,4.199999999999999,24,0,10.4
117,2001-09-09,2001-10-04,16.5,12.1,13.9,0.1,81,4.4,25,0,10.6
117,2001-09-09,2001-10-05,18.9,11.3,15.1,0.3,80,7.599999999999998,26,0,11.5
117,2001-09-09,2001-10-06,22.8,11.3,16,0,79,11.5,27,0,12
117,2001-09-09,2001-10-07,16.6,14.4,15.5,44.6,88,2.200000000000001,28,0,13.5
118,2001-09-25,2001-08-28,18,12.8,15.4,27.5,92,5.199999999999999,-28,0,14.1
118,2001-09-25,2001-08-29,21.2,13.6,16.5,17.2,85,7.6,-27,0,13.9
118,2001-09-25,2001-08-30,24.2,13.5,18.4,0.1,84,10.7,-26,0,15.4
118,2001-09-25,2001-08-31,26.9,17.9,21.2,0.7,84,9,-25,0,18.3
118,2001-09-25,2001-09-01,27.5,17.4,21.9,0,76,10.1,-24,0,17.2
118,2001-09-25,2001-09-02,27.6,17.2,21.8,0,74,10.400000000000002,-23,0,16.7
118,2001-09-25,2001-09-03,26.1,17.1,21.3,0.2,75,9,-22,0,16.4
118,2001-09-25,2001-09-04,20.7,15.3,18.3,24,93,5.399999999999999,-21,0,17.1
118,2001-09-25,2001-09-05,17.3,13.4,14.9,2.5,88,3.9,-20,0,12.8
118,2001-09-25,2001-09-06,17.8,13.4,15.2,3.3,82,4.4,-19,0,12
118,2001-09-25,2001-09-07,22.8,13.3,17.3,0,76,9.5,-18,0,12.9
118,2001-09-25,2001-09-08,20.3,15.4,17.6,12.1,85,4.9,-17,0,15
118,2001-09-25,2001-09-09,23.2,13.6,17.5,5,89,9.6,-16,0,15.5
118,2001-09-25,2001-09-10,14.5,9.2,11.6,13.4,89,5.300000000000001,-15,0,9.8
118,2001-09-25,2001-09-11,16.4,6.9,11.4,0,79,9.499999999999998,-14,0,7.4
118,2001-09-25,2001-09-12,17.6,6,11.5,0,76,11.6,-13,0,7.1
118,2001-09-25,2001-09-13,18.2,10.9,14.5,21.3,80,7.299999999999999,-12,0,11
118,2001-09-25,2001-09-14,18.6,12.7,15.3,1.9,83,5.900000000000002,-11,0,12.1
118,2001-09-25,2001-09-15,13.8,8.1,11.2,0.2,71,5.700000000000001,-10,0,5.9
118,2001-09-25,2001-09-16,9.9,3.8,6.4,0.2,69,6.1000000000000005,-9,0,1
118,2001-09-25,2001-09-17,16.2,0.7,7.7,0,73,15.5,-8,0,2.8
118,2001-09-25,2001-09-18,19.1,7,12.3,0,71,12.1,-7,0,6.8
118,2001-09-25,2001-09-19,20,8.9,14,0,71,11.1,-6,0,8.7
118,2001-09-25,2001-09-20,23.2,12.3,16.9,1.7,74,10.9,-5,0,12.2
118,2001-09-25,2001-09-21,21.3,13.3,16.9,0,74,8,-4,0,12.1
118,2001-09-25,2001-09-22,17,14.8,16,3.2,80,2.1999999999999993,-3,0,12.5
118,2001-09-25,2001-09-23,21.5,14.3,17.4,1.4,78,7.199999999999999,-2,0,13.4
118,2001-09-25,2001-09-24,22.5,14.4,18,1.2,81,8.1,-1,0,14.6
118,2001-09-25,2001-09-25,19.6,16.2,17.7,7.4,91,3.400000000000002,0,0,16.1
118,2001-09-25,2001-09-26,16.8,11.7,13.6,3.9,94,5.100000000000001,1,0,12.6
118,2001-09-25,2001-09-27,22.1,9.5,15.2,0.3,80,12.6,2,0,11.4
118,2001-09-25,2001-09-28,18.5,13.8,15.8,12.3,87,4.699999999999999,3,0,13.7
118,2001-09-25,2001-09-29,18.6,13.3,15.8,11.2,85,5.300000000000001,4,0,13.2
118,2001-09-25,2001-09-30,20,14.4,16.8,16.8,88,5.6,5,0,14.7
118,2001-09-25,2001-10-01,22.2,16.9,18.5,66.7,91,5.300000000000001,6,0,16.9
118,2001-09-25,2001-10-02,16.6,12.4,13.9,3.9,84,4.200000000000001,7,0,11.2
118,2001-09-25,2001-10-03,15.5,11.3,13,2.5,85,4.199999999999999,8,0,10.4
118,2001-09-25,2001-10-04,16.5,12.1,13.9,0.1,81,4.4,9,0,10.6
118,2001-09-25,2001-10-05,18.9,11.3,15.1,0.3,80,7.599999999999998,10,0,11.5
118,2001-09-25,2001-10-06,22.8,11.3,16,0,79,11.5,11,0,12
118,2001-09-25,2001-10-07,16.6,14.4,15.5,44.6,88,2.200000000000001,12,0,13.5
118,2001-09-25,2001-10-08,20.7,14.1,16.4,41.7,84,6.6,13,0,13.7
118,2001-09-25,2001-10-09,20.5,14.3,16.9,1,73,6.199999999999999,14,0,11.7
118,2001-09-25,2001-10-10,21.3,9.7,15.7,0,71,11.6,15,0,10
118,2001-09-25,2001-10-11,23.7,11.2,17.2,0,75,12.5,16,0,12.3
118,2001-09-25,2001-10-12,25.2,14,19,0,78,11.2,17,0,14.6
118,2001-09-25,2001-10-13,25.4,15.4,19.4,1.9,82,9.999999999999998,18,0,16.1
118,2001-09-25,2001-10-14,26.1,15.8,20,7.2,84,10.3,19,0,16.9
118,2001-09-25,2001-10-15,25.6,16.3,20,11.9,85,9.3,20,0,17.3
118,2001-09-25,2001-10-16,23.1,16.4,19,23.8,86,6.700000000000003,21,0,16.4
118,2001-09-25,2001-10-17,21.5,14.7,18,8.7,86,6.800000000000001,22,0,15.6
118,2001-09-25,2001-10-18,23.7,14.9,19.1,1.7,79,8.799999999999999,23,0,15.1
118,2001-09-25,2001-10-19,22,16,18.2,10.1,87,6,24,0,15.9
118,2001-09-25,2001-10-20,24.6,14.3,19.3,0.2,78,10.3,25,0,15
118,2001-09-25,2001-10-21,21.7,15.7,18.2,13.6,88,6,26,0,16.2
118,2001-09-25,2001-10-22,17.9,8.9,14,0,74,8.999999999999998,27,0,8.8
118,2001-09-25,2001-10-23,19.2,6.6,13.2,0,63,12.6,28,0,5.6
119,2001-10-04,2001-09-06,17.8,13.4,15.2,3.3,82,4.4,-28,0,12
119,2001-10-04,2001-09-07,22.8,13.3,17.3,0,76,9.5,-27,0,12.9
119,2001-10-04,2001-09-08,20.3,15.4,17.6,12.1,85,4.9,-26,0,15
119,2001-10-04,2001-09-09,23.2,13.6,17.5,5,89,9.6,-25,0,15.5
119,2001-10-04,2001-09-10,14.5,9.2,11.6,13.4,89,5.300000000000001,-24,0,9.8
119,2001-10-04,2001-09-11,16.4,6.9,11.4,0,79,9.499999999999998,-23,0,7.4
119,2001-10-04,2001-09-12,17.6,6,11.5,0,76,11.6,-22,0,7.1
119,2001-10-04,2001-09-13,18.2,10.9,14.5,21.3,80,7.299999999999999,-21,0,11
119,2001-10-04,2001-09-14,18.6,12.7,15.3,1.9,83,5.900000000000002,-20,0,12.1
119,2001-10-04,2001-09-15,13.8,8.1,11.2,0.2,71,5.700000000000001,-19,0,5.9
119,2001-10-04,2001-09-16,9.9,3.8,6.4,0.2,69,6.1000000000000005,-18,0,1
119,2001-10-04,2001-09-17,16.2,0.7,7.7,0,73,15.5,-17,0,2.8
119,2001-10-04,2001-09-18,19.1,7,12.3,0,71,12.1,-16,0,6.8
119,2001-10-04,2001-09-19,20,8.9,14,0,71,11.1,-15,0,8.7
119,2001-10-04,2001-09-20,23.2,12.3,16.9,1.7,74,10.9,-14,0,12.2
119,2001-10-04,2001-09-21,21.3,13.3,16.9,0,74,8,-13,0,12.1
119,2001-10-04,2001-09-22,17,14.8,16,3.2,80,2.1999999999999993,-12,0,12.5
119,2001-10-04,2001-09-23,21.5,14.3,17.4,1.4,78,7.199999999999999,-11,0,13.4
119,2001-10-04,2001-09-24,22.5,14.4,18,1.2,81,8.1,-10,0,14.6
119,2001-10-04,2001-09-25,19.6,16.2,17.7,7.4,91,3.400000000000002,-9,0,16.1
119,2001-10-04,2001-09-26,16.8,11.7,13.6,3.9,94,5.100000000000001,-8,0,12.6
119,2001-10-04,2001-09-27,22.1,9.5,15.2,0.3,80,12.6,-7,0,11.4
119,2001-10-04,2001-09-28,18.5,13.8,15.8,12.3,87,4.699999999999999,-6,0,13.7
119,2001-10-04,2001-09-29,18.6,13.3,15.8,11.2,85,5.300000000000001,-5,0,13.2
119,2001-10-04,2001-09-30,20,14.4,16.8,16.8,88,5.6,-4,0,14.7
119,2001-10-04,2001-10-01,22.2,16.9,18.5,66.7,91,5.300000000000001,-3,0,16.9
119,2001-10-04,2001-10-02,16.6,12.4,13.9,3.9,84,4.200000000000001,-2,0,11.2
119,2001-10-04,2001-10-03,15.5,11.3,13,2.5,85,4.199999999999999,-1,0,10.4
119,2001-10-04,2001-10-04,16.5,12.1,13.9,0.1,81,4.4,0,0,10.6
119,2001-10-04,2001-10-05,18.9,11.3,15.1,0.3,80,7.599999999999998,1,0,11.5
119,2001-10-04,2001-10-06,22.8,11.3,16,0,79,11.5,2,0,12
119,2001-10-04,2001-10-07,16.6,14.4,15.5,44.6,88,2.200000000000001,3,0,13.5
119,2001-10-04,2001-10-08,20.7,14.1,16.4,41.7,84,6.6,4,0,13.7
119,2001-10-04,2001-10-09,20.5,14.3,16.9,1,73,6.199999999999999,5,0,11.7
119,2001-10-04,2001-10-10,21.3,9.7,15.7,0,71,11.6,6,0,10
119,2001-10-04,2001-10-11,23.7,11.2,17.2,0,75,12.5,7,0,12.3
119,2001-10-04,2001-10-12,25.2,14,19,0,78,11.2,8,0,14.6
119,2001-10-04,2001-10-13,25.4,15.4,19.4,1.9,82,9.999999999999998,9,0,16.1
119,2001-10-04,2001-10-14,26.1,15.8,20,7.2,84,10.3,10,0,16.9
119,2001-10-04,2001-10-15,25.6,16.3,20,11.9,85,9.3,11,0,17.3
119,2001-10-04,2001-10-16,23.1,16.4,19,23.8,86,6.700000000000003,12,0,16.4
119,2001-10-04,2001-10-17,21.5,14.7,18,8.7,86,6.800000000000001,13,0,15.6
119,2001-10-04,2001-10-18,23.7,14.9,19.1,1.7,79,8.799999999999999,14,0,15.1
119,2001-10-04,2001-10-19,22,16,18.2,10.1,87,6,15,0,15.9
119,2001-10-04,2001-10-20,24.6,14.3,19.3,0.2,78,10.3,16,0,15
119,2001-10-04,2001-10-21,21.7,15.7,18.2,13.6,88,6,17,0,16.2
119,2001-10-04,2001-10-22,17.9,8.9,14,0,74,8.999999999999998,18,0,8.8
119,2001-10-04,2001-10-23,19.2,6.6,13.2,0,63,12.6,19,0,5.6
119,2001-10-04,2001-10-24,24.6,10.3,16.9,0,61,14.3,20,0,9.1
119,2001-10-04,2001-10-25,27.2,14.1,20.3,0,66,13.1,21,0,13.3
119,2001-10-04,2001-10-26,27,15.2,21,0,65,11.8,22,0,13.9
119,2001-10-04,2001-10-27,28.5,16.7,22.2,0,66,11.8,23,0,15.2
119,2001-10-04,2001-10-28,29.9,17.9,23.8,0,62,12,24,0,15.6
119,2001-10-04,2001-10-29,28.9,19.3,22.5,5.8,76,9.599999999999998,25,0,17.7
119,2001-10-04,2001-10-30,23,17.9,20.2,8.6,86,5.100000000000001,26,0,17.6
119,2001-10-04,2001-10-31,22.1,12.6,17.8,0,74,9.500000000000002,27,0,12.7
119,2001-10-04,2001-11-01,22.1,11.3,16.9,0,72,10.8,28,0,11.3
120,2003-08-20,2003-07-23,21.1,14.9,17.6,0,76,6.200000000000001,-28,0,13.3
120,2003-08-20,2003-07-24,20.8,12.6,16,0.2,85,8.200000000000001,-27,0,13.5
120,2003-08-20,2003-07-25,18.7,12.5,15,0,91,6.199999999999999,-26,0,13.5
120,2003-08-20,2003-07-26,21.1,12.5,16.1,0,87,8.600000000000001,-25,0,13.8
120,2003-08-20,2003-07-27,21,13.7,16.8,0,78,7.300000000000001,-24,0,12.8
120,2003-08-20,2003-07-28,20.9,12.7,16.2,0,79,8.2,-23,0,12.3
120,2003-08-20,2003-07-29,21.7,13.5,16.9,0,76,8.2,-22,0,12.6
120,2003-08-20,2003-07-30,17.3,11,14.2,0,81,6.300000000000001,-21,0,10.5
120,2003-08-20,2003-07-31,20.2,5.7,12,0,74,14.5,-20,0,6.9
120,2003-08-20,2003-08-01,22.3,8.2,14.1,0,78,14.1,-19,0,10.1
120,2003-08-20,2003-08-02,23.1,12.2,16.6,0,79,10.900000000000002,-18,0,12.7
120,2003-08-20,2003-08-03,23.3,13.2,16.9,0,77,10.1,-17,0,12.6
120,2003-08-20,2003-08-04,23.9,13.9,18,0,70,9.999999999999998,-16,0,12.3
120,2003-08-20,2003-08-05,20.3,13.4,16.8,5.2,71,6.9,-15,0,11.4
120,2003-08-20,2003-08-06,14.4,9.6,12.5,0.2,81,4.800000000000001,-14,0,9
120,2003-08-20,2003-08-07,13.1,4.5,8.3,0,70,8.6,-13,0,3.2
120,2003-08-20,2003-08-08,17.8,3.4,9.5,0,75,14.4,-12,0,4.7
120,2003-08-20,2003-08-09,10.8,2,7.2,0.1,71,8.8,-11,0,2.1
120,2003-08-20,2003-08-10,12.9,2.1,7,0,75,10.8,-10,0,2.8
120,2003-08-20,2003-08-11,16,3.3,8.5,0,81,12.7,-9,0,5
120,2003-08-20,2003-08-12,18.3,6.2,11.1,0,72,12.1,-8,0,5.8
120,2003-08-20,2003-08-13,20.2,7.3,12.6,0,74,12.9,-7,0,7.6
120,2003-08-20,2003-08-14,20.2,9,13.9,1.4,75,11.2,-6,0,9.4
120,2003-08-20,2003-08-15,15.3,9.8,12.4,9.9,88,5.5,-5,0,10.3
120,2003-08-20,2003-08-16,11.5,7.2,9.5,0.1,73,4.3,-4,0,4.5
120,2003-08-20,2003-08-17,13.2,1.7,7.2,0,69,11.5,-3,0,1.5
120,2003-08-20,2003-08-18,19.6,3.5,10.3,0,68,16.1,-2,0,4
120,2003-08-20,2003-08-19,21.9,8.8,14.2,0,62,13.099999999999998,-1,0,6.6
120,2003-08-20,2003-08-20,24.2,10,16,0,66,14.2,0,0,9.3
120,2003-08-20,2003-08-21,25.9,13,18.4,0,59,12.9,1,0,10
120,2003-08-20,2003-08-22,26.7,13,18.9,0,57,13.7,2,0,9.9
120,2003-08-20,2003-08-23,26.7,13.2,18.8,0,66,13.5,3,0,11.6
120,2003-08-20,2003-08-24,18,9.7,13.7,30.6,95,8.3,4,0,12.8
120,2003-08-20,2003-08-25,10.5,6.3,8.3,1.8,78,4.2,5,0,4.2
120,2003-08-20,2003-08-26,11.4,1.3,7.1,0,66,10.1,6,0,0.9
120,2003-08-20,2003-08-27,12.9,1.2,7,0,72,11.7,7,0,2
120,2003-08-20,2003-08-28,9.6,3.7,6.5,0.1,74,5.8999999999999995,8,0,1.8
120,2003-08-20,2003-08-29,12,3.5,7.1,0,78,8.5,9,0,3.4
120,2003-08-20,2003-08-30,12.4,6.6,8.9,2,87,5.800000000000001,10,0,6.8
120,2003-08-20,2003-08-31,16.8,7.4,11.1,0.1,81,9.4,11,0,7.7
120,2003-08-20,2003-09-01,19.1,6.6,12,0,80,12.500000000000002,12,0,8.2
120,2003-08-20,2003-09-02,20.8,6.4,12.6,0,77,14.4,13,0,8
120,2003-08-20,2003-09-03,22.9,9.7,14.8,0,68,13.2,14,0,8.6
120,2003-08-20,2003-09-04,23.1,9.9,15.8,0,58,13.2,15,0,7.2
120,2003-08-20,2003-09-05,26.8,13.2,19,0,68,13.6,16,0,12.5
120,2003-08-20,2003-09-06,27.5,15.5,20.8,0,60,12,17,0,12.4
120,2003-08-20,2003-09-07,28.6,15.9,20.7,0.1,56,12.7,18,0,11.4
120,2003-08-20,2003-09-08,19.7,16.8,18,19.4,85,2.8999999999999986,19,0,15.4
120,2003-08-20,2003-09-09,17.2,8.7,11.5,16.1,96,8.5,20,0,11
120,2003-08-20,2003-09-10,11,6.2,8.4,2.1,75,4.8,21,0,3.6
120,2003-08-20,2003-09-11,13.6,1.5,7.5,0,63,12.1,22,0,0.5
120,2003-08-20,2003-09-12,19.2,5.6,11.5,0,64,13.6,23,0,4.6
120,2003-08-20,2003-09-13,15.8,7.6,12,0,76,8.200000000000001,24,0,7.6
120,2003-08-20,2003-09-14,17.6,4.1,9.9,0,74,13.500000000000002,25,0,5.2
120,2003-08-20,2003-09-15,21,7.8,12.9,2.2,75,13.2,26,0,8.4
120,2003-08-20,2003-09-16,13.8,9.3,11.7,1.5,89,4.5,27,0,9.9
120,2003-08-20,2003-09-17,18.6,6.9,11.9,0,77,11.7,28,0,7.5
121,2003-10-04,2003-09-06,27.5,15.5,20.8,0,60,12,-28,0,12.4
121,2003-10-04,2003-09-07,28.6,15.9,20.7,0.1,56,12.7,-27,0,11.4
121,2003-10-04,2003-09-08,19.7,16.8,18,19.4,85,2.8999999999999986,-26,0,15.4
121,2003-10-04,2003-09-09,17.2,8.7,11.5,16.1,96,8.5,-25,0,11
121,2003-10-04,2003-09-10,11,6.2,8.4,2.1,75,4.8,-24,0,3.6
121,2003-10-04,2003-09-11,13.6,1.5,7.5,0,63,12.1,-23,0,0.5
121,2003-10-04,2003-09-12,19.2,5.6,11.5,0,64,13.6,-22,0,4.6
121,2003-10-04,2003-09-13,15.8,7.6,12,0,76,8.200000000000001,-21,0,7.6
121,2003-10-04,2003-09-14,17.6,4.1,9.9,0,74,13.500000000000002,-20,0,5.2
121,2003-10-04,2003-09-15,21,7.8,12.9,2.2,75,13.2,-19,0,8.4
121,2003-10-04,2003-09-16,13.8,9.3,11.7,1.5,89,4.5,-18,0,9.9
121,2003-10-04,2003-09-17,18.6,6.9,11.9,0,77,11.7,-17,0,7.5
121,2003-10-04,2003-09-18,23.3,7.4,14.6,0,71,15.9,-16,0,8.6
121,2003-10-04,2003-09-19,25.4,12.6,17.9,0,62,12.8,-15,0,10
121,2003-10-04,2003-09-20,21.8,14.8,17.6,2.1,74,7,-14,0,12.7
121,2003-10-04,2003-09-21,27.6,14.8,19.4,0.9,77,12.8,-13,0,14.8
121,2003-10-04,2003-09-22,30.3,17,22.8,0,61,13.3,-12,0,14.4
121,2003-10-04,2003-09-23,30,16.9,22.9,1.2,58,13.1,-11,0,13.7
121,2003-10-04,2003-09-24,23.1,15.8,19.7,2.6,83,7.300000000000001,-10,0,16.6
121,2003-10-04,2003-09-25,23.3,13.2,16.3,7.4,82,10.1,-9,0,13.2
121,2003-10-04,2003-09-26,18.6,14.6,16.1,8.5,91,4.000000000000002,-8,0,14.5
121,2003-10-04,2003-09-27,22,14.2,17.3,0.5,80,7.800000000000001,-7,0,13.4
121,2003-10-04,2003-09-28,20.9,10.3,15.5,1.1,81,10.599999999999998,-6,0,12
121,2003-10-04,2003-09-29,17.4,11.1,13.6,0.1,81,6.299999999999999,-5,0,10.2
121,2003-10-04,2003-09-30,23.6,10,16.1,0,74,13.6,-4,0,10.8
121,2003-10-04,2003-10-01,25.6,12.6,18.4,0,72,13.000000000000002,-3,0,12.9
121,2003-10-04,2003-10-02,24.8,14.3,19.3,0.8,73,10.5,-2,0,14.1
121,2003-10-04,2003-10-03,27.1,15.9,20.2,1.7,80,11.2,-1,0,16.3
121,2003-10-04,2003-10-04,28.6,16.3,21.7,0,74,12.3,0,0,16.2
121,2003-10-04,2003-10-05,21.9,18.4,20.1,14.2,82,3.5,1,0,17
121,2003-10-04,2003-10-06,20.1,16.4,17.8,9.8,94,3.700000000000003,2,0,16.7
121,2003-10-04,2003-10-07,25,15.5,19.4,0.8,75,9.5,3,0,14.5
121,2003-10-04,2003-10-08,26.1,16.7,21.3,0.3,75,9.400000000000002,4,0,16.6
121,2003-10-04,2003-10-09,21.7,15.5,18.5,24.4,91,6.199999999999999,5,0,17.1
121,2003-10-04,2003-10-10,20.6,9.3,14.8,0,71,11.3,6,0,8.7
121,2003-10-04,2003-10-11,15,7.3,10.8,10.2,79,7.7,7,0,7.1
121,2003-10-04,2003-10-12,18.3,9,12.9,0,71,9.3,8,0,7.4
121,2003-10-04,2003-10-13,20.3,6.7,12.9,0,73,13.6,9,0,7.8
121,2003-10-04,2003-10-14,22.6,9.4,15.3,0,70,13.2,10,0,9.4
121,2003-10-04,2003-10-15,23.8,10.8,17,0,68,13,11,0,10.4
121,2003-10-04,2003-10-16,25.4,11.5,18.1,0,60,13.9,12,0,9.5
121,2003-10-04,2003-10-17,26.6,12.7,19.6,0,59,13.900000000000002,13,0,10.8
121,2003-10-04,2003-10-18,28.8,14.2,21.3,0,53,14.6,14,0,10.6
121,2003-10-04,2003-10-19,22.2,18.4,20.2,9.9,72,3.8000000000000007,15,0,14.7
121,2003-10-04,2003-10-20,25.5,15.5,20,0,82,10,16,0,16.3
121,2003-10-04,2003-10-21,20.2,17,18.2,73.5,93,3.1999999999999993,17,0,17
121,2003-10-04,2003-10-22,20.9,14.6,17.3,0.9,78,6.299999999999999,18,0,12.8
121,2003-10-04,2003-10-23,23.8,10.3,16.9,0,66,13.5,19,0,10
121,2003-10-04,2003-10-24,27.1,14.6,20.4,0,69,12.500000000000002,20,0,14.2
121,2003-10-04,2003-10-25,23,18.5,20.5,6.9,79,4.5,21,0,16.7
121,2003-10-04,2003-10-26,21.8,19.3,20.4,22.9,93,2.5,22,0,19.2
121,2003-10-04,2003-10-27,20.6,13.3,17.5,0.1,78,7.300000000000001,23,0,13.4
121,2003-10-04,2003-10-28,23.7,11.6,17.2,0,67,12.1,24,0,11
121,2003-10-04,2003-10-29,25.1,13.9,19.3,0,74,11.2,25,0,14.2
121,2003-10-04,2003-10-30,26.3,15.3,20.7,0,70,11,26,0,14.7
121,2003-10-04,2003-10-31,26.6,16,21.4,0.1,69,10.6,27,0,15.1
121,2003-10-04,2003-11-01,20.8,11.5,14.6,8.1,86,9.3,28,0,12.2
122,2009-10-02,2009-09-04,19.8,15.9,17.8,5.8,91,3.9,-28,0,16.2
122,2009-10-02,2009-09-05,19.3,8.6,14.1,0,83,10.7,-27,0,11
122,2009-10-02,2009-09-06,23.9,10.2,16.3,0.7,82,13.7,-26,0,13
122,2009-10-02,2009-09-07,21.7,16.9,18.6,15.8,89,4.800000000000001,-25,0,16.8
122,2009-10-02,2009-09-08,17.5,10.9,13.5,5.2,86,6.6,-24,0,11.1
122,2009-10-02,2009-09-09,11.9,7.2,9.6,2.3,78,4.7,-23,0,5.9
122,2009-10-02,2009-09-10,11.7,9.4,10.3,0.2,83,2.299999999999999,-22,0,7.6
122,2009-10-02,2009-09-11,13.8,9.6,11.8,22.8,92,4.200000000000001,-21,0,10.6
122,2009-10-02,2009-09-12,16.8,12.6,13.8,15.6,92,4.200000000000001,-20,0,12.5
122,2009-10-02,2009-09-13,17.4,12.7,14.4,0.4,89,4.699999999999999,-19,0,12.5
122,2009-10-02,2009-09-14,22.3,12.8,16.3,0,80,9.5,-18,0,12.6
122,2009-10-02,2009-09-15,26.6,13.4,19,0,80,13.2,-17,0,15.1
122,2009-10-02,2009-09-16,27.1,17.7,21.3,1,82,9.400000000000002,-16,0,18
122,2009-10-02,2009-09-17,22.8,17.6,19.4,5.8,91,5.199999999999999,-15,0,17.9
122,2009-10-02,2009-09-18,19.5,14.3,17.8,24.7,88,5.199999999999999,-14,0,15.7
122,2009-10-02,2009-09-19,17.6,10.6,13.7,0,67,7.000000000000002,-13,0,7.5
122,2009-10-02,2009-09-20,16.8,5,11.3,0,71,11.8,-12,0,5.8
122,2009-10-02,2009-09-21,21.9,7,13.5,0,73,14.9,-11,0,8.3
122,2009-10-02,2009-09-22,22.8,11.9,17.2,0.9,81,10.9,-10,0,13.8
122,2009-10-02,2009-09-23,17.9,11.4,14.5,3.3,86,6.499999999999998,-9,0,12.2
122,2009-10-02,2009-09-24,14,7.5,10.5,0,77,6.5,-8,0,6.4
122,2009-10-02,2009-09-25,22,6.5,13.8,0,71,15.5,-7,0,8.3
122,2009-10-02,2009-09-26,22.1,13.7,17.8,7.5,78,8.400000000000002,-6,0,13.9
122,2009-10-02,2009-09-27,25.2,16.7,19.4,57.9,92,8.5,-5,0,18
122,2009-10-02,2009-09-28,19.2,10.4,13.9,27.6,93,8.799999999999999,-4,0,12.8
122,2009-10-02,2009-09-29,13.2,6.6,10.2,0,64,6.6,-3,0,3.4
122,2009-10-02,2009-09-30,18.4,4.9,10.8,0,67,13.499999999999998,-2,0,4.5
122,2009-10-02,2009-10-01,14.1,12.3,13.2,13,85,1.799999999999999,-1,0,10.6
122,2009-10-02,2009-10-02,16.7,9.8,13,0,80,6.899999999999999,0,0,9.3
122,2009-10-02,2009-10-03,22.6,7.5,14.4,0,74,15.1,1,0,9.4
122,2009-10-02,2009-10-04,28.2,12.3,19.9,0.2,79,15.9,2,0,15.8
122,2009-10-02,2009-10-05,29.7,20.8,24.5,6.8,72,8.899999999999999,3,0,18.9
122,2009-10-02,2009-10-06,23,18.4,20.5,21.5,88,4.600000000000001,4,0,18.4
122,2009-10-02,2009-10-07,19.5,13.8,16.7,0.9,84,5.699999999999999,5,0,14
122,2009-10-02,2009-10-08,18.3,11.1,14.3,0,78,7.200000000000001,6,0,10.3
122,2009-10-02,2009-10-09,23.2,9.6,15.7,0,74,13.6,7,0,10.9
122,2009-10-02,2009-10-10,25.7,12,18.2,0,74,13.7,8,0,13
122,2009-10-02,2009-10-11,24.6,16.1,19.6,33.6,71,8.5,9,0,14
122,2009-10-02,2009-10-12,21,12.8,16.8,25.6,72,8.2,10,0,10.6
122,2009-10-02,2009-10-13,23.1,7.3,15.5,0,65,15.8,11,0,8.1
122,2009-10-02,2009-10-14,25.7,12.7,18.2,7.7,75,13,12,0,13.4
122,2009-10-02,2009-10-15,18.3,13.4,15.8,1.2,87,4.9,13,0,13.7
122,2009-10-02,2009-10-16,18.9,9.5,13.6,0.6,71,9.4,14,0,8.4
122,2009-10-02,2009-10-17,23.9,10.5,16.4,0,73,13.4,15,0,11.2
122,2009-10-02,2009-10-18,23.4,12.4,17.5,0,77,10.999999999999998,16,0,13.1
122,2009-10-02,2009-10-19,26.1,13.7,19.1,0.5,78,12.400000000000002,17,0,14.8
122,2009-10-02,2009-10-20,25,12.8,19.1,0,69,12.2,18,0,12.5
122,2009-10-02,2009-10-21,26.2,13.6,18.8,2.5,79,12.6,19,0,14.8
122,2009-10-02,2009-10-22,24,13.1,18.2,0,79,10.9,20,0,14.2
122,2009-10-02,2009-10-23,28.5,13.7,20.7,0,72,14.8,21,0,14.9
122,2009-10-02,2009-10-24,21.9,14.6,19.4,41.7,84,7.299999999999999,22,0,16.5
122,2009-10-02,2009-10-25,21.6,13.5,16.7,0,78,8.100000000000001,23,0,12.7
122,2009-10-02,2009-10-26,22.6,14.6,18.2,1,72,8.000000000000002,24,0,12.5
122,2009-10-02,2009-10-27,25,10.2,17,0,70,14.8,25,0,11.3
122,2009-10-02,2009-10-28,27.6,15,20.8,0,73,12.6,26,0,15.4
122,2009-10-02,2009-10-29,29.1,17.4,23.3,0,72,11.700000000000005,27,0,17.5
122,2009-10-02,2009-10-30,30.8,18.9,24.7,0,66,11.900000000000002,28,0,17.3
123,2009-10-08,2009-09-10,9.8,8.2,8.9,4.9,95,1.6000000000000014,-28,0,8.1
123,2009-10-08,2009-09-11,16.2,9.1,12.5,15.1,95,7.1,-27,0,11.8
123,2009-10-08,2009-09-12,14.1,13.1,13.8,40.2,97,1,-26,0,13.2
123,2009-10-08,2009-09-13,17.1,11.1,13.7,1.2,87,6.000000000000002,-25,0,11.4
123,2009-10-08,2009-09-14,21.8,10.9,15.6,0,80,10.9,-24,0,11.7
123,2009-10-08,2009-09-15,25.2,12.7,18,0,79,12.5,-23,0,14
123,2009-10-08,2009-09-16,25.8,15,19.6,1.4,81,10.8,-22,0,16.1
123,2009-10-08,2009-09-17,24.1,16.5,18.9,3.2,90,7.600000000000001,-21,0,17.1
123,2009-10-08,2009-09-18,20.2,14.6,16.9,15.7,87,5.6,-20,0,14.8
123,2009-10-08,2009-09-19,16.9,9.9,12.8,0,72,6.999999999999998,-19,0,7.7
123,2009-10-08,2009-09-20,15.7,4.5,10.4,0,73,11.2,-18,0,5.4
123,2009-10-08,2009-09-21,21.6,6.7,13.3,0,73,14.900000000000002,-17,0,8.1
123,2009-10-08,2009-09-22,20.8,13.1,16.8,2.8,84,7.700000000000001,-16,0,14
123,2009-10-08,2009-09-23,16.7,10.6,14,14.6,94,6.1,-15,0,13
123,2009-10-08,2009-09-24,13.5,8,10.3,0.2,77,5.5,-14,0,6.1
123,2009-10-08,2009-09-25,20.8,6.6,12.9,0,73,14.2,-13,0,7.8
123,2009-10-08,2009-09-26,21,12.5,16.4,9.6,77,8.5,-12,0,12.4
123,2009-10-08,2009-09-27,25.6,16.1,19.1,34.3,90,9.5,-11,0,17.3
123,2009-10-08,2009-09-28,18.7,10.2,14.7,40.1,94,8.5,-10,0,13.7
123,2009-10-08,2009-09-29,12.7,6.9,9.6,0,71,5.799999999999999,-9,0,4.3
123,2009-10-08,2009-09-30,17.6,3.8,9.8,0.2,68,13.8,-8,0,4
123,2009-10-08,2009-10-01,13.4,10.1,11.8,19.6,90,3.3000000000000007,-7,0,10.1
123,2009-10-08,2009-10-02,16.5,9.7,12.7,0.1,81,6.800000000000001,-6,0,9.2
123,2009-10-08,2009-10-03,22.6,6.6,14.1,0,77,16,-5,0,9.8
123,2009-10-08,2009-10-04,26.6,12.6,19.3,0.3,80,14.000000000000002,-4,0,15.5
123,2009-10-08,2009-10-05,28.2,17.6,22.3,0,75,10.599999999999998,-3,0,17.3
123,2009-10-08,2009-10-06,22.3,17.4,19.7,24.7,87,4.900000000000002,-2,0,17.5
123,2009-10-08,2009-10-07,17.9,13.4,15.6,0.3,89,4.499999999999998,-1,0,13.8
123,2009-10-08,2009-10-08,17.2,11.8,14.1,0,81,5.399999999999999,0,0,10.8
123,2009-10-08,2009-10-09,21.7,11.8,15.8,0.1,75,9.9,1,0,11.2
123,2009-10-08,2009-10-10,23.4,11.4,16.7,0,73,11.999999999999998,2,0,11.4
123,2009-10-08,2009-10-11,25.2,12.7,17.9,13.3,71,12.5,3,0,12.3
123,2009-10-08,2009-10-12,19,12.6,16,57.8,78,6.4,4,0,11.6
123,2009-10-08,2009-10-13,21.7,6.8,14.4,0,67,14.9,5,0,7.5
123,2009-10-08,2009-10-14,24.9,11.4,17.5,8.8,77,13.499999999999998,6,0,13.1
123,2009-10-08,2009-10-15,17,12.5,15.4,9,91,4.5,7,0,13.8
123,2009-10-08,2009-10-16,18.4,9.3,13,2.5,77,9.099999999999998,8,0,9
123,2009-10-08,2009-10-17,22,11.4,16.1,1,77,10.6,9,0,12
123,2009-10-08,2009-10-18,21.8,12.8,17.1,0,80,9,10,0,13.4
123,2009-10-08,2009-10-19,22.9,13.5,17.7,4.1,84,9.4,11,0,14.9
123,2009-10-08,2009-10-20,23.9,14.1,18.4,0,79,9.8,12,0,14
123,2009-10-08,2009-10-21,25.5,12.8,17.9,5.2,81,12.7,13,0,14.4
123,2009-10-08,2009-10-22,22.7,14.1,17.7,0,83,8.6,14,0,14.5
123,2009-10-08,2009-10-23,26.7,13,19.5,0,78,13.7,15,0,15.1
123,2009-10-08,2009-10-24,20.8,13.7,18.7,39.5,86,7.100000000000001,16,0,16.3
123,2009-10-08,2009-10-25,20,12.5,15.7,0,84,7.5,17,0,13
123,2009-10-08,2009-10-26,20.5,14.9,17.5,0.5,81,5.6,18,0,14
123,2009-10-08,2009-10-27,24.1,11,16.8,0,73,13.1,19,0,11.8
123,2009-10-08,2009-10-28,25.8,12.8,19.1,0,73,13,20,0,13.9
123,2009-10-08,2009-10-29,27.2,14.9,20.9,0,74,12.3,21,0,15.6
123,2009-10-08,2009-10-30,28.9,16.5,22.5,0,68,12.4,22,0,15.8
123,2009-10-08,2009-10-31,29.9,16.5,22.9,0,68,13.4,23,0,16
123,2009-10-08,2009-11-01,29.7,17.2,23.3,0,67,12.5,24,0,16.4
123,2009-10-08,2009-11-02,31.1,18.3,24.4,0,66,12.8,25,0,17
123,2009-10-08,2009-11-03,30.3,21.1,25,0.2,66,9.2,26,0,18
123,2009-10-08,2009-11-04,31.3,19.7,25.4,0.8,71,11.6,27,0,19.3
123,2009-10-08,2009-11-05,31.8,21.9,25.9,3.9,71,9.900000000000002,28,0,20.1
124,2009-10-20,2009-09-22,20.7,12.9,16,9.1,86,7.799999999999999,-28,1,13.7
124,2009-10-20,2009-09-23,16.2,10.3,13.9,16.9,96,5.899999999999999,-27,1,13.3
124,2009-10-20,2009-09-24,13.7,8,10.3,0.1,78,5.699999999999999,-26,1,6.3
124,2009-10-20,2009-09-25,19.3,6.9,12.5,0,73,12.4,-25,1,7.4
124,2009-10-20,2009-09-26,20.8,10.4,15,9.3,82,10.4,-24,1,12
124,2009-10-20,2009-09-27,23.4,15.6,18.4,41.1,91,7.799999999999999,-23,1,16.8
124,2009-10-20,2009-09-28,19,9.7,14.6,48,95,9.3,-22,1,13.9
124,2009-10-20,2009-09-29,12,6.2,8.6,0,75,5.8,-21,1,4.1
124,2009-10-20,2009-09-30,17.2,2.6,9,1.1,69,14.6,-20,1,3.4
124,2009-10-20,2009-10-01,12.5,8.5,10.3,17.6,92,4,-19,1,9
124,2009-10-20,2009-10-02,16.1,9,12.4,1.4,84,7.100000000000001,-18,1,9.5
124,2009-10-20,2009-10-03,22.6,5.4,13.8,0,79,17.200000000000003,-17,1,9.8
124,2009-10-20,2009-10-04,25.6,13.4,18.8,0,82,12.2,-16,1,15.4
124,2009-10-20,2009-10-05,27.1,16.1,20.8,0.1,79,11,-15,1,16.8
124,2009-10-20,2009-10-06,22.1,16.5,19.4,10.3,86,5.600000000000001,-14,1,16.9
124,2009-10-20,2009-10-07,17.8,14.6,16.6,0.1,91,3.200000000000001,-13,1,15
124,2009-10-20,2009-10-08,18.5,12.5,15.1,0,78,6,-12,1,11.3
124,2009-10-20,2009-10-09,20.7,13.3,16.1,0,77,7.399999999999999,-11,1,11.8
124,2009-10-20,2009-10-10,22,10.7,15.7,0,74,11.3,-10,1,10.8
124,2009-10-20,2009-10-11,23.7,11.5,16.5,0.9,73,12.2,-9,1,11.4
124,2009-10-20,2009-10-12,18.2,12.3,15.4,46.6,83,5.899999999999999,-8,1,12.4
124,2009-10-20,2009-10-13,21.2,5.1,13.6,0,69,16.1,-7,1,7.4
124,2009-10-20,2009-10-14,23.8,12.6,17.2,3.4,78,11.2,-6,1,13.1
124,2009-10-20,2009-10-15,17.4,12.3,15.5,10.2,92,5.099999999999998,-5,1,14.2
124,2009-10-20,2009-10-16,15.4,9.4,12.1,2.9,83,6,-4,1,9.3
124,2009-10-20,2009-10-17,19,10.6,14.2,1.1,84,8.4,-3,1,11.4
124,2009-10-20,2009-10-18,21.4,12.5,16.3,0.3,83,8.899999999999999,-2,1,13.2
124,2009-10-20,2009-10-19,20.5,14.2,17.1,2.4,85,6.300000000000001,-1,1,14.5
124,2009-10-20,2009-10-20,23.3,16.3,18.9,0,79,7,0,1,14.7
124,2009-10-20,2009-10-21,24.8,13,17.9,5.7,81,11.8,1,1,14.3
124,2009-10-20,2009-10-22,22.7,14.9,18.2,0.9,83,7.799999999999999,2,1,15
124,2009-10-20,2009-10-23,25.3,13.1,19,0,80,12.2,3,1,15.1
124,2009-10-20,2009-10-24,21.9,16,18.5,21.7,85,5.899999999999999,4,1,15.9
124,2009-10-20,2009-10-25,21.4,12.5,16,0.4,88,8.899999999999999,5,1,13.8
124,2009-10-20,2009-10-26,19.6,15,17.2,0.7,85,4.600000000000001,6,1,14.6
124,2009-10-20,2009-10-27,23.3,11.9,16.9,0,72,11.4,7,1,11.6
124,2009-10-20,2009-10-28,24.6,11.4,17.7,0,75,13.2,8,1,13
124,2009-10-20,2009-10-29,26.6,13.6,19.7,0,75,13.000000000000002,9,1,14.6
124,2009-10-20,2009-10-30,28,15.2,21.3,0,70,12.8,10,1,14.9
124,2009-10-20,2009-10-31,28.8,15.9,21.8,0,70,12.9,11,1,15.5
124,2009-10-20,2009-11-01,28.5,16.8,22.1,0,72,11.7,12,1,16.3
124,2009-10-20,2009-11-02,29.9,17.4,23.1,0,71,12.5,13,1,17.1
124,2009-10-20,2009-11-03,29.8,19,24.1,0,71,10.8,14,1,18.1
124,2009-10-20,2009-11-04,30.4,19.5,24.7,0.6,73,10.9,15,1,19.1
124,2009-10-20,2009-11-05,30.7,20.9,25.1,0,75,9.8,16,1,20.1
124,2009-10-20,2009-11-06,27,20.4,23.1,6.4,83,6.600000000000001,17,1,19.9
124,2009-10-20,2009-11-07,23.8,18.7,21,24.3,92,5.100000000000001,18,1,19.7
124,2009-10-20,2009-11-08,21.3,14.7,17.5,1.5,86,6.600000000000001,19,1,15.1
124,2009-10-20,2009-11-09,25.1,15.4,20.1,2.5,78,9.7,20,1,15.9
124,2009-10-20,2009-11-10,22.3,17.6,19.2,8.2,89,4.699999999999999,21,1,17.2
124,2009-10-20,2009-11-11,24.7,17.5,20.4,6.8,86,7.199999999999999,22,1,17.8
124,2009-10-20,2009-11-12,24.6,18.8,20.9,9.2,87,5.800000000000001,23,1,18.6
124,2009-10-20,2009-11-13,26.3,18.6,21.3,10.9,88,7.699999999999999,24,1,19.1
124,2009-10-20,2009-11-14,24.4,19.3,21,12.3,91,5.099999999999998,25,1,19.4
124,2009-10-20,2009-11-15,24.5,17.2,20.6,9.4,89,7.300000000000001,26,1,18.7
124,2009-10-20,2009-11-16,24.3,17.8,20.7,1.3,86,6.5,27,1,18
124,2009-10-20,2009-11-17,27.1,16.1,21,0,75,11,28,1,16.1
125,2009-10-25,2009-09-27,22.1,14,16.9,40.2,93,8.100000000000001,-28,1,15.8
125,2009-10-25,2009-09-28,18.1,8.8,13.9,53.3,96,9.3,-27,1,13.3
125,2009-10-25,2009-09-29,11.3,5.4,7.8,0,75,5.9,-26,1,3.5
125,2009-10-25,2009-09-30,16.4,1.5,8.1,1.8,70,14.9,-25,1,2.7
125,2009-10-25,2009-10-01,11,7.3,9,18.1,94,3.7,-24,1,8.1
125,2009-10-25,2009-10-02,15.5,8.4,11.8,2.8,84,7.1,-23,1,9
125,2009-10-25,2009-10-03,21.9,4.4,12.9,0,80,17.5,-22,1,9.1
125,2009-10-25,2009-10-04,24.5,12.7,17.6,0.1,82,11.8,-21,1,14.1
125,2009-10-25,2009-10-05,26.2,14.8,19.5,0.6,80,11.4,-20,1,15.6
125,2009-10-25,2009-10-06,21.7,15.8,18.5,11,86,5.899999999999999,-19,1,16
125,2009-10-25,2009-10-07,17.4,13.9,15.8,0.6,91,3.4999999999999982,-18,1,14.3
125,2009-10-25,2009-10-08,17.7,11.4,14.1,0.3,78,6.299999999999999,-17,1,10.3
125,2009-10-25,2009-10-09,19.5,12,14.9,0.1,77,7.5,-16,1,10.8
125,2009-10-25,2009-10-10,20.8,10,14.7,0,74,10.8,-15,1,9.8
125,2009-10-25,2009-10-11,22.5,10.4,15.4,0,74,12.1,-14,1,10.4
125,2009-10-25,2009-10-12,17.3,10.8,14.3,41.1,85,6.5,-13,1,11.6
125,2009-10-25,2009-10-13,20.4,3.8,12.8,0,69,16.599999999999998,-12,1,6.7
125,2009-10-25,2009-10-14,23.1,11.1,16.1,1.4,78,12.000000000000002,-11,1,12
125,2009-10-25,2009-10-15,17.1,11.7,14.8,10.7,92,5.400000000000002,-10,1,13.5
125,2009-10-25,2009-10-16,14.9,8.4,11.5,5.8,83,6.5,-9,1,8.7
125,2009-10-25,2009-10-17,17.1,9.8,13,1.1,85,7.300000000000001,-8,1,10.5
125,2009-10-25,2009-10-18,20.4,11.7,15.2,0.5,84,8.7,-7,1,12.3
125,2009-10-25,2009-10-19,19.2,13.2,16,2.1,86,6,-6,1,13.7
125,2009-10-25,2009-10-20,22.3,14.9,17.7,0.3,80,7.4,-5,1,13.7
125,2009-10-25,2009-10-21,24.1,12.1,17.1,6.5,81,12.000000000000002,-4,1,13.3
125,2009-10-25,2009-10-22,21.8,13.9,17.2,1.3,83,7.9,-3,1,14.2
125,2009-10-25,2009-10-23,24.5,12.3,18.1,0,80,12.2,-2,1,14.2
125,2009-10-25,2009-10-24,21.5,15.4,17.7,17.4,86,6.1,-1,1,15.3
125,2009-10-25,2009-10-25,20.4,11.9,15.2,1,88,8.499999999999998,0,1,13.1
125,2009-10-25,2009-10-26,18.8,14.1,16.2,0.6,86,4.700000000000001,1,1,13.7
125,2009-10-25,2009-10-27,22.4,10.8,15.9,0,72,11.599999999999998,2,1,10.7
125,2009-10-25,2009-10-28,23.7,10.3,16.6,0,76,13.4,3,1,12.2
125,2009-10-25,2009-10-29,25.5,12.7,18.6,0,75,12.8,4,1,13.4
125,2009-10-25,2009-10-30,27.1,14.3,20.1,0,71,12.8,5,1,13.9
125,2009-10-25,2009-10-31,27.9,14.8,20.8,0,70,13.099999999999998,6,1,14.5
125,2009-10-25,2009-11-01,27.7,15.7,21.2,0,70,12,7,1,15.1
125,2009-10-25,2009-11-02,29,16.3,22.1,0,72,12.7,8,1,16.2
125,2009-10-25,2009-11-03,29,18.2,23,0,73,10.8,9,1,17.4
125,2009-10-25,2009-11-04,29.7,18.2,23.7,0,73,11.5,10,1,18.1
125,2009-10-25,2009-11-05,29.9,19.7,24.2,0,76,10.2,11,1,19.4
125,2009-10-25,2009-11-06,27.3,19.2,22.4,6.1,81,8.100000000000001,12,1,18.9
125,2009-10-25,2009-11-07,23,17.8,20.1,24.1,93,5.199999999999999,13,1,18.9
125,2009-10-25,2009-11-08,20.5,14.1,16.9,2.2,86,6.4,14,1,14.4
125,2009-10-25,2009-11-09,24.2,14.3,19,2.6,78,9.9,15,1,14.9
125,2009-10-25,2009-11-10,21.8,16.4,18.2,8.6,89,5.400000000000002,16,1,16.3
125,2009-10-25,2009-11-11,23.7,16.6,19.2,5.6,88,7.099999999999998,17,1,17
125,2009-10-25,2009-11-12,23.5,17.8,19.6,6.5,88,5.699999999999999,18,1,17.6
125,2009-10-25,2009-11-13,25.2,17.5,20.3,1.5,88,7.699999999999999,19,1,18.1
125,2009-10-25,2009-11-14,24.1,18.1,20,10.6,92,6,20,1,18.6
125,2009-10-25,2009-11-15,23.9,16.2,19.6,12.9,90,7.699999999999999,21,1,17.9
125,2009-10-25,2009-11-16,23,17,19.6,2.3,87,6,22,1,17.1
125,2009-10-25,2009-11-17,26.1,15.3,19.9,0,75,10.8,23,1,15.1
125,2009-10-25,2009-11-18,26.7,16.9,21.1,0.4,79,9.8,24,1,17.1
125,2009-10-25,2009-11-19,28.7,19,22.6,12.4,83,9.7,25,1,19.4
125,2009-10-25,2009-11-20,25.1,17,20.7,13.2,90,8.100000000000001,26,1,18.9
125,2009-10-25,2009-11-21,21.1,15.6,18.3,7.2,88,5.500000000000002,27,1,16.2
125,2009-10-25,2009-11-22,23.5,17,19.8,6.4,89,6.5,28,1,17.8
