study,flowering,date,T2M_MAX,T2M_MIN,T2M,PRECTOTCORR,RH2M,T2MDEW,T2M_RANGE
1,2011-09-18,2011-08-21,9.5,1.5,5.6,0,66,-0.4,8
1,2011-09-18,2011-08-22,11.2,2.4,6,1.1,75,2,8.799999999999999
1,2011-09-18,2011-08-23,12.4,6.5,8.9,2.9,84,6.1,5.9
1,2011-09-18,2011-08-24,19.5,8.9,13.1,0,78,9.1,10.6
1,2011-09-18,2011-08-25,19.4,12.9,15.5,19.2,82,12.4,6.499999999999998
1,2011-09-18,2011-08-26,18.7,8,12.6,0,82,9.5,10.7
1,2011-09-18,2011-08-27,27.1,11,18.6,0,73,13.4,16.1
1,2011-09-18,2011-08-28,22.7,16,20.2,14.3,76,15.6,6.699999999999999
1,2011-09-18,2011-08-29,23.6,15.3,18.6,33.5,88,16.5,8.3
1,2011-09-18,2011-08-30,16.7,11.8,14.4,5.9,91,13,4.899999999999999
1,2011-09-18,2011-08-31,14,6,10,0,65,3.1,8
1,2011-09-18,2011-09-01,14.7,2.3,8.1,0,71,2.7,12.399999999999999
1,2011-09-18,2011-09-02,20.4,4.4,11.2,0,68,5.2,15.999999999999998
1,2011-09-18,2011-09-03,23.2,8.5,15.3,0,63,7.9,14.7
1,2011-09-18,2011-09-04,26.9,15.1,20.1,0,55,10.7,11.799999999999999
1,2011-09-18,2011-09-05,22.8,10.2,17,25.7,81,13.3,12.600000000000001
1,2011-09-18,2011-09-06,16.9,5.9,11.1,1.2,66,4.5,10.999999999999998
1,2011-09-18,2011-09-07,17.5,9.3,13,0.2,76,8.9,8.2
1,2011-09-18,2011-09-08,18,13.1,15.2,1.8,84,12.5,4.9
1,2011-09-18,2011-09-09,18.3,12.8,14.9,10.9,88,12.8,5.5
1,2011-09-18,2011-09-10,20.9,9.9,15.2,0,80,11.3,10.999999999999998
1,2011-09-18,2011-09-11,17.1,10,13.6,0,72,8.2,7.100000000000001
1,2011-09-18,2011-09-12,21.9,5.4,13,0,69,6.6,16.5
1,2011-09-18,2011-09-13,22.5,7.1,14.6,0,73,9.2,15.4
1,2011-09-18,2011-09-14,20.4,8.1,13.6,0,72,8.5,12.299999999999999
1,2011-09-18,2011-09-15,23.1,10.1,15.8,0,68,9.6,13.000000000000002
1,2011-09-18,2011-09-16,26.3,13.5,19.1,0,71,13.6,12.8
1,2011-09-18,2011-09-17,23.7,16.9,19.8,9.1,77,15.5,6.800000000000001
1,2011-09-18,2011-09-18,22.1,16.6,19,8.9,87,16.6,5.5
1,2011-09-18,2011-09-19,22,15.8,18.2,21.4,89,16.2,6.199999999999999
1,2011-09-18,2011-09-20,18.4,12,15,10.3,83,11.8,6.399999999999999
1,2011-09-18,2011-09-21,20.1,6.2,13,0,76,8.3,13.900000000000002
1,2011-09-18,2011-09-22,24.4,8.9,16.1,0,72,10.5,15.499999999999998
1,2011-09-18,2011-09-23,20.1,14,16,5.7,87,13.7,6.100000000000001
1,2011-09-18,2011-09-24,17.6,12.5,14.6,0.3,76,10.4,5.100000000000001
1,2011-09-18,2011-09-25,23.1,10.9,16.2,0,74,11.1,12.200000000000001
1,2011-09-18,2011-09-26,23.1,11.2,17,0,70,11.2,11.900000000000002
1,2011-09-18,2011-09-27,24.3,12.3,17.9,0,73,12.7,12
1,2011-09-18,2011-09-28,27.3,12.4,19,0,74,13.6,14.9
1,2011-09-18,2011-09-29,29.7,16.5,22.3,0,63,14.7,13.2
1,2011-09-18,2011-09-30,28.1,17.5,22.6,0.3,74,17.7,10.600000000000001
1,2011-09-18,2011-10-01,22,16.1,19.4,28.3,86,16.8,5.899999999999999
1,2011-09-18,2011-10-02,23.5,14.9,18.7,0.9,84,15.6,8.6
1,2011-09-18,2011-10-03,18.9,11.2,15.3,0,70,9.4,7.699999999999999
1,2011-09-18,2011-10-04,24,8.2,15.6,0.4,72,10.5,15.8
1,2011-09-18,2011-10-05,25.2,16.3,19.7,0,74,14.9,8.899999999999999
1,2011-09-18,2011-10-06,28.6,15.1,20.8,0,78,16.3,13.500000000000002
1,2011-09-18,2011-10-07,30,18.5,23.6,0,68,17.1,11.5
1,2011-09-18,2011-10-08,23.9,20,21.4,17.9,78,17.3,3.8999999999999986
1,2011-09-18,2011-10-09,23.4,17.9,20.2,6.9,89,18.2,5.5
1,2011-09-18,2011-10-10,22.6,13.5,18.2,0.5,77,13.6,9.100000000000001
1,2011-09-18,2011-10-11,24.3,12.4,18,0,74,12.9,11.9
1,2011-09-18,2011-10-12,22.4,14.8,18.3,11.6,84,15.5,7.599999999999998
1,2011-09-18,2011-10-13,24.7,17.3,20.1,36.5,84,17.1,7.399999999999999
1,2011-09-18,2011-10-14,23.2,14.7,18.5,0,82,15.1,8.5
1,2011-09-18,2011-10-15,23.9,13.7,18.1,0.1,76,13.5,10.2
1,2011-09-18,2011-10-16,23.8,12.3,17.9,0,67,11.1,11.5
2,2011-09-24,2011-08-27,25.7,11.6,17.8,0,77,13.5,14.1
2,2011-09-24,2011-08-28,21.6,17.2,19.2,17.7,76,14.8,4.400000000000002
2,2011-09-24,2011-08-29,23.2,15.9,18.5,29.7,88,16.4,7.299999999999999
2,2011-09-24,2011-08-30,17.7,12.5,15.9,15.4,95,15.1,5.199999999999999
2,2011-09-24,2011-08-31,13,6.2,10,0,69,3.8,6.8
2,2011-09-24,2011-09-01,13.7,1.4,7.6,0,69,2,12.299999999999999
2,2011-09-24,2011-09-02,18.8,3.8,10.1,0,69,4.4,15
2,2011-09-24,2011-09-03,22,7,13.5,0,62,6.3,15
2,2011-09-24,2011-09-04,26.4,11.7,18.1,0,61,10.3,14.7
2,2011-09-24,2011-09-05,21.7,11.8,18.5,14.1,70,12.5,9.899999999999999
2,2011-09-24,2011-09-06,17,6.7,11.4,8.6,75,6.8,10.3
2,2011-09-24,2011-09-07,15.2,11,12.5,8,83,9.6,4.199999999999999
2,2011-09-24,2011-09-08,15.8,12.1,13.4,8.1,91,12,3.700000000000001
2,2011-09-24,2011-09-09,17.2,11.4,13.7,8,89,11.9,5.799999999999999
2,2011-09-24,2011-09-10,20.5,8.1,13.8,0,84,10.7,12.4
2,2011-09-24,2011-09-11,16.7,9.6,13,0,75,8.2,7.1
2,2011-09-24,2011-09-12,21,4.8,12.4,0,69,6.2,16.2
2,2011-09-24,2011-09-13,21.6,6.5,14.1,0,70,8.3,15.100000000000001
2,2011-09-24,2011-09-14,20.4,7.7,13.4,0,72,8.3,12.7
2,2011-09-24,2011-09-15,21.4,8.9,14.5,0,68,8.5,12.499999999999998
2,2011-09-24,2011-09-16,24.1,12.1,17.1,0,74,12.3,12.000000000000002
2,2011-09-24,2011-09-17,24.3,14.2,18.1,5.6,77,13.8,10.100000000000001
2,2011-09-24,2011-09-18,20,14.1,16.8,18.8,87,14.5,5.9
2,2011-09-24,2011-09-19,22.2,14.1,17.7,2.1,80,14.2,8.1
2,2011-09-24,2011-09-20,17.2,12.7,14.9,27.6,91,13.4,4.5
2,2011-09-24,2011-09-21,19.1,6.8,12.5,0,79,8.5,12.3
2,2011-09-24,2011-09-22,23.8,9,15.8,0,75,11,14.8
2,2011-09-24,2011-09-23,19.5,13.5,15.6,22.5,88,13.6,6
2,2011-09-24,2011-09-24,16.4,10.9,13.3,0.1,83,10.3,5.499999999999998
2,2011-09-24,2011-09-25,20.2,10.1,14.5,0,73,9.4,10.1
2,2011-09-24,2011-09-26,21,9,14.9,0,70,9.3,12
2,2011-09-24,2011-09-27,23,10.5,16.3,0,73,11.1,12.5
2,2011-09-24,2011-09-28,25.6,12,17.6,0,75,12.6,13.600000000000001
2,2011-09-24,2011-09-29,27.9,14,20.5,0,64,13.2,13.899999999999999
2,2011-09-24,2011-09-30,29.1,17.3,21.7,2.1,72,16.1,11.8
2,2011-09-24,2011-10-01,20.3,16.3,18.8,20.6,79,14.9,4
2,2011-09-24,2011-10-02,21.9,12.9,17,0.1,84,14,8.999999999999998
2,2011-09-24,2011-10-03,18.7,11.7,15.1,0,75,10.1,7
2,2011-09-24,2011-10-04,22.6,8,14.9,0,73,9.9,14.600000000000001
2,2011-09-24,2011-10-05,24.5,12.7,18.4,0.4,70,12.7,11.8
2,2011-09-24,2011-10-06,27.2,14.5,20.3,0,79,15.8,12.7
2,2011-09-24,2011-10-07,28.7,16.9,21.8,0,72,16.1,11.8
2,2011-09-24,2011-10-08,24.1,17.5,20.4,3.9,77,16.1,6.600000000000001
2,2011-09-24,2011-10-09,24.3,17.2,19.6,4.9,88,17.5,7.100000000000001
2,2011-09-24,2011-10-10,22.2,16.1,18.8,1.3,82,15.2,6.099999999999998
2,2011-09-24,2011-10-11,23.7,11.8,17.3,0,75,12.5,11.899999999999999
2,2011-09-24,2011-10-12,22.2,14.6,18,5.4,79,14.2,7.6
2,2011-09-24,2011-10-13,23.7,15.1,18.4,65.5,87,16.1,8.6
2,2011-09-24,2011-10-14,22.8,15.5,18.5,0.1,84,15.5,7.300000000000001
2,2011-09-24,2011-10-15,23.9,13.3,17.5,4.1,83,14.3,10.599999999999998
2,2011-09-24,2011-10-16,22.5,14.3,17.6,8.5,76,12.9,8.2
2,2011-09-24,2011-10-17,23.1,11.3,17.1,0,71,11.1,11.8
2,2011-09-24,2011-10-18,21.8,13,16.9,0,74,11.9,8.8
2,2011-09-24,2011-10-19,22.5,12.1,17,0.1,74,11.8,10.4
2,2011-09-24,2011-10-20,22,12.6,17.1,0.3,75,12.2,9.4
2,2011-09-24,2011-10-21,22.9,13.2,17.7,0.2,69,11.5,9.7
2,2011-09-24,2011-10-22,25,13.2,18.9,0,63,11.3,11.8
3,2011-09-15,2011-08-18,18.8,13.3,15.6,1.5,81,12.3,5.5
3,2011-09-15,2011-08-19,18.2,12.4,14.7,23.9,89,13,5.799999999999999
3,2011-09-15,2011-08-20,16.7,9.8,12.3,24.5,81,9,6.899999999999999
3,2011-09-15,2011-08-21,12,2.5,7.3,0,67,1.5,9.5
3,2011-09-15,2011-08-22,8.6,6.3,6.8,9.4,88,4.9,2.3
3,2011-09-15,2011-08-23,11,6.2,8.5,3.6,96,7.8,4.8
3,2011-09-15,2011-08-24,17.4,9.5,12.3,0,88,10.3,7.899999999999999
3,2011-09-15,2011-08-25,22.9,11.6,15.9,0.3,84,13,11.299999999999999
3,2011-09-15,2011-08-26,22.9,10.8,16.9,0.4,85,14,12.099999999999998
3,2011-09-15,2011-08-27,22.9,12,16.6,0,81,13.1,10.899999999999999
3,2011-09-15,2011-08-28,25.6,14.9,19.4,0,69,13.1,10.700000000000001
3,2011-09-15,2011-08-29,26.3,18.3,21.4,0.1,57,12.5,8
3,2011-09-15,2011-08-30,23.5,16.7,19.6,14.1,71,14,6.800000000000001
3,2011-09-15,2011-08-31,16.5,9.8,13.9,3.2,74,8.6,6.699999999999999
3,2011-09-15,2011-09-01,16.1,4.8,10.2,0,58,1.9,11.3
3,2011-09-15,2011-09-02,15.7,6.6,10.2,0,75,5.8,9.1
3,2011-09-15,2011-09-03,20.1,5,11.2,0,72,5.8,15.100000000000001
3,2011-09-15,2011-09-04,25.1,7.2,15.5,0,68,8.9,17.900000000000002
3,2011-09-15,2011-09-05,26.2,13.8,19.5,0,51,8.5,12.399999999999999
3,2011-09-15,2011-09-06,20.2,12.6,15.7,8.1,80,12.2,7.6
3,2011-09-15,2011-09-07,16.5,10,12.3,15.2,91,10.7,6.5
3,2011-09-15,2011-09-08,23.5,11.7,16,1.1,84,13,11.8
3,2011-09-15,2011-09-09,18.2,13.7,15.6,5.4,86,13.1,4.5
3,2011-09-15,2011-09-10,22.2,7.9,14.5,0,81,10.7,14.299999999999999
3,2011-09-15,2011-09-11,21.5,10.9,15.6,0,79,11.3,10.6
3,2011-09-15,2011-09-12,20.8,10.2,14.7,0,77,10.3,10.600000000000001
3,2011-09-15,2011-09-13,23.2,7.5,15,0,76,9.8,15.7
3,2011-09-15,2011-09-14,17.6,9.2,12.9,0,76,8.5,8.400000000000002
3,2011-09-15,2011-09-15,15.9,9.6,12.3,0,83,9.4,6.300000000000001
3,2011-09-15,2011-09-16,19.9,12.3,15.1,0,83,12.1,7.599999999999998
3,2011-09-15,2011-09-17,21.4,12.3,15.8,0,78,11.7,9.099999999999998
3,2011-09-15,2011-09-18,22,10.5,15.5,0.1,78,11.3,11.5
3,2011-09-15,2011-09-19,23.8,12.7,17.6,0,73,12.2,11.100000000000001
3,2011-09-15,2011-09-20,23.6,12.3,17.6,0.2,74,12.6,11.3
3,2011-09-15,2011-09-21,21,12.8,16.5,4,85,13.7,8.2
3,2011-09-15,2011-09-22,24.2,12.5,17.2,0,77,12.5,11.7
3,2011-09-15,2011-09-23,23,13.2,16.5,13.1,84,13.7,9.8
3,2011-09-15,2011-09-24,19.2,12.7,15.1,0,81,11.5,6.5
3,2011-09-15,2011-09-25,16.6,9.7,12.5,0,75,8.1,6.900000000000002
3,2011-09-15,2011-09-26,21.6,9,14,0,75,9.3,12.600000000000001
3,2011-09-15,2011-09-27,22.2,11,15.5,0,77,10.9,11.2
3,2011-09-15,2011-09-28,23.5,10.3,16.2,0,69,9.6,13.2
3,2011-09-15,2011-09-29,26.7,11,17.9,0,65,10.3,15.7
3,2011-09-15,2011-09-30,29,13.6,21.5,0,57,11.9,15.4
3,2011-09-15,2011-10-01,28.9,14.9,21.7,2.4,62,13.3,13.999999999999998
3,2011-09-15,2011-10-02,19.7,16.3,17.8,28.5,89,16,3.3999999999999986
3,2011-09-15,2011-10-03,22.7,13.8,17.3,0,79,13,8.899999999999999
3,2011-09-15,2011-10-04,18.9,11.7,15,0,74,10.2,7.199999999999999
3,2011-09-15,2011-10-05,23.4,11.3,16.7,0.4,77,12.4,12.099999999999998
3,2011-09-15,2011-10-06,25.2,14.1,19.5,0.8,78,15.2,11.1
3,2011-09-15,2011-10-07,26.6,15.6,20.1,0,76,15.2,11.000000000000002
3,2011-09-15,2011-10-08,27.2,14.5,19.8,1.5,76,15,12.7
3,2011-09-15,2011-10-09,23.1,17,19.4,15.1,88,17.3,6.100000000000001
3,2011-09-15,2011-10-10,21,16.7,18.5,4.9,93,17.3,4.300000000000001
3,2011-09-15,2011-10-11,23.9,16.7,19.3,2.6,87,17,7.199999999999999
3,2011-09-15,2011-10-12,23,14.4,18.2,0.1,76,13.6,8.6
3,2011-09-15,2011-10-13,19.5,14.1,17,17.1,93,15.8,5.4
4,2011-10-09,2011-09-11,22,12.2,16.6,0,77,11.9,9.8
4,2011-10-09,2011-09-12,21.4,10.2,15,0,77,10.5,11.2
4,2011-10-09,2011-09-13,24,9.7,16.2,0,71,10,14.3
4,2011-10-09,2011-09-14,18.3,9.5,13.2,0,78,9.3,8.8
4,2011-10-09,2011-09-15,16.1,9.7,12.3,0,88,10.3,6.400000000000002
4,2011-10-09,2011-09-16,19.4,12.2,14.9,0,87,12.7,7.199999999999999
4,2011-10-09,2011-09-17,21.6,12.2,15.7,0,81,12.2,9.400000000000002
4,2011-10-09,2011-09-18,22.7,10.6,15.9,0,78,11.6,12.1
4,2011-10-09,2011-09-19,23.9,12.5,17.6,0,73,12.2,11.399999999999999
4,2011-10-09,2011-09-20,24.7,12.8,18.3,0.4,72,12.8,11.899999999999999
4,2011-10-09,2011-09-21,22.1,13.6,17.2,5.2,84,14.3,8.500000000000002
4,2011-10-09,2011-09-22,25,12.4,17.5,0,78,12.9,12.6
4,2011-10-09,2011-09-23,25.2,13.6,17.2,14.1,84,14.2,11.6
4,2011-10-09,2011-09-24,19.7,12.6,15.7,0,82,12.3,7.1
4,2011-10-09,2011-09-25,16.5,9.7,12.4,0,80,8.9,6.800000000000001
4,2011-10-09,2011-09-26,22.2,9,14,0,79,10.2,13.2
4,2011-10-09,2011-09-27,23.2,11.1,16.1,0,77,11.5,12.1
4,2011-10-09,2011-09-28,23.8,10.9,16.7,0,69,10,12.9
4,2011-10-09,2011-09-29,27.3,11.2,18.1,0,67,10.7,16.1
4,2011-10-09,2011-09-30,29.4,17.2,23.2,0,51,12.1,12.2
4,2011-10-09,2011-10-01,29.4,15.8,22.1,1.1,60,13.2,13.599999999999998
4,2011-10-09,2011-10-02,20.7,16.6,18.1,33,90,16.4,4.099999999999998
4,2011-10-09,2011-10-03,23.3,14.6,18,0,78,13.6,8.700000000000001
4,2011-10-09,2011-10-04,18.6,11.8,15,0,79,11.1,6.800000000000001
4,2011-10-09,2011-10-05,23.6,11.5,16.8,0.6,81,13.1,12.100000000000001
4,2011-10-09,2011-10-06,25.3,15.4,19.7,2.2,81,16.1,9.9
4,2011-10-09,2011-10-07,26.4,15.7,20.1,0,79,15.8,10.7
4,2011-10-09,2011-10-08,26.9,14.3,19.6,2.3,80,15.7,12.599999999999998
4,2011-10-09,2011-10-09,24,17.7,19.8,24.7,89,17.9,6.300000000000001
4,2011-10-09,2011-10-10,20.9,17.3,19,2.9,94,17.9,3.599999999999998
4,2011-10-09,2011-10-11,23.2,16.8,19.3,7.6,91,17.7,6.399999999999999
4,2011-10-09,2011-10-12,23,14,17.9,0,82,14.5,9
4,2011-10-09,2011-10-13,20.2,14.5,17.3,10.2,94,16.4,5.699999999999999
4,2011-10-09,2011-10-14,23.1,18.7,19.8,10.6,94,18.8,4.400000000000002
4,2011-10-09,2011-10-15,19,14.2,17,54.9,98,16.7,4.800000000000001
4,2011-10-09,2011-10-16,16.8,13.7,15.2,9.3,96,14.5,3.1000000000000014
4,2011-10-09,2011-10-17,21.4,13.2,16.4,0,78,12.1,8.2
4,2011-10-09,2011-10-18,20.8,10,14.8,0,75,10.1,10.8
4,2011-10-09,2011-10-19,19.5,11.5,14.9,0,79,11,8
4,2011-10-09,2011-10-20,21.4,11.2,15.4,0,75,10.6,10.2
4,2011-10-09,2011-10-21,19.8,10,14.2,0,76,9.6,9.8
4,2011-10-09,2011-10-22,22.3,10.6,16,0,76,11.3,11.700000000000001
4,2011-10-09,2011-10-23,24.4,13.5,18.6,0,75,13.6,10.899999999999999
4,2011-10-09,2011-10-24,24.7,15,19.9,0.4,76,15.2,9.7
4,2011-10-09,2011-10-25,24.1,17.1,19.5,7.4,84,16.6,7
4,2011-10-09,2011-10-26,22.8,16.5,19.3,1.2,79,15.2,6.300000000000001
4,2011-10-09,2011-10-27,24.5,15.3,19.5,0,69,13.1,9.2
4,2011-10-09,2011-10-28,25.9,14.7,20.2,0,64,12.7,11.2
4,2011-10-09,2011-10-29,25,14.5,19.8,4.8,77,15.6,10.5
4,2011-10-09,2011-10-30,20.5,15,18.3,22.6,91,16.7,5.5
4,2011-10-09,2011-10-31,16.6,10.9,13.7,3.3,82,10.5,5.700000000000001
4,2011-10-09,2011-11-01,17,9.4,12.9,0,75,8.4,7.6
4,2011-10-09,2011-11-02,17.6,9.2,12.6,0,75,8.1,8.400000000000002
4,2011-10-09,2011-11-03,19.5,8.8,13.5,0,74,8.6,10.7
4,2011-10-09,2011-11-04,22.9,8.8,15.2,0,75,10.4,14.099999999999998
4,2011-10-09,2011-11-05,26.2,11.4,18.3,0,73,12.6,14.799999999999999
4,2011-10-09,2011-11-06,24.6,14.6,19,0.4,76,14.2,10.000000000000002
5,2011-09-12,2011-08-15,25.6,16,20.3,0.5,79,16.2,9.600000000000001
5,2011-09-12,2011-08-16,27.1,19.1,22.3,0,60,14.1,8
5,2011-09-12,2011-08-17,22,13.4,17.6,0.2,75,12.7,8.6
5,2011-09-12,2011-08-18,21.6,15.1,17.7,0.8,81,14.3,6.500000000000002
5,2011-09-12,2011-08-19,19.5,9.8,16.3,7.4,87,14.1,9.7
5,2011-09-12,2011-08-20,9.4,4.9,7.4,0.7,71,2.3,4.5
5,2011-09-12,2011-08-21,10.5,1.9,6.4,0,67,0.6,8.6
5,2011-09-12,2011-08-22,11.7,2.9,6.8,3.5,78,3.1,8.799999999999999
5,2011-09-12,2011-08-23,13,7.5,9.8,1.6,86,7.5,5.5
5,2011-09-12,2011-08-24,20.2,9.5,13.7,0,78,9.8,10.7
5,2011-09-12,2011-08-25,19.7,13.9,16.4,14,83,13.5,5.799999999999999
5,2011-09-12,2011-08-26,20.2,8.8,13.5,0,84,10.6,11.399999999999999
5,2011-09-12,2011-08-27,27.5,13.8,20,0,71,14.4,13.7
5,2011-09-12,2011-08-28,23.9,17.2,21,18.2,75,16.4,6.699999999999999
5,2011-09-12,2011-08-29,24.7,17.1,19.9,26.3,88,17.8,7.599999999999998
5,2011-09-12,2011-08-30,18.9,13,16.7,12.3,92,15.4,5.899999999999999
5,2011-09-12,2011-08-31,14.7,6.8,10.9,0,67,4.3,7.8999999999999995
5,2011-09-12,2011-09-01,15.6,3.3,9,0,68,3.1,12.3
5,2011-09-12,2011-09-02,21.2,5.5,12.1,0,65,5.6,15.7
5,2011-09-12,2011-09-03,23.3,9.5,16,0,62,8.3,13.8
5,2011-09-12,2011-09-04,27.4,15.6,20.6,0,55,11.1,11.799999999999999
5,2011-09-12,2011-09-05,22.8,12.3,18.8,19.7,77,14.2,10.5
5,2011-09-12,2011-09-06,18.1,7.3,12.6,5.4,71,6.8,10.8
5,2011-09-12,2011-09-07,19.2,11.3,14.5,1.7,79,10.8,7.899999999999999
5,2011-09-12,2011-09-08,18.6,14.1,15.8,4.2,90,14.1,4.500000000000002
5,2011-09-12,2011-09-09,18.8,13.7,15.7,6.9,88,13.6,5.100000000000001
5,2011-09-12,2011-09-10,21.8,10.7,15.9,0,80,12,11.100000000000001
5,2011-09-12,2011-09-11,18.1,10.9,14.3,0,73,9.2,7.200000000000001
5,2011-09-12,2011-09-12,22.5,6.2,13.9,0,67,7.1,16.3
5,2011-09-12,2011-09-13,23.7,8.4,15.8,0,69,9.7,15.299999999999999
5,2011-09-12,2011-09-14,22.4,9.2,15.2,0,71,9.8,13.2
5,2011-09-12,2011-09-15,23.7,10.5,16.7,0,67,10.3,13.2
5,2011-09-12,2011-09-16,26.8,14.1,19.7,0,71,14.3,12.700000000000001
5,2011-09-12,2011-09-17,24.7,17.3,20.4,9.6,77,16.1,7.399999999999999
5,2011-09-12,2011-09-18,22.7,17.3,19.5,18.6,88,17.5,5.399999999999999
5,2011-09-12,2011-09-19,23.1,16.6,19.4,13.8,87,17,6.5
5,2011-09-12,2011-09-20,19,13.8,16.2,18,86,13.6,5.199999999999999
5,2011-09-12,2011-09-21,20.9,7.9,14,0,75,9,12.999999999999998
5,2011-09-12,2011-09-22,25.2,9.8,17,0,71,11.2,15.399999999999999
5,2011-09-12,2011-09-23,21.7,15,17.5,13.7,85,14.9,6.699999999999999
5,2011-09-12,2011-09-24,17.6,13.1,15,0,78,11.1,4.500000000000002
5,2011-09-12,2011-09-25,23.4,11.8,16.8,0,73,11.5,11.599999999999998
5,2011-09-12,2011-09-26,23.5,11.7,17.4,0,70,11.5,11.8
5,2011-09-12,2011-09-27,24.9,12.6,18.5,0,71,12.7,12.299999999999999
5,2011-09-12,2011-09-28,27.5,13.4,19.6,0,72,13.9,14.1
5,2011-09-12,2011-09-29,30.1,17.2,22.9,0,62,15,12.900000000000002
5,2011-09-12,2011-09-30,29.5,20.1,23.9,0.5,71,18.2,9.399999999999999
5,2011-09-12,2011-10-01,23.2,17.9,20.8,33.9,80,17,5.300000000000001
5,2011-09-12,2011-10-02,24,14.5,19,1.1,84,16,9.5
5,2011-09-12,2011-10-03,20.2,12.2,16.6,0,71,10.7,8
5,2011-09-12,2011-10-04,24.8,9,16.6,0,71,11.2,15.8
5,2011-09-12,2011-10-05,26.2,16.4,20.4,0.4,73,15.3,9.8
5,2011-09-12,2011-10-06,29.5,16.1,22.2,0,76,17,13.399999999999999
5,2011-09-12,2011-10-07,30.5,19.9,24.4,0,66,17.5,10.600000000000001
5,2011-09-12,2011-10-08,24.7,21.1,22.2,12.4,76,17.6,3.599999999999998
5,2011-09-12,2011-10-09,24,18.6,20.7,4.6,89,18.7,5.399999999999999
5,2011-09-12,2011-10-10,23.4,15.2,19.3,0.3,78,15,8.2
6,2011-11-07,2011-10-10,23.1,16.6,19,4.5,87,16.6,6.5
6,2011-11-07,2011-10-11,23.3,12.8,17.6,0.1,79,13.4,10.5
6,2011-11-07,2011-10-12,18.3,13.2,15.5,0,83,12.6,5.100000000000001
6,2011-11-07,2011-10-13,16.6,12.3,14.2,28.3,98,13.8,4.300000000000001
6,2011-11-07,2011-10-14,24.3,15.1,18.5,1.1,81,14.5,9.200000000000001
6,2011-11-07,2011-10-15,19.7,13.9,16.5,7.7,94,15.4,5.799999999999999
6,2011-11-07,2011-10-16,19.3,12.4,15.2,15,86,12.7,6.9
6,2011-11-07,2011-10-17,22.9,11.9,17,0,71,10.7,10.999999999999998
6,2011-11-07,2011-10-18,19.5,12.8,15.5,0.1,76,11.1,6.699999999999999
6,2011-11-07,2011-10-19,17.7,11.6,14,0.7,81,10.6,6.1
6,2011-11-07,2011-10-20,18.7,10.7,13.8,1.5,82,10.4,8
6,2011-11-07,2011-10-21,17.2,11.3,13.9,0.8,81,10.4,5.899999999999999
6,2011-11-07,2011-10-22,21.3,10.9,15.2,0,75,10.3,10.4
6,2011-11-07,2011-10-23,23.2,13.4,17.6,0.5,81,13.8,9.799999999999999
6,2011-11-07,2011-10-24,25.2,15,19,3.7,84,15.8,10.2
6,2011-11-07,2011-10-25,22,15,17.5,7,93,16.3,7
6,2011-11-07,2011-10-26,16.9,13.6,15.1,21.6,89,13.1,3.299999999999999
6,2011-11-07,2011-10-27,20.1,9.8,14.7,0,74,9.5,10.3
6,2011-11-07,2011-10-28,22.6,9.7,15.4,0,67,8.6,12.900000000000002
6,2011-11-07,2011-10-29,16.6,9.5,13.9,12.8,90,12.3,7.100000000000001
6,2011-11-07,2011-10-30,19,13.1,15.9,5.5,80,11.9,5.9
6,2011-11-07,2011-10-31,19.5,7.4,13.3,0,67,6.5,12.1
6,2011-11-07,2011-11-01,17.5,8.5,12.9,0,67,6.6,9
6,2011-11-07,2011-11-02,17.6,8.1,12.5,0,72,7.1,9.500000000000002
6,2011-11-07,2011-11-03,18.7,8.4,12.7,0,75,7.9,10.299999999999999
6,2011-11-07,2011-11-04,21.1,6.8,13.2,0,74,8.2,14.3
6,2011-11-07,2011-11-05,26.5,9.9,16.8,0,76,11.6,16.6
6,2011-11-07,2011-11-06,23.5,14.5,18.2,0.7,81,14.4,9
6,2011-11-07,2011-11-07,24.5,11.6,17.9,0.1,77,13.1,12.9
6,2011-11-07,2011-11-08,25.5,14.2,19.1,0,76,14.2,11.3
6,2011-11-07,2011-11-09,26.7,14,19.7,0,74,14.2,12.7
6,2011-11-07,2011-11-10,27.5,15.7,19.7,4.2,83,16.3,11.8
6,2011-11-07,2011-11-11,24.4,15.8,19,7.5,86,16.3,8.599999999999998
6,2011-11-07,2011-11-12,20.4,14.1,16.5,1.5,87,14.2,6.299999999999999
6,2011-11-07,2011-11-13,16.3,13.2,14.6,0.2,87,12.5,3.1000000000000014
6,2011-11-07,2011-11-14,14.9,11.2,12.9,1.8,89,11.1,3.700000000000001
6,2011-11-07,2011-11-15,13.9,11.2,12.3,21.3,94,11.4,2.700000000000001
6,2011-11-07,2011-11-16,21.7,5.3,13.5,0,72,7.9,16.4
6,2011-11-07,2011-11-17,22.3,10.5,15.7,0.1,73,10.1,11.8
6,2011-11-07,2011-11-18,21.2,12.2,15.8,0.1,74,10.7,9
6,2011-11-07,2011-11-19,20.5,10.6,14.9,0,74,9.9,9.9
6,2011-11-07,2011-11-20,19.6,10.4,14.4,0,78,10.3,9.200000000000001
6,2011-11-07,2011-11-21,17.5,12.8,14.7,19.8,93,13.6,4.699999999999999
6,2011-11-07,2011-11-22,20.3,15.1,16.8,31.7,88,14.6,5.200000000000001
6,2011-11-07,2011-11-23,24.2,11.7,17.4,0,72,11.7,12.5
6,2011-11-07,2011-11-24,25,12.6,18.5,0,78,14.1,12.4
6,2011-11-07,2011-11-25,24.1,14.9,18.9,4.7,85,16.1,9.200000000000001
6,2011-11-07,2011-11-26,26,16.4,19.6,3.3,87,17.1,9.600000000000001
6,2011-11-07,2011-11-27,24.5,16.4,19.6,0.5,80,15.8,8.100000000000001
6,2011-11-07,2011-11-28,24.1,16.1,19.5,0.4,80,15.6,8
6,2011-11-07,2011-11-29,24.8,16.2,19.8,0.2,79,15.6,8.600000000000001
6,2011-11-07,2011-11-30,26.6,16.2,20,3.2,82,16.2,10.400000000000002
6,2011-11-07,2011-12-01,20.1,10.5,16,0.2,68,9.2,9.600000000000001
6,2011-11-07,2011-12-02,21.7,8.1,14.7,0,65,7.7,13.6
6,2011-11-07,2011-12-03,21.8,12.2,16,0,71,10.2,9.600000000000001
6,2011-11-07,2011-12-04,22,12.6,16.6,0,74,11.4,9.4
6,2011-11-07,2011-12-05,23.3,13.6,17.6,0.1,77,13,9.700000000000001
7,2011-10-06,2011-09-08,17.9,11.5,14.3,14.9,91,12.9,6.399999999999999
7,2011-10-06,2011-09-09,15.2,10.5,13.3,18.5,88,11.3,4.699999999999999
7,2011-10-06,2011-09-10,20,5.6,12.7,0,80,8.7,14.4
7,2011-10-06,2011-09-11,21,7.7,14.2,0,73,8.9,13.3
7,2011-10-06,2011-09-12,20.9,8.6,13.9,0,77,9.4,12.299999999999999
7,2011-10-06,2011-09-13,22.9,8.6,15.1,0,73,9.6,14.299999999999999
7,2011-10-06,2011-09-14,17.7,7.7,12.6,0,73,7.7,10
7,2011-10-06,2011-09-15,18.1,7.2,11.7,0,82,8.7,10.900000000000002
7,2011-10-06,2011-09-16,21.2,10.3,14.6,0,84,11.7,10.899999999999999
7,2011-10-06,2011-09-17,21.9,11.5,15.7,0,81,12.1,10.399999999999999
7,2011-10-06,2011-09-18,19.1,10.7,14.5,3,84,11.7,8.400000000000002
7,2011-10-06,2011-09-19,22.5,12.5,16.6,0.2,80,12.8,10
7,2011-10-06,2011-09-20,21.6,13.7,16.8,7.4,80,13.2,7.900000000000002
7,2011-10-06,2011-09-21,21.7,10.7,15.5,0,79,11.2,11
7,2011-10-06,2011-09-22,23.2,11.9,16.6,0,79,12.4,11.299999999999999
7,2011-10-06,2011-09-23,18.5,13.9,15.8,13.6,84,13,4.6
7,2011-10-06,2011-09-24,18.4,11.1,14.3,0,81,10.7,7.299999999999999
7,2011-10-06,2011-09-25,16.1,7.4,11.5,0,78,7.7,8.700000000000001
7,2011-10-06,2011-09-26,20.6,6.8,12.8,0,76,8.4,13.8
7,2011-10-06,2011-09-27,22.4,10,15.2,0,76,10.3,12.399999999999999
7,2011-10-06,2011-09-28,23.2,9.5,15.8,0,68,9.2,13.7
7,2011-10-06,2011-09-29,26.2,10.3,17.9,0,66,10.7,15.899999999999999
7,2011-10-06,2011-09-30,28.5,17.9,22.5,0,54,12.3,10.600000000000001
7,2011-10-06,2011-10-01,27.4,15.7,20,4.3,67,13.5,11.7
7,2011-10-06,2011-10-02,22,14.9,17.7,11.2,84,14.7,7.1
7,2011-10-06,2011-10-03,23.1,9.2,16.3,0,72,10.5,13.900000000000002
7,2011-10-06,2011-10-04,19.9,11.7,15.1,0,74,10.2,8.2
7,2011-10-06,2011-10-05,22.7,10,16,0.8,78,11.8,12.7
7,2011-10-06,2011-10-06,25.4,13.6,19,0.1,77,14.5,11.799999999999999
7,2011-10-06,2011-10-07,25.2,15.7,19.8,0,77,15.1,9.5
7,2011-10-06,2011-10-08,25.4,14.7,19.4,4.2,77,15.1,10.7
7,2011-10-06,2011-10-09,19.7,16.2,17.7,52.9,96,17.1,3.5
7,2011-10-06,2011-10-10,21.8,16.2,17.8,11.1,95,16.9,5.600000000000001
7,2011-10-06,2011-10-11,23.8,14.1,18.1,2.6,88,15.8,9.700000000000001
7,2011-10-06,2011-10-12,21.8,13.2,17.2,4.2,86,14.7,8.600000000000001
7,2011-10-06,2011-10-13,19.1,14.4,16.6,22.4,97,16,4.700000000000001
7,2011-10-06,2011-10-14,21.6,17.5,18.7,11.9,97,18.3,4.100000000000001
7,2011-10-06,2011-10-15,18.3,14.8,17.1,15.7,97,16.6,3.5
7,2011-10-06,2011-10-16,19.2,13.5,15.6,10.5,90,13.8,5.699999999999999
7,2011-10-06,2011-10-17,21.3,11.9,15.9,0,77,11.5,9.4
7,2011-10-06,2011-10-18,21.1,9.4,15.1,0,70,9.4,11.700000000000001
7,2011-10-06,2011-10-19,20.6,10.3,14.9,0,74,10,10.3
7,2011-10-06,2011-10-20,21.1,10.6,15.4,0,75,10.4,10.500000000000002
7,2011-10-06,2011-10-21,19.9,9.4,14.7,0,71,9.1,10.499999999999998
7,2011-10-06,2011-10-22,21.7,10,15.7,0,74,10.8,11.7
7,2011-10-06,2011-10-23,23.6,12.6,18.2,0,72,12.7,11.000000000000002
7,2011-10-06,2011-10-24,23.8,14.5,19,0,75,14.2,9.3
7,2011-10-06,2011-10-25,19,16,17.6,13.5,90,16,3
7,2011-10-06,2011-10-26,19.2,13.3,16.1,2.7,83,12.9,5.899999999999999
7,2011-10-06,2011-10-27,21.6,10.8,15.9,0,76,11.2,10.8
7,2011-10-06,2011-10-28,24.1,13.1,18,0,64,10.7,11.000000000000002
7,2011-10-06,2011-10-29,19.8,12.6,16.4,13.8,85,13.9,7.200000000000001
7,2011-10-06,2011-10-30,17.7,14.7,16.1,25.3,95,15.3,3
7,2011-10-06,2011-10-31,18.9,10.9,14.3,0,71,8.7,7.999999999999998
7,2011-10-06,2011-11-01,17.5,9,12.7,0,70,7,8.5
7,2011-10-06,2011-11-02,17.2,7.8,11.9,0,72,6.7,9.399999999999999
7,2011-10-06,2011-11-03,18.5,7.4,12.5,0,72,7.3,11.1
8,2012-09-06,2012-08-09,20.6,14.7,17.7,0,79,13.6,5.900000000000002
8,2012-09-06,2012-08-10,25.7,10.5,17.2,0,81,13.6,15.2
8,2012-09-06,2012-08-11,25.5,15.4,19.9,0,73,14.5,10.1
8,2012-09-06,2012-08-12,25.7,18.6,21.1,0,59,12.6,7.099999999999998
8,2012-09-06,2012-08-13,20.2,15.2,17,17.2,87,14.7,5
8,2012-09-06,2012-08-14,24.9,14.1,18.5,0,76,13.8,10.799999999999999
8,2012-09-06,2012-08-15,25.3,16.9,20.2,0,67,13.8,8.400000000000002
8,2012-09-06,2012-08-16,21.2,17.3,18.8,5.5,75,14.3,3.8999999999999986
8,2012-09-06,2012-08-17,26.3,16.9,20.8,0,70,15,9.400000000000002
8,2012-09-06,2012-08-18,25.3,18.1,21.1,1.5,66,14.5,7.199999999999999
8,2012-09-06,2012-08-19,24.9,17,20.1,1.1,71,14.5,7.899999999999999
8,2012-09-06,2012-08-20,24.3,17.5,20.3,0.5,69,14.3,6.800000000000001
8,2012-09-06,2012-08-21,23.1,17,19.6,0,76,15.2,6.100000000000001
8,2012-09-06,2012-08-22,27.2,16.4,20.7,0,71,14.9,10.8
8,2012-09-06,2012-08-23,26.6,16.5,20.8,0,62,13.1,10.100000000000001
8,2012-09-06,2012-08-24,26.5,16.5,20.9,0,59,12.4,10
8,2012-09-06,2012-08-25,20,9.7,12.8,10.8,88,10.8,10.3
8,2012-09-06,2012-08-26,9.6,6.9,7.9,13.7,92,6.7,2.6999999999999993
8,2012-09-06,2012-08-27,11.7,6.8,8.9,0,84,6.2,4.8999999999999995
8,2012-09-06,2012-08-28,14.2,8.6,10.8,0.2,81,7.7,5.6
8,2012-09-06,2012-08-29,15.8,9.4,12.1,0,85,9.6,6.4
8,2012-09-06,2012-08-30,22.5,8.2,14.6,0,77,10.2,14.3
8,2012-09-06,2012-08-31,25.1,11.7,17.8,0,75,12.8,13.400000000000002
8,2012-09-06,2012-09-01,25,12.9,18.9,0,79,14.8,12.1
8,2012-09-06,2012-09-02,27.4,14.1,20.1,0,75,14.8,13.299999999999999
8,2012-09-06,2012-09-03,20.3,14.4,17.7,0,79,13.8,5.9
8,2012-09-06,2012-09-04,25.2,12.4,17.7,0,69,11.5,12.799999999999999
8,2012-09-06,2012-09-05,27.4,14.4,20.2,0,63,12.7,12.999999999999998
8,2012-09-06,2012-09-06,28.9,16.1,21.3,0,71,15.4,12.799999999999997
8,2012-09-06,2012-09-07,30.7,19.5,23.9,0,58,14.5,11.2
8,2012-09-06,2012-09-08,25.2,18.2,21.8,0,72,16.3,7
8,2012-09-06,2012-09-09,20.4,15.2,17.4,33.8,90,15.7,5.199999999999999
8,2012-09-06,2012-09-10,16.1,13.4,14.4,47.6,96,13.8,2.700000000000001
8,2012-09-06,2012-09-11,18.3,12.8,15,0,85,12.3,5.5
8,2012-09-06,2012-09-12,20.8,13,16.2,0,85,13.4,7.800000000000001
8,2012-09-06,2012-09-13,20.9,12.5,16.1,0,79,12.2,8.399999999999999
8,2012-09-06,2012-09-14,27.1,13.2,19,0,76,14.4,13.900000000000002
8,2012-09-06,2012-09-15,29.4,19.6,23.1,0.5,75,18.4,9.799999999999997
8,2012-09-06,2012-09-16,28,20.4,23.4,2.6,76,18.7,7.600000000000001
8,2012-09-06,2012-09-17,28.4,20.8,23.3,3.1,70,17.5,7.599999999999998
8,2012-09-06,2012-09-18,29.5,19.2,23.5,20.2,76,18.8,10.3
8,2012-09-06,2012-09-19,23,11.3,16.2,23.1,78,12.3,11.7
8,2012-09-06,2012-09-20,17.2,7.4,12.4,0,65,5.7,9.799999999999999
8,2012-09-06,2012-09-21,18.5,9.8,13.6,0,67,7.1,8.7
8,2012-09-06,2012-09-22,18.8,6.3,12.6,0,66,5.8,12.5
8,2012-09-06,2012-09-23,21,8,13.8,0,66,7.1,13
8,2012-09-06,2012-09-24,25.2,12.6,18,0,65,11,12.6
8,2012-09-06,2012-09-25,17.4,8.5,13.1,0,70,7.3,8.899999999999999
8,2012-09-06,2012-09-26,13.8,2.7,8.3,0,61,1,11.100000000000001
8,2012-09-06,2012-09-27,18.9,6.2,11.9,0,66,5.3,12.7
8,2012-09-06,2012-09-28,21.4,9.7,14.8,0,57,6.1,11.7
8,2012-09-06,2012-09-29,19.1,12.1,15.1,3.3,69,9.3,7.000000000000002
8,2012-09-06,2012-09-30,25.5,12.9,18.2,1.4,73,12.9,12.6
8,2012-09-06,2012-10-01,19.4,16.6,18.2,66.1,88,16.1,2.799999999999997
8,2012-09-06,2012-10-02,25.2,15.3,19,9.2,85,16.4,9.899999999999999
8,2012-09-06,2012-10-03,20.7,17.8,19.1,54.5,94,18,2.8999999999999986
8,2012-09-06,2012-10-04,23.5,16.9,19.6,2.4,88,17.5,6.600000000000001
9,2012-09-09,2012-08-12,24.8,15.8,19.2,0,65,12.3,9
9,2012-09-09,2012-08-13,18.9,14.2,16.4,9.6,83,13.2,4.699999999999999
9,2012-09-09,2012-08-14,22.8,13.3,17.1,0,78,12.9,9.5
9,2012-09-09,2012-08-15,23.3,13.7,18.1,0,71,12.6,9.600000000000001
9,2012-09-09,2012-08-16,20.6,15.2,17.8,2.6,78,13.8,5.400000000000002
9,2012-09-09,2012-08-17,24.5,15.3,19.1,0,75,14.4,9.2
9,2012-09-09,2012-08-18,23.8,14.7,18.9,0,67,12.4,9.100000000000001
9,2012-09-09,2012-08-19,22.8,15,18.4,0,72,13.2,7.800000000000001
9,2012-09-09,2012-08-20,23.6,15.1,18.7,0,71,13.1,8.500000000000002
9,2012-09-09,2012-08-21,23.5,17.8,19.9,0,64,12.7,5.699999999999999
9,2012-09-09,2012-08-22,25.8,15.2,19.5,0,70,13.5,10.600000000000001
9,2012-09-09,2012-08-23,24.8,14.7,19.2,0,64,12,10.100000000000001
9,2012-09-09,2012-08-24,24.9,13.1,18.5,0,64,11.3,11.799999999999999
9,2012-09-09,2012-08-25,18.4,8.9,13.3,3.2,84,10.6,9.499999999999998
9,2012-09-09,2012-08-26,8.8,5.9,7,14,96,6.4,2.9000000000000004
9,2012-09-09,2012-08-27,10.3,6.6,8.1,0.7,89,6.5,3.700000000000001
9,2012-09-09,2012-08-28,13,8.4,10.2,0.3,85,7.7,4.6
9,2012-09-09,2012-08-29,16.6,9.9,12,0.8,85,9.3,6.700000000000001
9,2012-09-09,2012-08-30,21.2,8.4,13.7,0,78,9.6,12.799999999999999
9,2012-09-09,2012-08-31,23.4,10.8,16.6,0,73,11.5,12.599999999999998
9,2012-09-09,2012-09-01,23.6,12.5,17.6,0,79,13.5,11.100000000000001
9,2012-09-09,2012-09-02,25.4,13.2,18.7,0,75,13.7,12.2
9,2012-09-09,2012-09-03,20.1,13.5,16.6,0,80,12.9,6.600000000000001
9,2012-09-09,2012-09-04,22.2,10.8,15.9,0,67,9.6,11.399999999999999
9,2012-09-09,2012-09-05,25.8,11.2,17.9,0,65,11,14.600000000000001
9,2012-09-09,2012-09-06,27.2,14.4,19.9,0,72,14.3,12.799999999999999
9,2012-09-09,2012-09-07,29.5,17,22.1,0,62,14,12.5
9,2012-09-09,2012-09-08,26.6,18.7,22.6,0,56,13.2,7.900000000000002
9,2012-09-09,2012-09-09,21,15.5,18.2,21.1,91,16.7,5.5
9,2012-09-09,2012-09-10,19.4,12.7,16.3,50.8,96,15.7,6.699999999999999
9,2012-09-09,2012-09-11,19.1,12.2,14.7,0,88,12.6,6.900000000000002
9,2012-09-09,2012-09-12,22.2,12,16.3,0,84,13.4,10.2
9,2012-09-09,2012-09-13,21.3,13.1,16.2,0,77,12,8.200000000000001
9,2012-09-09,2012-09-14,25.5,12.6,18,0,76,13.5,12.9
9,2012-09-09,2012-09-15,27.8,16.7,21.3,0,75,16.5,11.100000000000001
9,2012-09-09,2012-09-16,28.3,19.1,22.1,0.8,75,17.3,9.2
9,2012-09-09,2012-09-17,29.5,18.5,22.5,2.1,71,16.8,11
9,2012-09-09,2012-09-18,29.3,19.5,22.6,11.3,74,17.4,9.8
9,2012-09-09,2012-09-19,24.5,10.6,16.8,15.8,78,12.7,13.9
9,2012-09-09,2012-09-20,15.9,6.5,11.3,0,65,4.8,9.4
9,2012-09-09,2012-09-21,17.3,9.5,12.7,0.2,70,6.9,7.800000000000001
9,2012-09-09,2012-09-22,16.8,5.4,11.4,0,67,4.9,11.4
9,2012-09-09,2012-09-23,20.2,6.5,12.7,0,68,6.4,13.7
9,2012-09-09,2012-09-24,23.5,11,16.5,0,69,10.5,12.5
9,2012-09-09,2012-09-25,17.6,7.8,12.7,0,77,8.5,9.8
9,2012-09-09,2012-09-26,11.8,1.7,6.8,0,67,1,10.100000000000001
9,2012-09-09,2012-09-27,18.3,5.6,11.1,0,66,4.5,12.700000000000001
9,2012-09-09,2012-09-28,19.4,7.9,13,0,60,5.1,11.499999999999998
9,2012-09-09,2012-09-29,16.7,10.8,13.6,5.1,72,8.7,5.899999999999999
9,2012-09-09,2012-09-30,23.9,12.1,16.8,0.7,76,12.3,11.799999999999999
9,2012-09-09,2012-10-01,18.7,14.3,16.1,52.5,87,13.9,4.399999999999999
9,2012-09-09,2012-10-02,23.2,14,17.8,12.4,87,15.6,9.2
9,2012-09-09,2012-10-03,19.1,16.6,17.7,57.6,94,16.7,2.5
9,2012-09-09,2012-10-04,23.8,14.6,18.7,0.2,85,15.9,9.200000000000001
9,2012-09-09,2012-10-05,25.9,15.2,20.2,0.7,80,16.4,10.7
9,2012-09-09,2012-10-06,28.7,17.5,21.9,3.5,77,17.5,11.2
9,2012-09-09,2012-10-07,30.1,18.4,23.1,1.5,77,18.4,11.700000000000003
10,2012-09-13,2012-08-16,22.6,12.8,16.9,0,78,12.4,9.8
10,2012-09-13,2012-08-17,22.7,13.4,17.2,0,78,13,9.299999999999999
10,2012-09-13,2012-08-18,21.7,12,16.3,0,75,11.3,9.7
10,2012-09-13,2012-08-19,22.2,12.3,16.8,0,74,11.5,9.899999999999999
10,2012-09-13,2012-08-20,22.2,12.5,16.9,0,73,11.5,9.7
10,2012-09-13,2012-08-21,23.8,13.9,18.2,0,66,11.2,9.9
10,2012-09-13,2012-08-22,24,10.5,17.3,0,62,8.8,13.5
10,2012-09-13,2012-08-23,22.7,12.5,17,0,66,10.1,10.2
10,2012-09-13,2012-08-24,23.4,10.9,16.4,0,69,9.9,12.499999999999998
10,2012-09-13,2012-08-25,24.5,12,17.8,0,65,10.1,12.5
10,2012-09-13,2012-08-26,22.1,12.5,16.7,0,71,11,9.600000000000001
10,2012-09-13,2012-08-27,20.3,11.8,15.6,2.9,80,12.1,8.5
10,2012-09-13,2012-08-28,14,10.3,12.2,6.9,91,10.9,3.6999999999999993
10,2012-09-13,2012-08-29,18.3,10.7,13.7,0.2,81,10.1,7.600000000000001
10,2012-09-13,2012-08-30,18.7,10,13.9,0,78,9.8,8.7
10,2012-09-13,2012-08-31,22.6,9.7,14.9,0,72,9.1,12.900000000000002
10,2012-09-13,2012-09-01,24.3,10.1,16.6,0,67,9.5,14.200000000000001
10,2012-09-13,2012-09-02,25.3,11.4,17.8,0,69,11,13.9
10,2012-09-13,2012-09-03,23.5,11.1,17,0,72,11.4,12.4
10,2012-09-13,2012-09-04,19.4,9.9,13.9,0,70,8.2,9.499999999999998
10,2012-09-13,2012-09-05,26,8.6,16.3,0,72,10.3,17.4
10,2012-09-13,2012-09-06,27.6,11.5,18.9,0,69,12,16.1
10,2012-09-13,2012-09-07,28.2,14.4,20.5,0,66,12.7,13.799999999999999
10,2012-09-13,2012-09-08,28.8,14.8,21.5,0,55,10.9,14
10,2012-09-13,2012-09-09,29.9,15.2,22.2,0,49,10.1,14.7
10,2012-09-13,2012-09-10,28.4,15.8,21.3,0,63,12.9,12.599999999999998
10,2012-09-13,2012-09-11,25.3,15.7,20.2,1.3,69,13.9,9.600000000000001
10,2012-09-13,2012-09-12,26.8,15.6,20.5,0.4,72,14.8,11.200000000000001
10,2012-09-13,2012-09-13,24,15,19.3,0,71,13.5,9
10,2012-09-13,2012-09-14,25.6,13.1,18.1,0,70,12.2,12.500000000000002
10,2012-09-13,2012-09-15,28.8,13,19.8,0,65,11.9,15.8
10,2012-09-13,2012-09-16,31,13.6,22.2,0,57,11.6,17.4
10,2012-09-13,2012-09-17,31.1,16.3,23.6,0,58,13.3,14.8
10,2012-09-13,2012-09-18,30.6,18,24,0.3,48,11.6,12.600000000000001
10,2012-09-13,2012-09-19,26.7,16.6,22.4,10.8,59,13.3,10.099999999999998
10,2012-09-13,2012-09-20,22.2,9.8,15.6,0,59,6.7,12.399999999999999
10,2012-09-13,2012-09-21,19.2,14.1,16.1,19.3,78,11.9,5.1
10,2012-09-13,2012-09-22,19.2,6.5,13.3,0,60,5.1,12.7
10,2012-09-13,2012-09-23,20.4,10.1,14.2,0,69,8,10.299999999999999
10,2012-09-13,2012-09-24,23,10,15.9,0.6,78,11.7,13
10,2012-09-13,2012-09-25,21.2,15.1,17.2,11.5,87,15,6.1
10,2012-09-13,2012-09-26,16.1,4.5,10.6,0,51,0.4,11.600000000000001
10,2012-09-13,2012-09-27,13.4,5.6,9.3,0,66,3.1,7.800000000000001
10,2012-09-13,2012-09-28,16.6,7.6,11.4,0,69,5.5,9.000000000000002
10,2012-09-13,2012-09-29,20.2,8.9,13.5,0,69,7.5,11.299999999999999
10,2012-09-13,2012-09-30,23.4,10.3,15.6,0.8,72,9.9,13.099999999999998
10,2012-09-13,2012-10-01,26.8,12.8,18.3,0,71,12.4,14
10,2012-09-13,2012-10-02,28.9,12.5,20.7,0,72,14.3,16.4
10,2012-09-13,2012-10-03,29,16.8,21.2,4.5,74,15.7,12.2
10,2012-09-13,2012-10-04,23.1,16,18.3,4.9,88,16.1,7.100000000000001
10,2012-09-13,2012-10-05,25.1,15,19.2,0.6,83,15.8,10.100000000000001
10,2012-09-13,2012-10-06,28.2,16.3,21.4,0.1,73,15.5,11.899999999999999
10,2012-09-13,2012-10-07,29.3,16.9,22.7,0,67,15.1,12.400000000000002
10,2012-09-13,2012-10-08,27.9,15.3,21.5,0,62,12.4,12.599999999999998
10,2012-09-13,2012-10-09,29,14.3,21.3,0,63,12.5,14.7
10,2012-09-13,2012-10-10,27.5,19.2,22.6,0.5,54,12.5,8.3
10,2012-09-13,2012-10-11,19.8,13.8,16.6,8.3,87,14.4,6
11,2012-10-06,2012-09-08,28.8,14.8,21.5,0,55,10.9,14
11,2012-10-06,2012-09-09,29.9,15.2,22.2,0,49,10.1,14.7
11,2012-10-06,2012-09-10,28.4,15.8,21.3,0,63,12.9,12.599999999999998
11,2012-10-06,2012-09-11,25.3,15.7,20.2,1.3,69,13.9,9.600000000000001
11,2012-10-06,2012-09-12,26.8,15.6,20.5,0.4,72,14.8,11.200000000000001
11,2012-10-06,2012-09-13,24,15,19.3,0,71,13.5,9
11,2012-10-06,2012-09-14,25.6,13.1,18.1,0,70,12.2,12.500000000000002
11,2012-10-06,2012-09-15,28.8,13,19.8,0,65,11.9,15.8
11,2012-10-06,2012-09-16,31,13.6,22.2,0,57,11.6,17.4
11,2012-10-06,2012-09-17,31.1,16.3,23.6,0,58,13.3,14.8
11,2012-10-06,2012-09-18,30.6,18,24,0.3,48,11.6,12.600000000000001
11,2012-10-06,2012-09-19,26.7,16.6,22.4,10.8,59,13.3,10.099999999999998
11,2012-10-06,2012-09-20,22.2,9.8,15.6,0,59,6.7,12.399999999999999
11,2012-10-06,2012-09-21,19.2,14.1,16.1,19.3,78,11.9,5.1
11,2012-10-06,2012-09-22,19.2,6.5,13.3,0,60,5.1,12.7
11,2012-10-06,2012-09-23,20.4,10.1,14.2,0,69,8,10.299999999999999
11,2012-10-06,2012-09-24,23,10,15.9,0.6,78,11.7,13
11,2012-10-06,2012-09-25,21.2,15.1,17.2,11.5,87,15,6.1
11,2012-10-06,2012-09-26,16.1,4.5,10.6,0,51,0.4,11.600000000000001
11,2012-10-06,2012-09-27,13.4,5.6,9.3,0,66,3.1,7.800000000000001
11,2012-10-06,2012-09-28,16.6,7.6,11.4,0,69,5.5,9.000000000000002
11,2012-10-06,2012-09-29,20.2,8.9,13.5,0,69,7.5,11.299999999999999
11,2012-10-06,2012-09-30,23.4,10.3,15.6,0.8,72,9.9,13.099999999999998
11,2012-10-06,2012-10-01,26.8,12.8,18.3,0,71,12.4,14
11,2012-10-06,2012-10-02,28.9,12.5,20.7,0,72,14.3,16.4
11,2012-10-06,2012-10-03,29,16.8,21.2,4.5,74,15.7,12.2
11,2012-10-06,2012-10-04,23.1,16,18.3,4.9,88,16.1,7.100000000000001
11,2012-10-06,2012-10-05,25.1,15,19.2,0.6,83,15.8,10.100000000000001
11,2012-10-06,2012-10-06,28.2,16.3,21.4,0.1,73,15.5,11.899999999999999
11,2012-10-06,2012-10-07,29.3,16.9,22.7,0,67,15.1,12.400000000000002
11,2012-10-06,2012-10-08,27.9,15.3,21.5,0,62,12.4,12.599999999999998
11,2012-10-06,2012-10-09,29,14.3,21.3,0,63,12.5,14.7
11,2012-10-06,2012-10-10,27.5,19.2,22.6,0.5,54,12.5,8.3
11,2012-10-06,2012-10-11,19.8,13.8,16.6,8.3,87,14.4,6
11,2012-10-06,2012-10-12,16.1,12.8,14.1,0,79,10.5,3.3000000000000007
11,2012-10-06,2012-10-13,19.1,11.8,14.4,0,73,9.4,7.300000000000001
11,2012-10-06,2012-10-14,20.2,11.5,14.8,0,72,9.5,8.7
11,2012-10-06,2012-10-15,25,10.4,16.4,0,67,9.6,14.6
11,2012-10-06,2012-10-16,26,12,18.3,0.7,67,11.4,14
11,2012-10-06,2012-10-17,25.6,14.2,19.4,2.2,72,13.5,11.400000000000002
11,2012-10-06,2012-10-18,26.8,12.2,19.2,0,52,8,14.600000000000001
11,2012-10-06,2012-10-19,25.7,14.3,19.1,3.7,70,13,11.399999999999999
11,2012-10-06,2012-10-20,26.1,15,19.7,7.2,77,15.3,11.100000000000001
11,2012-10-06,2012-10-21,25.6,15.1,19.6,7.9,85,16.7,10.500000000000002
11,2012-10-06,2012-10-22,25.8,16.2,20.6,4.1,83,17.5,9.600000000000001
11,2012-10-06,2012-10-23,20.8,17.3,19.6,15.7,88,17.4,3.5
11,2012-10-06,2012-10-24,24.2,12.6,18.1,0,72,12.7,11.6
11,2012-10-06,2012-10-25,23.5,15.6,18.7,13.1,88,16.6,7.9
11,2012-10-06,2012-10-26,25.5,16.5,20.2,0.2,84,17.1,9
11,2012-10-06,2012-10-27,29.4,15.8,21.9,2.6,78,17.4,13.599999999999998
11,2012-10-06,2012-10-28,28.7,17.3,21.9,10.8,86,19.1,11.399999999999999
11,2012-10-06,2012-10-29,29.9,18.8,23.4,0.3,79,19,11.099999999999998
11,2012-10-06,2012-10-30,31.2,18.5,24.3,0,74,18.7,12.7
11,2012-10-06,2012-10-31,30.8,18.4,23.4,0.9,73,17.8,12.400000000000002
11,2012-10-06,2012-11-01,22.8,17.6,20.2,10.5,86,17.7,5.199999999999999
11,2012-10-06,2012-11-02,22.2,15.6,18.5,0.5,83,15.3,6.6
11,2012-10-06,2012-11-03,22.4,15,18.5,2.8,78,14.5,7.399999999999999
12,2012-09-17,2012-08-20,23.2,13.8,17.7,0,73,12.3,9.399999999999999
12,2012-09-17,2012-08-21,23.9,15.8,19.1,0,68,12.9,8.099999999999998
12,2012-09-17,2012-08-22,25.2,13.1,18.7,0,71,12.9,12.1
12,2012-09-17,2012-08-23,23.1,12.8,17.5,0,69,11.4,10.3
12,2012-09-17,2012-08-24,23.9,11,16.8,0,69,10.4,12.899999999999999
12,2012-09-17,2012-08-25,17.2,9.5,14.2,1.6,84,11.5,7.699999999999999
12,2012-09-17,2012-08-26,14.3,7.3,10.2,8.1,94,9.3,7.000000000000001
12,2012-09-17,2012-08-27,11.2,6.7,8.3,1.3,90,6.7,4.499999999999999
12,2012-09-17,2012-08-28,13.3,8.5,10.5,0.2,84,7.9,4.800000000000001
12,2012-09-17,2012-08-29,16.6,10,12.5,0.5,81,9,6.600000000000001
12,2012-09-17,2012-08-30,20.1,7.9,12.9,0,78,8.7,12.200000000000001
12,2012-09-17,2012-08-31,22.1,8.4,15.2,0,76,10.6,13.700000000000001
12,2012-09-17,2012-09-01,22.4,11,17.1,0,76,12.5,11.399999999999999
12,2012-09-17,2012-09-02,24.5,10.1,17.1,0,78,12.7,14.4
12,2012-09-17,2012-09-03,21.2,13.7,16.7,0,77,12.2,7.5
12,2012-09-17,2012-09-04,19.6,9.2,14.1,0,70,8.4,10.400000000000002
12,2012-09-17,2012-09-05,24.9,9.1,16,0,70,10,15.799999999999999
12,2012-09-17,2012-09-06,26.2,13,18.8,0,70,12.7,13.2
12,2012-09-17,2012-09-07,28.6,15,20.7,0,64,13,13.600000000000001
12,2012-09-17,2012-09-08,27.5,17.5,21.8,0,61,13.5,10
12,2012-09-17,2012-09-09,23.4,15,18.8,9.5,83,15.8,8.399999999999999
12,2012-09-17,2012-09-10,20.4,14.2,17.2,50.7,92,15.9,6.199999999999999
12,2012-09-17,2012-09-11,21.4,13.2,16,0,83,12.9,8.2
12,2012-09-17,2012-09-12,22.8,13.5,17,0.3,82,13.7,9.3
12,2012-09-17,2012-09-13,21.4,13.2,16.4,0,77,12,8.2
12,2012-09-17,2012-09-14,23.8,11.1,16.6,0,77,12.3,12.700000000000001
12,2012-09-17,2012-09-15,27.2,14.6,19.6,0,78,15.4,12.6
12,2012-09-17,2012-09-16,27.7,17,21.1,0.6,75,16.2,10.7
12,2012-09-17,2012-09-17,29.3,16.7,21.6,0.4,75,16.6,12.600000000000001
12,2012-09-17,2012-09-18,29,18.3,21.9,5,77,17.2,10.7
12,2012-09-17,2012-09-19,22.1,10.6,17.1,19,80,13.5,11.500000000000002
12,2012-09-17,2012-09-20,15.2,6.9,10.7,0,67,4.7,8.299999999999999
12,2012-09-17,2012-09-21,17,8.3,12.1,1,71,6.7,8.7
12,2012-09-17,2012-09-22,16.1,4.6,10.7,0,69,4.6,11.500000000000002
12,2012-09-17,2012-09-23,19.4,4.3,11.4,0,71,5.8,15.099999999999998
12,2012-09-17,2012-09-24,22.4,9.5,15.3,0,72,9.8,12.899999999999999
12,2012-09-17,2012-09-25,17.4,7.3,12.3,0,80,8.8,10.099999999999998
12,2012-09-17,2012-09-26,10,1,5.7,0,70,0.6,9
12,2012-09-17,2012-09-27,17.3,5,10.3,0,68,4.1,12.3
12,2012-09-17,2012-09-28,17.3,6.7,11.3,0,66,5,10.600000000000001
12,2012-09-17,2012-09-29,18.1,9.1,12.6,3.3,74,7.9,9.000000000000002
12,2012-09-17,2012-09-30,21.4,11.1,15.1,0.3,81,11.6,10.299999999999999
12,2012-09-17,2012-10-01,16.4,13.1,14.7,36.9,90,13.1,3.299999999999999
12,2012-09-17,2012-10-02,23.6,12.1,17,4.9,88,14.8,11.500000000000002
12,2012-09-17,2012-10-03,19,16,17.3,32.7,93,16.2,3
12,2012-09-17,2012-10-04,23.3,14,18.7,1.4,82,15.4,9.3
12,2012-09-17,2012-10-05,24.4,14.9,19.2,0.2,82,15.8,9.499999999999998
12,2012-09-17,2012-10-06,27.4,16.8,21.2,0.7,80,17.2,10.599999999999998
12,2012-09-17,2012-10-07,29,17.2,22.1,1.4,80,18.2,11.8
12,2012-09-17,2012-10-08,27.9,18.1,22,0.8,80,17.9,9.799999999999997
12,2012-09-17,2012-10-09,27.7,16.1,21.3,0.3,77,16.8,11.599999999999998
12,2012-09-17,2012-10-10,21.8,14.9,19.2,37.1,92,17.8,6.9
12,2012-09-17,2012-10-11,17,11.9,14,3.4,83,11.1,5.1
12,2012-09-17,2012-10-12,17.2,11.7,13.9,0.1,81,10.7,5.5
12,2012-09-17,2012-10-13,21.1,10.3,15.1,0,73,10,10.8
12,2012-09-17,2012-10-14,21.3,9.4,14.7,0,73,9.6,11.9
12,2012-09-17,2012-10-15,21.9,10,15.2,0,73,10.1,11.899999999999999
13,2013-09-12,2013-08-15,14,2.8,7.2,0,76,3.1,11.2
13,2013-09-12,2013-08-16,16.8,4.5,9.8,0,77,5.6,12.3
13,2013-09-12,2013-08-17,17,6.9,11.5,0,76,7.2,10.1
13,2013-09-12,2013-08-18,19.2,7.9,12.6,0,75,8.1,11.299999999999999
13,2013-09-12,2013-08-19,21,9.7,14.6,0,73,9.7,11.3
13,2013-09-12,2013-08-20,23.3,11.8,16.4,0,77,12.1,11.5
13,2013-09-12,2013-08-21,25.5,15.6,19.2,0,70,13.3,9.9
13,2013-09-12,2013-08-22,22,16.4,19,11.3,72,13.8,5.600000000000001
13,2013-09-12,2013-08-23,13.1,6,7.6,12.7,88,5.8,7.1
13,2013-09-12,2013-08-24,7.9,4.9,6.2,22.7,95,5.5,3
13,2013-09-12,2013-08-25,9.6,7.4,8.9,33.6,98,8.6,2.1999999999999993
13,2013-09-12,2013-08-26,7.1,3.3,4.7,14.7,95,4,3.8
13,2013-09-12,2013-08-27,8.5,-0,4.8,1.6,78,0.9,8.5
13,2013-09-12,2013-08-28,14.5,2.1,7.6,0,75,3.2,12.4
13,2013-09-12,2013-08-29,20.5,3.4,11,0,77,6.5,17.1
13,2013-09-12,2013-08-30,23.5,8.8,14.9,0,73,9.7,14.7
13,2013-09-12,2013-08-31,26.7,14.7,19.3,0,68,13.2,12
13,2013-09-12,2013-09-01,24,16.1,19.4,7.9,78,15.5,7.899999999999999
13,2013-09-12,2013-09-02,22.7,16.1,18.4,0.7,83,15.4,6.599999999999998
13,2013-09-12,2013-09-03,17.2,10.6,14.5,1.1,89,12.7,6.6
13,2013-09-12,2013-09-04,15.3,7.5,11.6,0,71,6.3,7.800000000000001
13,2013-09-12,2013-09-05,22.9,7,14.2,0.1,79,10.4,15.899999999999999
13,2013-09-12,2013-09-06,24.8,14,18.5,0,77,14,10.8
13,2013-09-12,2013-09-07,25.6,14.2,19,0,74,14.1,11.400000000000002
13,2013-09-12,2013-09-08,25.1,17.3,20.8,0.4,74,15.9,7.800000000000001
13,2013-09-12,2013-09-09,28,14.3,20.7,0,79,16.4,13.7
13,2013-09-12,2013-09-10,29,17.1,22.2,0,73,16.7,11.899999999999999
13,2013-09-12,2013-09-11,28.6,17,22.2,0,66,15,11.600000000000001
13,2013-09-12,2013-09-12,29.1,17.5,22.3,0,61,14.1,11.600000000000001
13,2013-09-12,2013-09-13,29.1,19.7,23.6,0,57,14.3,9.400000000000002
13,2013-09-12,2013-09-14,28.5,16,21.7,0,68,15,12.5
13,2013-09-12,2013-09-15,23,16,19.2,13.1,88,17.1,7
13,2013-09-12,2013-09-16,15.7,12.7,13.7,4.9,90,12,3
13,2013-09-12,2013-09-17,12.5,8.5,10.3,0.3,76,6.1,4
13,2013-09-12,2013-09-18,14,1.7,8.3,0,66,1.8,12.3
13,2013-09-12,2013-09-19,18.5,4.4,10.7,0,66,4.2,14.1
13,2013-09-12,2013-09-20,20,11.5,15.7,28.5,87,13.5,8.5
13,2013-09-12,2013-09-21,18.5,14,15.7,22.3,86,13.2,4.5
13,2013-09-12,2013-09-22,17.1,12,13.8,1.1,85,11.2,5.100000000000001
13,2013-09-12,2013-09-23,14.2,10.2,12.2,1.1,90,10.6,4
13,2013-09-12,2013-09-24,9.2,5.9,7.4,1.2,82,4.5,3.299999999999999
13,2013-09-12,2013-09-25,15.6,7.7,10.6,0,73,5.5,7.8999999999999995
13,2013-09-12,2013-09-26,19.7,6.1,12.1,0,73,6.9,13.6
13,2013-09-12,2013-09-27,21.4,9,14.6,0,67,8.3,12.399999999999999
13,2013-09-12,2013-09-28,20.8,12.7,16,20.3,78,12,8.100000000000001
13,2013-09-12,2013-09-29,22.7,12.3,17.3,0,76,12.7,10.399999999999999
13,2013-09-12,2013-09-30,19.6,12.1,15.8,2.7,87,13.4,7.500000000000002
13,2013-09-12,2013-10-01,19.9,11.4,15.1,0,76,10.5,8.499999999999998
13,2013-09-12,2013-10-02,21.7,8.7,14.9,0,73,9.6,13
13,2013-09-12,2013-10-03,22.5,12.7,16.8,1,79,13.1,9.8
13,2013-09-12,2013-10-04,20.6,14.4,16.9,0,77,12.5,6.200000000000001
13,2013-09-12,2013-10-05,17.1,11,13.5,0,75,9,6.100000000000001
13,2013-09-12,2013-10-06,19.1,9.3,13.7,0,72,8.3,9.8
13,2013-09-12,2013-10-07,22.4,9.3,15.3,0,68,8.7,13.099999999999998
13,2013-09-12,2013-10-08,22.5,10.9,15.9,0,61,7.9,11.6
13,2013-09-12,2013-10-09,25.1,11.8,17.9,0,63,10.4,13.3
13,2013-09-12,2013-10-10,24.7,14.7,19.1,0,67,12.7,10
14,2013-09-21,2013-08-24,8.3,4.4,5.8,41.9,98,5.6,3.9000000000000004
14,2013-09-21,2013-08-25,9.5,7.3,8.5,41.4,99,8.4,2.2
14,2013-09-21,2013-08-26,7.9,2.2,5.2,23,98,4.8,5.7
14,2013-09-21,2013-08-27,6.6,1.5,3.5,3.5,81,0.4,5.1
14,2013-09-21,2013-08-28,13.5,3.5,7.5,0,75,3.1,10
14,2013-09-21,2013-08-29,19.9,3.3,10.7,0,76,6.1,16.599999999999998
14,2013-09-21,2013-08-30,23.1,8.7,14.6,0,70,8.9,14.400000000000002
14,2013-09-21,2013-08-31,25.3,13.1,17.9,0,70,12.2,12.200000000000001
14,2013-09-21,2013-09-01,23.3,14.3,18.6,2.3,78,14.5,9
14,2013-09-21,2013-09-02,23.1,14.6,17.9,0,80,14.3,8.500000000000002
14,2013-09-21,2013-09-03,19,10.1,14.1,0.9,91,12.5,8.9
14,2013-09-21,2013-09-04,15.5,5.6,10.5,0,73,5.7,9.9
14,2013-09-21,2013-09-05,21.5,8,14.3,0.2,77,10.1,13.5
14,2013-09-21,2013-09-06,22.7,12.1,16.7,0,76,12.1,10.6
14,2013-09-21,2013-09-07,23.9,12.5,17.4,0,75,12.6,11.399999999999999
14,2013-09-21,2013-09-08,24.4,15.4,19.2,0,73,14.1,8.999999999999998
14,2013-09-21,2013-09-09,26.9,12.9,19.7,0,78,15.1,13.999999999999998
14,2013-09-21,2013-09-10,27.5,15.9,20.7,0,73,15.2,11.6
14,2013-09-21,2013-09-11,27.1,15.4,20.7,0,65,13.5,11.700000000000001
14,2013-09-21,2013-09-12,27.9,15,20.6,0,62,12.6,12.899999999999999
14,2013-09-21,2013-09-13,28.5,16.9,22,0,58,12.8,11.600000000000001
14,2013-09-21,2013-09-14,28.6,17.1,22,0,58,12.6,11.5
14,2013-09-21,2013-09-15,25.9,15.8,20.2,8.4,65,13.1,10.099999999999998
14,2013-09-21,2013-09-16,17.1,12.5,15,18.7,97,14.6,4.600000000000001
14,2013-09-21,2013-09-17,12.2,8.1,10.1,0,78,6.3,4.1
14,2013-09-21,2013-09-18,13.1,2.9,8.1,0,67,1.9,10.2
14,2013-09-21,2013-09-19,19.6,4.5,11.1,0,68,5.3,15.100000000000001
14,2013-09-21,2013-09-20,18.6,12.7,15.1,31.8,89,13.3,5.900000000000002
14,2013-09-21,2013-09-21,16.8,13.8,15.8,60.5,91,14.4,3
14,2013-09-21,2013-09-22,16.9,11.4,13.2,19.7,89,11.4,5.499999999999998
14,2013-09-21,2013-09-23,15.5,10.8,13.1,1.5,89,11.2,4.699999999999999
14,2013-09-21,2013-09-24,10.5,5.1,7.1,3.5,89,5.4,5.4
14,2013-09-21,2013-09-25,14.1,6.7,9.7,0.2,75,5.2,7.3999999999999995
14,2013-09-21,2013-09-26,18.1,5.4,11.1,0,74,6.1,12.700000000000001
14,2013-09-21,2013-09-27,20.1,8.1,13.2,0,69,7.4,12.000000000000002
14,2013-09-21,2013-09-28,19,10.5,13.8,22,79,10.2,8.5
14,2013-09-21,2013-09-29,21.7,11.4,16.1,0,77,11.8,10.299999999999999
14,2013-09-21,2013-09-30,21.3,11.6,15.5,7.4,87,13.2,9.700000000000001
14,2013-09-21,2013-10-01,18.6,11.6,14.1,0.2,84,11.1,7.000000000000002
14,2013-09-21,2013-10-02,21.2,7.6,14.2,0,75,9.2,13.6
14,2013-09-21,2013-10-03,20.7,12.3,16.4,12.3,83,13.4,8.399999999999999
14,2013-09-21,2013-10-04,19.1,13.9,16.7,0.3,83,13.5,5.200000000000001
14,2013-09-21,2013-10-05,15.3,9.8,12.3,0,79,8.5,5.5
14,2013-09-21,2013-10-06,17.5,8.9,12.5,0,74,7.6,8.6
14,2013-09-21,2013-10-07,20.2,8.8,14,0,70,8,11.399999999999999
14,2013-09-21,2013-10-08,20.1,8.5,14,0,64,7,11.600000000000001
14,2013-09-21,2013-10-09,22.7,9.8,15.7,0,66,9.1,12.899999999999999
14,2013-09-21,2013-10-10,23.2,12.3,17.2,0,71,11.6,10.899999999999999
14,2013-09-21,2013-10-11,23.3,13.1,17.8,0,74,12.7,10.200000000000001
14,2013-09-21,2013-10-12,20.8,15.2,17.6,9.1,84,14.9,5.600000000000001
14,2013-09-21,2013-10-13,21,16.2,18.3,11,87,15.9,4.800000000000001
14,2013-09-21,2013-10-14,23.4,14.7,19.1,0.2,82,15.7,8.7
14,2013-09-21,2013-10-15,23.4,13.4,18.5,0,76,13.9,9.999999999999998
14,2013-09-21,2013-10-16,20.5,14.1,17.3,2.3,82,14.1,6.4
14,2013-09-21,2013-10-17,21,14.7,16.9,7.5,84,14.1,6.300000000000001
14,2013-09-21,2013-10-18,21.6,10.8,15.8,3.7,84,12.8,10.8
14,2013-09-21,2013-10-19,23.1,10.9,16.8,0,79,12.3,12.200000000000001
15,2013-10-09,2013-09-11,27.1,15.4,20.7,0,65,13.5,11.700000000000001
15,2013-10-09,2013-09-12,27.9,15,20.6,0,62,12.6,12.899999999999999
15,2013-10-09,2013-09-13,28.5,16.9,22,0,58,12.8,11.600000000000001
15,2013-10-09,2013-09-14,28.6,17.1,22,0,58,12.6,11.5
15,2013-10-09,2013-09-15,25.9,15.8,20.2,8.4,65,13.1,10.099999999999998
15,2013-10-09,2013-09-16,17.1,12.5,15,18.7,97,14.6,4.600000000000001
15,2013-10-09,2013-09-17,12.2,8.1,10.1,0,78,6.3,4.1
15,2013-10-09,2013-09-18,13.1,2.9,8.1,0,67,1.9,10.2
15,2013-10-09,2013-09-19,19.6,4.5,11.1,0,68,5.3,15.100000000000001
15,2013-10-09,2013-09-20,18.6,12.7,15.1,31.8,89,13.3,5.900000000000002
15,2013-10-09,2013-09-21,16.8,13.8,15.8,60.5,91,14.4,3
15,2013-10-09,2013-09-22,16.9,11.4,13.2,19.7,89,11.4,5.499999999999998
15,2013-10-09,2013-09-23,15.5,10.8,13.1,1.5,89,11.2,4.699999999999999
15,2013-10-09,2013-09-24,10.5,5.1,7.1,3.5,89,5.4,5.4
15,2013-10-09,2013-09-25,14.1,6.7,9.7,0.2,75,5.2,7.3999999999999995
15,2013-10-09,2013-09-26,18.1,5.4,11.1,0,74,6.1,12.700000000000001
15,2013-10-09,2013-09-27,20.1,8.1,13.2,0,69,7.4,12.000000000000002
15,2013-10-09,2013-09-28,19,10.5,13.8,22,79,10.2,8.5
15,2013-10-09,2013-09-29,21.7,11.4,16.1,0,77,11.8,10.299999999999999
15,2013-10-09,2013-09-30,21.3,11.6,15.5,7.4,87,13.2,9.700000000000001
15,2013-10-09,2013-10-01,18.6,11.6,14.1,0.2,84,11.1,7.000000000000002
15,2013-10-09,2013-10-02,21.2,7.6,14.2,0,75,9.2,13.6
15,2013-10-09,2013-10-03,20.7,12.3,16.4,12.3,83,13.4,8.399999999999999
15,2013-10-09,2013-10-04,19.1,13.9,16.7,0.3,83,13.5,5.200000000000001
15,2013-10-09,2013-10-05,15.3,9.8,12.3,0,79,8.5,5.5
15,2013-10-09,2013-10-06,17.5,8.9,12.5,0,74,7.6,8.6
15,2013-10-09,2013-10-07,20.2,8.8,14,0,70,8,11.399999999999999
15,2013-10-09,2013-10-08,20.1,8.5,14,0,64,7,11.600000000000001
15,2013-10-09,2013-10-09,22.7,9.8,15.7,0,66,9.1,12.899999999999999
15,2013-10-09,2013-10-10,23.2,12.3,17.2,0,71,11.6,10.899999999999999
15,2013-10-09,2013-10-11,23.3,13.1,17.8,0,74,12.7,10.200000000000001
15,2013-10-09,2013-10-12,20.8,15.2,17.6,9.1,84,14.9,5.600000000000001
15,2013-10-09,2013-10-13,21,16.2,18.3,11,87,15.9,4.800000000000001
15,2013-10-09,2013-10-14,23.4,14.7,19.1,0.2,82,15.7,8.7
15,2013-10-09,2013-10-15,23.4,13.4,18.5,0,76,13.9,9.999999999999998
15,2013-10-09,2013-10-16,20.5,14.1,17.3,2.3,82,14.1,6.4
15,2013-10-09,2013-10-17,21,14.7,16.9,7.5,84,14.1,6.300000000000001
15,2013-10-09,2013-10-18,21.6,10.8,15.8,3.7,84,12.8,10.8
15,2013-10-09,2013-10-19,23.1,10.9,16.8,0,79,12.3,12.200000000000001
15,2013-10-09,2013-10-20,26.5,12.5,19,0,68,12.3,14
15,2013-10-09,2013-10-21,22.8,16.7,19.5,45.4,74,14.3,6.100000000000001
15,2013-10-09,2013-10-22,24.9,13.6,18.3,0,80,14.2,11.299999999999999
15,2013-10-09,2013-10-23,24.7,16.5,19.4,38.6,84,16.5,8.2
15,2013-10-09,2013-10-24,20.5,15.5,19.2,37.7,95,18.3,5
15,2013-10-09,2013-10-25,22.3,12.7,17,0,80,13.5,9.600000000000001
15,2013-10-09,2013-10-26,23.9,15.6,19.1,10.2,80,15.6,8.299999999999999
15,2013-10-09,2013-10-27,20.5,13.7,17,0.9,76,12.3,6.800000000000001
15,2013-10-09,2013-10-28,21,8,14.5,0,63,7.1,13
15,2013-10-09,2013-10-29,24.7,11,17.1,0,67,10.7,13.7
15,2013-10-09,2013-10-30,25,14.2,19.3,0.7,69,13.4,10.8
15,2013-10-09,2013-10-31,26.1,14.2,19.9,0,69,13.9,11.900000000000002
15,2013-10-09,2013-11-01,26.5,15.4,20.6,0,67,14,11.1
15,2013-10-09,2013-11-02,27.4,15.6,20.3,2.4,71,14.7,11.799999999999999
15,2013-10-09,2013-11-03,21.4,17.3,19.6,10.3,85,16.8,4.099999999999998
15,2013-10-09,2013-11-04,20.4,13.4,16.5,0,69,10.2,6.999999999999998
15,2013-10-09,2013-11-05,22,10,15.7,0,69,9.8,12
15,2013-10-09,2013-11-06,23.2,12.7,17.3,0,65,10.3,10.5
16,2013-10-17,2013-09-19,19.2,10.2,13.9,0.4,86,11.3,9
16,2013-10-17,2013-09-20,22.6,12.3,16.5,16.4,89,14.7,10.3
16,2013-10-17,2013-09-21,23.6,15.8,18.4,37.2,90,16.6,7.800000000000001
16,2013-10-17,2013-09-22,21.6,16.2,17.7,51.7,95,16.9,5.400000000000002
16,2013-10-17,2013-09-23,16.6,12.8,14.7,4.2,91,13.1,3.8000000000000007
16,2013-10-17,2013-09-24,12.3,5.6,9.6,0,75,5.1,6.700000000000001
16,2013-10-17,2013-09-25,15.5,3,8.3,0,68,2.4,12.5
16,2013-10-17,2013-09-26,16.5,5.5,10.3,0,75,5.7,11
16,2013-10-17,2013-09-27,18.2,5.5,11.3,0,71,5.8,12.7
16,2013-10-17,2013-09-28,18.2,8.2,12.9,14.2,83,10,10
16,2013-10-17,2013-09-29,19,11.2,14.6,9.1,92,13.3,7.800000000000001
16,2013-10-17,2013-09-30,18.4,14.1,15.8,18.3,95,14.9,4.299999999999999
16,2013-10-17,2013-10-01,21.4,12.7,16.4,3.3,86,13.7,8.7
16,2013-10-17,2013-10-02,21.7,13.9,17,22,84,14.1,7.799999999999999
16,2013-10-17,2013-10-03,18.6,15.1,16.5,21.8,95,15.8,3.5000000000000018
16,2013-10-17,2013-10-04,20.2,15.1,16.8,30.9,85,14,5.1
16,2013-10-17,2013-10-05,19.2,6.3,13.4,0,72,7.9,12.899999999999999
16,2013-10-17,2013-10-06,19.9,9.8,14.1,0,74,9.1,10.099999999999998
16,2013-10-17,2013-10-07,18.2,9,13.2,0,72,7.9,9.2
16,2013-10-17,2013-10-08,18.4,5.7,11.8,0,71,6.5,12.7
16,2013-10-17,2013-10-09,19.6,7.6,13.3,0,75,8.7,12.000000000000002
16,2013-10-17,2013-10-10,20.8,9.5,14.7,0,78,10.6,11.3
16,2013-10-17,2013-10-11,21.7,12.3,16.7,0,77,12.3,9.399999999999999
16,2013-10-17,2013-10-12,21.7,13.6,17.5,0.6,76,13,8.1
16,2013-10-17,2013-10-13,20.8,14.8,17.5,2,79,13.8,6
16,2013-10-17,2013-10-14,23.4,16.2,19.1,3,85,16.4,7.199999999999999
16,2013-10-17,2013-10-15,23.8,15.6,18.4,2.9,86,15.8,8.200000000000001
16,2013-10-17,2013-10-16,17.3,14.5,15.6,28.8,97,15.1,2.8000000000000007
16,2013-10-17,2013-10-17,20.4,13.2,15.9,7.1,89,14,7.199999999999999
16,2013-10-17,2013-10-18,21.3,12.4,16.3,0.8,80,12.4,8.9
16,2013-10-17,2013-10-19,22.2,10.6,16.4,0,71,10.5,11.6
16,2013-10-17,2013-10-20,24.9,9.6,17.8,0,68,11.2,15.299999999999999
16,2013-10-17,2013-10-21,23.1,16.2,18.6,21.5,77,14.3,6.900000000000002
16,2013-10-17,2013-10-22,23.1,14.2,18.1,8.9,91,16.5,8.900000000000002
16,2013-10-17,2013-10-23,24.5,15.1,19.1,4.5,88,17,9.4
16,2013-10-17,2013-10-24,22.7,17.8,19.6,14.7,93,18.4,4.899999999999999
16,2013-10-17,2013-10-25,20.8,16.1,17.9,0.7,90,16.1,4.699999999999999
16,2013-10-17,2013-10-26,23.3,13.3,17.6,15.1,83,14.6,10
16,2013-10-17,2013-10-27,23.9,16.8,19.4,1.6,79,15,7.099999999999998
16,2013-10-17,2013-10-28,21.9,10.7,15.9,0,66,9.3,11.2
16,2013-10-17,2013-10-29,21.4,8.6,15.2,0,66,8.6,12.799999999999999
16,2013-10-17,2013-10-30,24.2,11.2,17.6,0,70,11.7,13
16,2013-10-17,2013-10-31,23.2,11.6,17.5,0,74,12.4,11.6
16,2013-10-17,2013-11-01,23.6,12.7,17.3,0,74,12.2,10.900000000000002
16,2013-10-17,2013-11-02,23.8,12,17.6,0,78,13.4,11.8
16,2013-10-17,2013-11-03,21.6,17.1,18.7,22.7,92,17.4,4.5
16,2013-10-17,2013-11-04,22.4,12.7,17.2,0,81,13.5,9.7
16,2013-10-17,2013-11-05,22,11.1,16.5,0,74,11.5,10.9
16,2013-10-17,2013-11-06,16.4,11,13.7,0,78,10,5.399999999999999
16,2013-10-17,2013-11-07,16.8,10.2,13.4,0,81,10.1,6.600000000000001
16,2013-10-17,2013-11-08,22.4,12.1,16.4,0,77,11.9,10.299999999999999
16,2013-10-17,2013-11-09,24.5,12.3,18.4,0,75,13.7,12.2
16,2013-10-17,2013-11-10,26.4,16.4,21.1,1,74,16.2,10
16,2013-10-17,2013-11-11,25.4,20,22.3,3.7,76,17.9,5.399999999999999
16,2013-10-17,2013-11-12,21,14.4,17.7,5.2,80,13.9,6.6
16,2013-10-17,2013-11-13,24,11.1,17,0,65,9.6,12.9
16,2013-10-17,2013-11-14,24.5,11.2,17.8,0,53,7.7,13.3
17,2013-10-26,2013-09-28,15.9,9.2,11.5,18.3,85,9,6.700000000000001
17,2013-10-26,2013-09-29,21.1,9.8,14.7,0,81,11.2,11.3
17,2013-10-26,2013-09-30,21.8,11.9,15.4,11.4,88,13.2,9.9
17,2013-10-26,2013-10-01,18.4,11.9,14.3,0,85,11.5,6.499999999999998
17,2013-10-26,2013-10-02,21,5.9,13.8,0,77,9.3,15.1
17,2013-10-26,2013-10-03,17.8,11.9,14.8,6.1,91,13.3,5.9
17,2013-10-26,2013-10-04,19.3,13.6,16.5,2.1,85,13.8,5.700000000000001
17,2013-10-26,2013-10-05,15.1,9.7,11.9,0,79,8.2,5.4
17,2013-10-26,2013-10-06,17.8,8.6,12.6,0,73,7.5,9.200000000000001
17,2013-10-26,2013-10-07,19.1,8.9,13.4,0,70,7.5,10.200000000000001
17,2013-10-26,2013-10-08,19,7.2,12.7,0,68,6.7,11.8
17,2013-10-26,2013-10-09,21.3,8.7,14.1,0,70,8.2,12.600000000000001
17,2013-10-26,2013-10-10,21.7,11.2,15.6,0,75,10.9,10.5
17,2013-10-26,2013-10-11,22.3,12.7,16.6,0,77,12.3,9.600000000000001
17,2013-10-26,2013-10-12,21.5,13.9,16.9,11.5,87,14.8,7.6
17,2013-10-26,2013-10-13,20.3,15.5,17.4,5.8,88,15.3,4.800000000000001
17,2013-10-26,2013-10-14,23,15,18.9,1.1,83,15.7,8
17,2013-10-26,2013-10-15,23.5,13,18.1,0,78,13.7,10.5
17,2013-10-26,2013-10-16,19.6,14.6,16.9,2.6,82,13.8,5.000000000000002
17,2013-10-26,2013-10-17,19.4,13.3,15.6,11.7,88,13.6,6.099999999999998
17,2013-10-26,2013-10-18,20.7,11.8,15.7,1.7,84,12.6,8.899999999999999
17,2013-10-26,2013-10-19,21.6,10.9,16,0,80,12.1,10.700000000000001
17,2013-10-26,2013-10-20,25.4,11.4,17.9,0,72,12.1,13.999999999999998
17,2013-10-26,2013-10-21,23.5,15.8,18.3,21.2,76,13.8,7.699999999999999
17,2013-10-26,2013-10-22,22.4,13.5,17.1,0,84,14.2,8.899999999999999
17,2013-10-26,2013-10-23,24.4,15,18.4,1.3,84,15.6,9.399999999999999
17,2013-10-26,2013-10-24,21.2,17,19.4,23.7,94,18.4,4.199999999999999
17,2013-10-26,2013-10-25,19.7,13.3,16.2,0.2,84,13.4,6.399999999999999
17,2013-10-26,2013-10-26,22.9,14.1,17.5,10.7,84,14.7,8.799999999999999
17,2013-10-26,2013-10-27,19.4,13.2,16.4,3.9,79,12.3,6.199999999999999
17,2013-10-26,2013-10-28,20.8,7.1,13.9,0,63,6.2,13.700000000000001
17,2013-10-26,2013-10-29,23.3,9.7,15.9,0,70,10,13.600000000000001
17,2013-10-26,2013-10-30,23.9,11.7,17.5,0,73,12.3,12.2
17,2013-10-26,2013-10-31,24.3,12.1,17.7,0,72,12.4,12.200000000000001
17,2013-10-26,2013-11-01,24.1,13.9,17.9,0,73,12.9,10.200000000000001
17,2013-10-26,2013-11-02,25.7,13.2,18.5,0,73,13.4,12.5
17,2013-10-26,2013-11-03,21.7,17.7,19.1,12.4,87,16.7,4
17,2013-10-26,2013-11-04,19.7,13.4,16.1,0,73,10.9,6.299999999999999
17,2013-10-26,2013-11-05,22.2,10.4,15.7,0,70,9.8,11.799999999999999
17,2013-10-26,2013-11-06,21.2,11,15.8,0,66,9.1,10.2
17,2013-10-26,2013-11-07,23,10.5,16.2,0,69,10.3,12.5
17,2013-10-26,2013-11-08,23.7,12.5,17.7,0,73,12.3,11.2
17,2013-10-26,2013-11-09,25.2,15.6,20.2,0,72,14.5,9.6
17,2013-10-26,2013-11-10,29.1,17.3,22.4,0.5,71,16.6,11.8
17,2013-10-26,2013-11-11,28.5,20.2,22.9,19.2,80,19,8.3
17,2013-10-26,2013-11-12,20.3,14.2,17.8,7.7,79,13.8,6.100000000000001
17,2013-10-26,2013-11-13,25.2,10.5,18.3,0,65,10.7,14.7
17,2013-10-26,2013-11-14,26.8,13.1,19.5,0,62,11.2,13.700000000000001
17,2013-10-26,2013-11-15,28.4,12.8,19.8,0,64,12.4,15.599999999999998
17,2013-10-26,2013-11-16,21.9,12.2,17.5,4.9,77,13,9.7
17,2013-10-26,2013-11-17,24,11.6,17.2,0,70,11.2,12.4
17,2013-10-26,2013-11-18,25.6,12.5,19.1,0,71,13.3,13.100000000000001
17,2013-10-26,2013-11-19,26.9,16.3,21.1,0,74,15.9,10.599999999999998
17,2013-10-26,2013-11-20,22.7,19.1,20.7,29.4,89,18.8,3.599999999999998
17,2013-10-26,2013-11-21,22.7,17.7,19.3,14.9,94,18.3,5
17,2013-10-26,2013-11-22,22.2,15.4,18.3,0,77,13.7,6.799999999999999
17,2013-10-26,2013-11-23,23.3,11.1,17,0,67,10.6,12.200000000000001
18,2013-08-13,2013-07-16,17.3,4.8,10.6,0,77,6.4,12.5
18,2013-08-13,2013-07-17,20.9,8,13.1,0,74,8.3,12.899999999999999
18,2013-08-13,2013-07-18,19.8,14.2,16.9,1.3,79,13.2,5.600000000000001
18,2013-08-13,2013-07-19,13.3,6.1,10,1.2,77,6.1,7.200000000000001
18,2013-08-13,2013-07-20,12.7,6.9,9.5,10.6,85,7.1,5.799999999999999
18,2013-08-13,2013-07-21,10,6,8.3,0,81,5,4
18,2013-08-13,2013-07-22,7.4,1.7,4.5,0,65,-1.6,5.7
18,2013-08-13,2013-07-23,7.8,-0.5,3.4,0,71,-1.7,8.3
18,2013-08-13,2013-07-24,9.9,-0.3,4.3,0,74,-0.3,10.200000000000001
18,2013-08-13,2013-07-25,12.9,0.2,5.6,0,74,1.1,12.700000000000001
18,2013-08-13,2013-07-26,16.7,4.5,9.2,0,75,4.6,12.2
18,2013-08-13,2013-07-27,17.8,7.4,12.1,0,75,7.6,10.4
18,2013-08-13,2013-07-28,20.6,7,13.2,0,78,9.2,13.600000000000001
18,2013-08-13,2013-07-29,23,9.6,15.3,0,76,10.8,13.4
18,2013-08-13,2013-07-30,24.1,11.2,16.8,0,78,12.7,12.900000000000002
18,2013-08-13,2013-07-31,23.4,12.9,17.8,0,73,12.6,10.499999999999998
18,2013-08-13,2013-08-01,25.8,15.1,19.3,0,67,12.9,10.700000000000001
18,2013-08-13,2013-08-02,22,12.9,18.8,4.9,73,13.6,9.1
18,2013-08-13,2013-08-03,17.9,11.1,13.4,11.1,83,10.4,6.799999999999999
18,2013-08-13,2013-08-04,15.5,8.1,12.4,12,86,10,7.4
18,2013-08-13,2013-08-05,21.8,7.3,13.3,0.5,73,8.2,14.5
18,2013-08-13,2013-08-06,23.1,15.4,18.3,10.7,84,15.3,7.700000000000001
18,2013-08-13,2013-08-07,26.1,16.9,20.5,0,75,15.7,9.200000000000003
18,2013-08-13,2013-08-08,25.2,17.7,20.9,0.4,68,14.7,7.5
18,2013-08-13,2013-08-09,15.2,7.3,10.1,31.9,92,8.8,7.8999999999999995
18,2013-08-13,2013-08-10,7,5.5,6.1,14.4,92,4.8,1.5
18,2013-08-13,2013-08-11,11.6,3.5,6.8,0,85,4.2,8.1
18,2013-08-13,2013-08-12,17.1,3.8,10.2,0,78,6.2,13.3
18,2013-08-13,2013-08-13,12.8,8.8,11,12.8,83,8.3,4
18,2013-08-13,2013-08-14,8.3,4.4,6.8,0,68,1.1,3.9000000000000004
18,2013-08-13,2013-08-15,14.2,2.2,7.4,0,73,2.6,12
18,2013-08-13,2013-08-16,16.9,4.9,10,0,77,5.8,11.999999999999998
18,2013-08-13,2013-08-17,18.1,7.1,11.9,0,74,7.2,11.000000000000002
18,2013-08-13,2013-08-18,19.5,9.7,13.7,0,74,8.9,9.8
18,2013-08-13,2013-08-19,21.4,10.7,15.3,0,73,10.3,10.7
18,2013-08-13,2013-08-20,23.9,13.2,17.7,0,73,12.7,10.7
18,2013-08-13,2013-08-21,25.8,16.1,20,0,68,13.8,9.7
18,2013-08-13,2013-08-22,22.2,17.6,19.3,5.5,70,13.7,4.599999999999998
18,2013-08-13,2013-08-23,15.8,6.9,8.6,39.1,88,6.7,8.9
18,2013-08-13,2013-08-24,9.4,5.6,7.1,25.4,94,6.2,3.8000000000000007
18,2013-08-13,2013-08-25,10,8,9,32.1,97,8.6,2
18,2013-08-13,2013-08-26,7.7,4.1,5.5,14.8,94,4.6,3.6000000000000005
18,2013-08-13,2013-08-27,8.5,-0.5,4.7,0.7,77,0.5,9
18,2013-08-13,2013-08-28,14.6,-0.4,7.3,0,74,2.8,15
18,2013-08-13,2013-08-29,20.3,4.5,11.4,0,76,6.9,15.8
18,2013-08-13,2013-08-30,23.5,10.8,16,0,69,10.1,12.7
18,2013-08-13,2013-08-31,27.1,16.1,20.2,0,66,13.6,11
18,2013-08-13,2013-09-01,24.6,16.9,19.8,22.2,78,15.8,7.700000000000003
18,2013-08-13,2013-09-02,21.9,16.5,19,1.6,82,15.8,5.399999999999999
18,2013-08-13,2013-09-03,19,10.9,15.4,0,86,13,8.1
18,2013-08-13,2013-09-04,17.1,8.6,12.6,0,72,7.4,8.500000000000002
18,2013-08-13,2013-09-05,23.8,8.1,15.2,0,76,10.8,15.700000000000001
18,2013-08-13,2013-09-06,25,14.8,19,0,76,14.5,10.2
18,2013-08-13,2013-09-07,26.3,15.8,20.1,0,70,14.4,10.5
18,2013-08-13,2013-09-08,25.4,17.7,20.8,1.5,76,16.4,7.699999999999999
18,2013-08-13,2013-09-09,28.1,15.5,21.4,0,78,16.9,12.600000000000001
18,2013-08-13,2013-09-10,29.1,18.8,22.9,0,70,17,10.3
19,2014-05-11,2014-04-13,23.6,20.6,21.7,2.2,90,20,3
19,2014-05-11,2014-04-14,21.2,18.6,19.8,9.9,89,17.9,2.599999999999998
19,2014-05-11,2014-04-15,20.9,17.1,18.4,24.3,88,16.4,3.799999999999997
19,2014-05-11,2014-04-16,25.5,16.6,20.2,0.4,83,17.1,8.899999999999999
19,2014-05-11,2014-04-17,25.6,18,21.5,0,81,17.9,7.600000000000001
19,2014-05-11,2014-04-18,27,17.5,21.6,0,82,18.3,9.5
19,2014-05-11,2014-04-19,27.1,17.6,21.8,6.5,84,18.9,9.5
19,2014-05-11,2014-04-20,27.4,16.8,22,0.3,81,18.3,10.599999999999998
19,2014-05-11,2014-04-21,26.4,18.9,22.2,0,78,18.1,7.5
19,2014-05-11,2014-04-22,25.4,19.3,21.5,3.9,85,18.7,6.099999999999998
19,2014-05-11,2014-04-23,25.6,17.7,21,4.1,86,18.4,7.900000000000002
19,2014-05-11,2014-04-24,23.2,18,20,0.6,87,17.6,5.199999999999999
19,2014-05-11,2014-04-25,24.1,16.8,20,0.3,82,16.6,7.300000000000001
19,2014-05-11,2014-04-26,23.8,15.5,19.1,0,78,14.8,8.3
19,2014-05-11,2014-04-27,23.3,13.9,18,0,73,12.7,9.4
19,2014-05-11,2014-04-28,23.2,13.7,18,0,69,12.1,9.5
19,2014-05-11,2014-04-29,23.8,13.5,18.3,0,70,12.6,10.3
19,2014-05-11,2014-04-30,25.1,15.6,19.6,0,68,13.4,9.500000000000002
19,2014-05-11,2014-05-01,20.5,17,18.6,14.2,82,15.2,3.5
19,2014-05-11,2014-05-02,24,14.5,18.6,0,83,15.6,9.5
19,2014-05-11,2014-05-03,25.9,14.1,19.6,0,80,15.7,11.799999999999999
19,2014-05-11,2014-05-04,26,14.9,20,0,77,15.5,11.1
19,2014-05-11,2014-05-05,25.7,16.5,20.5,0,75,15.7,9.2
19,2014-05-11,2014-05-06,25.9,16.4,21.1,0,75,16.3,9.5
19,2014-05-11,2014-05-07,26.9,14.8,20.7,0,73,15.2,12.099999999999998
19,2014-05-11,2014-05-08,26.7,14.1,20.2,0,77,15.5,12.6
19,2014-05-11,2014-05-09,24.9,16.1,20.3,0,78,15.9,8.799999999999997
19,2014-05-11,2014-05-10,22.7,14.1,17.9,0,74,12.7,8.6
19,2014-05-11,2014-05-11,23.5,14.4,18.2,0,68,11.9,9.1
19,2014-05-11,2014-05-12,23.9,13.4,18.3,0,73,13.3,10.499999999999998
19,2014-05-11,2014-05-13,25,14.4,19.3,0,77,14.8,10.6
19,2014-05-11,2014-05-14,24,17.7,20.2,0,77,15.9,6.300000000000001
19,2014-05-11,2014-05-15,25.7,14.4,20,0,76,15.2,11.299999999999999
19,2014-05-11,2014-05-16,25.6,17.5,20.7,0.1,75,15.8,8.100000000000001
19,2014-05-11,2014-05-17,25.2,16.1,20.2,0,75,15.3,9.099999999999998
19,2014-05-11,2014-05-18,25.2,16.4,20.4,0.3,75,15.7,8.8
19,2014-05-11,2014-05-19,25.5,14.6,19.8,0,78,15.5,10.9
19,2014-05-11,2014-05-20,25.3,14.2,19.3,0,75,14.2,11.100000000000001
19,2014-05-11,2014-05-21,26.6,13.9,19.5,0,68,13.1,12.700000000000001
19,2014-05-11,2014-05-22,23.9,18.6,20.6,27.1,83,17.6,5.299999999999997
19,2014-05-11,2014-05-23,21,18.3,20.1,32.8,98,19.8,2.6999999999999993
19,2014-05-11,2014-05-24,17.9,15.1,16.7,3.4,90,14.9,2.799999999999999
19,2014-05-11,2014-05-25,18.2,14.3,16.1,10.8,93,14.9,3.8999999999999986
19,2014-05-11,2014-05-26,17,12.7,14.7,16,83,11.7,4.300000000000001
19,2014-05-11,2014-05-27,18.7,9.9,14.3,0,77,10.2,8.799999999999999
19,2014-05-11,2014-05-28,19.3,10.6,15.1,0,80,11.4,8.700000000000001
19,2014-05-11,2014-05-29,18.9,11.3,14.9,0,80,11.3,7.599999999999998
19,2014-05-11,2014-05-30,21.3,12,16.1,0,78,12.2,9.3
19,2014-05-11,2014-05-31,22.9,12.7,17.2,0.6,80,13.6,10.2
19,2014-05-11,2014-06-01,20.7,16.7,18.2,5.1,88,16.1,4
19,2014-05-11,2014-06-02,19.4,10.4,14.9,0,77,10.3,8.999999999999998
19,2014-05-11,2014-06-03,18.9,7.2,12.9,0,74,8.1,11.7
19,2014-05-11,2014-06-04,19.7,7.9,13.4,0,76,9,11.799999999999999
19,2014-05-11,2014-06-05,22.8,13.7,17.5,4.2,81,14.2,9.100000000000001
19,2014-05-11,2014-06-06,22.4,17.7,19.6,26,94,18.6,4.699999999999999
19,2014-05-11,2014-06-07,26.5,17.9,21.3,2.8,85,18.5,8.600000000000001
19,2014-05-11,2014-06-08,25.6,18.8,21.7,4,78,17.5,6.800000000000001
20,2014-09-07,2014-08-10,23.1,14.8,17.8,4.5,85,14.9,8.3
20,2014-09-07,2014-08-11,23.3,12.8,17.7,2.4,73,12.5,10.5
20,2014-09-07,2014-08-12,20.4,12.3,16.2,17.5,88,14.1,8.099999999999998
20,2014-09-07,2014-08-13,11.1,4.5,8.1,0.2,66,1.6,6.6
20,2014-09-07,2014-08-14,15.1,-0.6,6.5,0,63,-0.2,15.7
20,2014-09-07,2014-08-15,17.5,5.4,10.6,0.1,71,5.5,12.1
20,2014-09-07,2014-08-16,19.2,11.8,14.8,9.8,85,12.3,7.399999999999999
20,2014-09-07,2014-08-17,21.3,11.2,15.7,0.5,87,13.4,10.100000000000001
20,2014-09-07,2014-08-18,20.5,12.1,15.3,0,87,13,8.4
20,2014-09-07,2014-08-19,22.8,9.8,15.7,0,80,11.9,13
20,2014-09-07,2014-08-20,23.7,10.2,16.2,0,77,11.7,13.5
20,2014-09-07,2014-08-21,23.2,10.7,16.4,0,70,10.7,12.5
20,2014-09-07,2014-08-22,25.4,12.3,17.8,0,74,12.7,13.099999999999998
20,2014-09-07,2014-08-23,25.7,14.8,19.5,0,74,14.5,10.899999999999999
20,2014-09-07,2014-08-24,26.6,17.4,21.3,0,59,12.8,9.200000000000003
20,2014-09-07,2014-08-25,20.6,10.6,16.7,11.6,73,11.3,10.000000000000002
20,2014-09-07,2014-08-26,12.4,5,8.7,0,73,4,7.4
20,2014-09-07,2014-08-27,12,4.3,7.9,0,70,2.6,7.7
20,2014-09-07,2014-08-28,15.5,2.7,8.3,0,75,3.7,12.8
20,2014-09-07,2014-08-29,20.2,6.3,12.1,0,76,7.5,13.899999999999999
20,2014-09-07,2014-08-30,24,9.9,15.9,0,78,11.7,14.1
20,2014-09-07,2014-08-31,20.3,16.3,18.1,15.3,88,16.2,4
20,2014-09-07,2014-09-01,22.4,15.2,18,0.2,86,15.3,7.199999999999999
20,2014-09-07,2014-09-02,19.2,13.4,16,19.2,88,14.1,5.799999999999999
20,2014-09-07,2014-09-03,21.1,11.6,15.4,0,85,12.6,9.500000000000002
20,2014-09-07,2014-09-04,20.9,11.9,15.8,0,73,10.8,8.999999999999998
20,2014-09-07,2014-09-05,17.6,12.8,14.8,5.3,75,10.4,4.800000000000001
20,2014-09-07,2014-09-06,21.6,12.6,16.1,11.9,81,12.7,9.000000000000002
20,2014-09-07,2014-09-07,21.5,15.7,18.1,0.5,88,16,5.800000000000001
20,2014-09-07,2014-09-08,24.9,15,19.1,0,82,15.7,9.899999999999999
20,2014-09-07,2014-09-09,27,16.5,21,0,71,15.2,10.5
20,2014-09-07,2014-09-10,26.2,19.2,21.7,0.2,59,13.3,7
20,2014-09-07,2014-09-11,17.2,10.9,13.1,13.8,93,12,6.299999999999999
20,2014-09-07,2014-09-12,26.6,11.8,18.3,0.2,86,15.5,14.8
20,2014-09-07,2014-09-13,28.3,16.6,21.8,0,72,16.3,11.7
20,2014-09-07,2014-09-14,27.7,15.9,21.2,0,68,14.9,11.799999999999999
20,2014-09-07,2014-09-15,20.2,12.5,16.3,8.1,86,13.8,7.699999999999999
20,2014-09-07,2014-09-16,18.3,8.7,13.5,0,76,9,9.600000000000001
20,2014-09-07,2014-09-17,22.4,9,15.1,0.1,74,10.2,13.399999999999999
20,2014-09-07,2014-09-18,18.3,14.6,16.2,13,86,13.7,3.700000000000001
20,2014-09-07,2014-09-19,20.5,14.3,17.2,8.2,88,15.2,6.199999999999999
20,2014-09-07,2014-09-20,20.2,13.3,16.6,0.2,84,13.6,6.899999999999999
20,2014-09-07,2014-09-21,17.4,10.1,13.3,0,76,8.9,7.299999999999999
20,2014-09-07,2014-09-22,21.5,7.9,13.9,0,73,8.6,13.6
20,2014-09-07,2014-09-23,23.9,11.6,17,0,67,10.6,12.299999999999999
20,2014-09-07,2014-09-24,21.1,15.6,17.8,44.8,84,15.1,5.500000000000002
20,2014-09-07,2014-09-25,23,13.2,17.3,4.4,86,14.8,9.8
20,2014-09-07,2014-09-26,22.2,16,18.4,3.9,86,15.8,6.199999999999999
20,2014-09-07,2014-09-27,19.6,10.8,14.6,8.3,86,12.3,8.8
20,2014-09-07,2014-09-28,21.5,15,17.3,11.6,83,14.4,6.5
20,2014-09-07,2014-09-29,19.6,17.3,18.2,50.7,96,17.5,2.3000000000000007
20,2014-09-07,2014-09-30,20.8,16.9,18.3,39.6,94,17.4,3.900000000000002
20,2014-09-07,2014-10-01,20.3,15.7,18.1,11.4,88,15.9,4.600000000000001
20,2014-09-07,2014-10-02,20.6,9.8,14.9,0,72,9.6,10.8
20,2014-09-07,2014-10-03,21.1,11.4,15.6,0,67,9.1,9.700000000000001
20,2014-09-07,2014-10-04,20.8,10.6,15,0,64,8.1,10.200000000000001
20,2014-09-07,2014-10-05,21.6,11.9,16.2,0,65,9.4,9.700000000000001
21,2014-09-10,2014-08-13,11.4,5.4,8.5,0,60,0.9,6
21,2014-09-10,2014-08-14,14.8,0.5,6.8,0,66,0.4,14.3
21,2014-09-10,2014-08-15,18,5.2,10.9,0.3,71,5.7,12.8
21,2014-09-10,2014-08-16,20.5,12.3,15.6,8.3,85,12.9,8.2
21,2014-09-10,2014-08-17,22.2,12.2,16.5,0,88,14.3,10
21,2014-09-10,2014-08-18,20.9,12.4,15.5,0,89,13.5,8.499999999999998
21,2014-09-10,2014-08-19,23.8,9.5,16,0,83,12.8,14.3
21,2014-09-10,2014-08-20,25.1,11.7,17.5,0,79,13.5,13.400000000000002
21,2014-09-10,2014-08-21,24.2,12.2,17.5,0,73,12.2,12
21,2014-09-10,2014-08-22,26.5,12.9,18.7,0,76,14.1,13.6
21,2014-09-10,2014-08-23,26.7,16.6,20.9,0,73,15.6,10.099999999999998
21,2014-09-10,2014-08-24,27.7,19.4,23.1,0,57,13.9,8.3
21,2014-09-10,2014-08-25,22.6,9.9,15.8,8.8,73,10.8,12.700000000000001
21,2014-09-10,2014-08-26,12.5,6.2,9.3,0,66,3.1,6.3
21,2014-09-10,2014-08-27,12.5,4.7,8.5,0,68,2.7,7.8
21,2014-09-10,2014-08-28,15.8,3.8,9,0,75,4.2,12
21,2014-09-10,2014-08-29,21,5.2,12.1,0,75,7.3,15.8
21,2014-09-10,2014-08-30,25.7,9.2,16.5,0,77,12.1,16.5
21,2014-09-10,2014-08-31,22.9,17.9,19.7,23.3,88,17.7,5
21,2014-09-10,2014-09-01,23.6,15.5,18.7,0,84,15.8,8.100000000000001
21,2014-09-10,2014-09-02,21.6,14.6,17.2,15,87,14.9,7.000000000000002
21,2014-09-10,2014-09-03,21.7,11.3,15.8,0,84,12.8,10.399999999999999
21,2014-09-10,2014-09-04,23.3,13.3,17.6,0,72,12.4,10
21,2014-09-10,2014-09-05,19,14.2,16.4,5.1,73,11.6,4.800000000000001
21,2014-09-10,2014-09-06,22.1,14.8,17.1,9.7,78,13.1,7.300000000000001
21,2014-09-10,2014-09-07,21.8,16.6,18.6,0.2,88,16.6,5.199999999999999
21,2014-09-10,2014-09-08,26.3,15.1,20.3,0,81,16.7,11.200000000000001
21,2014-09-10,2014-09-09,28.3,18.9,22.8,0,70,16.9,9.400000000000002
21,2014-09-10,2014-09-10,25.2,13.3,22,3.3,62,14,11.899999999999999
21,2014-09-10,2014-09-11,13.7,11.6,12.5,52.7,94,11.5,2.0999999999999996
21,2014-09-10,2014-09-12,26.7,11.8,17.4,22,87,15,14.899999999999999
21,2014-09-10,2014-09-13,28.5,17,22.3,0,81,18.4,11.5
21,2014-09-10,2014-09-14,28.6,17.3,22.1,1.2,69,15.8,11.3
21,2014-09-10,2014-09-15,19.8,13.7,15.9,21.2,86,13.4,6.100000000000001
21,2014-09-10,2014-09-16,19.4,7.1,13.6,0,75,8.8,12.299999999999999
21,2014-09-10,2014-09-17,22.7,9.1,15.3,0,75,10.8,13.6
21,2014-09-10,2014-09-18,20.7,15.1,17.6,1.8,86,15.2,5.6
21,2014-09-10,2014-09-19,22.3,14.6,18.2,0.9,83,15.1,7.700000000000001
21,2014-09-10,2014-09-20,20.9,14,17.2,0,81,13.5,6.899999999999999
21,2014-09-10,2014-09-21,18.4,9.5,14.2,0,74,9.2,8.899999999999999
21,2014-09-10,2014-09-22,23.1,9.2,15.1,0,72,9.5,13.900000000000002
21,2014-09-10,2014-09-23,25.7,14.2,19,0,67,12.6,11.5
21,2014-09-10,2014-09-24,22.1,16.5,19.4,10.5,82,16.2,5.600000000000001
21,2014-09-10,2014-09-25,24.3,14.5,18.6,2.4,84,15.7,9.8
21,2014-09-10,2014-09-26,22.6,17.1,19.1,16.5,86,16.5,5.5
21,2014-09-10,2014-09-27,19.9,11.9,15.7,0,77,11.6,7.999999999999998
21,2014-09-10,2014-09-28,23.5,16.6,18.9,17.2,84,16,6.899999999999999
21,2014-09-10,2014-09-29,23.6,18.8,20.8,34.5,91,19.2,4.800000000000001
21,2014-09-10,2014-09-30,22.2,18.6,19.9,28.9,94,19,3.599999999999998
21,2014-09-10,2014-10-01,21.3,15.8,18.8,19.8,86,16.2,5.5
21,2014-09-10,2014-10-02,21.3,10.8,15.8,0,71,10.3,10.5
21,2014-09-10,2014-10-03,22.4,11.8,16.5,0,67,10.1,10.599999999999998
21,2014-09-10,2014-10-04,23.1,12.2,17.2,0,61,9.4,10.900000000000002
21,2014-09-10,2014-10-05,22.8,13.5,17.9,0,61,10.2,9.3
21,2014-09-10,2014-10-06,18.7,14.7,16.9,2.1,72,11.9,4
21,2014-09-10,2014-10-07,23,16,18.6,0,75,14.1,7
21,2014-09-10,2014-10-08,28.1,16.1,21.9,0,75,16.7,12
22,2014-09-15,2014-08-18,21.1,11.3,15.4,0,86,12.8,9.8
22,2014-09-15,2014-08-19,21.3,12.3,15.5,0,81,11.9,9
22,2014-09-15,2014-08-20,22.5,8.4,14.4,0,78,9.8,14.1
22,2014-09-15,2014-08-21,24,7.7,15.6,0,76,10.7,16.3
22,2014-09-15,2014-08-22,25.7,11,18.1,0,67,11.3,14.7
22,2014-09-15,2014-08-23,25.9,11.1,18.3,0,70,11.9,14.799999999999999
22,2014-09-15,2014-08-24,26.7,12.5,19.2,0,65,11.6,14.2
22,2014-09-15,2014-08-25,26.8,15.1,20.1,0,53,9.9,11.700000000000001
22,2014-09-15,2014-08-26,19.4,13.1,16,3.3,65,8.6,6.299999999999999
22,2014-09-15,2014-08-27,17.5,5,11.3,0,63,3.8,12.5
22,2014-09-15,2014-08-28,20.1,6,12.2,0,70,6.4,14.100000000000001
22,2014-09-15,2014-08-29,19.5,9.6,13.5,0,76,9.1,9.9
22,2014-09-15,2014-08-30,24,9.1,16,0,76,11.2,14.9
22,2014-09-15,2014-08-31,17.5,14,15.7,25.9,85,13.2,3.5
22,2014-09-15,2014-09-01,24.4,11.3,17.3,0,76,12.8,13.099999999999998
22,2014-09-15,2014-09-02,23,14.6,18,10.6,90,16.2,8.4
22,2014-09-15,2014-09-03,24,15.8,18.8,0,79,14.5,8.2
22,2014-09-15,2014-09-04,17.3,12.8,14.7,0,75,10.2,4.5
22,2014-09-15,2014-09-05,17.1,11.9,14,0,78,10,5.200000000000001
22,2014-09-15,2014-09-06,23.7,11.3,16.3,0,77,11.8,12.399999999999999
22,2014-09-15,2014-09-07,21.8,15.2,17.5,6.5,86,15.1,6.600000000000001
22,2014-09-15,2014-09-08,24.4,14.7,18.5,0,83,15.2,9.7
22,2014-09-15,2014-09-09,26.1,14.8,19.8,0,74,14.4,11.3
22,2014-09-15,2014-09-10,26.6,14.5,20,0,61,11.9,12.100000000000001
22,2014-09-15,2014-09-11,28.7,16.1,21.8,0,58,12.7,12.599999999999998
22,2014-09-15,2014-09-12,26.1,15.2,19.5,0,78,15.1,10.900000000000002
22,2014-09-15,2014-09-13,26.4,14,19.2,0,72,13.3,12.399999999999999
22,2014-09-15,2014-09-14,27.4,13.6,19.9,0,70,13.3,13.799999999999999
22,2014-09-15,2014-09-15,24.8,15.7,19.6,1.3,69,13.6,9.100000000000001
22,2014-09-15,2014-09-16,22.3,10.8,16.7,0,67,10.1,11.5
22,2014-09-15,2014-09-17,23.6,13.5,17.4,0,70,11.5,10.100000000000001
22,2014-09-15,2014-09-18,24.1,12,17,0.8,74,12,12.100000000000001
22,2014-09-15,2014-09-19,20.2,14.4,16.4,35.8,93,15.2,5.799999999999999
22,2014-09-15,2014-09-20,19.1,14.9,17.2,10.8,91,15.7,4.200000000000001
22,2014-09-15,2014-09-21,20.7,11.2,15.9,0,76,11,9.5
22,2014-09-15,2014-09-22,18.9,10.8,14.4,0,73,9.4,8.099999999999998
22,2014-09-15,2014-09-23,24.5,10.1,16.2,0,75,11.2,14.4
22,2014-09-15,2014-09-24,18.7,15.3,16.9,23.1,88,14.9,3.3999999999999986
22,2014-09-15,2014-09-25,21.3,14.5,17.2,5.8,90,15.4,6.800000000000001
22,2014-09-15,2014-09-26,20.5,17.4,18.3,33.3,96,17.7,3.1000000000000014
22,2014-09-15,2014-09-27,18.3,14.7,16.1,2.9,94,15.1,3.6000000000000014
22,2014-09-15,2014-09-28,19.7,14.3,16.4,8.8,93,15.3,5.399999999999999
22,2014-09-15,2014-09-29,22.1,16.1,18.6,4.6,92,17.3,6
22,2014-09-15,2014-09-30,25.1,15.6,20.2,20.2,84,17.3,9.500000000000002
22,2014-09-15,2014-10-01,27,18.1,21.6,9.3,83,18.2,8.899999999999999
22,2014-09-15,2014-10-02,20.3,14.1,16.6,0,74,11.8,6.200000000000001
22,2014-09-15,2014-10-03,17.3,11.1,13.4,0,73,8.6,6.200000000000001
22,2014-09-15,2014-10-04,16.4,9.8,12.4,0,74,7.8,6.599999999999998
22,2014-09-15,2014-10-05,19.3,10.5,13.7,0,73,8.8,8.8
22,2014-09-15,2014-10-06,21.8,9.6,14.9,0,72,9.6,12.200000000000001
22,2014-09-15,2014-10-07,23.4,11.8,17.2,0,73,11.8,11.599999999999998
22,2014-09-15,2014-10-08,24.6,14.1,19.2,0.2,72,13.5,10.500000000000002
22,2014-09-15,2014-10-09,26.9,14.1,20.5,0,67,13.4,12.799999999999999
22,2014-09-15,2014-10-10,28.9,14.5,21.7,0,66,14,14.399999999999999
22,2014-09-15,2014-10-11,30,17.6,23.4,0,62,15.1,12.399999999999999
22,2014-09-15,2014-10-12,30.8,17.9,23.7,0,67,15.9,12.900000000000002
22,2014-09-15,2014-10-13,31.9,18.6,25.4,0,52,13.8,13.299999999999997
23,2014-09-26,2014-08-29,21.3,8.1,13.3,0,80,9.5,13.200000000000001
23,2014-09-26,2014-08-30,24,9.9,16.3,0,77,11.8,14.1
23,2014-09-26,2014-08-31,17.2,13.8,16,40.3,89,14,3.3999999999999986
23,2014-09-26,2014-09-01,22.4,11,16.5,0,79,12.6,11.399999999999999
23,2014-09-26,2014-09-02,22.7,14.8,18.1,23,89,16.2,7.899999999999999
23,2014-09-26,2014-09-03,24.6,13.5,18.6,5.6,79,14.2,11.100000000000001
23,2014-09-26,2014-09-04,17.5,10.1,13.5,0,78,9.7,7.4
23,2014-09-26,2014-09-05,17.1,9.7,12.5,0,78,8.6,7.400000000000002
23,2014-09-26,2014-09-06,21.5,9.6,14.7,0,78,10.8,11.9
23,2014-09-26,2014-09-07,21.8,14.8,17.1,13.3,88,14.9,7
23,2014-09-26,2014-09-08,23.5,12.9,17.4,0,84,14.4,10.6
23,2014-09-26,2014-09-09,23.7,14.8,18.7,0,74,13.7,8.899999999999999
23,2014-09-26,2014-09-10,24.6,15.8,19.5,0,61,11.6,8.8
23,2014-09-26,2014-09-11,26.4,15.2,20.4,0,65,13.3,11.2
23,2014-09-26,2014-09-12,25.3,14.8,19.3,0,78,15.1,10.5
23,2014-09-26,2014-09-13,25,13.3,19,0,73,13.3,11.7
23,2014-09-26,2014-09-14,26.1,14.2,19.5,0,66,12.5,11.900000000000002
23,2014-09-26,2014-09-15,21.6,13.8,18,2.7,75,13.2,7.800000000000001
23,2014-09-26,2014-09-16,20.7,9.1,14.1,0,73,8.8,11.6
23,2014-09-26,2014-09-17,23,11,16,0,73,10.8,12
23,2014-09-26,2014-09-18,21.9,12.3,16.5,4.1,80,12.8,9.599999999999998
23,2014-09-26,2014-09-19,18.2,13.6,15.7,49,94,14.7,4.6
23,2014-09-26,2014-09-20,18.3,14.1,15.9,7.9,93,14.7,4.200000000000001
23,2014-09-26,2014-09-21,19.2,9.2,14.3,0,76,9.5,10
23,2014-09-26,2014-09-22,18.9,8.3,12.9,0,70,7.4,10.599999999999998
23,2014-09-26,2014-09-23,22.5,8.1,14.6,0,74,9.7,14.4
23,2014-09-26,2014-09-24,17.1,14.7,16.3,29,88,14.1,2.400000000000002
23,2014-09-26,2014-09-25,17.7,13.3,15.4,27.8,96,14.8,4.399999999999999
23,2014-09-26,2014-09-26,19.7,15.9,17,33.9,97,16.5,3.799999999999999
23,2014-09-26,2014-09-27,16.7,14.3,15.9,44.7,99,15.7,2.3999999999999986
23,2014-09-26,2014-09-28,19,13.2,15.5,14.9,96,14.8,5.800000000000001
23,2014-09-26,2014-09-29,20.9,16.3,17.8,23.8,93,16.7,4.599999999999998
23,2014-09-26,2014-09-30,23.4,16.5,19,18.1,91,17.5,6.899999999999999
23,2014-09-26,2014-10-01,24,16.6,19.9,6.9,88,17.7,7.399999999999999
23,2014-09-26,2014-10-02,19.3,13.5,16.2,0,80,12.5,5.800000000000001
23,2014-09-26,2014-10-03,17.6,9,12.5,0,74,7.7,8.600000000000001
23,2014-09-26,2014-10-04,16.9,7.3,11.3,0,74,6.6,9.599999999999998
23,2014-09-26,2014-10-05,18.9,8.2,12.6,0,74,7.9,10.7
23,2014-09-26,2014-10-06,20.2,7.6,13.3,0,73,8.3,12.6
23,2014-09-26,2014-10-07,22.7,11.7,17.2,0.3,73,11.9,11
23,2014-09-26,2014-10-08,24.4,12.9,18.8,0,70,12.7,11.499999999999998
23,2014-09-26,2014-10-09,25.3,13.6,19.4,0,66,12.3,11.700000000000001
23,2014-09-26,2014-10-10,27.8,13.8,20.3,0,62,12.1,14
23,2014-09-26,2014-10-11,27.6,15.7,23,0,59,14.2,11.900000000000002
23,2014-09-26,2014-10-12,28.6,15.8,22.5,0,66,15.2,12.8
23,2014-09-26,2014-10-13,29.8,18.6,24.1,0,55,13.7,11.2
23,2014-09-26,2014-10-14,27.6,18.4,22.5,2.3,68,16.1,9.200000000000003
23,2014-09-26,2014-10-15,28.5,16.8,21.3,0,81,17.3,11.7
23,2014-09-26,2014-10-16,29.4,15.6,22.2,0,71,16.1,13.799999999999999
23,2014-09-26,2014-10-17,29.4,17.6,22.2,2.2,77,17.5,11.799999999999997
23,2014-09-26,2014-10-18,29.6,17.5,22.9,0.8,73,17.2,12.100000000000001
23,2014-09-26,2014-10-19,25.3,18.6,21.1,10,81,17.6,6.699999999999999
23,2014-09-26,2014-10-20,20.7,15.4,17.6,12.2,91,16,5.299999999999999
23,2014-09-26,2014-10-21,21.3,12.6,16.8,0,77,12.4,8.700000000000001
23,2014-09-26,2014-10-22,21.2,10.7,15.4,0,73,10.2,10.5
23,2014-09-26,2014-10-23,24.4,11,17.1,0,75,12.2,13.399999999999999
23,2014-09-26,2014-10-24,25,15.1,19.1,3.6,83,15.8,9.9
24,2014-09-24,2014-08-27,12,4.3,7.9,0,70,2.6,7.7
24,2014-09-24,2014-08-28,15.5,2.7,8.3,0,75,3.7,12.8
24,2014-09-24,2014-08-29,20.2,6.3,12.1,0,76,7.5,13.899999999999999
24,2014-09-24,2014-08-30,24,9.9,15.9,0,78,11.7,14.1
24,2014-09-24,2014-08-31,20.3,16.3,18.1,15.3,88,16.2,4
24,2014-09-24,2014-09-01,22.4,15.2,18,0.2,86,15.3,7.199999999999999
24,2014-09-24,2014-09-02,19.2,13.4,16,19.2,88,14.1,5.799999999999999
24,2014-09-24,2014-09-03,21.1,11.6,15.4,0,85,12.6,9.500000000000002
24,2014-09-24,2014-09-04,20.9,11.9,15.8,0,73,10.8,8.999999999999998
24,2014-09-24,2014-09-05,17.6,12.8,14.8,5.3,75,10.4,4.800000000000001
24,2014-09-24,2014-09-06,21.6,12.6,16.1,11.9,81,12.7,9.000000000000002
24,2014-09-24,2014-09-07,21.5,15.7,18.1,0.5,88,16,5.800000000000001
24,2014-09-24,2014-09-08,24.9,15,19.1,0,82,15.7,9.899999999999999
24,2014-09-24,2014-09-09,27,16.5,21,0,71,15.2,10.5
24,2014-09-24,2014-09-10,26.2,19.2,21.7,0.2,59,13.3,7
24,2014-09-24,2014-09-11,17.2,10.9,13.1,13.8,93,12,6.299999999999999
24,2014-09-24,2014-09-12,26.6,11.8,18.3,0.2,86,15.5,14.8
24,2014-09-24,2014-09-13,28.3,16.6,21.8,0,72,16.3,11.7
24,2014-09-24,2014-09-14,27.7,15.9,21.2,0,68,14.9,11.799999999999999
24,2014-09-24,2014-09-15,20.2,12.5,16.3,8.1,86,13.8,7.699999999999999
24,2014-09-24,2014-09-16,18.3,8.7,13.5,0,76,9,9.600000000000001
24,2014-09-24,2014-09-17,22.4,9,15.1,0.1,74,10.2,13.399999999999999
24,2014-09-24,2014-09-18,18.3,14.6,16.2,13,86,13.7,3.700000000000001
24,2014-09-24,2014-09-19,20.5,14.3,17.2,8.2,88,15.2,6.199999999999999
24,2014-09-24,2014-09-20,20.2,13.3,16.6,0.2,84,13.6,6.899999999999999
24,2014-09-24,2014-09-21,17.4,10.1,13.3,0,76,8.9,7.299999999999999
24,2014-09-24,2014-09-22,21.5,7.9,13.9,0,73,8.6,13.6
24,2014-09-24,2014-09-23,23.9,11.6,17,0,67,10.6,12.299999999999999
24,2014-09-24,2014-09-24,21.1,15.6,17.8,44.8,84,15.1,5.500000000000002
24,2014-09-24,2014-09-25,23,13.2,17.3,4.4,86,14.8,9.8
24,2014-09-24,2014-09-26,22.2,16,18.4,3.9,86,15.8,6.199999999999999
24,2014-09-24,2014-09-27,19.6,10.8,14.6,8.3,86,12.3,8.8
24,2014-09-24,2014-09-28,21.5,15,17.3,11.6,83,14.4,6.5
24,2014-09-24,2014-09-29,19.6,17.3,18.2,50.7,96,17.5,2.3000000000000007
24,2014-09-24,2014-09-30,20.8,16.9,18.3,39.6,94,17.4,3.900000000000002
24,2014-09-24,2014-10-01,20.3,15.7,18.1,11.4,88,15.9,4.600000000000001
24,2014-09-24,2014-10-02,20.6,9.8,14.9,0,72,9.6,10.8
24,2014-09-24,2014-10-03,21.1,11.4,15.6,0,67,9.1,9.700000000000001
24,2014-09-24,2014-10-04,20.8,10.6,15,0,64,8.1,10.200000000000001
24,2014-09-24,2014-10-05,21.6,11.9,16.2,0,65,9.4,9.700000000000001
24,2014-09-24,2014-10-06,19.1,12.1,15.5,2.4,70,10,7.000000000000002
24,2014-09-24,2014-10-07,23.4,14.1,17.7,0,77,13.4,9.299999999999999
24,2014-09-24,2014-10-08,26.3,15.4,20.6,0,74,15.4,10.9
24,2014-09-24,2014-10-09,26.9,16.6,21.2,0,68,14.7,10.299999999999997
24,2014-09-24,2014-10-10,29.4,17.7,22.8,0.4,59,14.1,11.7
24,2014-09-24,2014-10-11,26.7,14.6,20,2.1,84,17,12.1
24,2014-09-24,2014-10-12,29.3,18.4,22.4,0.6,81,18.5,10.900000000000002
24,2014-09-24,2014-10-13,27.3,18.2,21.2,4.8,87,18.8,9.100000000000001
24,2014-09-24,2014-10-14,24.9,15.8,19.6,22.9,82,16.2,9.099999999999998
24,2014-09-24,2014-10-15,28.7,15.4,21.3,0,78,16.8,13.299999999999999
24,2014-09-24,2014-10-16,31.5,19.1,23.3,3.7,72,17.7,12.399999999999999
24,2014-09-24,2014-10-17,21.5,18.6,20,27.8,89,18.2,2.8999999999999986
24,2014-09-24,2014-10-18,30.2,19.2,22.8,1.7,73,17.6,11
24,2014-09-24,2014-10-19,25,18.6,21.3,31.2,83,18.1,6.399999999999999
24,2014-09-24,2014-10-20,22.1,13.9,18,0,67,10.9,8.200000000000001
24,2014-09-24,2014-10-21,22.7,10.7,16.5,0,71,10.8,12
24,2014-09-24,2014-10-22,24,12.3,17.7,0,70,11.9,11.7
25,2014-10-01,2014-09-03,21.5,12.1,16,0,85,13.2,9.4
25,2014-10-01,2014-09-04,20.8,11.9,15.8,0,75,11.1,8.9
25,2014-10-01,2014-09-05,17.4,13,14.8,0.9,77,10.8,4.399999999999999
25,2014-10-01,2014-09-06,22.2,12.7,16.4,14,82,13.2,9.5
25,2014-10-01,2014-09-07,22.6,15.1,18.6,1,88,16.5,7.500000000000002
25,2014-10-01,2014-09-08,25,15.5,19.4,0,83,16.1,9.5
25,2014-10-01,2014-09-09,27.2,16.3,20.9,0,73,15.6,10.899999999999999
25,2014-10-01,2014-09-10,26.9,18.4,21.7,0.4,62,14,8.5
25,2014-10-01,2014-09-11,18.9,12.1,14.5,12.6,93,13.3,6.799999999999999
25,2014-10-01,2014-09-12,26.7,13.3,19.2,1.1,85,16.3,13.399999999999999
25,2014-10-01,2014-09-13,28.5,16.3,21.7,0,73,16.3,12.2
25,2014-10-01,2014-09-14,27.8,15.8,21.2,0.5,71,15.5,12
25,2014-10-01,2014-09-15,20.8,13.3,17,7.2,85,14.4,7.5
25,2014-10-01,2014-09-16,18.8,9.7,14,0,77,9.7,9.100000000000001
25,2014-10-01,2014-09-17,22.6,9.7,15.5,0.1,74,10.7,12.900000000000002
25,2014-10-01,2014-09-18,17.7,14.2,16,13.2,87,13.9,3.5
25,2014-10-01,2014-09-19,21.2,14.9,17.3,9.2,89,15.4,6.299999999999999
25,2014-10-01,2014-09-20,20.8,13.6,17.1,0.3,86,14.6,7.200000000000001
25,2014-10-01,2014-09-21,17.7,10.7,13.6,0,78,9.6,7
25,2014-10-01,2014-09-22,21.5,8.3,14,0,74,9,13.2
25,2014-10-01,2014-09-23,23.7,11.6,16.8,0,70,11,12.1
25,2014-10-01,2014-09-24,21.2,16,18.1,42.5,82,15,5.199999999999999
25,2014-10-01,2014-09-25,23,13.6,17.8,3.1,86,15.3,9.4
25,2014-10-01,2014-09-26,22.6,16.6,18.9,6.5,87,16.4,6
25,2014-10-01,2014-09-27,20.4,12,16,8.9,86,13.6,8.399999999999999
25,2014-10-01,2014-09-28,21,15.2,17.3,7.8,84,14.5,5.800000000000001
25,2014-10-01,2014-09-29,19.8,17.4,18.5,76.4,96,17.8,2.400000000000002
25,2014-10-01,2014-09-30,20.5,17.4,18.6,38.6,94,17.6,3.1000000000000014
25,2014-10-01,2014-10-01,20.5,16.3,18.4,14.1,89,16.4,4.199999999999999
25,2014-10-01,2014-10-02,21.5,10.3,15.6,0,72,10.3,11.2
25,2014-10-01,2014-10-03,21.3,11.6,15.9,0,68,9.5,9.700000000000001
25,2014-10-01,2014-10-04,20.5,10.5,14.8,0,66,8.4,10
25,2014-10-01,2014-10-05,21.4,11.9,16.1,0,67,9.8,9.499999999999998
25,2014-10-01,2014-10-06,20.7,11.9,15.7,2.5,72,10.6,8.799999999999999
25,2014-10-01,2014-10-07,23.7,14,17.8,0,79,13.9,9.7
25,2014-10-01,2014-10-08,26.2,16,20.7,0.1,75,15.8,10.2
25,2014-10-01,2014-10-09,27.1,16.4,21.3,0,71,15.4,10.700000000000003
25,2014-10-01,2014-10-10,29.4,16.8,22.7,0,62,14.8,12.599999999999998
25,2014-10-01,2014-10-11,28.6,16.1,21.3,3.3,84,18.3,12.5
25,2014-10-01,2014-10-12,29.7,18.8,23.1,3.1,80,19.1,10.899999999999999
25,2014-10-01,2014-10-13,27.8,19.3,21.9,3,88,19.7,8.5
25,2014-10-01,2014-10-14,25.3,16.7,20.4,23.2,82,17,8.600000000000001
25,2014-10-01,2014-10-15,28.6,16.3,21.8,0,78,17.3,12.3
25,2014-10-01,2014-10-16,31.7,18.7,22.8,13.5,76,18.1,13
25,2014-10-01,2014-10-17,21.6,18.9,20.1,27.8,91,18.5,2.700000000000003
25,2014-10-01,2014-10-18,30.2,18.8,22.4,0.2,78,18.1,11.399999999999999
25,2014-10-01,2014-10-19,25.1,19,21.6,26.9,84,18.7,6.100000000000001
25,2014-10-01,2014-10-20,22.5,14.3,18.3,0,68,11.6,8.2
25,2014-10-01,2014-10-21,23,11.5,17,0,72,11.5,11.5
25,2014-10-01,2014-10-22,23.9,12.5,17.8,0,72,12.4,11.399999999999999
25,2014-10-01,2014-10-23,25,12.5,18.6,0,69,12.5,12.5
25,2014-10-01,2014-10-24,27,15,20.4,0,75,15.4,12
25,2014-10-01,2014-10-25,26.6,16.8,21.5,0.1,79,17.1,9.8
25,2014-10-01,2014-10-26,27.7,17,22,0,75,16.9,10.7
25,2014-10-01,2014-10-27,28.3,17.3,22.4,0,72,16.8,11
25,2014-10-01,2014-10-28,29.5,17.4,23.2,0,67,16.4,12.100000000000001
25,2014-10-01,2014-10-29,30.6,18.1,24.1,0,66,16.7,12.5
26,2014-09-22,2014-08-25,23.3,10.5,15.2,24.2,74,10.3,12.8
26,2014-09-22,2014-08-26,13.6,6.3,9.8,0,65,3.5,7.3
26,2014-09-22,2014-08-27,13.2,4.7,8.9,0,70,3.5,8.5
26,2014-09-22,2014-08-28,17.1,4.1,9.8,0,72,4.5,13.000000000000002
26,2014-09-22,2014-08-29,21.3,5.6,12.9,0,70,7.3,15.700000000000001
26,2014-09-22,2014-08-30,26.4,10.3,17.2,0,75,12.5,16.099999999999998
26,2014-09-22,2014-08-31,23.5,18.1,20.5,22.3,85,17.9,5.399999999999999
26,2014-09-22,2014-09-01,24.9,16.5,19.9,0,87,17.3,8.399999999999999
26,2014-09-22,2014-09-02,23.9,15.3,19,55.6,86,16.5,8.599999999999998
26,2014-09-22,2014-09-03,22.9,11.4,16.3,0,83,13.2,11.499999999999998
26,2014-09-22,2014-09-04,24,15.1,19,0.1,73,14,8.9
26,2014-09-22,2014-09-05,20.5,14.8,17.1,7.2,75,12.6,5.699999999999999
26,2014-09-22,2014-09-06,22.3,16.2,18.1,21.3,77,13.9,6.100000000000001
26,2014-09-22,2014-09-07,24.3,17.2,20.1,0.2,85,17.3,7.100000000000001
26,2014-09-22,2014-09-08,26.4,16.6,21.2,0,81,17.6,9.799999999999997
26,2014-09-22,2014-09-09,28.9,19,23.5,0,69,17.1,9.899999999999999
26,2014-09-22,2014-09-10,25.7,16.7,22.7,0.7,62,14.8,9
26,2014-09-22,2014-09-11,15.8,12.4,13.9,41.2,90,12.4,3.4000000000000004
26,2014-09-22,2014-09-12,27.2,12.7,18.6,6.4,84,15.6,14.5
26,2014-09-22,2014-09-13,28.8,17.6,22.7,0,80,18.7,11.2
26,2014-09-22,2014-09-14,28.4,18.5,22.7,5.8,67,16.1,9.899999999999999
26,2014-09-22,2014-09-15,19.8,13.7,15.8,19.8,86,13.3,6.100000000000001
26,2014-09-22,2014-09-16,20.2,8.8,14.5,0,74,9.5,11.399999999999999
26,2014-09-22,2014-09-17,23.4,10.4,16.3,0,70,10.7,12.999999999999998
26,2014-09-22,2014-09-18,18.8,16.1,17.4,22.7,89,15.7,2.6999999999999993
26,2014-09-22,2014-09-19,21.7,14.2,18,7.7,85,15.3,7.5
26,2014-09-22,2014-09-20,21.4,14.3,17.8,0,80,14.1,7.099999999999998
26,2014-09-22,2014-09-21,19.8,10.3,15.1,0,72,9.7,9.5
26,2014-09-22,2014-09-22,23.3,9.9,15.9,0,67,9.6,13.4
26,2014-09-22,2014-09-23,26.3,15.2,19.9,0,69,13.9,11.100000000000001
26,2014-09-22,2014-09-24,23.4,17,20.5,18.6,84,17.5,6.399999999999999
26,2014-09-22,2014-09-25,23.6,15.8,19.2,8.4,86,16.8,7.800000000000001
26,2014-09-22,2014-09-26,23.9,17.9,20.1,12.3,86,17.4,6
26,2014-09-22,2014-09-27,23.6,13.1,18,0.2,75,13.5,10.500000000000002
26,2014-09-22,2014-09-28,22.5,18.4,20,28.4,87,17.8,4.100000000000001
26,2014-09-22,2014-09-29,23.6,19.4,21.1,40.5,92,19.7,4.200000000000003
26,2014-09-22,2014-09-30,24.4,19.5,20.9,78.6,93,19.7,4.899999999999999
26,2014-09-22,2014-10-01,23.2,16.6,20.1,4.1,84,17.2,6.599999999999998
26,2014-09-22,2014-10-02,23.5,11.3,17.5,0,65,10.5,12.2
26,2014-09-22,2014-10-03,23.9,14.5,18.5,0,63,11,9.399999999999999
26,2014-09-22,2014-10-04,23.1,13.5,18.3,0,58,9.8,9.600000000000001
26,2014-09-22,2014-10-05,23.9,14.9,18.9,0.4,60,10.9,8.999999999999998
26,2014-09-22,2014-10-06,19.7,15.5,17.7,8.1,73,12.8,4.199999999999999
26,2014-09-22,2014-10-07,23.4,16.3,19.1,0,77,15,7.099999999999998
26,2014-09-22,2014-10-08,28.7,16.5,22.6,0,75,17.5,12.2
26,2014-09-22,2014-10-09,28.9,20.1,23.8,0,66,16.8,8.799999999999997
26,2014-09-22,2014-10-10,29.2,19.8,23.7,0,63,16.1,9.399999999999999
26,2014-09-22,2014-10-11,25.5,16.6,20.2,2.6,81,16.8,8.899999999999999
26,2014-09-22,2014-10-12,28,18.3,22.7,0.9,85,19.8,9.7
26,2014-09-22,2014-10-13,27.2,18.4,21.7,0.5,85,18.9,8.8
26,2014-09-22,2014-10-14,27.1,16.3,21.4,1.3,80,17.5,10.8
26,2014-09-22,2014-10-15,32.7,16.6,24,0,72,18.1,16.1
26,2014-09-22,2014-10-16,33.9,23.9,28,1.2,61,19.7,10
26,2014-09-22,2014-10-17,27.2,21,24.4,25.6,74,19.3,6.199999999999999
26,2014-09-22,2014-10-18,31.7,20.7,25.5,0.2,69,19.3,11
26,2014-09-22,2014-10-19,26.8,20,23.3,19.4,80,19.6,6.800000000000001
26,2014-09-22,2014-10-20,25,17.2,20.7,0,67,13.7,7.800000000000001
27,2014-08-21,2014-07-24,17.8,11.9,15.4,30.7,84,12.5,5.9
27,2014-08-21,2014-07-25,12.5,7.7,10.1,0,75,5.6,4.8
27,2014-08-21,2014-07-26,14.8,5.5,9.6,0,76,5.3,9.3
27,2014-08-21,2014-07-27,13.8,6.5,10,0,85,7.4,7.300000000000001
27,2014-08-21,2014-07-28,14,9.9,11.6,0,86,9.3,4.1
27,2014-08-21,2014-07-29,16.3,11,13.1,0,85,10.5,5.300000000000001
27,2014-08-21,2014-07-30,19.7,10.4,14,0,82,10.6,9.299999999999999
27,2014-08-21,2014-07-31,20.7,7.6,14,0,82,10.7,13.1
27,2014-08-21,2014-08-01,22.2,10.9,15.8,0,80,12,11.299999999999999
27,2014-08-21,2014-08-02,22.9,11.5,16.4,0,78,12,11.399999999999999
27,2014-08-21,2014-08-03,23.3,12.7,17.2,0,70,11.3,10.600000000000001
27,2014-08-21,2014-08-04,23.5,12.8,17.7,0.1,68,11.5,10.7
27,2014-08-21,2014-08-05,17.5,10.9,13.9,1.2,75,9.3,6.6
27,2014-08-21,2014-08-06,19.6,6.4,11.8,0,66,5.4,13.200000000000001
27,2014-08-21,2014-08-07,23.1,8,15.2,0,73,10.1,15.100000000000001
27,2014-08-21,2014-08-08,21.6,10.7,15.8,2.5,85,13.1,10.900000000000002
27,2014-08-21,2014-08-09,18.8,11.3,14.4,0,83,11.5,7.5
27,2014-08-21,2014-08-10,20.8,11.5,15.5,0,80,11.8,9.3
27,2014-08-21,2014-08-11,23.7,9.5,16.1,0,67,9.2,14.2
27,2014-08-21,2014-08-12,24.6,14.8,18.8,0.2,59,10.5,9.8
27,2014-08-21,2014-08-13,18,9.2,13.2,15.7,81,9.7,8.8
27,2014-08-21,2014-08-14,14.2,4,8.9,0,69,3.3,10.2
27,2014-08-21,2014-08-15,14.4,7.7,10.7,0.1,84,8.1,6.7
27,2014-08-21,2014-08-16,18.2,11.2,13.8,8,92,12.5,7
27,2014-08-21,2014-08-17,19.4,12.3,14.6,2.1,92,13.2,7.099999999999998
27,2014-08-21,2014-08-18,20.9,10.1,15,0,85,12.2,10.799999999999999
27,2014-08-21,2014-08-19,20.8,11.1,14.9,0,80,11.1,9.700000000000001
27,2014-08-21,2014-08-20,21.9,7.2,13.9,0,77,9.1,14.7
27,2014-08-21,2014-08-21,23.4,6.4,15,0,74,9.7,17
27,2014-08-21,2014-08-22,24.9,9.9,17,0,69,10.5,14.999999999999998
27,2014-08-21,2014-08-23,25.4,9.2,17.3,0,69,10.6,16.2
27,2014-08-21,2014-08-24,25.6,11,18,0,64,10.3,14.600000000000001
27,2014-08-21,2014-08-25,25.9,14.4,19.5,0,51,8.8,11.499999999999998
27,2014-08-21,2014-08-26,18.8,12.8,15.4,4.1,67,8.5,6
27,2014-08-21,2014-08-27,17.2,4.5,10.7,0,63,3.2,12.7
27,2014-08-21,2014-08-28,20.2,5.6,12.1,0,67,5.5,14.6
27,2014-08-21,2014-08-29,19.4,8.4,13.1,0,76,8.7,10.999999999999998
27,2014-08-21,2014-08-30,23.7,7.9,15.6,0,74,10.6,15.799999999999999
27,2014-08-21,2014-08-31,17.9,13.2,15.4,22.8,84,12.6,4.699999999999999
27,2014-08-21,2014-09-01,23.1,12.4,16.9,0.8,78,12.9,10.700000000000001
27,2014-08-21,2014-09-02,23.5,14.3,18,31.6,89,16,9.2
27,2014-08-21,2014-09-03,23.9,15.1,18.6,0.5,79,14.2,8.799999999999999
27,2014-08-21,2014-09-04,17.4,11.9,14.4,0,75,9.8,5.499999999999998
27,2014-08-21,2014-09-05,17.3,11.1,13.5,0,76,9.2,6.200000000000001
27,2014-08-21,2014-09-06,23.1,10.4,15.7,0,76,11.1,12.700000000000001
27,2014-08-21,2014-09-07,20.8,14.6,16.7,11.5,86,14.4,6.200000000000001
27,2014-08-21,2014-09-08,24,13.4,17.7,0,83,14.3,10.6
27,2014-08-21,2014-09-09,25.2,14.2,19.2,0,72,13.5,11
27,2014-08-21,2014-09-10,25.5,13.9,19.2,0,60,11,11.6
27,2014-08-21,2014-09-11,27.7,16.3,21.3,0,57,12,11.399999999999999
27,2014-08-21,2014-09-12,25.9,14.7,19.5,0,75,14.6,11.2
27,2014-08-21,2014-09-13,25.7,12.9,18.7,0,72,12.9,12.799999999999999
27,2014-08-21,2014-09-14,26.8,13.3,19.6,0,68,12.6,13.5
27,2014-08-21,2014-09-15,23.5,14.9,18.9,0,67,12.6,8.6
27,2014-08-21,2014-09-16,21.7,9.8,15.9,0,68,9.6,11.899999999999999
27,2014-08-21,2014-09-17,23.4,12,16.8,0,71,11,11.399999999999999
27,2014-08-21,2014-09-18,24.3,11.1,16.8,2,73,11.5,13.200000000000001
28,2015-09-09,2015-08-12,23.7,14.8,18.4,0,78,14,8.899999999999999
28,2015-09-09,2015-08-13,24.4,10.3,17.3,0,73,11.7,14.099999999999998
28,2015-09-09,2015-08-14,24.6,12.7,17.8,0,75,12.7,11.900000000000002
28,2015-09-09,2015-08-15,24.1,11.2,17.7,0,69,11.2,12.900000000000002
28,2015-09-09,2015-08-16,25.3,12,18.5,0,65,11.1,13.3
28,2015-09-09,2015-08-17,24.3,13.5,18,0,76,13.2,10.8
28,2015-09-09,2015-08-18,25.6,14.9,19.4,0,70,13.1,10.700000000000001
28,2015-09-09,2015-08-19,19.3,11.9,16.3,0.9,71,10.5,7.4
28,2015-09-09,2015-08-20,19.3,9.2,14.2,0,73,9.2,10.100000000000001
28,2015-09-09,2015-08-21,19.3,10.7,14.3,0.5,72,9.2,8.600000000000001
28,2015-09-09,2015-08-22,22.6,11.6,15.8,0,76,10.9,11.000000000000002
28,2015-09-09,2015-08-23,22.9,12.2,16.4,4.9,77,12,10.7
28,2015-09-09,2015-08-24,17.1,12.1,14.4,4.4,92,13,5.000000000000002
28,2015-09-09,2015-08-25,16.9,11.1,13.2,5.5,90,11.6,5.799999999999999
28,2015-09-09,2015-08-26,22.4,12.8,16.4,0,84,13.4,9.599999999999998
28,2015-09-09,2015-08-27,23,14.9,17.7,22.4,81,14.1,8.1
28,2015-09-09,2015-08-28,21.8,7.4,14.7,0,69,8.3,14.4
28,2015-09-09,2015-08-29,23.3,9.8,15.9,0,74,10.6,13.5
28,2015-09-09,2015-08-30,26.4,10.8,17.8,0,68,11.1,15.599999999999998
28,2015-09-09,2015-08-31,27.1,11.1,19.2,0,66,12.2,16
28,2015-09-09,2015-09-01,28.1,12.5,19.2,0,72,13.3,15.600000000000001
28,2015-09-09,2015-09-02,17.4,12,13.9,0,81,10.7,5.399999999999999
28,2015-09-09,2015-09-03,22.3,11.9,15.4,19.7,89,13.6,10.4
28,2015-09-09,2015-09-04,20.7,13.2,16.4,3.7,82,13,7.5
28,2015-09-09,2015-09-05,19.1,12.8,15.2,0.1,80,11.5,6.300000000000001
28,2015-09-09,2015-09-06,20.3,11.8,15.1,0.4,81,11.7,8.5
28,2015-09-09,2015-09-07,20.6,12.6,16.1,1.6,88,14,8.000000000000002
28,2015-09-09,2015-09-08,17.8,13.1,16.1,58.2,92,14.8,4.700000000000001
28,2015-09-09,2015-09-09,22,9.6,15.2,0,80,11.4,12.4
28,2015-09-09,2015-09-10,20.6,13.2,16,2.9,89,14.1,7.400000000000002
28,2015-09-09,2015-09-11,18.9,12.9,15.6,1.7,89,13.7,5.999999999999998
28,2015-09-09,2015-09-12,16.6,6.8,11.8,0,69,6,9.8
28,2015-09-09,2015-09-13,18.2,8,12.3,0,71,6.6,10.2
28,2015-09-09,2015-09-14,19.2,9.7,13.6,0,74,8.7,9.5
28,2015-09-09,2015-09-15,24.8,10.8,16.5,0,79,12.7,14
28,2015-09-09,2015-09-16,27.7,16.3,21.8,0.6,76,17.1,11.399999999999999
28,2015-09-09,2015-09-17,28.4,18,23.1,16.6,75,18.3,10.399999999999999
28,2015-09-09,2015-09-18,29,19.9,23.9,1.4,73,18.7,9.100000000000001
28,2015-09-09,2015-09-19,29.4,18.4,23.2,1.2,78,18.8,11
28,2015-09-09,2015-09-20,30.1,18.6,23.3,0,72,17,11.5
28,2015-09-09,2015-09-21,29.6,16.9,22.6,0,71,16.1,12.700000000000003
28,2015-09-09,2015-09-22,30,15.1,22.5,0,67,14.9,14.9
28,2015-09-09,2015-09-23,30.3,17.6,23.4,0,66,15.5,12.7
28,2015-09-09,2015-09-24,31,17.9,24,0,54,13.4,13.100000000000001
28,2015-09-09,2015-09-25,27.5,19.4,22.6,16.7,74,17.7,8.100000000000001
28,2015-09-09,2015-09-26,23.1,18.4,19.9,7.1,91,18.4,4.700000000000003
28,2015-09-09,2015-09-27,23.7,17.8,19.8,14.7,92,18.3,5.899999999999999
28,2015-09-09,2015-09-28,22.2,14.6,18.4,8.3,79,14.3,7.6
28,2015-09-09,2015-09-29,25.1,15,19,0,74,13.8,10.100000000000001
28,2015-09-09,2015-09-30,21.5,16.3,18.8,10.3,88,16.7,5.199999999999999
28,2015-09-09,2015-10-01,22.9,15.7,18.2,0.3,86,15.7,7.199999999999999
28,2015-09-09,2015-10-02,25.8,16.9,20.1,2.8,84,17,8.900000000000002
28,2015-09-09,2015-10-03,23.2,17.5,19.6,5.6,88,17.5,5.699999999999999
28,2015-09-09,2015-10-04,22.5,16.7,19,11,86,16.4,5.800000000000001
28,2015-09-09,2015-10-05,21.4,15.5,17.5,0.1,85,15,5.899999999999999
28,2015-09-09,2015-10-06,24.3,13,17.5,0,75,12.8,11.3
28,2015-09-09,2015-10-07,28.6,14.1,20.4,0,75,15.5,14.500000000000002
29,2015-09-29,2015-09-01,27.1,18.3,21.6,0,55,12,8.8
29,2015-09-29,2015-09-02,21.5,11.4,16.2,0.5,79,12.4,10.1
29,2015-09-29,2015-09-03,22,12.8,16.7,15.6,87,14.3,9.2
29,2015-09-29,2015-09-04,20.5,11.5,15.8,5.7,80,12,9
29,2015-09-29,2015-09-05,18.8,11.1,14.4,0.1,80,10.7,7.700000000000001
29,2015-09-29,2015-09-06,19.8,12,15,1.7,78,10.9,7.800000000000001
29,2015-09-29,2015-09-07,19.9,9.1,14.3,3.4,85,11.7,10.799999999999999
29,2015-09-29,2015-09-08,15.9,12.2,14.7,66.1,94,13.8,3.700000000000001
29,2015-09-29,2015-09-09,20.2,10.2,14.1,0,84,11,10
29,2015-09-29,2015-09-10,18.5,11.2,14.3,3.1,91,12.7,7.300000000000001
29,2015-09-29,2015-09-11,16.3,10.3,13.7,1.8,91,12.3,6
29,2015-09-29,2015-09-12,16.1,2.5,9.1,0,65,2,13.600000000000001
29,2015-09-29,2015-09-13,17.2,1.7,9.4,0,62,2,15.5
29,2015-09-29,2015-09-14,18.3,5.6,11,0,76,6.4,12.700000000000001
29,2015-09-29,2015-09-15,22.7,8.6,14.6,0,77,10.5,14.1
29,2015-09-29,2015-09-16,26,16.7,20.4,1.7,83,17.3,9.3
29,2015-09-29,2015-09-17,26,17.4,21.4,4.9,81,17.9,8.600000000000001
29,2015-09-29,2015-09-18,26.9,19.2,22.6,0.1,76,18,7.699999999999999
29,2015-09-29,2015-09-19,28.1,16.9,21.8,1.7,79,17.7,11.200000000000003
29,2015-09-29,2015-09-20,28,15.9,21.6,0,72,15.7,12.1
29,2015-09-29,2015-09-21,27.8,16.2,21.5,0,70,15.2,11.600000000000001
29,2015-09-29,2015-09-22,28.6,15.5,21.6,0,59,12.8,13.100000000000001
29,2015-09-29,2015-09-23,28.8,15.5,21.8,0,59,13,13.3
29,2015-09-29,2015-09-24,28.8,19.1,23.1,0.5,55,13.5,9.7
29,2015-09-29,2015-09-25,22.9,17.3,20.2,14,88,18.1,5.599999999999998
29,2015-09-29,2015-09-26,22.6,17.4,19.1,8.1,92,17.6,5.200000000000003
29,2015-09-29,2015-09-27,20,16.8,17.7,30.5,98,17.3,3.1999999999999993
29,2015-09-29,2015-09-28,20.6,11.9,15.6,10.4,80,11.7,8.700000000000001
29,2015-09-29,2015-09-29,22.5,9.6,16,0,78,11.9,12.9
29,2015-09-29,2015-09-30,19.1,14.8,16.5,10.8,92,15.2,4.300000000000001
29,2015-09-29,2015-10-01,22.4,13.6,17.5,0.1,85,14.6,8.799999999999999
29,2015-09-29,2015-10-02,24.6,15,18.5,15,88,16.2,9.600000000000001
29,2015-09-29,2015-10-03,20.2,15.1,17.5,6.3,93,16.2,5.1
29,2015-09-29,2015-10-04,21.7,14.5,17.9,0.9,85,15.1,7.199999999999999
29,2015-09-29,2015-10-05,23.6,12.3,18,0.1,82,14.5,11.3
29,2015-09-29,2015-10-06,24.6,13,18.4,0,79,14.5,11.600000000000001
29,2015-09-29,2015-10-07,26.9,14.1,20.2,0,76,15.6,12.799999999999999
29,2015-09-29,2015-10-08,26,19.1,21.8,4.7,83,18.7,6.899999999999999
29,2015-09-29,2015-10-09,19.7,17,18.3,27.8,97,17.7,2.6999999999999993
29,2015-09-29,2015-10-10,19.8,16.5,17.7,16.5,95,16.9,3.3000000000000007
29,2015-09-29,2015-10-11,18,15.2,16.3,19.5,97,15.9,2.8000000000000007
29,2015-09-29,2015-10-12,14.9,12.2,13.6,14.2,98,13.2,2.700000000000001
29,2015-09-29,2015-10-13,20.6,8.1,13.9,6.4,87,11.6,12.500000000000002
29,2015-09-29,2015-10-14,25,15.4,19.2,19.9,87,16.9,9.6
29,2015-09-29,2015-10-15,27.5,19.6,22.9,1.2,76,18.2,7.899999999999999
29,2015-09-29,2015-10-16,27,18.7,22.8,1.2,77,18.4,8.3
29,2015-09-29,2015-10-17,27.1,18.2,21.3,12.6,88,19,8.900000000000002
29,2015-09-29,2015-10-18,23.5,13.3,18.2,0,82,15,10.2
29,2015-09-29,2015-10-19,25.7,12.1,18.5,0,78,14.5,13.6
29,2015-09-29,2015-10-20,28.2,17,22.2,1.5,76,17.5,11.2
29,2015-09-29,2015-10-21,27.6,20,23,10.5,79,19.1,7.600000000000001
29,2015-09-29,2015-10-22,23.2,17.7,19.9,32.3,91,18.3,5.5
29,2015-09-29,2015-10-23,24.1,16.8,19.7,10,90,17.9,7.300000000000001
29,2015-09-29,2015-10-24,21.7,15.8,18.5,0,84,15.6,5.899999999999999
29,2015-09-29,2015-10-25,21.3,13,16.7,1.4,83,13.7,8.3
29,2015-09-29,2015-10-26,23,14,17.5,8.1,89,15.6,9
29,2015-09-29,2015-10-27,21.8,16.6,18.5,5.9,94,17.5,5.199999999999999
30,2015-09-26,2015-08-29,24.8,12.8,17.6,0,63,10.3,12
30,2015-09-26,2015-08-30,26.6,13,19.1,0,73,13.7,13.600000000000001
30,2015-09-26,2015-08-31,28.4,15.1,20.8,0,70,14.9,13.299999999999999
30,2015-09-26,2015-09-01,22.4,12.1,16.9,3.7,83,13.9,10.299999999999999
30,2015-09-26,2015-09-02,21.2,9.9,14.4,0,73,9.5,11.299999999999999
30,2015-09-26,2015-09-03,20.2,12.4,15.6,0.5,77,11.4,7.799999999999999
30,2015-09-26,2015-09-04,18.4,11.4,14.3,0,76,9.6,6.999999999999998
30,2015-09-26,2015-09-05,17.1,9.9,13.1,0,79,9.3,7.200000000000001
30,2015-09-26,2015-09-06,17.1,10.6,13,0,74,8.1,6.500000000000002
30,2015-09-26,2015-09-07,22.6,6.7,14,0,70,7.8,15.900000000000002
30,2015-09-26,2015-09-08,21.7,12.8,16.6,1.7,80,12.8,8.899999999999999
30,2015-09-26,2015-09-09,22.4,8.9,15.2,0,76,10.4,13.499999999999998
30,2015-09-26,2015-09-10,23.2,13.6,16.9,8.4,82,13.8,9.6
30,2015-09-26,2015-09-11,15.7,7.7,11.3,0.6,66,4.3,7.999999999999999
30,2015-09-26,2015-09-12,14.8,2.4,8.3,0,58,0.1,12.4
30,2015-09-26,2015-09-13,17.8,2.5,10.1,0,63,2.5,15.3
30,2015-09-26,2015-09-14,21.9,6.4,13.2,0,58,4.3,15.499999999999998
30,2015-09-26,2015-09-15,25.5,11.8,17.5,0,63,10.2,13.7
30,2015-09-26,2015-09-16,28.9,17,21.5,25.4,79,17.7,11.899999999999999
30,2015-09-26,2015-09-17,23.1,15.4,17.7,86.4,96,17.1,7.700000000000001
30,2015-09-26,2015-09-18,18.1,15.2,16.1,73.7,97,15.6,2.900000000000002
30,2015-09-26,2015-09-19,22.5,15,17.6,16.9,93,16.5,7.5
30,2015-09-26,2015-09-20,25,16.4,20.2,11.2,90,18.5,8.600000000000001
30,2015-09-26,2015-09-21,30.6,17.4,23.3,0,75,18,13.200000000000003
30,2015-09-26,2015-09-22,30.3,19.6,24.6,0.2,67,17.8,10.7
30,2015-09-26,2015-09-23,30.6,21.8,25.7,0,60,17.2,8.8
30,2015-09-26,2015-09-24,29,19.7,23.9,14.8,71,18,9.3
30,2015-09-26,2015-09-25,21.5,16.8,18.7,0.7,83,15.5,4.699999999999999
30,2015-09-26,2015-09-26,19.6,14.8,16.7,4.1,85,14.1,4.800000000000001
30,2015-09-26,2015-09-27,19.8,14.5,16.5,0,81,13,5.300000000000001
30,2015-09-26,2015-09-28,20.6,9.2,15.2,0,76,10.5,11.400000000000002
30,2015-09-26,2015-09-29,24,9.3,16.7,0,73,11.3,14.7
30,2015-09-26,2015-09-30,22.6,12.8,17.4,0,73,12.4,9.8
30,2015-09-26,2015-10-01,26.2,12.4,18.9,0,77,14.5,13.799999999999999
30,2015-09-26,2015-10-02,23.3,18.8,20.3,10,83,17.4,4.5
30,2015-09-26,2015-10-03,18.9,13,15.5,0,74,10.8,5.899999999999999
30,2015-09-26,2015-10-04,19.4,7.6,13.2,0,69,7,11.799999999999999
30,2015-09-26,2015-10-05,24,9.3,15.8,0,67,9.2,14.7
30,2015-09-26,2015-10-06,28,15.9,21.4,2,75,16.8,12.1
30,2015-09-26,2015-10-07,27.5,21,23.4,0.3,77,19,6.5
30,2015-09-26,2015-10-08,24.8,20.6,22.5,50.2,86,20,4.199999999999999
30,2015-09-26,2015-10-09,20.5,13.5,17.6,61.1,97,17,7
30,2015-09-26,2015-10-10,16,12.4,14,9.3,89,12.1,3.5999999999999996
30,2015-09-26,2015-10-11,15.1,13,13.9,3.6,94,12.9,2.0999999999999996
30,2015-09-26,2015-10-12,16.4,11.9,13.5,1.3,86,11.1,4.499999999999998
30,2015-09-26,2015-10-13,21.9,7.7,14.7,0.3,77,10.2,14.2
30,2015-09-26,2015-10-14,27.8,14.6,20.5,2.6,79,16.6,13.200000000000001
30,2015-09-26,2015-10-15,26,21.6,23.6,26.7,78,19.5,4.399999999999999
30,2015-09-26,2015-10-16,20.8,14.1,17.3,3.3,77,13.2,6.700000000000001
30,2015-09-26,2015-10-17,16.9,12.2,14.7,1.5,71,9.4,4.699999999999999
30,2015-09-26,2015-10-18,22.1,7.6,14.1,0,67,7.9,14.500000000000002
30,2015-09-26,2015-10-19,30,14.5,21.6,0,72,16.1,15.5
30,2015-09-26,2015-10-20,30.4,22.8,26,8.9,73,20.6,7.599999999999998
30,2015-09-26,2015-10-21,26.5,19,22.2,46.1,91,20.5,7.5
30,2015-09-26,2015-10-22,23.6,16.4,19.5,6.8,87,17.3,7.200000000000003
30,2015-09-26,2015-10-23,23.9,16,19.1,0,75,14.3,7.899999999999999
30,2015-09-26,2015-10-24,23.5,12.8,17.9,0,71,12.1,10.7
31,2015-10-01,2015-09-03,19.5,12.4,15.2,7.3,82,12,7.1
31,2015-10-01,2015-09-04,18,11,13.7,0,79,9.7,7
31,2015-10-01,2015-09-05,17.3,9.4,12.3,0.2,86,9.9,7.9
31,2015-10-01,2015-09-06,15.9,10.1,12.1,0.1,81,8.6,5.800000000000001
31,2015-10-01,2015-09-07,21.7,5.7,13,0,73,7.6,16
31,2015-10-01,2015-09-08,19.8,13.9,16.3,13.5,88,14.3,5.9
31,2015-10-01,2015-09-09,20.5,7.5,13.8,0,82,10.3,13
31,2015-10-01,2015-09-10,22.5,12.4,15.9,5.4,83,12.8,10.1
31,2015-10-01,2015-09-11,14.2,7.6,10.9,1.6,76,6.2,6.6
31,2015-10-01,2015-09-12,13,0.9,7.2,0,63,0.2,12.1
31,2015-10-01,2015-09-13,15.8,1.1,8.6,0,66,2,14.700000000000001
31,2015-10-01,2015-09-14,19.7,5.2,11.6,0,63,4.2,14.5
31,2015-10-01,2015-09-15,23.2,9.8,15.7,0,70,10,13.399999999999999
31,2015-10-01,2015-09-16,26.2,17.2,19.8,28.9,83,16.7,9
31,2015-10-01,2015-09-17,24.2,16.4,18.3,53.4,94,17.3,7.800000000000001
31,2015-10-01,2015-09-18,21.3,15.6,17.6,57.5,95,16.7,5.700000000000001
31,2015-10-01,2015-09-19,26.6,15.2,19.5,6.7,90,17.6,11.400000000000002
31,2015-10-01,2015-09-20,24.9,17.5,20.2,5.2,89,18.2,7.399999999999999
31,2015-10-01,2015-09-21,29.3,17.8,22.8,0.1,72,17.2,11.5
31,2015-10-01,2015-09-22,29.5,20.5,23.8,0,64,16.4,9
31,2015-10-01,2015-09-23,29.8,19.4,24.2,0,64,16.8,10.400000000000002
31,2015-10-01,2015-09-24,29.1,19.7,23.8,15,65,16.5,9.400000000000002
31,2015-10-01,2015-09-25,22.1,17.3,19.4,11.2,86,16.8,4.800000000000001
31,2015-10-01,2015-09-26,17.1,13.9,15.1,39.4,95,14.3,3.200000000000001
31,2015-10-01,2015-09-27,17.1,14.1,15.3,11.4,93,14.2,3.0000000000000018
31,2015-10-01,2015-09-28,19.2,9.7,14.4,0,79,10.4,9.5
31,2015-10-01,2015-09-29,23.2,8.6,15.9,0,73,10.4,14.6
31,2015-10-01,2015-09-30,22.7,12.3,17,0,74,12.1,10.399999999999999
31,2015-10-01,2015-10-01,24.8,13.2,18.3,0.1,78,14.1,11.600000000000001
31,2015-10-01,2015-10-02,22.6,16.5,18.9,13.2,85,16.4,6.100000000000001
31,2015-10-01,2015-10-03,18.9,13.1,15.6,0.8,87,13.4,5.799999999999999
31,2015-10-01,2015-10-04,19.2,7.8,13.3,0,74,8.2,11.399999999999999
31,2015-10-01,2015-10-05,23.4,8,15.1,0,69,9.1,15.399999999999999
31,2015-10-01,2015-10-06,25.9,15.5,19.5,5,78,15.6,10.399999999999999
31,2015-10-01,2015-10-07,26,17.5,21.1,0,79,17.2,8.5
31,2015-10-01,2015-10-08,23.8,18.7,21.4,35,86,18.9,5.100000000000001
31,2015-10-01,2015-10-09,20.9,14,17.9,59,95,17,6.899999999999999
31,2015-10-01,2015-10-10,17.1,12.8,14.4,43.2,91,12.9,4.300000000000001
31,2015-10-01,2015-10-11,17,13.1,15,5,92,13.7,3.9000000000000004
31,2015-10-01,2015-10-12,15.7,12,13.5,0.6,90,11.8,3.6999999999999993
31,2015-10-01,2015-10-13,21,9.3,14.8,1,78,10.4,11.7
31,2015-10-01,2015-10-14,25.8,14.8,19.7,9.7,83,16.4,11
31,2015-10-01,2015-10-15,26,20.1,22.7,12.3,80,19,5.899999999999999
31,2015-10-01,2015-10-16,19.1,15.5,17.3,37,94,16.3,3.6000000000000014
31,2015-10-01,2015-10-17,15.3,11.5,13.5,0.9,80,10.1,3.8000000000000007
31,2015-10-01,2015-10-18,23.6,7.2,14.2,0,73,9.3,16.400000000000002
31,2015-10-01,2015-10-19,28,14.4,20.1,0,74,15.2,13.6
31,2015-10-01,2015-10-20,30.2,20.8,24.3,6.4,73,19,9.399999999999999
31,2015-10-01,2015-10-21,25.4,19.3,21.5,71.4,91,19.8,6.099999999999998
31,2015-10-01,2015-10-22,24.3,18,20.9,16.8,86,18.3,6.300000000000001
31,2015-10-01,2015-10-23,22.4,15.8,18.4,0,79,14.4,6.599999999999998
31,2015-10-01,2015-10-24,22.4,13,17.2,0,76,12.7,9.399999999999999
31,2015-10-01,2015-10-25,20.8,13.3,16.9,7.1,82,13.8,7.5
31,2015-10-01,2015-10-26,25,14.5,18.6,1.2,85,15.9,10.5
31,2015-10-01,2015-10-27,23.7,17.7,20.1,4.6,89,18.1,6
31,2015-10-01,2015-10-28,25.8,17.5,21.1,0,77,16.3,8.3
31,2015-10-01,2015-10-29,27.2,16.6,21.4,0,73,16.1,10.599999999999998
32,2016-09-28,2016-08-31,17.8,11.9,13.8,0.8,91,12.2,5.9
32,2016-09-28,2016-09-01,19.1,8.8,14.2,0.1,84,11.2,10.3
32,2016-09-28,2016-09-02,18.5,11.5,14.2,0,84,11.4,7
32,2016-09-28,2016-09-03,12.6,10.8,11.6,8.3,92,10.3,1.799999999999999
32,2016-09-28,2016-09-04,16.1,10.5,12.5,1.2,92,11.1,5.600000000000001
32,2016-09-28,2016-09-05,17.9,11.4,14.1,15.5,93,12.9,6.499999999999998
32,2016-09-28,2016-09-06,11.1,7.8,9.4,3.8,81,6.1,3.3
32,2016-09-28,2016-09-07,13.6,7.6,10.2,0,70,4.9,6
32,2016-09-28,2016-09-08,15.9,9.9,12.6,0,77,8.6,6
32,2016-09-28,2016-09-09,21.3,8.1,14.2,0,75,9.3,13.200000000000001
32,2016-09-28,2016-09-10,24.7,10.6,16.8,0,74,11.8,14.1
32,2016-09-28,2016-09-11,26,11.7,18.3,0,73,12.9,14.3
32,2016-09-28,2016-09-12,27.5,15.3,20.8,0.3,73,15.5,12.2
32,2016-09-28,2016-09-13,24.8,13.8,19.4,15.8,68,13,11
32,2016-09-28,2016-09-14,15.8,8.9,12.5,0,64,5.7,6.9
32,2016-09-28,2016-09-15,16.9,4.8,11,0,75,6.4,12.099999999999998
32,2016-09-28,2016-09-16,21.9,6.6,13.5,0,74,8.4,15.299999999999999
32,2016-09-28,2016-09-17,26,10.7,18,0,73,12.6,15.3
32,2016-09-28,2016-09-18,23.5,15.1,19,2.3,83,15.9,8.4
32,2016-09-28,2016-09-19,17.4,11.6,14.3,0,76,9.7,5.799999999999999
32,2016-09-28,2016-09-20,18.2,7,12,0,72,7,11.2
32,2016-09-28,2016-09-21,22.7,9.5,15,0,73,9.7,13.2
32,2016-09-28,2016-09-22,23.4,11.1,17.1,0,67,10.5,12.299999999999999
32,2016-09-28,2016-09-23,23.9,9.6,17,0,72,11.3,14.299999999999999
32,2016-09-28,2016-09-24,18.4,10.4,14.1,0,74,9.1,7.999999999999998
32,2016-09-28,2016-09-25,18.4,7.1,12.6,0,68,6.6,11.299999999999999
32,2016-09-28,2016-09-26,21.7,6.6,13.5,0,72,7.8,15.1
32,2016-09-28,2016-09-27,24.1,8.3,15.5,0,67,8.5,15.8
32,2016-09-28,2016-09-28,27.5,10.5,18.6,0,64,10.7,17
32,2016-09-28,2016-09-29,19.6,11.1,15.7,0,67,9.5,8.500000000000002
32,2016-09-28,2016-09-30,22.4,8.4,14.6,0,65,7.8,13.999999999999998
32,2016-09-28,2016-10-01,24.3,10.7,16.9,0,66,10.1,13.600000000000001
32,2016-09-28,2016-10-02,25.4,12.2,18.5,0,67,11.8,13.2
32,2016-09-28,2016-10-03,23.4,14,18.8,0.1,67,12.4,9.399999999999999
32,2016-09-28,2016-10-04,23.5,13.3,18.2,0.3,72,12.7,10.2
32,2016-09-28,2016-10-05,23.7,13.9,17.8,24.8,77,13.4,9.799999999999999
32,2016-09-28,2016-10-06,17,12.6,14.5,1.8,85,11.9,4.4
32,2016-09-28,2016-10-07,21.4,10.7,15.8,0,75,10.8,10.7
32,2016-09-28,2016-10-08,20.2,13.1,16.2,0.4,69,10,7.1
32,2016-09-28,2016-10-09,20.8,7.7,13.9,0,59,5.4,13.100000000000001
32,2016-09-28,2016-10-10,25.3,9.1,16.6,0,64,9,16.200000000000003
32,2016-09-28,2016-10-11,25.9,15,20.2,3.5,69,13.9,10.899999999999999
32,2016-09-28,2016-10-12,22.2,16.8,18.9,6,84,16,5.399999999999999
32,2016-09-28,2016-10-13,23.7,16.1,19.6,12.2,85,16.8,7.599999999999998
32,2016-09-28,2016-10-14,26.7,18,21.9,0.9,80,18,8.7
32,2016-09-28,2016-10-15,22.4,18.9,20.5,33.5,89,18.5,3.5
32,2016-09-28,2016-10-16,29.1,20.8,24.2,42.6,81,20.6,8.3
32,2016-09-28,2016-10-17,23.8,20.8,22.2,83.6,90,20.4,3
32,2016-09-28,2016-10-18,24.8,19.6,22,34,92,20.5,5.199999999999999
32,2016-09-28,2016-10-19,28.3,20.7,23.1,50.9,89,21.1,7.600000000000001
32,2016-09-28,2016-10-20,22.4,16.9,19.7,0.3,77,15.4,5.5
32,2016-09-28,2016-10-21,19.3,13.1,16.1,0,72,10.8,6.200000000000001
32,2016-09-28,2016-10-22,25.5,11,17.6,0,69,11.6,14.5
32,2016-09-28,2016-10-23,26.5,16.6,21.1,2.1,80,17.3,9.899999999999999
32,2016-09-28,2016-10-24,27.3,18.5,22.2,3.4,87,19.7,8.8
32,2016-09-28,2016-10-25,24,19.6,21.3,17,90,19.5,4.399999999999999
32,2016-09-28,2016-10-26,22.4,18,20,6.9,92,18.7,4.399999999999999
33,2016-06-02,2016-05-05,25.1,14.3,19,0,75,14.2,10.8
33,2016-06-02,2016-05-06,24.2,15.7,19.1,0.8,80,15.3,8.5
33,2016-06-02,2016-05-07,24.2,15.7,19.4,6.3,85,16.6,8.5
33,2016-06-02,2016-05-08,24.1,16.7,19.6,10.7,89,17.6,7.400000000000002
33,2016-06-02,2016-05-09,24.9,16.4,19.5,3.6,89,17.6,8.5
33,2016-06-02,2016-05-10,21.5,16.8,18.8,10,93,17.7,4.699999999999999
33,2016-06-02,2016-05-11,20.7,16.3,18.5,3.2,95,17.6,4.399999999999999
33,2016-06-02,2016-05-12,22.7,17.6,19.5,11.6,88,17.4,5.099999999999998
33,2016-06-02,2016-05-13,22.7,16.2,19.1,0.1,78,15,6.5
33,2016-06-02,2016-05-14,23.1,14.7,18.4,0,77,14.1,8.400000000000002
33,2016-06-02,2016-05-15,26.2,14.5,19.6,0,78,15.6,11.7
33,2016-06-02,2016-05-16,21.8,18.4,20.1,5.5,89,18.3,3.400000000000002
33,2016-06-02,2016-05-17,21.3,10.9,16.4,0,75,11.6,10.4
33,2016-06-02,2016-05-18,17.9,14.5,15.7,6.5,81,12.4,3.3999999999999986
33,2016-06-02,2016-05-19,20.5,12,16.2,0,87,14,8.5
33,2016-06-02,2016-05-20,23.8,14.6,18.4,3.6,82,15.3,9.200000000000001
33,2016-06-02,2016-05-21,22.2,17.6,19.4,41.4,95,18.5,4.599999999999998
33,2016-06-02,2016-05-22,18.6,14.8,17.2,33.6,96,16.6,3.8000000000000007
33,2016-06-02,2016-05-23,17.9,10.8,14.3,0,78,10.2,7.099999999999998
33,2016-06-02,2016-05-24,17.7,9.3,13.2,0,72,8.3,8.399999999999999
33,2016-06-02,2016-05-25,20.8,11.6,15.7,0,77,11.6,9.200000000000001
33,2016-06-02,2016-05-26,22.8,13.6,17.4,0,81,14.1,9.200000000000001
33,2016-06-02,2016-05-27,21.1,15.9,17.4,5.3,89,15.6,5.200000000000001
33,2016-06-02,2016-05-28,22.8,14.5,18.1,0.1,84,15.2,8.3
33,2016-06-02,2016-05-29,18.8,15.4,17,19,93,15.7,3.4000000000000004
33,2016-06-02,2016-05-30,18.5,15.5,16.8,13.8,98,16.5,3
33,2016-06-02,2016-05-31,21.3,16.8,18.2,3.7,92,16.8,4.5
33,2016-06-02,2016-06-01,22.6,15.3,17.9,15.1,92,16.5,7.300000000000001
33,2016-06-02,2016-06-02,21.1,16,17.9,5,87,15.6,5.100000000000001
33,2016-06-02,2016-06-03,21.1,13.9,16.9,1.3,80,13.2,7.200000000000001
33,2016-06-02,2016-06-04,18.5,13.8,16.5,7.1,92,15.2,4.699999999999999
33,2016-06-02,2016-06-05,20.5,18,19.1,21.2,99,18.9,2.5
33,2016-06-02,2016-06-06,20.3,16.4,18.7,16.2,97,18.3,3.900000000000002
33,2016-06-02,2016-06-07,19.1,14,15.7,2.3,80,12.1,5.100000000000001
33,2016-06-02,2016-06-08,18.1,6.8,12.6,0,69,6.5,11.3
33,2016-06-02,2016-06-09,17.4,5.3,11.3,0,68,5.1,12.099999999999998
33,2016-06-02,2016-06-10,18.2,5.9,11.3,0,72,6,12.299999999999999
33,2016-06-02,2016-06-11,15.6,4.7,10.4,0,64,3.5,10.899999999999999
33,2016-06-02,2016-06-12,15.4,2.5,8.7,0,68,2.6,12.9
33,2016-06-02,2016-06-13,16.1,4,9.3,0,67,3,12.100000000000001
33,2016-06-02,2016-06-14,19,7.6,12.1,0,76,7.8,11.4
33,2016-06-02,2016-06-15,21.5,8.7,14.5,0,82,11.3,12.8
33,2016-06-02,2016-06-16,23,11.6,16.4,0,85,13.8,11.4
33,2016-06-02,2016-06-17,23.4,12.9,18.1,0,86,15.6,10.499999999999998
33,2016-06-02,2016-06-18,23.2,13.9,17.9,0.2,88,15.7,9.299999999999999
33,2016-06-02,2016-06-19,21,13.9,17,0.2,90,15.2,7.1
33,2016-06-02,2016-06-20,19.9,14.3,16.7,0,88,14.7,5.599999999999998
33,2016-06-02,2016-06-21,17.6,11.6,14.2,7.9,83,11.3,6.000000000000002
33,2016-06-02,2016-06-22,19.1,10.9,14.3,8.2,88,12.4,8.200000000000001
33,2016-06-02,2016-06-23,20.8,11.7,15.2,0,88,13.1,9.100000000000001
33,2016-06-02,2016-06-24,21.2,11.6,15.4,0,83,12.4,9.6
33,2016-06-02,2016-06-25,21,12,15.9,0,77,11.9,9
33,2016-06-02,2016-06-26,21.8,13.1,16.9,0,81,13.4,8.700000000000001
33,2016-06-02,2016-06-27,21.1,12.1,16.3,0,81,13,9.000000000000002
33,2016-06-02,2016-06-28,21.4,10.7,15.8,0,79,12.1,10.7
33,2016-06-02,2016-06-29,21.7,11.4,15.9,0,80,12.2,10.299999999999999
33,2016-06-02,2016-06-30,23.5,13.7,17.6,0,79,13.7,9.8
34,2016-09-07,2016-08-10,15.8,4.1,10.6,0,77,6.1,11.700000000000001
34,2016-09-07,2016-08-11,16.2,3.9,9.7,0,74,5.2,12.299999999999999
34,2016-09-07,2016-08-12,17.4,4.8,10.3,0,80,6.5,12.599999999999998
34,2016-09-07,2016-08-13,20.6,6.4,12.5,0,75,7.5,14.200000000000001
34,2016-09-07,2016-08-14,23.6,10.1,15.9,0,70,10.1,13.500000000000002
34,2016-09-07,2016-08-15,16.9,11.9,14.5,9.3,90,12.8,4.999999999999998
34,2016-09-07,2016-08-16,22.1,9.4,15.2,0,86,12.6,12.700000000000001
34,2016-09-07,2016-08-17,24.2,13.8,17.3,0.5,86,14.9,10.399999999999999
34,2016-09-07,2016-08-18,17.1,11.2,15.3,15.7,97,14.8,5.900000000000002
34,2016-09-07,2016-08-19,17.1,10.2,12.8,10,92,11.5,6.900000000000002
34,2016-09-07,2016-08-20,18.4,13.7,16,39.1,93,14.8,4.699999999999999
34,2016-09-07,2016-08-21,16.9,8.7,11.9,27.1,90,10.2,8.2
34,2016-09-07,2016-08-22,14.2,2.4,8.5,0,77,4.2,11.799999999999999
34,2016-09-07,2016-08-23,18.2,2.9,10,0,76,5.2,15.299999999999999
34,2016-09-07,2016-08-24,19.7,7.2,12,0,83,9,12.5
34,2016-09-07,2016-08-25,23.6,10.4,15.8,0,85,13,13.200000000000001
34,2016-09-07,2016-08-26,24.7,11.6,17.1,0,84,13.9,13.1
34,2016-09-07,2016-08-27,23.9,9.8,16.3,0,79,11.9,14.099999999999998
34,2016-09-07,2016-08-28,25.9,10,17.4,0,69,10.8,15.899999999999999
34,2016-09-07,2016-08-29,26.4,12.5,18.8,0,69,12.5,13.899999999999999
34,2016-09-07,2016-08-30,20.6,15.1,17.7,11.2,88,15.6,5.500000000000002
34,2016-09-07,2016-08-31,16.7,12.1,14.6,5,81,11.2,4.6
34,2016-09-07,2016-09-01,21.3,8.2,15,0,78,10.8,13.100000000000001
34,2016-09-07,2016-09-02,20,13.2,15.6,0,80,12,6.800000000000001
34,2016-09-07,2016-09-03,18,13.7,15.3,17,91,13.8,4.300000000000001
34,2016-09-07,2016-09-04,19.8,14.6,16.4,34.8,92,15,5.200000000000001
34,2016-09-07,2016-09-05,19.6,13.3,16,1.9,88,13.9,6.300000000000001
34,2016-09-07,2016-09-06,16.1,12.4,14.8,9.3,82,11.7,3.700000000000001
34,2016-09-07,2016-09-07,16.7,4.4,10.3,0,68,4.3,12.299999999999999
34,2016-09-07,2016-09-08,18.5,4.7,11.4,0,74,6.5,13.8
34,2016-09-07,2016-09-09,19.5,6.8,12.6,0,80,8.9,12.7
34,2016-09-07,2016-09-10,21.8,11,15.1,0,80,11.2,10.8
34,2016-09-07,2016-09-11,24.4,12.7,17.1,0,80,13.2,11.7
34,2016-09-07,2016-09-12,27,14.8,19.7,0.3,78,15.1,12.2
34,2016-09-07,2016-09-13,27,15.6,21.6,2.5,60,13.1,11.4
34,2016-09-07,2016-09-14,19.8,10.4,15.1,0,57,6.4,9.4
34,2016-09-07,2016-09-15,20.2,6,13.2,0,63,5.8,14.2
34,2016-09-07,2016-09-16,20.5,9.8,14,0,76,9.4,10.7
34,2016-09-07,2016-09-17,25.1,11.2,16.9,0,75,12,13.900000000000002
34,2016-09-07,2016-09-18,25,14.2,18.3,6.5,84,15.4,10.8
34,2016-09-07,2016-09-19,21.8,13.8,17.3,3.6,87,15,8
34,2016-09-07,2016-09-20,18.4,7.9,13.6,0,63,6.2,10.499999999999998
34,2016-09-07,2016-09-21,17.7,7.6,12.8,0,75,8.3,10.1
34,2016-09-07,2016-09-22,20.2,11,14.6,0,76,10.1,9.2
34,2016-09-07,2016-09-23,22.2,11.3,15.6,0,74,10.4,10.899999999999999
34,2016-09-07,2016-09-24,22.4,12.1,16.4,0,76,11.9,10.299999999999999
34,2016-09-07,2016-09-25,20.3,11.9,15.2,4.2,80,11.4,8.4
34,2016-09-07,2016-09-26,21.3,11.4,15.3,0,75,10.4,9.9
34,2016-09-07,2016-09-27,22,11.4,15.7,0,75,10.7,10.6
34,2016-09-07,2016-09-28,23.8,12.1,17,0,72,11.2,11.700000000000001
34,2016-09-07,2016-09-29,25,13,18.6,0,67,11.9,12
34,2016-09-07,2016-09-30,15.8,12.5,13.8,0,79,10.2,3.3000000000000007
34,2016-09-07,2016-10-01,18.2,11.6,14.1,0,78,10.1,6.6
34,2016-09-07,2016-10-02,19.4,12.2,14.8,0,77,10.6,7.199999999999999
34,2016-09-07,2016-10-03,17.4,12.6,14.6,0.6,81,11.3,4.799999999999999
34,2016-09-07,2016-10-04,19,13.9,15.7,0.8,85,13.2,5.1
34,2016-09-07,2016-10-05,20.9,13.3,16.2,0.2,76,11.7,7.599999999999998
35,2016-09-27,2016-08-30,16.8,13.3,15.7,13.2,97,15.2,3.5
35,2016-09-27,2016-08-31,14,11.1,12.2,1.2,94,11.1,2.9000000000000004
35,2016-09-27,2016-09-01,17.8,10.5,13.8,0,85,11,7.300000000000001
35,2016-09-27,2016-09-02,20,10.9,14.6,0.8,83,11.7,9.1
35,2016-09-27,2016-09-03,14.5,10.6,11.8,8.6,96,11.2,3.9000000000000004
35,2016-09-27,2016-09-04,15.6,10.6,12.3,5.4,94,11.2,5
35,2016-09-27,2016-09-05,18.8,12.2,14.6,22.1,91,13,6.600000000000001
35,2016-09-27,2016-09-06,12.1,7.1,9.3,7,82,6,5
35,2016-09-27,2016-09-07,12.5,6.7,8.9,0,73,4.4,5.8
35,2016-09-27,2016-09-08,14.2,8.8,11.2,0,79,7.7,5.399999999999999
35,2016-09-27,2016-09-09,20.8,7.2,13.5,0,76,8.9,13.600000000000001
35,2016-09-27,2016-09-10,22.9,10.6,15.7,0,76,11.1,12.299999999999999
35,2016-09-27,2016-09-11,24.5,11.1,16.9,0,74,11.7,13.4
35,2016-09-27,2016-09-12,26.9,14,19.5,0,75,14.8,12.899999999999999
35,2016-09-27,2016-09-13,23.2,13.1,18.6,18.6,70,13,10.1
35,2016-09-27,2016-09-14,14.9,8.1,11.7,0,64,5.1,6.800000000000001
35,2016-09-27,2016-09-15,15.6,4.8,10.2,0,78,6.3,10.8
35,2016-09-27,2016-09-16,21.2,5.8,12.8,0,74,7.8,15.399999999999999
35,2016-09-27,2016-09-17,24.8,11.7,17.2,0,73,12,13.100000000000001
35,2016-09-27,2016-09-18,21.9,14.9,17.7,20,86,15.4,6.999999999999998
35,2016-09-27,2016-09-19,16.8,10.7,14.2,0,78,10.2,6.100000000000001
35,2016-09-27,2016-09-20,16.4,5.7,10.7,0,72,5.7,10.7
35,2016-09-27,2016-09-21,21.3,8.8,14,0,74,9,12.5
35,2016-09-27,2016-09-22,21.7,9.8,15.4,0,70,9.5,11.899999999999999
35,2016-09-27,2016-09-23,22.1,7.6,15.1,0,75,10.1,14.500000000000002
35,2016-09-27,2016-09-24,18.3,9.4,13.6,0,79,9.6,8.9
35,2016-09-27,2016-09-25,17.2,6.8,11.9,0,68,6,10.399999999999999
35,2016-09-27,2016-09-26,21.1,6,12.9,0,74,7.6,15.100000000000001
35,2016-09-27,2016-09-27,22.9,7.3,14.6,0,70,8.4,15.599999999999998
35,2016-09-27,2016-09-28,25.5,10.5,17.6,0,67,10.9,15
35,2016-09-27,2016-09-29,18.5,9.9,14.5,0,71,9.2,8.6
35,2016-09-27,2016-09-30,21.9,8.7,14.5,0,69,8.4,13.2
35,2016-09-27,2016-10-01,22.7,10.4,15.9,0,68,9.6,12.299999999999999
35,2016-09-27,2016-10-02,23.2,11.1,16.6,0,69,10.5,12.1
35,2016-09-27,2016-10-03,21.4,12.8,17,0.2,66,10.6,8.599999999999998
35,2016-09-27,2016-10-04,21.8,11.4,16.5,0.3,73,11.1,10.4
35,2016-09-27,2016-10-05,22.1,13.2,16.7,12.5,77,12.3,8.900000000000002
35,2016-09-27,2016-10-06,16.3,11.9,13.7,32.2,91,12.2,4.4
35,2016-09-27,2016-10-07,19.5,9,14.4,0,76,9.8,10.5
35,2016-09-27,2016-10-08,18.8,12.6,15.1,0.2,75,10.5,6.200000000000001
35,2016-09-27,2016-10-09,19.3,6.1,12.7,0,65,5.7,13.200000000000001
35,2016-09-27,2016-10-10,23,8.7,15.1,0,70,9.2,14.3
35,2016-09-27,2016-10-11,23.6,13.2,17.8,3.8,75,13.3,10.400000000000002
35,2016-09-27,2016-10-12,21.8,14.5,17.3,5,85,14.6,7.300000000000001
35,2016-09-27,2016-10-13,24.1,15.3,18.7,35.4,81,15.1,8.8
35,2016-09-27,2016-10-14,25.4,15.9,20.3,1.6,82,16.9,9.499999999999998
35,2016-09-27,2016-10-15,23.5,17.5,19.8,21.4,88,17.8,6
35,2016-09-27,2016-10-16,28,19.5,22.7,30.8,82,19.4,8.5
35,2016-09-27,2016-10-17,23.2,19.6,21.3,31.2,91,19.7,3.599999999999998
35,2016-09-27,2016-10-18,25.3,18.5,21.2,17.1,91,19.7,6.800000000000001
35,2016-09-27,2016-10-19,27.5,19.2,21.9,44.8,89,19.8,8.3
35,2016-09-27,2016-10-20,22.2,17.1,19.5,3.1,84,16.5,5.099999999999998
35,2016-09-27,2016-10-21,18,12,15.1,0,76,10.6,6
35,2016-09-27,2016-10-22,24.3,10,16.8,0,73,11.7,14.3
35,2016-09-27,2016-10-23,25.7,17,19.8,22.2,79,16.1,8.7
35,2016-09-27,2016-10-24,26.3,16.8,20.9,3.5,87,18.4,9.5
35,2016-09-27,2016-10-25,24,18.1,20.5,18.5,87,18.1,5.899999999999999
36,2016-10-16,2016-09-18,21.9,14.9,17.7,20,86,15.4,6.999999999999998
36,2016-10-16,2016-09-19,16.8,10.7,14.2,0,78,10.2,6.100000000000001
36,2016-10-16,2016-09-20,16.4,5.7,10.7,0,72,5.7,10.7
36,2016-10-16,2016-09-21,21.3,8.8,14,0,74,9,12.5
36,2016-10-16,2016-09-22,21.7,9.8,15.4,0,70,9.5,11.899999999999999
36,2016-10-16,2016-09-23,22.1,7.6,15.1,0,75,10.1,14.500000000000002
36,2016-10-16,2016-09-24,18.3,9.4,13.6,0,79,9.6,8.9
36,2016-10-16,2016-09-25,17.2,6.8,11.9,0,68,6,10.399999999999999
36,2016-10-16,2016-09-26,21.1,6,12.9,0,74,7.6,15.100000000000001
36,2016-10-16,2016-09-27,22.9,7.3,14.6,0,70,8.4,15.599999999999998
36,2016-10-16,2016-09-28,25.5,10.5,17.6,0,67,10.9,15
36,2016-10-16,2016-09-29,18.5,9.9,14.5,0,71,9.2,8.6
36,2016-10-16,2016-09-30,21.9,8.7,14.5,0,69,8.4,13.2
36,2016-10-16,2016-10-01,22.7,10.4,15.9,0,68,9.6,12.299999999999999
36,2016-10-16,2016-10-02,23.2,11.1,16.6,0,69,10.5,12.1
36,2016-10-16,2016-10-03,21.4,12.8,17,0.2,66,10.6,8.599999999999998
36,2016-10-16,2016-10-04,21.8,11.4,16.5,0.3,73,11.1,10.4
36,2016-10-16,2016-10-05,22.1,13.2,16.7,12.5,77,12.3,8.900000000000002
36,2016-10-16,2016-10-06,16.3,11.9,13.7,32.2,91,12.2,4.4
36,2016-10-16,2016-10-07,19.5,9,14.4,0,76,9.8,10.5
36,2016-10-16,2016-10-08,18.8,12.6,15.1,0.2,75,10.5,6.200000000000001
36,2016-10-16,2016-10-09,19.3,6.1,12.7,0,65,5.7,13.200000000000001
36,2016-10-16,2016-10-10,23,8.7,15.1,0,70,9.2,14.3
36,2016-10-16,2016-10-11,23.6,13.2,17.8,3.8,75,13.3,10.400000000000002
36,2016-10-16,2016-10-12,21.8,14.5,17.3,5,85,14.6,7.300000000000001
36,2016-10-16,2016-10-13,24.1,15.3,18.7,35.4,81,15.1,8.8
36,2016-10-16,2016-10-14,25.4,15.9,20.3,1.6,82,16.9,9.499999999999998
36,2016-10-16,2016-10-15,23.5,17.5,19.8,21.4,88,17.8,6
36,2016-10-16,2016-10-16,28,19.5,22.7,30.8,82,19.4,8.5
36,2016-10-16,2016-10-17,23.2,19.6,21.3,31.2,91,19.7,3.599999999999998
36,2016-10-16,2016-10-18,25.3,18.5,21.2,17.1,91,19.7,6.800000000000001
36,2016-10-16,2016-10-19,27.5,19.2,21.9,44.8,89,19.8,8.3
36,2016-10-16,2016-10-20,22.2,17.1,19.5,3.1,84,16.5,5.099999999999998
36,2016-10-16,2016-10-21,18,12,15.1,0,76,10.6,6
36,2016-10-16,2016-10-22,24.3,10,16.8,0,73,11.7,14.3
36,2016-10-16,2016-10-23,25.7,17,19.8,22.2,79,16.1,8.7
36,2016-10-16,2016-10-24,26.3,16.8,20.9,3.5,87,18.4,9.5
36,2016-10-16,2016-10-25,24,18.1,20.5,18.5,87,18.1,5.899999999999999
36,2016-10-16,2016-10-26,21,17.7,19,10.4,92,17.8,3.3000000000000007
36,2016-10-16,2016-10-27,17.7,11.4,14.3,4.5,82,11.1,6.299999999999999
36,2016-10-16,2016-10-28,14.2,7.4,10.6,0,62,3.6,6.799999999999999
36,2016-10-16,2016-10-29,21.9,7.2,13.8,0,69,7.9,14.7
36,2016-10-16,2016-10-30,23.2,10.4,16.5,0,67,10,12.799999999999999
36,2016-10-16,2016-10-31,27,13,19.7,0,69,13.6,14
36,2016-10-16,2016-11-01,25.4,18.3,21.7,5,79,17.8,7.099999999999998
36,2016-10-16,2016-11-02,22.7,12.5,17.3,51.4,78,13.1,10.2
36,2016-10-16,2016-11-03,18.9,7.3,13,0,64,6.1,11.599999999999998
36,2016-10-16,2016-11-04,23,7.8,15.5,0,66,8.6,15.2
36,2016-10-16,2016-11-05,26,12.7,18.8,0,67,12,13.3
36,2016-10-16,2016-11-06,26,13.7,19.8,0,68,13.3,12.3
36,2016-10-16,2016-11-07,26.8,15.9,21,0.1,71,15.3,10.9
36,2016-10-16,2016-11-08,27.3,17,21.2,3.3,76,16.6,10.3
36,2016-10-16,2016-11-09,21.8,17.4,19.4,31.2,88,17.4,4.400000000000002
36,2016-10-16,2016-11-10,25.4,16,20.1,0.2,80,16.1,9.399999999999999
36,2016-10-16,2016-11-11,24.4,15.5,19.3,2,80,15.7,8.899999999999999
36,2016-10-16,2016-11-12,22.7,9.2,15.7,0,57,7,13.5
36,2016-10-16,2016-11-13,25.4,12.9,18.8,0,68,12.4,12.499999999999998
37,2017-09-03,2017-08-06,20.5,9.5,14,0,68,7.8,11
37,2017-09-03,2017-08-07,23.4,10.7,15.7,0,73,10.6,12.7
37,2017-09-03,2017-08-08,21,15.6,18.5,13.1,75,13.8,5.4
37,2017-09-03,2017-08-09,16.5,8.1,12.6,0,85,10,8.4
37,2017-09-03,2017-08-10,21.8,9.3,14.2,4,78,10,12.5
37,2017-09-03,2017-08-11,25.9,15.1,19.5,4.3,72,14.1,10.799999999999999
37,2017-09-03,2017-08-12,23.8,19.2,21.1,22.6,67,14.5,4.600000000000001
37,2017-09-03,2017-08-13,18.5,12.1,16.1,57.3,92,14.9,6.4
37,2017-09-03,2017-08-14,16.4,10.3,12.6,0.4,84,9.7,6.099999999999998
37,2017-09-03,2017-08-15,19.2,7.4,12.3,0,83,9.3,11.799999999999999
37,2017-09-03,2017-08-16,19.1,9.1,13.4,0,83,10.1,10.000000000000002
37,2017-09-03,2017-08-17,21.2,7.8,13.4,0,81,9.7,13.399999999999999
37,2017-09-03,2017-08-18,23.1,9.6,15.4,0,78,11.2,13.500000000000002
37,2017-09-03,2017-08-19,21.5,14.9,17.4,6.4,80,13.8,6.6
37,2017-09-03,2017-08-20,16.9,9.1,12.8,6.5,74,8,7.799999999999999
37,2017-09-03,2017-08-21,13.8,3.3,8.4,0,67,2.4,10.5
37,2017-09-03,2017-08-22,18.9,6.7,11.3,0,68,5.4,12.2
37,2017-09-03,2017-08-23,26.3,12.6,18,0,73,13.1,13.700000000000001
37,2017-09-03,2017-08-24,28,18.2,22.5,0,69,16.3,9.8
37,2017-09-03,2017-08-25,27.7,18.1,22.9,0,70,16.9,9.599999999999998
37,2017-09-03,2017-08-26,27,16.1,20.9,0,70,15,10.899999999999999
37,2017-09-03,2017-08-27,20.9,16.3,18.1,17.7,85,15.6,4.599999999999998
37,2017-09-03,2017-08-28,26,15.9,19.9,0.3,81,16.4,10.1
37,2017-09-03,2017-08-29,29.7,20,23.8,0,68,17.3,9.7
37,2017-09-03,2017-08-30,23.2,11.9,17.1,0.3,70,11.3,11.299999999999999
37,2017-09-03,2017-08-31,22,10.6,14.8,0,69,8.9,11.4
37,2017-09-03,2017-09-01,28,15.4,20.2,0,73,15,12.6
37,2017-09-03,2017-09-02,28.8,16.2,22.1,0,69,15.8,12.600000000000001
37,2017-09-03,2017-09-03,29.7,18,23.2,0,64,15.8,11.7
37,2017-09-03,2017-09-04,30.2,20.5,24.5,0,57,15.2,9.7
37,2017-09-03,2017-09-05,21.2,14.1,17.5,6.4,91,16,7.1
37,2017-09-03,2017-09-06,26.5,13.7,18.5,0.1,82,15,12.8
37,2017-09-03,2017-09-07,29.4,18.7,22.8,0,61,14.3,10.7
37,2017-09-03,2017-09-08,30.4,20.4,24.1,0,48,12.1,10
37,2017-09-03,2017-09-09,29.9,19.6,23.3,0.1,55,13.6,10.299999999999997
37,2017-09-03,2017-09-10,31.6,20.3,25.5,0,49,13.6,11.3
37,2017-09-03,2017-09-11,28.5,15.7,20.3,0.3,66,13,12.8
37,2017-09-03,2017-09-12,22.9,13.9,17.2,0.1,78,13.2,8.999999999999998
37,2017-09-03,2017-09-13,30.4,15.1,20.8,0.3,77,16.2,15.299999999999999
37,2017-09-03,2017-09-14,24.1,18.3,21.8,17.1,69,15.3,5.800000000000001
37,2017-09-03,2017-09-15,18.6,12.6,15.5,40,95,14.6,6.000000000000002
37,2017-09-03,2017-09-16,15.4,12.5,14.2,21.5,94,13.2,2.9000000000000004
37,2017-09-03,2017-09-17,19.1,13.4,15.5,0.8,85,12.9,5.700000000000001
37,2017-09-03,2017-09-18,22.5,11.9,16.6,0,83,13.5,10.6
37,2017-09-03,2017-09-19,28.2,13.9,19.5,0,82,15.8,14.299999999999999
37,2017-09-03,2017-09-20,31,17.3,23.1,0,72,17.2,13.7
37,2017-09-03,2017-09-21,30.4,18.8,24.1,0,59,15.2,11.599999999999998
37,2017-09-03,2017-09-22,27.5,18.8,22.4,0.7,72,17.2,8.7
37,2017-09-03,2017-09-23,21.1,15.6,18.3,7.7,86,15.8,5.500000000000002
37,2017-09-03,2017-09-24,27,14.4,19.6,0.2,78,15.4,12.6
37,2017-09-03,2017-09-25,27.4,16.6,21.3,1.9,74,16.3,10.799999999999997
37,2017-09-03,2017-09-26,27,17,21.4,4.2,80,17.5,10
37,2017-09-03,2017-09-27,24.5,17.4,21,0.1,73,15.9,7.100000000000001
37,2017-09-03,2017-09-28,21.2,16,18.2,0.6,83,15.3,5.199999999999999
37,2017-09-03,2017-09-29,18.1,14.6,16.1,27.9,90,14.5,3.5000000000000018
37,2017-09-03,2017-09-30,22.7,16,18.6,0.8,82,15.2,6.699999999999999
37,2017-09-03,2017-10-01,27.8,15.2,19.8,31.8,81,16.1,12.600000000000001
38,2017-10-08,2017-09-10,27.4,15.8,20.7,0,51,9.6,11.599999999999998
38,2017-10-08,2017-09-11,27.5,18.6,21.7,0,41,7.5,8.899999999999999
38,2017-10-08,2017-09-12,28.9,17,22,0,52,11.1,11.899999999999999
38,2017-10-08,2017-09-13,27.6,15.5,21.4,0,53,10.7,12.100000000000001
38,2017-10-08,2017-09-14,28.6,18.5,22.9,0,38,7.7,10.100000000000001
38,2017-10-08,2017-09-15,28.6,16.1,22.8,0,42,8.6,12.5
38,2017-10-08,2017-09-16,27.4,14.9,20.4,0,63,11.9,12.499999999999998
38,2017-10-08,2017-09-17,24.5,14.1,18.3,3.7,82,14.9,10.4
38,2017-10-08,2017-09-18,26.3,14.5,19.7,0.4,69,12.8,11.8
38,2017-10-08,2017-09-19,27.8,14.1,20.4,1.1,55,9.7,13.700000000000001
38,2017-10-08,2017-09-20,27.1,14.9,20.8,0,44,7.2,12.200000000000001
38,2017-10-08,2017-09-21,28.2,14.3,20.9,0,45,7.7,13.899999999999999
38,2017-10-08,2017-09-22,28.6,15.4,21.7,0,40,7.1,13.200000000000001
38,2017-10-08,2017-09-23,28.1,14.8,21.1,0.9,42,7.1,13.3
38,2017-10-08,2017-09-24,24.3,14.8,18.7,1.1,71,12.9,9.5
38,2017-10-08,2017-09-25,24.9,13.7,17.9,1.4,69,11.5,11.2
38,2017-10-08,2017-09-26,24.5,12.6,17.4,0.9,70,11.2,11.9
38,2017-10-08,2017-09-27,25.8,12.2,18.8,0.5,64,10.8,13.600000000000001
38,2017-10-08,2017-09-28,25.4,15.1,19.3,2.8,63,11.6,10.299999999999999
38,2017-10-08,2017-09-29,15.8,12.9,13.7,15.6,94,12.7,2.9000000000000004
38,2017-10-08,2017-09-30,18.5,12.8,14.7,3.7,89,12.8,5.699999999999999
38,2017-10-08,2017-10-01,22.3,11.8,16.2,1.1,83,13,10.5
38,2017-10-08,2017-10-02,17.4,11.6,14.7,25.3,91,13.2,5.799999999999999
38,2017-10-08,2017-10-03,15.6,6.6,10.9,0,77,6.2,9
38,2017-10-08,2017-10-04,20.8,6.7,12.8,0,64,5.6,14.100000000000001
38,2017-10-08,2017-10-05,24.6,11,17,0,67,10.7,13.600000000000001
38,2017-10-08,2017-10-06,25.7,17.6,20.6,7.1,76,16.1,8.099999999999998
38,2017-10-08,2017-10-07,18.3,14.2,16.7,12.4,90,15,4.100000000000001
38,2017-10-08,2017-10-08,20.8,12.5,16,21,88,13.9,8.3
38,2017-10-08,2017-10-09,19.9,14.8,16.6,12.5,91,15,5.099999999999998
38,2017-10-08,2017-10-10,22.7,14.3,17.7,0.7,86,15.4,8.399999999999999
38,2017-10-08,2017-10-11,27.8,17.1,21.5,0,74,16.4,10.7
38,2017-10-08,2017-10-12,27.8,17.5,21.9,0,78,17.4,10.3
38,2017-10-08,2017-10-13,27.5,17.2,21.5,0.4,81,17.8,10.3
38,2017-10-08,2017-10-14,24.2,16.3,18.9,0.5,87,16.5,7.899999999999999
38,2017-10-08,2017-10-15,18.6,12.9,16,0,82,12.8,5.700000000000001
38,2017-10-08,2017-10-16,22.3,11.4,16.1,0,75,11.3,10.9
38,2017-10-08,2017-10-17,25.2,12,17.8,0,75,13.2,13.2
38,2017-10-08,2017-10-18,28.5,15,21,0.8,75,15.7,13.5
38,2017-10-08,2017-10-19,25.2,16.4,20.8,5.5,65,13.8,8.8
38,2017-10-08,2017-10-20,22.2,12.6,16.2,9.8,87,14,9.6
38,2017-10-08,2017-10-21,21.7,15.7,17.7,18.9,92,16.3,6
38,2017-10-08,2017-10-22,20.2,14.4,16.8,8.6,86,14.2,5.799999999999999
38,2017-10-08,2017-10-23,21.8,7.3,14.1,0,70,8.3,14.5
38,2017-10-08,2017-10-24,22.7,10.6,15.7,0,77,11.2,12.1
38,2017-10-08,2017-10-25,17.2,11.6,14.4,17.3,90,12.7,5.6
38,2017-10-08,2017-10-26,19,13,15.9,3.2,92,14.5,6
38,2017-10-08,2017-10-27,18.1,13.9,15.9,30.7,96,15.2,4.200000000000001
38,2017-10-08,2017-10-28,22.1,14.1,17,4.7,85,14.2,8.000000000000002
38,2017-10-08,2017-10-29,22.3,10.5,16.6,6,83,13.6,11.8
38,2017-10-08,2017-10-30,21.2,15.1,17.6,18.7,86,15,6.1
38,2017-10-08,2017-10-31,23.4,13.7,18,0.1,74,12.6,9.7
38,2017-10-08,2017-11-01,22.7,11.7,16.5,0,68,10.1,11
38,2017-10-08,2017-11-02,22.1,10.1,15.8,0,72,10.3,12.000000000000002
38,2017-10-08,2017-11-03,18.5,13.5,15.6,20.5,86,13.3,5
38,2017-10-08,2017-11-04,19.5,13.2,16.7,16.7,95,15.8,6.300000000000001
38,2017-10-08,2017-11-05,22.2,11.8,16.5,0.8,82,13,10.399999999999999
39,2017-09-13,2017-08-16,19.5,12.7,14.9,1.5,82,11.6,6.800000000000001
39,2017-09-13,2017-08-17,18,11.4,14.3,0.6,85,11.7,6.6
39,2017-09-13,2017-08-18,19.2,12,14.6,0,85,11.8,7.199999999999999
39,2017-09-13,2017-08-19,19.8,13.6,15.6,8.3,92,14.3,6.200000000000001
39,2017-09-13,2017-08-20,18.2,13.4,15.9,14.3,87,13.7,4.799999999999999
39,2017-09-13,2017-08-21,15.1,6.6,10.2,2.4,73,5.6,8.5
39,2017-09-13,2017-08-22,17,5.9,10.7,0,78,6.9,11.1
39,2017-09-13,2017-08-23,21.9,12,15.6,0,84,12.7,9.899999999999999
39,2017-09-13,2017-08-24,23,13,16.8,0,87,14.4,10
39,2017-09-13,2017-08-25,21.5,10.9,16.2,0,81,12.6,10.6
39,2017-09-13,2017-08-26,24.6,13.4,17.7,0,80,13.8,11.200000000000001
39,2017-09-13,2017-08-27,25.1,13.4,18.6,0,81,14.8,11.700000000000001
39,2017-09-13,2017-08-28,24.5,14.7,18.3,0.6,80,14.5,9.8
39,2017-09-13,2017-08-29,26.3,13.8,18.9,0,75,13.9,12.5
39,2017-09-13,2017-08-30,28,13.2,20.1,0,67,13.1,14.8
39,2017-09-13,2017-08-31,20.1,13.9,17,0.2,80,13.5,6.200000000000001
39,2017-09-13,2017-09-01,22,13.6,16.5,0,78,12.4,8.4
39,2017-09-13,2017-09-02,23.2,13.6,16.8,0,78,12.7,9.6
39,2017-09-13,2017-09-03,25,12.9,17.4,0,79,13.4,12.1
39,2017-09-13,2017-09-04,26.2,12.8,18.8,0,69,12.2,13.399999999999999
39,2017-09-13,2017-09-05,26.3,11.4,18.5,0,61,10,14.9
39,2017-09-13,2017-09-06,26,13.3,18.5,0,71,12.6,12.7
39,2017-09-13,2017-09-07,26.5,13.4,19.1,0,69,12.2,13.1
39,2017-09-13,2017-09-08,28,14.4,20.4,0,64,12.3,13.6
39,2017-09-13,2017-09-09,28.5,16.5,21.6,0,60,12.8,12
39,2017-09-13,2017-09-10,29.1,15.8,21.6,0,61,12.5,13.3
39,2017-09-13,2017-09-11,30.5,16.7,22.7,0,51,11,13.8
39,2017-09-13,2017-09-12,30.4,18.5,23.2,0,58,13.9,11.899999999999999
39,2017-09-13,2017-09-13,29.9,13.6,21.1,0,61,12,16.299999999999997
39,2017-09-13,2017-09-14,30.8,17.2,23.4,0,50,11.1,13.600000000000001
39,2017-09-13,2017-09-15,31.4,16.4,23.9,0,45,10.4,15
39,2017-09-13,2017-09-16,29.8,16.8,21.8,0,66,14,13
39,2017-09-13,2017-09-17,26.3,16.3,20.8,0.1,70,14.7,10
39,2017-09-13,2017-09-18,27.3,14.9,19.6,1.8,72,13.9,12.4
39,2017-09-13,2017-09-19,29,15.4,21.3,0,68,13.7,13.6
39,2017-09-13,2017-09-20,28.6,14.5,21.2,0,59,11.6,14.100000000000001
39,2017-09-13,2017-09-21,29.6,12.2,20.6,0,55,9.8,17.400000000000002
39,2017-09-13,2017-09-22,30.6,14.9,23.3,0,52,11.4,15.700000000000001
39,2017-09-13,2017-09-23,28.9,17.1,22.4,0.7,49,10.7,11.799999999999997
39,2017-09-13,2017-09-24,24.5,14.9,18.7,0.3,75,13.7,9.6
39,2017-09-13,2017-09-25,25.4,15.9,19.4,0,67,12.3,9.499999999999998
39,2017-09-13,2017-09-26,25.9,13.8,18.6,0,66,11.3,12.099999999999998
39,2017-09-13,2017-09-27,27.2,13.6,19.7,0,69,12.7,13.6
39,2017-09-13,2017-09-28,27.2,16.1,19.8,1.1,72,14.4,11.099999999999998
39,2017-09-13,2017-09-29,16.1,14.7,15.7,13.6,88,13.7,1.4000000000000021
39,2017-09-13,2017-09-30,20.5,14.5,16.4,19,88,14.3,6
39,2017-09-13,2017-10-01,24.3,14.1,18.4,0.8,80,14.5,10.200000000000001
39,2017-09-13,2017-10-02,20.1,15.5,17.8,7.4,82,14.6,4.600000000000001
39,2017-09-13,2017-10-03,19,8.6,14.5,0,65,7.1,10.4
39,2017-09-13,2017-10-04,23,8.9,15.6,0,56,6.2,14.1
39,2017-09-13,2017-10-05,28,10.8,18.4,0,66,11.4,17.2
39,2017-09-13,2017-10-06,29.6,17.4,21.7,18.9,77,17.1,12.200000000000003
39,2017-09-13,2017-10-07,20,16.5,18.1,22.2,89,16.1,3.5
39,2017-09-13,2017-10-08,22,14.4,17.3,7.4,85,14.5,7.6
39,2017-09-13,2017-10-09,22.9,16.2,18.6,3.2,90,16.8,6.699999999999999
39,2017-09-13,2017-10-10,24.8,14.1,18.8,3.9,86,16.4,10.700000000000001
39,2017-09-13,2017-10-11,29.8,18.1,23,0.1,77,18.3,11.7
40,2017-09-23,2017-08-26,26,13.4,18.7,0,76,14,12.6
40,2017-09-23,2017-08-27,19.6,15.1,17.6,5.5,87,15.3,4.500000000000002
40,2017-09-23,2017-08-28,24.9,15.3,19.3,0,81,15.7,9.599999999999998
40,2017-09-23,2017-08-29,28.5,16.4,21.6,0,76,16.8,12.100000000000001
40,2017-09-23,2017-08-30,21.5,12.2,17.7,0.5,75,13.1,9.3
40,2017-09-23,2017-08-31,22.8,9.2,14.9,0,72,9.5,13.600000000000001
40,2017-09-23,2017-09-01,25.2,13.8,18.4,0,75,13.7,11.399999999999999
40,2017-09-23,2017-09-02,26.2,13.4,19.1,0,74,13.9,12.799999999999999
40,2017-09-23,2017-09-03,27.5,13.6,19.9,0,73,14.6,13.9
40,2017-09-23,2017-09-04,28.1,16.3,21.5,0,67,14.4,11.8
40,2017-09-23,2017-09-05,21.9,15.1,18.6,4.2,74,13.8,6.799999999999999
40,2017-09-23,2017-09-06,26.1,14.1,19,0.6,77,14.4,12.000000000000002
40,2017-09-23,2017-09-07,27.6,15.9,21.1,0,66,13.8,11.700000000000001
40,2017-09-23,2017-09-08,29,16.4,21.6,0,56,12,12.600000000000001
40,2017-09-23,2017-09-09,28.9,18.2,22.5,0,57,13.4,10.7
40,2017-09-23,2017-09-10,30.1,17.6,23.2,0,59,14.2,12.5
40,2017-09-23,2017-09-11,24.6,17.9,21.2,1.4,64,13.2,6.700000000000003
40,2017-09-23,2017-09-12,26.2,13,18.3,12.4,82,15,13.2
40,2017-09-23,2017-09-13,29.4,14.9,21.3,0,74,16,14.499999999999998
40,2017-09-23,2017-09-14,28.9,19,22.7,9.1,55,12.5,9.899999999999999
40,2017-09-23,2017-09-15,18.4,12.6,15.3,41.3,98,15.1,5.799999999999999
40,2017-09-23,2017-09-16,16.4,12,14.9,26.2,97,14.5,4.399999999999999
40,2017-09-23,2017-09-17,19.8,13.3,15.1,2.1,88,13,6.5
40,2017-09-23,2017-09-18,24.5,11.6,16.8,0,83,13.4,12.9
40,2017-09-23,2017-09-19,27.7,14.9,20,0,78,15.5,12.799999999999999
40,2017-09-23,2017-09-20,29.1,16.7,21.9,0,71,15.7,12.400000000000002
40,2017-09-23,2017-09-21,28.5,16.4,21.7,0,62,13.8,12.100000000000001
40,2017-09-23,2017-09-22,28.9,16.6,21.6,2.1,65,14.6,12.299999999999997
40,2017-09-23,2017-09-23,21.5,15.9,18.3,7,90,16.5,5.6
40,2017-09-23,2017-09-24,25.3,14,19.1,0.6,79,15.1,11.3
40,2017-09-23,2017-09-25,26.5,15.4,19.7,0.9,76,15,11.1
40,2017-09-23,2017-09-26,26.2,15.1,19.9,0.9,75,15,11.1
40,2017-09-23,2017-09-27,24.5,15.2,19.9,1.7,71,14.3,9.3
40,2017-09-23,2017-09-28,21,15.4,17.5,4.5,85,14.8,5.6
40,2017-09-23,2017-09-29,16.9,14.2,15.3,13.6,86,13,2.6999999999999993
40,2017-09-23,2017-09-30,21,14.2,16.8,1.9,82,13.6,6.800000000000001
40,2017-09-23,2017-10-01,25.3,14.1,18.8,3.9,80,15,11.200000000000001
40,2017-09-23,2017-10-02,16.6,12.6,14.3,12.6,78,10.3,4.000000000000002
40,2017-09-23,2017-10-03,18,8.5,13.2,0,62,5.8,9.5
40,2017-09-23,2017-10-04,23,9.6,15.9,0,61,8,13.4
40,2017-09-23,2017-10-05,26.9,13.1,19.3,0,62,11.4,13.799999999999999
40,2017-09-23,2017-10-06,21.6,17,19.9,25.8,81,16.5,4.600000000000001
40,2017-09-23,2017-10-07,22.3,15.2,18.4,0.2,81,14.9,7.100000000000001
40,2017-09-23,2017-10-08,23.5,13.5,18.1,5.2,73,13.1,10
40,2017-09-23,2017-10-09,22.2,15.9,18.9,17.9,83,15.9,6.299999999999999
40,2017-09-23,2017-10-10,21.6,17,19.3,14.2,91,17.8,4.600000000000001
40,2017-09-23,2017-10-11,25.5,17.2,20.2,18.2,88,18,8.3
40,2017-09-23,2017-10-12,26.3,18.8,21.4,6.2,86,18.9,7.5
40,2017-09-23,2017-10-13,22.4,16.7,19.8,42.8,94,18.8,5.699999999999999
40,2017-09-23,2017-10-14,17.6,14.1,15.3,3.7,88,13.2,3.5000000000000018
40,2017-09-23,2017-10-15,22,10.4,15.6,0,76,10.9,11.6
40,2017-09-23,2017-10-16,25.1,13,18.4,0,72,13,12.100000000000001
40,2017-09-23,2017-10-17,27.1,14.8,20.4,0,69,14.3,12.3
40,2017-09-23,2017-10-18,28.5,17.4,22.2,6.6,77,17.9,11.100000000000001
40,2017-09-23,2017-10-19,23.5,17.1,20.8,15.4,79,16.9,6.399999999999999
40,2017-09-23,2017-10-20,25.4,14.1,19.6,0,76,14.9,11.299999999999999
40,2017-09-23,2017-10-21,20,18,19.1,21.5,91,17.5,2
41,2017-10-03,2017-09-05,21.9,15.1,18.6,4.2,74,13.8,6.799999999999999
41,2017-10-03,2017-09-06,26.1,14.1,19,0.6,77,14.4,12.000000000000002
41,2017-10-03,2017-09-07,27.6,15.9,21.1,0,66,13.8,11.700000000000001
41,2017-10-03,2017-09-08,29,16.4,21.6,0,56,12,12.600000000000001
41,2017-10-03,2017-09-09,28.9,18.2,22.5,0,57,13.4,10.7
41,2017-10-03,2017-09-10,30.1,17.6,23.2,0,59,14.2,12.5
41,2017-10-03,2017-09-11,24.6,17.9,21.2,1.4,64,13.2,6.700000000000003
41,2017-10-03,2017-09-12,26.2,13,18.3,12.4,82,15,13.2
41,2017-10-03,2017-09-13,29.4,14.9,21.3,0,74,16,14.499999999999998
41,2017-10-03,2017-09-14,28.9,19,22.7,9.1,55,12.5,9.899999999999999
41,2017-10-03,2017-09-15,18.4,12.6,15.3,41.3,98,15.1,5.799999999999999
41,2017-10-03,2017-09-16,16.4,12,14.9,26.2,97,14.5,4.399999999999999
41,2017-10-03,2017-09-17,19.8,13.3,15.1,2.1,88,13,6.5
41,2017-10-03,2017-09-18,24.5,11.6,16.8,0,83,13.4,12.9
41,2017-10-03,2017-09-19,27.7,14.9,20,0,78,15.5,12.799999999999999
41,2017-10-03,2017-09-20,29.1,16.7,21.9,0,71,15.7,12.400000000000002
41,2017-10-03,2017-09-21,28.5,16.4,21.7,0,62,13.8,12.100000000000001
41,2017-10-03,2017-09-22,28.9,16.6,21.6,2.1,65,14.6,12.299999999999997
41,2017-10-03,2017-09-23,21.5,15.9,18.3,7,90,16.5,5.6
41,2017-10-03,2017-09-24,25.3,14,19.1,0.6,79,15.1,11.3
41,2017-10-03,2017-09-25,26.5,15.4,19.7,0.9,76,15,11.1
41,2017-10-03,2017-09-26,26.2,15.1,19.9,0.9,75,15,11.1
41,2017-10-03,2017-09-27,24.5,15.2,19.9,1.7,71,14.3,9.3
41,2017-10-03,2017-09-28,21,15.4,17.5,4.5,85,14.8,5.6
41,2017-10-03,2017-09-29,16.9,14.2,15.3,13.6,86,13,2.6999999999999993
41,2017-10-03,2017-09-30,21,14.2,16.8,1.9,82,13.6,6.800000000000001
41,2017-10-03,2017-10-01,25.3,14.1,18.8,3.9,80,15,11.200000000000001
41,2017-10-03,2017-10-02,16.6,12.6,14.3,12.6,78,10.3,4.000000000000002
41,2017-10-03,2017-10-03,18,8.5,13.2,0,62,5.8,9.5
41,2017-10-03,2017-10-04,23,9.6,15.9,0,61,8,13.4
41,2017-10-03,2017-10-05,26.9,13.1,19.3,0,62,11.4,13.799999999999999
41,2017-10-03,2017-10-06,21.6,17,19.9,25.8,81,16.5,4.600000000000001
41,2017-10-03,2017-10-07,22.3,15.2,18.4,0.2,81,14.9,7.100000000000001
41,2017-10-03,2017-10-08,23.5,13.5,18.1,5.2,73,13.1,10
41,2017-10-03,2017-10-09,22.2,15.9,18.9,17.9,83,15.9,6.299999999999999
41,2017-10-03,2017-10-10,21.6,17,19.3,14.2,91,17.8,4.600000000000001
41,2017-10-03,2017-10-11,25.5,17.2,20.2,18.2,88,18,8.3
41,2017-10-03,2017-10-12,26.3,18.8,21.4,6.2,86,18.9,7.5
41,2017-10-03,2017-10-13,22.4,16.7,19.8,42.8,94,18.8,5.699999999999999
41,2017-10-03,2017-10-14,17.6,14.1,15.3,3.7,88,13.2,3.5000000000000018
41,2017-10-03,2017-10-15,22,10.4,15.6,0,76,10.9,11.6
41,2017-10-03,2017-10-16,25.1,13,18.4,0,72,13,12.100000000000001
41,2017-10-03,2017-10-17,27.1,14.8,20.4,0,69,14.3,12.3
41,2017-10-03,2017-10-18,28.5,17.4,22.2,6.6,77,17.9,11.100000000000001
41,2017-10-03,2017-10-19,23.5,17.1,20.8,15.4,79,16.9,6.399999999999999
41,2017-10-03,2017-10-20,25.4,14.1,19.6,0,76,14.9,11.299999999999999
41,2017-10-03,2017-10-21,20,18,19.1,21.5,91,17.5,2
41,2017-10-03,2017-10-22,17.2,11.4,15.2,2.1,77,10.4,5.799999999999999
41,2017-10-03,2017-10-23,19.9,6.4,12.6,0,66,6,13.499999999999998
41,2017-10-03,2017-10-24,25,11.6,17.6,0,69,11.5,13.4
41,2017-10-03,2017-10-25,19,15.1,17,12.9,81,13.7,3.9000000000000004
41,2017-10-03,2017-10-26,24.2,13.1,18.2,0.2,82,14.7,11.1
41,2017-10-03,2017-10-27,22.1,15,18.7,4.3,86,16.2,7.100000000000001
41,2017-10-03,2017-10-28,19.6,13.3,16.1,1.3,83,13.1,6.300000000000001
41,2017-10-03,2017-10-29,26,12.4,18.6,1.8,76,13.8,13.6
41,2017-10-03,2017-10-30,21.5,17.3,19.4,2.6,86,16.9,4.199999999999999
41,2017-10-03,2017-10-31,21.5,14.5,17.4,0,71,11.3,7
42,2017-09-26,2017-08-29,27.5,18.1,21.5,0,87,19.2,9.399999999999999
42,2017-09-26,2017-08-30,23.2,13,17.3,4.2,73,12.2,10.2
42,2017-09-26,2017-08-31,18.1,9.9,14,0,74,9.4,8.200000000000001
42,2017-09-26,2017-09-01,21.5,15.1,17.9,0,75,13.4,6.4
42,2017-09-26,2017-09-02,27.4,16,20.2,0,81,16.8,11.399999999999999
42,2017-09-26,2017-09-03,31.5,16.7,22.7,0,77,18,14.8
42,2017-09-26,2017-09-04,28,18,24,8.5,70,17.9,10
42,2017-09-26,2017-09-05,18.2,14.8,16.1,18.7,89,14.4,3.3999999999999986
42,2017-09-26,2017-09-06,19.1,11.8,16,0.9,80,12.3,7.300000000000001
42,2017-09-26,2017-09-07,23.8,17.2,19.8,11.1,88,17.7,6.600000000000001
42,2017-09-26,2017-09-08,22.8,17.1,19.3,0.1,93,18.1,5.699999999999999
42,2017-09-26,2017-09-09,21.8,17.4,19,0.1,92,17.7,4.400000000000002
42,2017-09-26,2017-09-10,24.2,17.9,20.5,0.9,87,18.1,6.300000000000001
42,2017-09-26,2017-09-11,25.3,16.3,20.6,1.4,68,14.5,9
42,2017-09-26,2017-09-12,18.1,10.9,14.8,0.4,77,10.5,7.200000000000001
42,2017-09-26,2017-09-13,19.8,14.6,17,33.7,91,15.5,5.200000000000001
42,2017-09-26,2017-09-14,18.6,16.1,17.2,21.6,95,16.4,2.5
42,2017-09-26,2017-09-15,19.8,11.9,16,0.1,85,13.1,7.9
42,2017-09-26,2017-09-16,17.8,15.9,16.6,5.4,84,13.9,1.9000000000000004
42,2017-09-26,2017-09-17,20.5,15.2,17.1,4.9,80,13.5,5.300000000000001
42,2017-09-26,2017-09-18,20.5,10.5,15.4,0,84,12.6,10
42,2017-09-26,2017-09-19,20.8,15.9,18.1,0.2,86,15.6,4.9
42,2017-09-26,2017-09-20,24.5,18.2,20.7,0,87,18.4,6.300000000000001
42,2017-09-26,2017-09-21,27,16.6,21.5,0,88,19.2,10.399999999999999
42,2017-09-26,2017-09-22,21.4,17.2,18.6,0.7,87,16.3,4.199999999999999
42,2017-09-26,2017-09-23,19.2,14.9,16.6,8.5,86,14.2,4.299999999999999
42,2017-09-26,2017-09-24,19.9,12,15.8,0,84,12.9,7.899999999999999
42,2017-09-26,2017-09-25,24.7,17.2,19.7,0.9,82,16.5,7.5
42,2017-09-26,2017-09-26,25.2,16.5,20.3,0,89,18.3,8.7
42,2017-09-26,2017-09-27,20.9,16.8,18.4,10.6,92,17,4.099999999999998
42,2017-09-26,2017-09-28,19,15,16.9,0.1,68,10.7,4
42,2017-09-26,2017-09-29,19.6,15.2,17.4,0.1,67,11.1,4.400000000000002
42,2017-09-26,2017-09-30,20,15.9,17.8,4.7,86,15.5,4.1
42,2017-09-26,2017-10-01,23.6,14.3,18.2,4.2,90,16.3,9.3
42,2017-09-26,2017-10-02,18.8,14.2,16.8,0.8,74,11.8,4.600000000000001
42,2017-09-26,2017-10-03,21.9,10.8,16.1,0,64,8.8,11.099999999999998
42,2017-09-26,2017-10-04,27.4,11.7,19.9,0,62,12,15.7
42,2017-09-26,2017-10-05,29,17.6,22.2,0,60,13.9,11.399999999999999
42,2017-09-26,2017-10-06,25.3,15.9,21.1,1.6,74,16,9.4
42,2017-09-26,2017-10-07,19.6,12.4,16,0,71,10.4,7.200000000000001
42,2017-09-26,2017-10-08,21,16.4,18.4,0,67,12.1,4.600000000000001
42,2017-09-26,2017-10-09,26,17.8,21.3,0.1,80,17.5,8.2
42,2017-09-26,2017-10-10,21.2,13.2,17.9,1.1,79,14.1,8
42,2017-09-26,2017-10-11,18.6,16.8,17.5,14.2,83,14.6,1.8000000000000007
42,2017-09-26,2017-10-12,17.1,15.6,16.3,39.6,88,14.3,1.5000000000000018
42,2017-09-26,2017-10-13,19,16,17.4,9.8,87,15.2,3
42,2017-09-26,2017-10-14,19.4,14.2,16.5,1.5,78,12.4,5.199999999999999
42,2017-09-26,2017-10-15,23.4,8.5,15.7,0,74,10.2,14.899999999999999
42,2017-09-26,2017-10-16,23,11.9,17.8,0,80,14.1,11.1
42,2017-09-26,2017-10-17,24.9,17.6,20.6,0,80,17,7.299999999999997
42,2017-09-26,2017-10-18,28.4,18.9,22.7,2.5,84,19.8,9.5
42,2017-09-26,2017-10-19,21.8,15.9,20.6,17.9,80,16.8,5.9
42,2017-09-26,2017-10-20,22.2,11.2,17,0,75,12.4,11
42,2017-09-26,2017-10-21,23.9,17.7,19.8,7.3,85,17.1,6.199999999999999
42,2017-09-26,2017-10-22,18,10.9,14.9,0.2,62,7.4,7.1
42,2017-09-26,2017-10-23,18.8,7.6,13.3,0,69,7.6,11.200000000000001
42,2017-09-26,2017-10-24,20.5,9.2,15.3,0,76,10.8,11.3
43,2018-09-20,2018-08-23,21,6.8,12.4,0,89,10.4,14.2
43,2018-09-20,2018-08-24,20.2,13.7,17.7,38.5,87,15.4,6.5
43,2018-09-20,2018-08-25,13.2,6.9,9.8,0.5,71,4.3,6.299999999999999
43,2018-09-20,2018-08-26,13,1,7.3,0,60,-0.3,12
43,2018-09-20,2018-08-27,19,2,9.5,0,67,3.4,17
43,2018-09-20,2018-08-28,22.6,7.8,14.4,0,68,8.3,14.8
43,2018-09-20,2018-08-29,27.1,15.6,20.3,0,70,14.6,11.500000000000002
43,2018-09-20,2018-08-30,25.7,18.2,21.4,7.2,72,16.1,7.5
43,2018-09-20,2018-08-31,20.6,16.3,18.3,28.4,90,16.7,4.300000000000001
43,2018-09-20,2018-09-01,22.5,15.8,18.5,26.1,93,17.3,6.699999999999999
43,2018-09-20,2018-09-02,16.2,12.5,14.1,17.7,94,13.1,3.6999999999999993
43,2018-09-20,2018-09-03,16.2,12.5,13.8,14.3,95,13,3.6999999999999993
43,2018-09-20,2018-09-04,15.2,9.2,12.1,0.2,85,9.5,6
43,2018-09-20,2018-09-05,19.2,7.3,12.3,0,78,7.9,11.899999999999999
43,2018-09-20,2018-09-06,22.1,10.1,15,0,68,8.8,12.000000000000002
43,2018-09-20,2018-09-07,23.8,9.1,16.2,0,72,10.8,14.700000000000001
43,2018-09-20,2018-09-08,23.6,11.1,16.8,0,76,12.3,12.500000000000002
43,2018-09-20,2018-09-09,22.2,10.4,15.9,0,81,12.4,11.799999999999999
43,2018-09-20,2018-09-10,22.8,13.4,17,0,77,12.8,9.4
43,2018-09-20,2018-09-11,22,13,16.2,0,79,12.4,9
43,2018-09-20,2018-09-12,25,12.4,17.4,0,77,13.1,12.6
43,2018-09-20,2018-09-13,23.1,14,18.5,1.1,77,14.3,9.100000000000001
43,2018-09-20,2018-09-14,21.9,14.2,17.6,4.5,86,15.2,7.699999999999999
43,2018-09-20,2018-09-15,21.2,13.1,16.8,8.3,87,14.3,8.1
43,2018-09-20,2018-09-16,22.8,13.4,17.6,0,83,14.4,9.4
43,2018-09-20,2018-09-17,20.1,15.6,17.6,2.8,83,14.5,4.500000000000002
43,2018-09-20,2018-09-18,22,13.1,16.5,0.4,86,13.8,8.9
43,2018-09-20,2018-09-19,26.5,13.9,19.5,0,76,14.8,12.6
43,2018-09-20,2018-09-20,25.2,16.2,19.5,3.1,82,16.1,9
43,2018-09-20,2018-09-21,25.9,14.9,19.8,0.2,83,16.5,10.999999999999998
43,2018-09-20,2018-09-22,29.4,16.5,22.3,0,77,17.6,12.899999999999999
43,2018-09-20,2018-09-23,26,19.4,22.9,12.7,78,18.7,6.600000000000001
43,2018-09-20,2018-09-24,24,18.3,20.9,24.2,83,17.7,5.699999999999999
43,2018-09-20,2018-09-25,21.1,15.4,18.1,12.4,91,16.6,5.700000000000001
43,2018-09-20,2018-09-26,24.6,16.1,20.2,0.9,87,17.8,8.5
43,2018-09-20,2018-09-27,25.3,16.5,20.1,1.6,89,18,8.8
43,2018-09-20,2018-09-28,26.7,17.2,21.3,0.3,85,18.5,9.5
43,2018-09-20,2018-09-29,29.2,19.1,23.4,6.3,76,18.7,10.099999999999998
43,2018-09-20,2018-09-30,25.3,19.5,21.8,6.4,81,18.3,5.800000000000001
43,2018-09-20,2018-10-01,26.7,17.2,20.5,11,87,18.2,9.5
43,2018-09-20,2018-10-02,19.8,13.8,16.3,51.3,94,15.3,6
43,2018-09-20,2018-10-03,18.4,13.2,15.2,0.2,88,13.3,5.199999999999999
43,2018-09-20,2018-10-04,20.9,11.8,15.6,0,73,9.7,9.099999999999998
43,2018-09-20,2018-10-05,19.4,10.9,14.8,0,69,8.7,8.499999999999998
43,2018-09-20,2018-10-06,23.4,9.6,15.9,0,67,9.8,13.799999999999999
43,2018-09-20,2018-10-07,24.9,14.8,19.7,0.1,80,15.8,10.099999999999998
43,2018-09-20,2018-10-08,26.4,17,20.8,3.6,84,17.8,9.399999999999999
43,2018-09-20,2018-10-09,27.8,19.3,21.9,9.8,86,19.4,8.5
43,2018-09-20,2018-10-10,23.6,16,19.1,1.2,87,16.7,7.600000000000001
43,2018-09-20,2018-10-11,23,13.2,17.6,0,74,12.9,9.8
43,2018-09-20,2018-10-12,25.1,16.7,20.9,1.2,74,16,8.400000000000002
43,2018-09-20,2018-10-13,21.6,15.2,17.3,17.6,87,15.1,6.400000000000002
43,2018-09-20,2018-10-14,20.4,12.9,16.2,0.1,76,11.7,7.499999999999998
43,2018-09-20,2018-10-15,24.9,11.6,17.3,0,79,13.2,13.299999999999999
43,2018-09-20,2018-10-16,26.8,15.1,20.7,0.4,77,16.2,11.700000000000001
43,2018-09-20,2018-10-17,26.4,18.9,22.3,4.6,85,19.5,7.5
43,2018-09-20,2018-10-18,26.9,20,22.6,4.1,86,20,6.899999999999999
44,2018-10-08,2018-09-10,22.7,10.3,15.5,0.1,78,11.3,12.399999999999999
44,2018-10-08,2018-09-11,20.6,11.5,15.2,0,78,11.3,9.100000000000001
44,2018-10-08,2018-09-12,20.4,10.6,14.5,0,76,10.1,9.799999999999999
44,2018-10-08,2018-09-13,21.9,10.6,15,0,80,11.2,11.299999999999999
44,2018-10-08,2018-09-14,18.5,12.1,14.3,21.2,89,12.5,6.4
44,2018-10-08,2018-09-15,19,10.7,14.5,1.4,87,12.2,8.3
44,2018-10-08,2018-09-16,19.7,11.7,15,0,80,11.3,8
44,2018-10-08,2018-09-17,18.4,11.1,14.4,8.3,86,12,7.299999999999999
44,2018-10-08,2018-09-18,20.1,13.1,15.7,0.5,84,12.7,7.000000000000002
44,2018-10-08,2018-09-19,22.9,12.1,16.4,0.7,86,14,10.799999999999999
44,2018-10-08,2018-09-20,17.4,12.9,15.4,26.6,87,13.1,4.499999999999998
44,2018-10-08,2018-09-21,22.8,11.3,16.2,0.8,86,13.6,11.5
44,2018-10-08,2018-09-22,25.4,12.7,18.5,0,80,14.4,12.7
44,2018-10-08,2018-09-23,26.8,14.7,20.1,0.4,76,15.4,12.100000000000001
44,2018-10-08,2018-09-24,27.8,16.4,20.6,4.4,75,15.5,11.400000000000002
44,2018-10-08,2018-09-25,23.4,15.2,18.9,0.4,83,15.9,8.2
44,2018-10-08,2018-09-26,24.1,15.7,18.6,12.1,86,16,8.400000000000002
44,2018-10-08,2018-09-27,20.8,14.3,17,8.8,90,15.3,6.5
44,2018-10-08,2018-09-28,24,14.6,18.2,0,81,14.7,9.4
44,2018-10-08,2018-09-29,24.4,15.5,18.8,0,79,14.9,8.899999999999999
44,2018-10-08,2018-09-30,20.8,15.7,17.9,7,85,15.3,5.100000000000001
44,2018-10-08,2018-10-01,23.6,13.8,18.1,0.6,86,15.5,9.8
44,2018-10-08,2018-10-02,22.8,15.9,19.1,8.1,87,16.9,6.9
44,2018-10-08,2018-10-03,22.2,14.7,17.6,8.8,93,16.5,7.5
44,2018-10-08,2018-10-04,22,15.5,18,9.1,91,16.4,6.5
44,2018-10-08,2018-10-05,21.9,13.2,16.7,1,81,13.1,8.7
44,2018-10-08,2018-10-06,14.6,10.4,12.5,16.2,91,11.1,4.199999999999999
44,2018-10-08,2018-10-07,20.4,10.9,15,19.6,91,13.6,9.499999999999998
44,2018-10-08,2018-10-08,21.5,15.1,17.1,19.3,94,16,6.4
44,2018-10-08,2018-10-09,22.3,14.6,18,4.6,92,16.7,7.700000000000001
44,2018-10-08,2018-10-10,22.1,16.6,18.6,5.1,89,16.8,5.5
44,2018-10-08,2018-10-11,18.2,12.5,15.7,9.3,87,13.4,5.699999999999999
44,2018-10-08,2018-10-12,24.8,12.3,17.1,0.3,80,13.5,12.5
44,2018-10-08,2018-10-13,21.5,16.5,19,11.1,94,18.1,5
44,2018-10-08,2018-10-14,21.9,14.6,18.1,50.5,95,17.3,7.299999999999999
44,2018-10-08,2018-10-15,21.1,15,17.7,8.9,92,16.2,6.100000000000001
44,2018-10-08,2018-10-16,19.8,13.3,16.3,15.5,93,15.2,6.5
44,2018-10-08,2018-10-17,23.6,15.6,18.6,9.8,91,16.9,8.000000000000002
44,2018-10-08,2018-10-18,21.3,15.9,17.9,42.8,94,16.9,5.4
44,2018-10-08,2018-10-19,21.8,14.5,17.9,0.8,85,15,7.300000000000001
44,2018-10-08,2018-10-20,20.9,11.8,15.9,0,74,11,9.099999999999998
44,2018-10-08,2018-10-21,19.9,9.4,14.2,0,75,9.5,10.499999999999998
44,2018-10-08,2018-10-22,23.6,9.8,16.5,0,76,11.8,13.8
44,2018-10-08,2018-10-23,21.3,13.8,18.1,1.2,82,15,7.5
44,2018-10-08,2018-10-24,17.1,12.9,14.7,16.7,93,13.7,4.200000000000001
44,2018-10-08,2018-10-25,20.1,13.6,16.2,3.5,90,14.4,6.500000000000002
44,2018-10-08,2018-10-26,21.2,15.4,17.3,25.5,94,16.4,5.799999999999999
44,2018-10-08,2018-10-27,20,13.3,17.5,5.6,83,14.4,6.699999999999999
44,2018-10-08,2018-10-28,22,8.3,14.6,0,71,8.9,13.7
44,2018-10-08,2018-10-29,21.3,10.5,15.5,0.5,76,11.1,10.8
44,2018-10-08,2018-10-30,24.4,12.2,18.3,0,77,13.9,12.2
44,2018-10-08,2018-10-31,20,15.9,17.6,20.9,91,16.1,4.1
44,2018-10-08,2018-11-01,19.7,13.4,16.3,9.8,86,13.9,6.299999999999999
44,2018-10-08,2018-11-02,22.5,14.8,18,2.6,87,15.6,7.699999999999999
44,2018-10-08,2018-11-03,24.3,16.6,19.3,6.3,88,17.1,7.699999999999999
44,2018-10-08,2018-11-04,23.2,14.2,18.5,1.1,84,15.5,9
44,2018-10-08,2018-11-05,22.5,12.4,17,0,77,12.6,10.1
45,2018-10-03,2018-09-05,17.8,7.7,12.3,0,73,7.1,10.100000000000001
45,2018-10-03,2018-09-06,20.5,6.8,12.3,0,72,6.8,13.7
45,2018-10-03,2018-09-07,22.9,8.6,14.6,0,75,9.5,14.299999999999999
45,2018-10-03,2018-09-08,24,11.6,16.6,0,78,12.2,12.4
45,2018-10-03,2018-09-09,23.8,12.4,16.5,0,78,12.2,11.4
45,2018-10-03,2018-09-10,23.7,12.2,16.3,0,74,11.2,11.5
45,2018-10-03,2018-09-11,19.5,12.2,15.3,0.1,78,11.2,7.300000000000001
45,2018-10-03,2018-09-12,21,12.1,15.6,0,75,10.9,8.9
45,2018-10-03,2018-09-13,23.6,12.6,16.6,0,75,11.9,11.000000000000002
45,2018-10-03,2018-09-14,18,13.4,15.2,28.7,89,13.4,4.6
45,2018-10-03,2018-09-15,20.1,12.2,15.7,4.1,88,13.5,7.900000000000002
45,2018-10-03,2018-09-16,21.4,12.9,16,0,80,12.1,8.499999999999998
45,2018-10-03,2018-09-17,21.8,13.1,16.4,12,82,13.1,8.700000000000001
45,2018-10-03,2018-09-18,22.9,15.8,18.5,0.5,78,14.2,7.099999999999998
45,2018-10-03,2018-09-19,25.3,14.6,19.2,0.6,82,15.7,10.700000000000001
45,2018-10-03,2018-09-20,18.8,15.9,17,13.7,85,14.4,2.9000000000000004
45,2018-10-03,2018-09-21,24.3,13.9,18.4,0.2,80,14.4,10.4
45,2018-10-03,2018-09-22,27.2,15.4,20.3,0,77,15.5,11.799999999999999
45,2018-10-03,2018-09-23,28.6,15.1,21.4,0,69,14.7,13.500000000000002
45,2018-10-03,2018-09-24,30.2,16.1,22.5,0,66,15,14.099999999999998
45,2018-10-03,2018-09-25,26,14.7,20.1,0.1,73,14.9,11.3
45,2018-10-03,2018-09-26,26.2,16.2,19.5,20.5,85,16.8,10
45,2018-10-03,2018-09-27,22.3,16.1,18.7,4.4,89,16.8,6.199999999999999
45,2018-10-03,2018-09-28,24.5,16.9,19.7,0,81,16.1,7.600000000000001
45,2018-10-03,2018-09-29,25.1,16.5,20,0,76,15.4,8.600000000000001
45,2018-10-03,2018-09-30,22.4,16.9,19.1,2.1,88,16.9,5.5
45,2018-10-03,2018-10-01,25.5,15.4,19.8,0.4,81,16.1,10.1
45,2018-10-03,2018-10-02,25.2,16.8,20.7,7.2,84,17.8,8.399999999999999
45,2018-10-03,2018-10-03,26.8,18.4,21.3,0.3,87,18.8,8.400000000000002
45,2018-10-03,2018-10-04,21,15.2,18.1,21.3,87,15.8,5.800000000000001
45,2018-10-03,2018-10-05,18.6,13.2,15.9,0.7,81,12.6,5.400000000000002
45,2018-10-03,2018-10-06,15.1,12.4,13.4,11,86,11.1,2.6999999999999993
45,2018-10-03,2018-10-07,20.2,11.8,15.4,10,88,13.4,8.399999999999999
45,2018-10-03,2018-10-08,21.1,15.4,17.7,13.3,92,16.4,5.700000000000001
45,2018-10-03,2018-10-09,24.5,16.2,20.1,1.2,85,17.4,8.3
45,2018-10-03,2018-10-10,25,16.7,20.3,7.9,89,18.3,8.3
45,2018-10-03,2018-10-11,18,13.2,15.5,18.8,85,13,4.800000000000001
45,2018-10-03,2018-10-12,24,13.8,18,0,79,14.1,10.2
45,2018-10-03,2018-10-13,24.9,17.5,20.3,11.9,91,18.8,7.399999999999999
45,2018-10-03,2018-10-14,22.9,15.4,18.2,15.7,90,16.5,7.499999999999998
45,2018-10-03,2018-10-15,20.3,14.4,16.4,13,90,14.6,5.9
45,2018-10-03,2018-10-16,20.5,13.9,16.8,8,88,14.8,6.6
45,2018-10-03,2018-10-17,26.2,15.8,19.8,8,87,17.4,10.399999999999999
45,2018-10-03,2018-10-18,24.1,17.9,19.9,18.6,92,18.5,6.200000000000003
45,2018-10-03,2018-10-19,22.5,15.1,18.7,1.6,83,15.6,7.4
45,2018-10-03,2018-10-20,20.2,11.5,15.8,0,73,10.8,8.7
45,2018-10-03,2018-10-21,19.6,10.8,14.7,0,76,10.4,8.8
45,2018-10-03,2018-10-22,24,10.2,16.5,0,80,12.7,13.8
45,2018-10-03,2018-10-23,24,14.9,19.2,0.1,83,16.1,9.1
45,2018-10-03,2018-10-24,17.5,14.9,16.1,14.6,88,14.1,2.5999999999999996
45,2018-10-03,2018-10-25,21.4,15.6,17.8,2.5,86,15.4,5.799999999999999
45,2018-10-03,2018-10-26,21.5,16.4,18.6,12.1,89,16.7,5.100000000000001
45,2018-10-03,2018-10-27,24,16.4,19.8,6.3,79,15.5,7.600000000000001
45,2018-10-03,2018-10-28,22.2,10.1,16.1,0,70,10,12.1
45,2018-10-03,2018-10-29,21,11.9,15.8,0,77,11.5,9.1
45,2018-10-03,2018-10-30,26.4,12.1,18.6,0,77,14,14.299999999999999
45,2018-10-03,2018-10-31,20.7,15.4,17.6,11.7,88,15.6,5.299999999999999
46,2018-10-05,2018-09-07,22.2,9.1,15,0,72,9.6,13.1
46,2018-10-05,2018-09-08,23.2,10.9,16.3,0,72,10.9,12.299999999999999
46,2018-10-05,2018-09-09,23.1,11.2,16,0,82,12.6,11.900000000000002
46,2018-10-05,2018-09-10,21.9,12.1,16,0.4,78,12,9.799999999999999
46,2018-10-05,2018-09-11,22,11.9,15.6,0,80,11.8,10.1
46,2018-10-05,2018-09-12,22.5,11.8,16.2,0,75,11.6,10.7
46,2018-10-05,2018-09-13,22.2,12.6,16.8,0.6,79,12.9,9.6
46,2018-10-05,2018-09-14,19.4,14.1,16.1,14.5,89,14.1,5.299999999999999
46,2018-10-05,2018-09-15,20.4,12.5,15.7,11.9,88,13.5,7.899999999999999
46,2018-10-05,2018-09-16,21.2,12.9,16.5,0.1,82,13.3,8.299999999999999
46,2018-10-05,2018-09-17,17.7,14.1,15.8,11,85,13.2,3.5999999999999996
46,2018-10-05,2018-09-18,20.5,13.3,16,0.5,85,13.1,7.199999999999999
46,2018-10-05,2018-09-19,24.9,12.2,18.1,0.1,79,14.1,12.7
46,2018-10-05,2018-09-20,23.1,15.9,18.9,1.2,83,15.8,7.200000000000001
46,2018-10-05,2018-09-21,24.2,13.4,18.4,0.1,84,15.3,10.799999999999999
46,2018-10-05,2018-09-22,27.5,15.5,20.8,0,79,16.6,12
46,2018-10-05,2018-09-23,27.7,19.2,21.5,8.4,78,17.4,8.5
46,2018-10-05,2018-09-24,23.2,17.2,19.9,6.7,82,16.7,6
46,2018-10-05,2018-09-25,22.6,14.9,18.4,7.6,86,16,7.700000000000001
46,2018-10-05,2018-09-26,23,17.2,19.7,8.9,87,17.3,5.800000000000001
46,2018-10-05,2018-09-27,24.5,16.5,19.4,2.7,89,17.3,8
46,2018-10-05,2018-09-28,25.5,16.2,20.3,0.4,83,16.9,9.3
46,2018-10-05,2018-09-29,27.5,17,21.6,0,77,17.2,10.5
46,2018-10-05,2018-09-30,25,19,21.3,0.6,79,17.4,6
46,2018-10-05,2018-10-01,25.6,16.7,19.4,4.8,89,17.5,8.900000000000002
46,2018-10-05,2018-10-02,21.4,14,17.9,42.2,94,16.9,7.399999999999999
46,2018-10-05,2018-10-03,17.5,13.1,14.7,11.6,93,13.5,4.4
46,2018-10-05,2018-10-04,19.2,11.9,14.9,0,76,10.1,7.299999999999999
46,2018-10-05,2018-10-05,18.5,9.2,13.7,0,70,8.2,9.3
46,2018-10-05,2018-10-06,22.2,9.6,15.3,2.6,76,10.9,12.6
46,2018-10-05,2018-10-07,22.8,13.1,17.2,2.6,81,13.9,9.700000000000001
46,2018-10-05,2018-10-08,22.7,15.6,18.8,1.4,87,16.6,7.1
46,2018-10-05,2018-10-09,25.9,16.8,20.2,2,88,18,9.099999999999998
46,2018-10-05,2018-10-10,21.6,15.4,18.2,0.3,89,16.3,6.200000000000001
46,2018-10-05,2018-10-11,23,12.9,17.6,0,76,13,10.1
46,2018-10-05,2018-10-12,25,14.6,19.1,4.5,76,14.8,10.4
46,2018-10-05,2018-10-13,20.6,14.9,17.9,49.4,92,16.5,5.700000000000001
46,2018-10-05,2018-10-14,19.5,11.5,14.7,1.4,82,11.6,8
46,2018-10-05,2018-10-15,22.5,11.1,16.6,0.7,83,13.4,11.4
46,2018-10-05,2018-10-16,25.4,13.8,18.9,0.8,80,15.1,11.599999999999998
46,2018-10-05,2018-10-17,22.9,16.4,19.7,17.7,89,17.8,6.5
46,2018-10-05,2018-10-18,24.8,17.9,20.8,2.4,88,18.8,6.900000000000002
46,2018-10-05,2018-10-19,22.8,15.9,19,0.2,81,15.3,6.9
46,2018-10-05,2018-10-20,21.6,10.8,15.8,0,75,10.9,10.8
46,2018-10-05,2018-10-21,23.5,11.8,16.9,0,72,11.5,11.7
46,2018-10-05,2018-10-22,25.8,13.2,19.2,0,72,13.6,12.600000000000001
46,2018-10-05,2018-10-23,23.1,16.2,19.2,4.1,80,15.6,6.900000000000002
46,2018-10-05,2018-10-24,23.2,15.3,18.6,0,73,13.6,7.899999999999999
46,2018-10-05,2018-10-25,23.7,14.5,18.4,3,77,14.3,9.2
46,2018-10-05,2018-10-26,23.3,16.1,19.6,8.2,85,16.8,7.199999999999999
46,2018-10-05,2018-10-27,19.7,14.1,16.6,2,82,13.2,5.6
46,2018-10-05,2018-10-28,20.5,10.4,15.1,0,75,10.2,10.1
46,2018-10-05,2018-10-29,23.6,13.2,17.6,0.4,72,12.2,10.400000000000002
46,2018-10-05,2018-10-30,27.6,14.4,20.4,2.9,75,15.3,13.200000000000001
46,2018-10-05,2018-10-31,22.8,17.5,19.8,11.9,83,16.8,5.300000000000001
46,2018-10-05,2018-11-01,23.4,16.4,18.9,6.1,81,15.4,7
46,2018-10-05,2018-11-02,26.2,13,19.3,0.8,80,15.3,13.2
47,2018-09-24,2018-08-27,17.5,3.5,9,0,66,2.7,14
47,2018-09-24,2018-08-28,20.5,7,12.8,0,69,7.1,13.5
47,2018-09-24,2018-08-29,25.9,12.1,17.8,0,74,12.9,13.799999999999999
47,2018-09-24,2018-08-30,26,14.2,19.5,1.5,78,15.2,11.8
47,2018-09-24,2018-08-31,19.9,16,18.1,11,83,15.2,3.8999999999999986
47,2018-09-24,2018-09-01,22,15.5,17.7,25.6,92,16.3,6.5
47,2018-09-24,2018-09-02,17.1,12.6,14.3,28,95,13.5,4.500000000000002
47,2018-09-24,2018-09-03,13.8,11.4,12.5,21.8,96,11.9,2.4000000000000004
47,2018-09-24,2018-09-04,15.4,8.9,11.6,1.4,85,8.9,6.5
47,2018-09-24,2018-09-05,18,5.4,10.8,0,76,6.2,12.6
47,2018-09-24,2018-09-06,20.4,7.7,13.1,0,71,7.5,12.7
47,2018-09-24,2018-09-07,22.2,9.1,15,0,72,9.6,13.1
47,2018-09-24,2018-09-08,23.2,10.9,16.3,0,72,10.9,12.299999999999999
47,2018-09-24,2018-09-09,23.1,11.2,16,0,82,12.6,11.900000000000002
47,2018-09-24,2018-09-10,21.9,12.1,16,0.4,78,12,9.799999999999999
47,2018-09-24,2018-09-11,22,11.9,15.6,0,80,11.8,10.1
47,2018-09-24,2018-09-12,22.5,11.8,16.2,0,75,11.6,10.7
47,2018-09-24,2018-09-13,22.2,12.6,16.8,0.6,79,12.9,9.6
47,2018-09-24,2018-09-14,19.4,14.1,16.1,14.5,89,14.1,5.299999999999999
47,2018-09-24,2018-09-15,20.4,12.5,15.7,11.9,88,13.5,7.899999999999999
47,2018-09-24,2018-09-16,21.2,12.9,16.5,0.1,82,13.3,8.299999999999999
47,2018-09-24,2018-09-17,17.7,14.1,15.8,11,85,13.2,3.5999999999999996
47,2018-09-24,2018-09-18,20.5,13.3,16,0.5,85,13.1,7.199999999999999
47,2018-09-24,2018-09-19,24.9,12.2,18.1,0.1,79,14.1,12.7
47,2018-09-24,2018-09-20,23.1,15.9,18.9,1.2,83,15.8,7.200000000000001
47,2018-09-24,2018-09-21,24.2,13.4,18.4,0.1,84,15.3,10.799999999999999
47,2018-09-24,2018-09-22,27.5,15.5,20.8,0,79,16.6,12
47,2018-09-24,2018-09-23,27.7,19.2,21.5,8.4,78,17.4,8.5
47,2018-09-24,2018-09-24,23.2,17.2,19.9,6.7,82,16.7,6
47,2018-09-24,2018-09-25,22.6,14.9,18.4,7.6,86,16,7.700000000000001
47,2018-09-24,2018-09-26,23,17.2,19.7,8.9,87,17.3,5.800000000000001
47,2018-09-24,2018-09-27,24.5,16.5,19.4,2.7,89,17.3,8
47,2018-09-24,2018-09-28,25.5,16.2,20.3,0.4,83,16.9,9.3
47,2018-09-24,2018-09-29,27.5,17,21.6,0,77,17.2,10.5
47,2018-09-24,2018-09-30,25,19,21.3,0.6,79,17.4,6
47,2018-09-24,2018-10-01,25.6,16.7,19.4,4.8,89,17.5,8.900000000000002
47,2018-09-24,2018-10-02,21.4,14,17.9,42.2,94,16.9,7.399999999999999
47,2018-09-24,2018-10-03,17.5,13.1,14.7,11.6,93,13.5,4.4
47,2018-09-24,2018-10-04,19.2,11.9,14.9,0,76,10.1,7.299999999999999
47,2018-09-24,2018-10-05,18.5,9.2,13.7,0,70,8.2,9.3
47,2018-09-24,2018-10-06,22.2,9.6,15.3,2.6,76,10.9,12.6
47,2018-09-24,2018-10-07,22.8,13.1,17.2,2.6,81,13.9,9.700000000000001
47,2018-09-24,2018-10-08,22.7,15.6,18.8,1.4,87,16.6,7.1
47,2018-09-24,2018-10-09,25.9,16.8,20.2,2,88,18,9.099999999999998
47,2018-09-24,2018-10-10,21.6,15.4,18.2,0.3,89,16.3,6.200000000000001
47,2018-09-24,2018-10-11,23,12.9,17.6,0,76,13,10.1
47,2018-09-24,2018-10-12,25,14.6,19.1,4.5,76,14.8,10.4
47,2018-09-24,2018-10-13,20.6,14.9,17.9,49.4,92,16.5,5.700000000000001
47,2018-09-24,2018-10-14,19.5,11.5,14.7,1.4,82,11.6,8
47,2018-09-24,2018-10-15,22.5,11.1,16.6,0.7,83,13.4,11.4
47,2018-09-24,2018-10-16,25.4,13.8,18.9,0.8,80,15.1,11.599999999999998
47,2018-09-24,2018-10-17,22.9,16.4,19.7,17.7,89,17.8,6.5
47,2018-09-24,2018-10-18,24.8,17.9,20.8,2.4,88,18.8,6.900000000000002
47,2018-09-24,2018-10-19,22.8,15.9,19,0.2,81,15.3,6.9
47,2018-09-24,2018-10-20,21.6,10.8,15.8,0,75,10.9,10.8
47,2018-09-24,2018-10-21,23.5,11.8,16.9,0,72,11.5,11.7
47,2018-09-24,2018-10-22,25.8,13.2,19.2,0,72,13.6,12.600000000000001
48,2018-10-22,2018-09-24,20.5,16.4,18.6,1.6,88,16.5,4.100000000000001
48,2018-10-22,2018-09-25,20.1,17,18,5.7,78,14.1,3.1000000000000014
48,2018-10-22,2018-09-26,24.1,17.1,20.1,3.1,87,17.8,7
48,2018-10-22,2018-09-27,18.6,17.4,17.8,9,90,16.2,1.2000000000000028
48,2018-10-22,2018-09-28,21.3,17.4,18.9,1.9,87,16.7,3.900000000000002
48,2018-10-22,2018-09-29,27.6,18.8,21.7,6.7,85,19,8.8
48,2018-10-22,2018-09-30,25.8,20.4,22.7,11.3,79,18.7,5.400000000000002
48,2018-10-22,2018-10-01,22.8,15.2,19.7,8,88,17.6,7.600000000000001
48,2018-10-22,2018-10-02,17.5,11,14.5,0.1,72,9.3,6.5
48,2018-10-22,2018-10-03,18.5,10.8,13.9,0,69,8.1,7.699999999999999
48,2018-10-22,2018-10-04,22,9.7,14.8,0,68,8.3,12.3
48,2018-10-22,2018-10-05,18.2,7.8,12.6,0,69,6.7,10.399999999999999
48,2018-10-22,2018-10-06,17.9,8.4,13.4,0,71,8.1,9.499999999999998
48,2018-10-22,2018-10-07,23.6,14.7,18.4,0,77,14.2,8.900000000000002
48,2018-10-22,2018-10-08,25.1,16.1,20.4,0,86,17.9,9
48,2018-10-22,2018-10-09,27.2,18.8,21.9,14.3,87,19.4,8.399999999999999
48,2018-10-22,2018-10-10,19.8,14.6,17.6,0.8,77,13.2,5.200000000000001
48,2018-10-22,2018-10-11,17.7,11.2,15.1,0,63,8,6.5
48,2018-10-22,2018-10-12,19.2,14.8,16.9,34.8,86,14.5,4.399999999999999
48,2018-10-22,2018-10-13,20.1,14.6,17.4,1.2,83,14.4,5.500000000000002
48,2018-10-22,2018-10-14,19.6,10.2,14.9,0,82,11.5,9.400000000000002
48,2018-10-22,2018-10-15,22.5,9.4,15.8,0,81,12.2,13.1
48,2018-10-22,2018-10-16,24.5,13.8,19.4,0,84,16.5,10.7
48,2018-10-22,2018-10-17,27.2,17.9,22.1,0.1,85,19.3,9.3
48,2018-10-22,2018-10-18,27.5,19,21.7,7,89,19.7,8.5
48,2018-10-22,2018-10-19,20.9,16,18.4,0.3,80,14.6,4.899999999999999
48,2018-10-22,2018-10-20,18.6,13.9,16.2,0.1,62,9,4.700000000000001
48,2018-10-22,2018-10-21,20.5,12.8,16.9,0,64,9.9,7.699999999999999
48,2018-10-22,2018-10-22,26.4,14.6,19.9,0,76,15.3,11.799999999999999
48,2018-10-22,2018-10-23,20.8,15.9,18.2,0.6,74,13.3,4.9
48,2018-10-22,2018-10-24,21.3,13.9,17.7,0,63,10.5,7.4
48,2018-10-22,2018-10-25,23.9,17.9,20.1,1.3,78,16,6
48,2018-10-22,2018-10-26,23.8,16.4,19.2,2.4,88,17.1,7.400000000000002
48,2018-10-22,2018-10-27,20.9,16,18.2,4.6,81,14.6,4.899999999999999
48,2018-10-22,2018-10-28,20.8,14.1,17.3,0.3,76,12.7,6.700000000000001
48,2018-10-22,2018-10-29,22,15.1,18.5,0,72,13.1,6.9
48,2018-10-22,2018-10-30,26.3,18.4,21.5,0,76,17,7.900000000000002
48,2018-10-22,2018-10-31,26.8,19,21.9,16.5,85,19.2,7.800000000000001
48,2018-10-22,2018-11-01,19.2,14.8,17.3,0.1,73,12.3,4.399999999999999
48,2018-10-22,2018-11-02,20.5,9.8,15.5,0,75,10.9,10.7
48,2018-10-22,2018-11-03,22.5,17.1,19.2,13.3,81,15.8,5.399999999999999
48,2018-10-22,2018-11-04,21.9,14.1,17.8,0,82,14.3,7.799999999999999
48,2018-10-22,2018-11-05,24.1,17,20.2,0,75,15.4,7.100000000000001
48,2018-10-22,2018-11-06,24.2,16.9,20.7,0,83,17.6,7.300000000000001
48,2018-10-22,2018-11-07,21.7,18.2,19.8,0.7,79,15.9,3.5
48,2018-10-22,2018-11-08,24.4,18.3,21,0,70,15.2,6.099999999999998
48,2018-10-22,2018-11-09,28,17.4,22.2,0,71,16.5,10.600000000000001
48,2018-10-22,2018-11-10,32,17.6,24.5,0.5,74,19.2,14.399999999999999
48,2018-10-22,2018-11-11,28.6,20.2,24.4,0,80,20.6,8.400000000000002
48,2018-10-22,2018-11-12,26.5,21.4,23.7,0,84,20.7,5.100000000000001
48,2018-10-22,2018-11-13,32.4,22.3,25.9,7,78,21.5,10.099999999999998
48,2018-10-22,2018-11-14,26.8,21.6,24.3,19.1,72,18.2,5.199999999999999
48,2018-10-22,2018-11-15,28.9,16.9,22.8,0,57,13.3,12
48,2018-10-22,2018-11-16,22.9,16.8,19.8,0,76,15.3,6.099999999999998
48,2018-10-22,2018-11-17,26.5,19.2,22.4,31.5,75,17.8,7.300000000000001
48,2018-10-22,2018-11-18,23.1,16.8,20.5,11,74,15.1,6.300000000000001
48,2018-10-22,2018-11-19,22.5,9.7,17,0,59,8.2,12.8
49,2019-09-15,2019-08-18,20.5,11.6,16.8,3.7,77,12.7,8.9
49,2019-09-15,2019-08-19,13.5,6.4,9.8,0,75,5.4,7.1
49,2019-09-15,2019-08-20,16.2,4.8,9.4,0,81,6.1,11.399999999999999
49,2019-09-15,2019-08-21,15.9,5,9.9,0,80,6.3,10.9
49,2019-09-15,2019-08-22,19.9,6.6,12,0,81,8.6,13.299999999999999
49,2019-09-15,2019-08-23,16.3,6.6,11.2,0,83,8.1,9.700000000000001
49,2019-09-15,2019-08-24,19.8,6.2,12,0,79,8.3,13.600000000000001
49,2019-09-15,2019-08-25,22.3,9.8,14.9,0,72,9.4,12.5
49,2019-09-15,2019-08-26,21.5,12.1,16,0.3,69,10.2,9.4
49,2019-09-15,2019-08-27,23.4,10.8,16.9,0,80,13.1,12.599999999999998
49,2019-09-15,2019-08-28,26.8,14.3,19.2,0,78,14.9,12.5
49,2019-09-15,2019-08-29,29,18,22.2,0,63,14.4,11
49,2019-09-15,2019-08-30,30.1,19.8,23.2,0.4,60,14.5,10.3
49,2019-09-15,2019-08-31,18.4,14.4,15.8,40.1,89,14,3.9999999999999982
49,2019-09-15,2019-09-01,15.4,9.1,12.6,0,78,8.6,6.300000000000001
49,2019-09-15,2019-09-02,17.4,4.3,10.3,0,72,5,13.099999999999998
49,2019-09-15,2019-09-03,17.2,6.5,11.4,0,71,6.1,10.7
49,2019-09-15,2019-09-04,15.1,5,9.7,0,71,4.3,10.1
49,2019-09-15,2019-09-05,15.8,4.4,9.4,0,67,3.5,11.4
49,2019-09-15,2019-09-06,22.2,10.1,14.9,7.6,78,11,12.1
49,2019-09-15,2019-09-07,27.1,18,21.8,0,69,15.9,9.100000000000001
49,2019-09-15,2019-09-08,28.2,18.9,23.4,1.9,72,17.9,9.3
49,2019-09-15,2019-09-09,31,23.4,26,0,57,16.6,7.600000000000001
49,2019-09-15,2019-09-10,25.5,16.8,20.2,1.2,80,16.6,8.7
49,2019-09-15,2019-09-11,24.8,15.1,18.8,3.1,87,16.5,9.700000000000001
49,2019-09-15,2019-09-12,19.4,15.1,16.7,18,89,14.9,4.299999999999999
49,2019-09-15,2019-09-13,19.2,11.5,15.2,0,82,11.8,7.699999999999999
49,2019-09-15,2019-09-14,24.5,13,17.8,1.6,84,14.9,11.5
49,2019-09-15,2019-09-15,30.9,20.5,24.6,0,71,18.8,10.399999999999999
49,2019-09-15,2019-09-16,31.6,21.6,26.7,0,58,17.6,10
49,2019-09-15,2019-09-17,19.1,13.6,15.4,26.8,88,13.4,5.500000000000002
49,2019-09-15,2019-09-18,17.8,12,13.8,14,85,11.2,5.800000000000001
49,2019-09-15,2019-09-19,24,9.4,15.6,3.4,86,13.1,14.6
49,2019-09-15,2019-09-20,18.4,12.6,15.3,0,82,12,5.799999999999999
49,2019-09-15,2019-09-21,18.6,6.7,12.5,0,75,7.8,11.900000000000002
49,2019-09-15,2019-09-22,19.9,7.6,13.3,0,72,7.5,12.299999999999999
49,2019-09-15,2019-09-23,20.7,6.8,13.5,0,67,7.2,13.899999999999999
49,2019-09-15,2019-09-24,23,10.6,15.8,0,66,9.2,12.4
49,2019-09-15,2019-09-25,23.2,10.1,16.2,0,71,10.2,13.1
49,2019-09-15,2019-09-26,24,10.9,17.1,0,71,11.2,13.1
49,2019-09-15,2019-09-27,22.4,12.1,16.9,0,66,10,10.299999999999999
49,2019-09-15,2019-09-28,27.3,11.9,18.5,0,70,12.1,15.4
49,2019-09-15,2019-09-29,28,13.4,20.1,0,70,13.4,14.6
49,2019-09-15,2019-09-30,31.7,16.6,23.1,0,55,12.4,15.099999999999998
49,2019-09-15,2019-10-01,34.8,21.7,27.6,0,38,11.7,13.099999999999998
49,2019-09-15,2019-10-02,28.8,21.1,25.4,11.4,62,16.2,7.699999999999999
49,2019-09-15,2019-10-03,20.6,16.2,18.6,23.6,91,17.1,4.400000000000002
49,2019-09-15,2019-10-04,25.2,16.6,20.2,20.2,90,18.5,8.599999999999998
49,2019-09-15,2019-10-05,20.2,14.8,17.6,30.3,96,17,5.399999999999999
49,2019-09-15,2019-10-06,19.6,13.8,16.2,0.3,83,13.1,5.800000000000001
49,2019-09-15,2019-10-07,24,11.8,17.6,0,81,13.8,12.2
49,2019-09-15,2019-10-08,24.7,12.6,18.1,0,77,13.2,12.1
49,2019-09-15,2019-10-09,26.6,12.4,19.2,0,69,12.6,14.200000000000001
49,2019-09-15,2019-10-10,30,15.1,22,0,64,14.3,14.9
49,2019-09-15,2019-10-11,32.5,19.5,25.2,0,54,14.9,13
49,2019-09-15,2019-10-12,33.5,22.9,27.6,0,52,16.5,10.600000000000001
49,2019-09-15,2019-10-13,33.1,23.9,27.2,0,56,17.3,9.200000000000003
50,2019-09-21,2019-08-24,17.6,9.7,12.7,0,80,9,7.900000000000002
50,2019-09-21,2019-08-25,18.7,8.9,12.7,0,79,8.9,9.799999999999999
50,2019-09-21,2019-08-26,21.3,9.4,14,0,79,10.2,11.9
50,2019-09-21,2019-08-27,17.3,12.1,14.5,1.4,88,12.4,5.200000000000001
50,2019-09-21,2019-08-28,22.5,12.8,16.6,0,79,12.6,9.7
50,2019-09-21,2019-08-29,23.6,10.9,15.9,0,81,12.3,12.700000000000001
50,2019-09-21,2019-08-30,26.8,12.6,18.8,0,73,13.1,14.200000000000001
50,2019-09-21,2019-08-31,28.5,16.5,20.3,0.5,64,12.9,12
50,2019-09-21,2019-09-01,17.8,12.6,16.2,68.9,93,15.1,5.200000000000001
50,2019-09-21,2019-09-02,16.8,11.6,13.4,4.2,87,11.3,5.200000000000001
50,2019-09-21,2019-09-03,19.7,12.9,15.5,5.9,88,13.5,6.799999999999999
50,2019-09-21,2019-09-04,17.9,13.1,15.2,8.4,89,13.4,4.799999999999999
50,2019-09-21,2019-09-05,13.4,9.3,11.6,4.7,85,9.2,4.1
50,2019-09-21,2019-09-06,16.5,8.2,11.8,4.6,89,10,8.3
50,2019-09-21,2019-09-07,26.9,12.2,18.1,0,81,14.5,14.7
50,2019-09-21,2019-09-08,29.4,17.1,22.1,0,77,17.3,12.299999999999997
50,2019-09-21,2019-09-09,29,19,23,0,64,15.3,10
50,2019-09-21,2019-09-10,29.1,18.5,23,0,59,14.4,10.600000000000001
50,2019-09-21,2019-09-11,29.8,19,23.5,0,68,16.9,10.8
50,2019-09-21,2019-09-12,29.5,15.8,22.5,0,66,15.6,13.7
50,2019-09-21,2019-09-13,22.1,14.4,18.5,1.9,82,15.3,7.700000000000001
50,2019-09-21,2019-09-14,24.1,13.3,17.3,0,77,13.1,10.8
50,2019-09-21,2019-09-15,29.2,14.1,19.7,0,79,15.6,15.1
50,2019-09-21,2019-09-16,30.9,18.2,23.5,0,67,16.2,12.7
50,2019-09-21,2019-09-17,31.8,16,23.7,0,50,11.9,15.8
50,2019-09-21,2019-09-18,25.9,15.9,21.1,13.5,65,13.9,9.999999999999998
50,2019-09-21,2019-09-19,23.9,14.9,18.5,8.2,88,16.4,8.999999999999998
50,2019-09-21,2019-09-20,24.6,15.4,19.1,33.5,89,17.2,9.200000000000001
50,2019-09-21,2019-09-21,16.3,12.6,14.1,13.2,86,11.9,3.700000000000001
50,2019-09-21,2019-09-22,18.5,10.8,14.2,0,81,10.8,7.699999999999999
50,2019-09-21,2019-09-23,14.9,8.1,11.2,0,75,6.7,6.800000000000001
50,2019-09-21,2019-09-24,20.5,9.2,14.2,0,81,10.8,11.3
50,2019-09-21,2019-09-25,20.5,12.2,15.8,0,77,11.4,8.3
50,2019-09-21,2019-09-26,19.5,11.4,14.7,0,81,11.3,8.1
50,2019-09-21,2019-09-27,22,10.3,15.2,0,80,11.3,11.7
50,2019-09-21,2019-09-28,21.6,11.4,15.4,0,73,10.4,10.200000000000001
50,2019-09-21,2019-09-29,24.1,11.2,16.6,0,79,12.4,12.900000000000002
50,2019-09-21,2019-09-30,24.5,14.4,18.3,0,76,13.4,10.1
50,2019-09-21,2019-10-01,28.5,13.2,19.5,0,73,13.8,15.3
50,2019-09-21,2019-10-02,31.5,15.4,23.1,0,68,15.9,16.1
50,2019-09-21,2019-10-03,26,17.8,21.5,0.3,70,15.5,8.2
50,2019-09-21,2019-10-04,27.1,14.9,19.7,0.2,72,14,12.200000000000001
50,2019-09-21,2019-10-05,29.9,16.1,22,0.6,73,16.1,13.799999999999997
50,2019-09-21,2019-10-06,18.2,14.3,15.8,23.2,88,13.9,3.8999999999999986
50,2019-09-21,2019-10-07,18.5,13.6,15.3,14.7,87,13.1,4.9
50,2019-09-21,2019-10-08,23.6,12.1,17,0,81,13.3,11.500000000000002
50,2019-09-21,2019-10-09,25,13.5,18.6,0,77,14,11.5
50,2019-09-21,2019-10-10,25.9,12.1,18.2,0,75,13,13.799999999999999
50,2019-09-21,2019-10-11,27.8,15.1,20.5,0,76,15.4,12.700000000000001
50,2019-09-21,2019-10-12,29.9,17.5,23.6,0,70,16.9,12.399999999999999
50,2019-09-21,2019-10-13,31,19.8,24.9,0.4,63,16.6,11.2
50,2019-09-21,2019-10-14,30.4,18.7,23.2,16.3,69,16.8,11.7
50,2019-09-21,2019-10-15,18.8,14.4,16.5,3.9,83,13.5,4.4
50,2019-09-21,2019-10-16,23.5,14,17.8,0.1,78,13.7,9.5
50,2019-09-21,2019-10-17,26,16.4,19.9,0.1,80,16.2,9.600000000000001
50,2019-09-21,2019-10-18,26.8,17.5,21.4,2.6,85,18.7,9.3
50,2019-09-21,2019-10-19,24.6,18.2,20.9,3.1,83,17.6,6.400000000000002
51,2019-10-08,2019-09-10,28.9,17.3,23.2,0,66,16,11.599999999999998
51,2019-10-08,2019-09-11,28.4,17.5,22.3,0,76,17.5,10.899999999999999
51,2019-10-08,2019-09-12,19,15.1,16.7,10.3,93,15.5,3.9000000000000004
51,2019-10-08,2019-09-13,19.2,9.6,14.2,0,85,11.5,9.6
51,2019-10-08,2019-09-14,24.4,13.4,18.1,0.5,79,14.4,10.999999999999998
51,2019-10-08,2019-09-15,30.2,16.5,22,0,72,16.5,13.7
51,2019-10-08,2019-09-16,31,20.3,24.7,0,64,17,10.7
51,2019-10-08,2019-09-17,19.5,13.8,16,6.1,91,14.5,5.699999999999999
51,2019-10-08,2019-09-18,17.5,11.9,14,6.4,88,11.8,5.6
51,2019-10-08,2019-09-19,24.2,10.3,16.3,10.9,87,14,13.899999999999999
51,2019-10-08,2019-09-20,17.5,11.1,15.1,0.8,84,12.2,6.4
51,2019-10-08,2019-09-21,19.5,8.1,12.9,0,81,9.3,11.4
51,2019-10-08,2019-09-22,18.1,8.4,12.6,0,73,7.1,9.700000000000001
51,2019-10-08,2019-09-23,18.9,7.8,12.7,0,68,6.5,11.099999999999998
51,2019-10-08,2019-09-24,21.1,9.1,14.4,0,67,8,12.000000000000002
51,2019-10-08,2019-09-25,22.2,10.7,15.9,0,73,10.6,11.5
51,2019-10-08,2019-09-26,23,11.4,16.9,0,76,12.1,11.6
51,2019-10-08,2019-09-27,21.5,10.9,16.1,0,67,9.6,10.6
51,2019-10-08,2019-09-28,24.7,12.5,17.7,0,67,11.2,12.2
51,2019-10-08,2019-09-29,27.1,14.6,20.1,0,64,12.3,12.500000000000002
51,2019-10-08,2019-09-30,29,14.7,21.2,0,62,12.7,14.3
51,2019-10-08,2019-10-01,32.7,16.1,23.8,0,56,13.5,16.6
51,2019-10-08,2019-10-02,30.6,21.1,24.9,6.3,56,15,9.5
51,2019-10-08,2019-10-03,20.9,15.6,18,19.4,92,16.7,5.299999999999999
51,2019-10-08,2019-10-04,26.2,17,20.5,5,82,17.2,9.2
51,2019-10-08,2019-10-05,20.5,14.9,17.8,43.4,97,17.3,5.6
51,2019-10-08,2019-10-06,18.1,12.3,14.9,3.5,85,12.2,5.800000000000001
51,2019-10-08,2019-10-07,23,12.9,17.1,0.6,80,13.1,10.1
51,2019-10-08,2019-10-08,23.5,13.6,18.2,0,74,13,9.9
51,2019-10-08,2019-10-09,25.5,13.1,18.8,0,70,12.7,12.4
51,2019-10-08,2019-10-10,28.4,15.1,20.9,0,66,13.8,13.299999999999999
51,2019-10-08,2019-10-11,30.7,16,22.9,0,57,13.5,14.7
51,2019-10-08,2019-10-12,32,18.5,25.1,0,57,15.4,13.5
51,2019-10-08,2019-10-13,31.6,21.4,26,0.6,54,15.8,10.200000000000003
51,2019-10-08,2019-10-14,22.8,14.6,19.6,1.1,82,16.4,8.200000000000001
51,2019-10-08,2019-10-15,20.9,12.8,16.2,8.4,80,12.5,8.099999999999998
51,2019-10-08,2019-10-16,22.4,13.9,17.7,7.3,80,14.3,8.499999999999998
51,2019-10-08,2019-10-17,26.8,16.1,20.3,19.8,85,17.4,10.7
51,2019-10-08,2019-10-18,25.1,17.8,20.6,4.5,87,18.2,7.300000000000001
51,2019-10-08,2019-10-19,21.9,14.6,18.1,0.2,80,14.3,7.299999999999999
51,2019-10-08,2019-10-20,24,9.9,16.3,0,65,9.5,14.1
51,2019-10-08,2019-10-21,21,14.3,16.5,18.5,87,14.3,6.699999999999999
51,2019-10-08,2019-10-22,18.6,12.4,14.7,1.3,83,11.8,6.200000000000001
51,2019-10-08,2019-10-23,23.5,11.4,17,0.6,77,12.4,12.1
51,2019-10-08,2019-10-24,24.8,13.4,18.7,0,71,12.6,11.4
51,2019-10-08,2019-10-25,25,12.1,18.5,0,65,11.2,12.9
51,2019-10-08,2019-10-26,28.5,14.5,20.6,0,72,14.6,14
51,2019-10-08,2019-10-27,22.7,18.5,20.5,14.2,82,17.3,4.199999999999999
51,2019-10-08,2019-10-28,27.4,17.8,21,1.5,81,17.4,9.599999999999998
51,2019-10-08,2019-10-29,29,19,22.2,5,81,18.6,10
51,2019-10-08,2019-10-30,29.8,19.5,22.7,7.8,81,19.2,10.3
51,2019-10-08,2019-10-31,24,19,22,5.7,85,19.3,5
51,2019-10-08,2019-11-01,28.6,17.9,22.5,0,77,17.7,10.700000000000003
51,2019-10-08,2019-11-02,30,18.2,23.4,7.7,73,18,11.8
51,2019-10-08,2019-11-03,24.4,19.1,21.8,0.5,87,19.5,5.299999999999997
51,2019-10-08,2019-11-04,24.8,19.6,21.7,34,90,20.1,5.199999999999999
51,2019-10-08,2019-11-05,23.5,18.4,21,28.6,89,19,5.100000000000001
52,2019-09-26,2019-08-29,27,13.8,19.5,0,71,13.6,13.2
52,2019-09-26,2019-08-30,27.9,15.9,21.1,0,64,13.5,11.999999999999998
52,2019-09-26,2019-08-31,22,13.1,16.3,26.4,89,14.2,8.9
52,2019-09-26,2019-09-01,15.4,8.9,12.1,0,83,8.9,6.5
52,2019-09-26,2019-09-02,18.2,5.4,11,0,77,6.9,12.799999999999999
52,2019-09-26,2019-09-03,17.2,6.9,11.6,0,75,6.9,10.299999999999999
52,2019-09-26,2019-09-04,16.5,6.2,10.6,0,79,6.7,10.3
52,2019-09-26,2019-09-05,18.6,3.5,9.9,0,73,5,15.100000000000001
52,2019-09-26,2019-09-06,18.5,9.6,12.8,14.6,82,9.8,8.9
52,2019-09-26,2019-09-07,25.5,13.9,18.8,0.6,78,14.9,11.6
52,2019-09-26,2019-09-08,29.8,19,23.4,0,67,16.7,10.8
52,2019-09-26,2019-09-09,30,21.5,25.2,0,54,15.1,8.5
52,2019-09-26,2019-09-10,28.9,17.3,23.2,0,66,16,11.599999999999998
52,2019-09-26,2019-09-11,28.4,17.5,22.3,0,76,17.5,10.899999999999999
52,2019-09-26,2019-09-12,19,15.1,16.7,10.3,93,15.5,3.9000000000000004
52,2019-09-26,2019-09-13,19.2,9.6,14.2,0,85,11.5,9.6
52,2019-09-26,2019-09-14,24.4,13.4,18.1,0.5,79,14.4,10.999999999999998
52,2019-09-26,2019-09-15,30.2,16.5,22,0,72,16.5,13.7
52,2019-09-26,2019-09-16,31,20.3,24.7,0,64,17,10.7
52,2019-09-26,2019-09-17,19.5,13.8,16,6.1,91,14.5,5.699999999999999
52,2019-09-26,2019-09-18,17.5,11.9,14,6.4,88,11.8,5.6
52,2019-09-26,2019-09-19,24.2,10.3,16.3,10.9,87,14,13.899999999999999
52,2019-09-26,2019-09-20,17.5,11.1,15.1,0.8,84,12.2,6.4
52,2019-09-26,2019-09-21,19.5,8.1,12.9,0,81,9.3,11.4
52,2019-09-26,2019-09-22,18.1,8.4,12.6,0,73,7.1,9.700000000000001
52,2019-09-26,2019-09-23,18.9,7.8,12.7,0,68,6.5,11.099999999999998
52,2019-09-26,2019-09-24,21.1,9.1,14.4,0,67,8,12.000000000000002
52,2019-09-26,2019-09-25,22.2,10.7,15.9,0,73,10.6,11.5
52,2019-09-26,2019-09-26,23,11.4,16.9,0,76,12.1,11.6
52,2019-09-26,2019-09-27,21.5,10.9,16.1,0,67,9.6,10.6
52,2019-09-26,2019-09-28,24.7,12.5,17.7,0,67,11.2,12.2
52,2019-09-26,2019-09-29,27.1,14.6,20.1,0,64,12.3,12.500000000000002
52,2019-09-26,2019-09-30,29,14.7,21.2,0,62,12.7,14.3
52,2019-09-26,2019-10-01,32.7,16.1,23.8,0,56,13.5,16.6
52,2019-09-26,2019-10-02,30.6,21.1,24.9,6.3,56,15,9.5
52,2019-09-26,2019-10-03,20.9,15.6,18,19.4,92,16.7,5.299999999999999
52,2019-09-26,2019-10-04,26.2,17,20.5,5,82,17.2,9.2
52,2019-09-26,2019-10-05,20.5,14.9,17.8,43.4,97,17.3,5.6
52,2019-09-26,2019-10-06,18.1,12.3,14.9,3.5,85,12.2,5.800000000000001
52,2019-09-26,2019-10-07,23,12.9,17.1,0.6,80,13.1,10.1
52,2019-09-26,2019-10-08,23.5,13.6,18.2,0,74,13,9.9
52,2019-09-26,2019-10-09,25.5,13.1,18.8,0,70,12.7,12.4
52,2019-09-26,2019-10-10,28.4,15.1,20.9,0,66,13.8,13.299999999999999
52,2019-09-26,2019-10-11,30.7,16,22.9,0,57,13.5,14.7
52,2019-09-26,2019-10-12,32,18.5,25.1,0,57,15.4,13.5
52,2019-09-26,2019-10-13,31.6,21.4,26,0.6,54,15.8,10.200000000000003
52,2019-09-26,2019-10-14,22.8,14.6,19.6,1.1,82,16.4,8.200000000000001
52,2019-09-26,2019-10-15,20.9,12.8,16.2,8.4,80,12.5,8.099999999999998
52,2019-09-26,2019-10-16,22.4,13.9,17.7,7.3,80,14.3,8.499999999999998
52,2019-09-26,2019-10-17,26.8,16.1,20.3,19.8,85,17.4,10.7
52,2019-09-26,2019-10-18,25.1,17.8,20.6,4.5,87,18.2,7.300000000000001
52,2019-09-26,2019-10-19,21.9,14.6,18.1,0.2,80,14.3,7.299999999999999
52,2019-09-26,2019-10-20,24,9.9,16.3,0,65,9.5,14.1
52,2019-09-26,2019-10-21,21,14.3,16.5,18.5,87,14.3,6.699999999999999
52,2019-09-26,2019-10-22,18.6,12.4,14.7,1.3,83,11.8,6.200000000000001
52,2019-09-26,2019-10-23,23.5,11.4,17,0.6,77,12.4,12.1
52,2019-09-26,2019-10-24,24.8,13.4,18.7,0,71,12.6,11.4
53,2019-10-04,2019-09-06,18.5,9.6,12.8,14.6,82,9.8,8.9
53,2019-10-04,2019-09-07,25.5,13.9,18.8,0.6,78,14.9,11.6
53,2019-10-04,2019-09-08,29.8,19,23.4,0,67,16.7,10.8
53,2019-10-04,2019-09-09,30,21.5,25.2,0,54,15.1,8.5
53,2019-10-04,2019-09-10,28.9,17.3,23.2,0,66,16,11.599999999999998
53,2019-10-04,2019-09-11,28.4,17.5,22.3,0,76,17.5,10.899999999999999
53,2019-10-04,2019-09-12,19,15.1,16.7,10.3,93,15.5,3.9000000000000004
53,2019-10-04,2019-09-13,19.2,9.6,14.2,0,85,11.5,9.6
53,2019-10-04,2019-09-14,24.4,13.4,18.1,0.5,79,14.4,10.999999999999998
53,2019-10-04,2019-09-15,30.2,16.5,22,0,72,16.5,13.7
53,2019-10-04,2019-09-16,31,20.3,24.7,0,64,17,10.7
53,2019-10-04,2019-09-17,19.5,13.8,16,6.1,91,14.5,5.699999999999999
53,2019-10-04,2019-09-18,17.5,11.9,14,6.4,88,11.8,5.6
53,2019-10-04,2019-09-19,24.2,10.3,16.3,10.9,87,14,13.899999999999999
53,2019-10-04,2019-09-20,17.5,11.1,15.1,0.8,84,12.2,6.4
53,2019-10-04,2019-09-21,19.5,8.1,12.9,0,81,9.3,11.4
53,2019-10-04,2019-09-22,18.1,8.4,12.6,0,73,7.1,9.700000000000001
53,2019-10-04,2019-09-23,18.9,7.8,12.7,0,68,6.5,11.099999999999998
53,2019-10-04,2019-09-24,21.1,9.1,14.4,0,67,8,12.000000000000002
53,2019-10-04,2019-09-25,22.2,10.7,15.9,0,73,10.6,11.5
53,2019-10-04,2019-09-26,23,11.4,16.9,0,76,12.1,11.6
53,2019-10-04,2019-09-27,21.5,10.9,16.1,0,67,9.6,10.6
53,2019-10-04,2019-09-28,24.7,12.5,17.7,0,67,11.2,12.2
53,2019-10-04,2019-09-29,27.1,14.6,20.1,0,64,12.3,12.500000000000002
53,2019-10-04,2019-09-30,29,14.7,21.2,0,62,12.7,14.3
53,2019-10-04,2019-10-01,32.7,16.1,23.8,0,56,13.5,16.6
53,2019-10-04,2019-10-02,30.6,21.1,24.9,6.3,56,15,9.5
53,2019-10-04,2019-10-03,20.9,15.6,18,19.4,92,16.7,5.299999999999999
53,2019-10-04,2019-10-04,26.2,17,20.5,5,82,17.2,9.2
53,2019-10-04,2019-10-05,20.5,14.9,17.8,43.4,97,17.3,5.6
53,2019-10-04,2019-10-06,18.1,12.3,14.9,3.5,85,12.2,5.800000000000001
53,2019-10-04,2019-10-07,23,12.9,17.1,0.6,80,13.1,10.1
53,2019-10-04,2019-10-08,23.5,13.6,18.2,0,74,13,9.9
53,2019-10-04,2019-10-09,25.5,13.1,18.8,0,70,12.7,12.4
53,2019-10-04,2019-10-10,28.4,15.1,20.9,0,66,13.8,13.299999999999999
53,2019-10-04,2019-10-11,30.7,16,22.9,0,57,13.5,14.7
53,2019-10-04,2019-10-12,32,18.5,25.1,0,57,15.4,13.5
53,2019-10-04,2019-10-13,31.6,21.4,26,0.6,54,15.8,10.200000000000003
53,2019-10-04,2019-10-14,22.8,14.6,19.6,1.1,82,16.4,8.200000000000001
53,2019-10-04,2019-10-15,20.9,12.8,16.2,8.4,80,12.5,8.099999999999998
53,2019-10-04,2019-10-16,22.4,13.9,17.7,7.3,80,14.3,8.499999999999998
53,2019-10-04,2019-10-17,26.8,16.1,20.3,19.8,85,17.4,10.7
53,2019-10-04,2019-10-18,25.1,17.8,20.6,4.5,87,18.2,7.300000000000001
53,2019-10-04,2019-10-19,21.9,14.6,18.1,0.2,80,14.3,7.299999999999999
53,2019-10-04,2019-10-20,24,9.9,16.3,0,65,9.5,14.1
53,2019-10-04,2019-10-21,21,14.3,16.5,18.5,87,14.3,6.699999999999999
53,2019-10-04,2019-10-22,18.6,12.4,14.7,1.3,83,11.8,6.200000000000001
53,2019-10-04,2019-10-23,23.5,11.4,17,0.6,77,12.4,12.1
53,2019-10-04,2019-10-24,24.8,13.4,18.7,0,71,12.6,11.4
53,2019-10-04,2019-10-25,25,12.1,18.5,0,65,11.2,12.9
53,2019-10-04,2019-10-26,28.5,14.5,20.6,0,72,14.6,14
53,2019-10-04,2019-10-27,22.7,18.5,20.5,14.2,82,17.3,4.199999999999999
53,2019-10-04,2019-10-28,27.4,17.8,21,1.5,81,17.4,9.599999999999998
53,2019-10-04,2019-10-29,29,19,22.2,5,81,18.6,10
53,2019-10-04,2019-10-30,29.8,19.5,22.7,7.8,81,19.2,10.3
53,2019-10-04,2019-10-31,24,19,22,5.7,85,19.3,5
53,2019-10-04,2019-11-01,28.6,17.9,22.5,0,77,17.7,10.700000000000003
54,2020-09-08,2020-08-11,25,12.4,18.4,0,52,8.2,12.6
54,2020-09-08,2020-08-12,24.8,12.9,18.4,0,63,10.6,11.9
54,2020-09-08,2020-08-13,22.7,13,17.2,7.9,83,14.1,9.7
54,2020-09-08,2020-08-14,23.7,14.8,18.5,7.2,81,15.1,8.899999999999999
54,2020-09-08,2020-08-15,21.5,15.6,17.9,17.2,79,13.9,5.9
54,2020-09-08,2020-08-16,18.8,14.6,16,32,92,14.6,4.200000000000001
54,2020-09-08,2020-08-17,20.5,15.1,16.8,15.3,89,14.8,5.4
54,2020-09-08,2020-08-18,17.7,14.9,16,30.9,92,14.8,2.799999999999999
54,2020-09-08,2020-08-19,16.4,13.1,14.8,30.7,89,13,3.299999999999999
54,2020-09-08,2020-08-20,13.2,11.4,12.2,18.9,93,11.1,1.799999999999999
54,2020-09-08,2020-08-21,9.7,4.3,6.5,5.3,87,4.4,5.3999999999999995
54,2020-09-08,2020-08-22,14.7,2,7.4,0.8,78,3.6,12.7
54,2020-09-08,2020-08-23,15.2,6.1,9.9,0,83,6.9,9.1
54,2020-09-08,2020-08-24,17.4,8.1,11.7,0,83,8.7,9.299999999999999
54,2020-09-08,2020-08-25,18.5,8.5,12.7,0,81,9.3,10
54,2020-09-08,2020-08-26,21.6,8.1,13.3,0,79,9.2,13.500000000000002
54,2020-09-08,2020-08-27,24.1,7.7,14.7,0,74,9.2,16.400000000000002
54,2020-09-08,2020-08-28,25.4,9.2,16.7,0,74,11.5,16.2
54,2020-09-08,2020-08-29,26.2,13.3,18.5,0,66,11.4,12.899999999999999
54,2020-09-08,2020-08-30,27.1,14.8,20.4,0,60,12,12.3
54,2020-09-08,2020-08-31,22.8,13.6,17.2,0,83,14.2,9.200000000000001
54,2020-09-08,2020-09-01,20.8,13.4,16,0,84,13.2,7.4
54,2020-09-08,2020-09-02,23.9,14.1,17.4,0,81,13.8,9.799999999999999
54,2020-09-08,2020-09-03,25.8,14.3,18.8,0,76,13.9,11.5
54,2020-09-08,2020-09-04,27.1,15.9,21.3,0,57,12.2,11.200000000000001
54,2020-09-08,2020-09-05,28.2,13.7,19.7,0,75,14.4,14.5
54,2020-09-08,2020-09-06,28.5,16.6,21.6,0,59,12.3,11.899999999999999
54,2020-09-08,2020-09-07,27.8,15.3,20.3,0,73,14.4,12.5
54,2020-09-08,2020-09-08,26,14.6,19.2,0,81,15.5,11.4
54,2020-09-08,2020-09-09,28,15,19.8,0,78,15.2,13
54,2020-09-08,2020-09-10,29.1,15.7,21.2,0,71,14.9,13.400000000000002
54,2020-09-08,2020-09-11,29.1,16.1,21.6,0.3,70,15.4,13
54,2020-09-08,2020-09-12,31,20.6,24.7,0,45,11.5,10.399999999999999
54,2020-09-08,2020-09-13,30.3,16.1,22.8,0,53,11.9,14.2
54,2020-09-08,2020-09-14,28.8,19.6,23.6,0,45,10.9,9.2
54,2020-09-08,2020-09-15,20.5,10.9,15.7,0,77,11.5,9.6
54,2020-09-08,2020-09-16,27.8,12.4,18.5,0,71,12.3,15.4
54,2020-09-08,2020-09-17,24.3,15.6,18.9,2,82,15.6,8.700000000000001
54,2020-09-08,2020-09-18,26,12.4,19.4,0.8,70,13.2,13.6
54,2020-09-08,2020-09-19,26.5,13.7,20.1,0,65,12.5,12.8
54,2020-09-08,2020-09-20,22.9,13.2,17.2,0,74,12.1,9.7
54,2020-09-08,2020-09-21,20.8,10.9,14.4,0.2,79,10.7,9.9
54,2020-09-08,2020-09-22,18.1,9.8,13,0.1,78,9.1,8.3
54,2020-09-08,2020-09-23,20.2,10,14.3,0,78,10.4,10.2
54,2020-09-08,2020-09-24,23.9,12.9,17.3,0,71,11.2,10.999999999999998
54,2020-09-08,2020-09-25,26.8,13.6,19.1,0,68,12,13.200000000000001
54,2020-09-08,2020-09-26,30.6,15.1,22.2,0,60,12.5,15.500000000000002
54,2020-09-08,2020-09-27,30.8,20.3,23.8,2.8,51,12.1,10.5
54,2020-09-08,2020-09-28,25.5,18.9,22.2,4.1,73,17,6.600000000000001
54,2020-09-08,2020-09-29,28.8,17.6,21.1,2.4,82,17.6,11.2
54,2020-09-08,2020-09-30,33.4,16.4,23.7,0,62,14.6,17
54,2020-09-08,2020-10-01,33,17.5,24.5,0,61,14.8,15.5
54,2020-09-08,2020-10-02,33.5,21.8,27.2,0,41,12.4,11.7
54,2020-09-08,2020-10-03,28.1,17.8,23,0.1,60,14.3,10.3
54,2020-09-08,2020-10-04,23,13.9,17.2,0.1,78,13.2,9.1
54,2020-09-08,2020-10-05,30.6,15.1,21.1,0,72,15.2,15.500000000000002
54,2020-09-08,2020-10-06,32.7,17.1,25.2,0,60,16.1,15.600000000000001
55,2020-09-13,2020-08-16,18.4,6.8,12.4,0,80,8.7,11.599999999999998
55,2020-09-13,2020-08-17,19.9,7.1,12.8,0,80,8.9,12.799999999999999
55,2020-09-13,2020-08-18,20.3,10.4,15.1,4.2,86,12.7,9.9
55,2020-09-13,2020-08-19,16.3,11.6,14.8,0.8,87,12.5,4.700000000000001
55,2020-09-13,2020-08-20,11.2,4.8,7.7,0,60,0.3,6.3999999999999995
55,2020-09-13,2020-08-21,10.3,-0.9,4.8,0,62,-2.1,11.200000000000001
55,2020-09-13,2020-08-22,14.9,1.8,7.3,0,67,1.2,13.1
55,2020-09-13,2020-08-23,19.2,6.7,11.7,0,72,6.5,12.5
55,2020-09-13,2020-08-24,22,9,15,0,69,9.2,13
55,2020-09-13,2020-08-25,26,13.7,19,0,65,12.2,12.3
55,2020-09-13,2020-08-26,27.2,14.6,20.1,0,65,12.9,12.6
55,2020-09-13,2020-08-27,29,18,23,0,53,12.8,11
55,2020-09-13,2020-08-28,25.2,17.8,20.6,1.2,71,15.1,7.399999999999999
55,2020-09-13,2020-08-29,29,18.1,22.7,1,66,15.6,10.899999999999999
55,2020-09-13,2020-08-30,19.5,12.6,15.8,1.3,90,14.1,6.9
55,2020-09-13,2020-08-31,15.9,9.8,12,0,84,9.3,6.1
55,2020-09-13,2020-09-01,24.1,9.2,14.4,0,78,10.5,14.900000000000002
55,2020-09-13,2020-09-02,24.1,15.1,18.7,0,76,14.2,9.000000000000002
55,2020-09-13,2020-09-03,16.5,10.2,13.1,14.9,87,11,6.300000000000001
55,2020-09-13,2020-09-04,19.5,7.2,12.5,0.3,84,9.6,12.3
55,2020-09-13,2020-09-05,21.7,12.1,15.3,0,82,12.1,9.6
55,2020-09-13,2020-09-06,16.6,12.3,13.9,37.2,94,13,4.300000000000001
55,2020-09-13,2020-09-07,16.6,12.6,13.8,15.5,92,12.5,4.000000000000002
55,2020-09-13,2020-09-08,22.4,12.2,16,0,86,13.5,10.2
55,2020-09-13,2020-09-09,25.6,15.8,20,2.7,86,17.5,9.8
55,2020-09-13,2020-09-10,23.3,15.8,19.2,5,85,16.4,7.5
55,2020-09-13,2020-09-11,30.6,17.1,22.6,0,77,18.1,13.5
55,2020-09-13,2020-09-12,22.9,17.1,20,2.2,84,17.1,5.799999999999997
55,2020-09-13,2020-09-13,28.7,18.3,22.5,0,70,16.5,10.399999999999999
55,2020-09-13,2020-09-14,21.9,12.6,16.9,13.1,80,13.4,9.299999999999999
55,2020-09-13,2020-09-15,17.1,7.8,12.5,2.9,75,8.1,9.3
55,2020-09-13,2020-09-16,19.5,15.8,17.4,15.5,91,15.9,3.6999999999999993
55,2020-09-13,2020-09-17,23,14.2,18.2,4.6,85,15.6,8.8
55,2020-09-13,2020-09-18,24,13.4,18.4,0,83,15,10.6
55,2020-09-13,2020-09-19,23,11.9,17.2,0,74,12.3,11.1
55,2020-09-13,2020-09-20,15,6.1,10.7,0,72,5.6,8.9
55,2020-09-13,2020-09-21,16.6,4.9,10.6,0,67,3.8,11.700000000000001
55,2020-09-13,2020-09-22,21.1,6.1,12.8,0,68,6.7,15.000000000000002
55,2020-09-13,2020-09-23,24.9,12.6,17.8,0,72,12.4,12.299999999999999
55,2020-09-13,2020-09-24,27.5,14.1,20.4,0,67,13.3,13.4
55,2020-09-13,2020-09-25,29.5,15.4,21.8,0,58,12.9,14.1
55,2020-09-13,2020-09-26,33.1,17.6,24.3,0,56,14.7,15.5
55,2020-09-13,2020-09-27,25,20,22.1,20.7,74,16.9,5
55,2020-09-13,2020-09-28,19,13.4,16.2,2.8,78,12.1,5.6
55,2020-09-13,2020-09-29,27.4,9.6,17.4,0,74,12.2,17.799999999999997
55,2020-09-13,2020-09-30,32.5,19.5,24.8,8.5,74,19.6,13
55,2020-09-13,2020-10-01,34,23,27.6,0.2,56,17.8,11
55,2020-09-13,2020-10-02,28.9,19,24.9,0,62,16.9,9.899999999999999
55,2020-09-13,2020-10-03,16.5,12.1,14.4,16.1,82,11.4,4.4
55,2020-09-13,2020-10-04,26.5,11.8,17.6,5.2,79,13.6,14.7
55,2020-09-13,2020-10-05,22.8,17.4,20,0,78,15.9,5.400000000000002
55,2020-09-13,2020-10-06,23.8,11.9,17.1,0,79,13.1,11.9
55,2020-09-13,2020-10-07,26.5,14.8,19.8,0,74,14.6,11.7
55,2020-09-13,2020-10-08,23.1,15.2,18.8,0,84,15.7,7.900000000000002
55,2020-09-13,2020-10-09,23,12.3,17,0,77,12.3,10.7
55,2020-09-13,2020-10-10,20.9,11.5,16,0,56,6.5,9.399999999999999
55,2020-09-13,2020-10-11,26.9,9.6,17.6,0,58,8.2,17.299999999999997
56,2020-10-03,2020-09-05,26.1,12.4,18,3,81,14.5,13.700000000000001
56,2020-10-03,2020-09-06,17.9,13.2,15.5,12.6,89,13.8,4.699999999999999
56,2020-10-03,2020-09-07,15.8,11.6,13.4,41.4,94,12.5,4.200000000000001
56,2020-10-03,2020-09-08,22.8,12.8,16.8,3.9,84,13.9,10
56,2020-10-03,2020-09-09,23.9,16,19.3,2.6,83,16.3,7.899999999999999
56,2020-10-03,2020-09-10,23.8,14.6,19.3,14.1,84,16.4,9.200000000000001
56,2020-10-03,2020-09-11,29.5,17.3,21.8,0,76,17.1,12.2
56,2020-10-03,2020-09-12,23.5,16.5,20.6,0.2,77,16.1,7
56,2020-10-03,2020-09-13,29.4,17.9,22.2,0.2,70,16.1,11.5
56,2020-10-03,2020-09-14,23.3,11.6,17.4,6.8,85,14.6,11.700000000000001
56,2020-10-03,2020-09-15,20.5,8.1,13.9,0.1,74,9.1,12.4
56,2020-10-03,2020-09-16,18.2,14.7,16.5,8.5,86,14.1,3.5
56,2020-10-03,2020-09-17,21.9,14.9,17.6,10.7,85,14.9,6.999999999999998
56,2020-10-03,2020-09-18,22.4,14.7,17.7,0.5,83,14.5,7.699999999999999
56,2020-10-03,2020-09-19,22.3,12.4,16.9,0,79,13,9.9
56,2020-10-03,2020-09-20,14.3,5.7,9.9,0,73,5,8.600000000000001
56,2020-10-03,2020-09-21,15.5,4.5,9.3,0,66,2.5,11
56,2020-10-03,2020-09-22,20.1,6.7,12.4,0,69,6.5,13.400000000000002
56,2020-10-03,2020-09-23,22.6,9.9,15.7,0.1,74,10.7,12.700000000000001
56,2020-10-03,2020-09-24,25,12.4,18,0,72,12.4,12.6
56,2020-10-03,2020-09-25,26.6,14.2,19.6,0,63,12.1,12.400000000000002
56,2020-10-03,2020-09-26,30.5,16,22.4,0,55,12.6,14.5
56,2020-10-03,2020-09-27,23.3,19.2,21.5,9.1,67,14.5,4.100000000000001
56,2020-10-03,2020-09-28,19.6,12.5,15.9,14.9,84,13.1,7.100000000000001
56,2020-10-03,2020-09-29,27,9.9,17,0,76,12.4,17.1
56,2020-10-03,2020-09-30,31.2,18.9,24.1,0.1,74,18.9,12.3
56,2020-10-03,2020-10-01,32.4,19.6,25.4,0,66,18,12.799999999999997
56,2020-10-03,2020-10-02,31.1,17.5,25.9,0,54,15.4,13.600000000000001
56,2020-10-03,2020-10-03,17.5,12.2,14.3,9.7,86,12,5.300000000000001
56,2020-10-03,2020-10-04,24.5,12.6,17.3,1.4,76,12.8,11.9
56,2020-10-03,2020-10-05,25.6,15.2,19,0,78,14.9,10.400000000000002
56,2020-10-03,2020-10-06,25.5,12.9,18.3,0,83,15.1,12.6
56,2020-10-03,2020-10-07,27.5,17.9,21.9,0.1,74,16.9,9.600000000000001
56,2020-10-03,2020-10-08,22.5,14.6,18.3,0.8,86,15.8,7.9
56,2020-10-03,2020-10-09,20.6,13.7,16.7,0,86,14.2,6.900000000000002
56,2020-10-03,2020-10-10,19.9,10.9,14.7,0,64,7.4,8.999999999999998
56,2020-10-03,2020-10-11,24.8,10.2,16.5,0,62,8.6,14.600000000000001
56,2020-10-03,2020-10-12,27.9,12.9,19.7,0,62,11.4,14.999999999999998
56,2020-10-03,2020-10-13,24.6,10.4,17.7,0,63,9.3,14.200000000000001
56,2020-10-03,2020-10-14,27.2,10.9,18.8,0,59,9.2,16.299999999999997
56,2020-10-03,2020-10-15,26.6,13.6,19.3,0,58,9.2,13.000000000000002
56,2020-10-03,2020-10-16,26.4,13.1,19.2,0,61,10,13.299999999999999
56,2020-10-03,2020-10-17,25.4,11.8,18.8,0,49,7,13.599999999999998
56,2020-10-03,2020-10-18,27.5,13.2,20.3,0,51,9,14.3
56,2020-10-03,2020-10-19,29.5,14.8,21.9,0,53,10.8,14.7
56,2020-10-03,2020-10-20,31,17,23.8,0,57,13.5,14
56,2020-10-03,2020-10-21,28.5,15.8,22,0.2,68,14.9,12.7
56,2020-10-03,2020-10-22,29.5,16.8,22.8,0,58,13,12.7
56,2020-10-03,2020-10-23,28.6,17.5,22.5,0.1,59,13.5,11.100000000000001
56,2020-10-03,2020-10-24,29,17.3,22.5,2.6,65,15.2,11.7
56,2020-10-03,2020-10-25,30.1,17,23.3,0,64,15,13.100000000000001
56,2020-10-03,2020-10-26,24.5,17.6,20.1,29.5,77,15.7,6.899999999999999
56,2020-10-03,2020-10-27,21.8,13.9,17.3,3.3,81,13.6,7.9
56,2020-10-03,2020-10-28,25,10.8,17.9,0,62,9.6,14.2
56,2020-10-03,2020-10-29,23.3,13.5,17.5,0,68,11.4,9.8
56,2020-10-03,2020-10-30,22.5,10.5,15.3,0,63,7.9,12
56,2020-10-03,2020-10-31,21.3,13,16,2.4,69,10.2,8.3
57,2020-06-13,2020-05-16,19.6,11.4,14.2,0,83,10.9,8.200000000000001
57,2020-06-13,2020-05-17,21.8,10.4,15,0,61,7.3,11.4
57,2020-06-13,2020-05-18,23.4,8.6,15.2,0,69,8.8,14.799999999999999
57,2020-06-13,2020-05-19,21.1,10.7,14.9,0,76,10.6,10.400000000000002
57,2020-06-13,2020-05-20,22.6,13.6,17.1,0,80,13.3,9.000000000000002
57,2020-06-13,2020-05-21,24.5,14.1,18.1,0,77,13.6,10.4
57,2020-06-13,2020-05-22,19,17.1,18,17.8,79,14.1,1.8999999999999986
57,2020-06-13,2020-05-23,17.5,11.1,14.8,24.6,80,11.1,6.4
57,2020-06-13,2020-05-24,15.2,8.1,11.7,0,77,7.7,7.1
57,2020-06-13,2020-05-25,15.8,7.6,11.2,0,75,6.5,8.200000000000001
57,2020-06-13,2020-05-26,16.1,6.4,10.5,0,73,5.4,9.700000000000001
57,2020-06-13,2020-05-27,18.4,3.8,10.4,0,73,5.5,14.599999999999998
57,2020-06-13,2020-05-28,19.4,4.8,11.2,0,77,6.9,14.599999999999998
57,2020-06-13,2020-05-29,20,5.2,11.7,0,76,7.2,14.8
57,2020-06-13,2020-05-30,21.2,7.8,12.9,0,72,7.7,13.399999999999999
57,2020-06-13,2020-05-31,21.6,5.8,13,0,77,8.6,15.8
57,2020-06-13,2020-06-01,19.5,12.9,15.9,0.9,82,12.7,6.6
57,2020-06-13,2020-06-02,17.8,12.4,14.7,11.5,89,12.9,5.4
57,2020-06-13,2020-06-03,16.7,12.3,14.3,0.5,89,12.5,4.399999999999999
57,2020-06-13,2020-06-04,15.6,12.2,13.9,6.5,93,12.8,3.4000000000000004
57,2020-06-13,2020-06-05,19.4,14.1,15.8,9.2,90,14.2,5.299999999999999
57,2020-06-13,2020-06-06,17.8,12.1,15.5,34.2,82,12.3,5.700000000000001
57,2020-06-13,2020-06-07,18.9,6.8,12,0,84,9.1,12.099999999999998
57,2020-06-13,2020-06-08,22.2,7.7,13.6,2.3,86,11.2,14.5
57,2020-06-13,2020-06-09,21.5,15.2,17.8,3.7,93,16.7,6.300000000000001
57,2020-06-13,2020-06-10,21,16.4,18.3,7.4,94,17.3,4.600000000000001
57,2020-06-13,2020-06-11,23.5,17.4,19.5,0.4,88,17.4,6.100000000000001
57,2020-06-13,2020-06-12,24.6,14.6,19,0,80,15.2,10.000000000000002
57,2020-06-13,2020-06-13,24,15.7,19.2,0.3,76,14.7,8.3
57,2020-06-13,2020-06-14,17.9,13.4,15.8,1.1,87,13.5,4.499999999999998
57,2020-06-13,2020-06-15,17.4,11.1,13.4,0,84,10.6,6.299999999999999
57,2020-06-13,2020-06-16,19.9,12.9,15.3,0,85,12.6,6.999999999999998
57,2020-06-13,2020-06-17,20.1,13.6,15.9,0,85,13.2,6.500000000000002
57,2020-06-13,2020-06-18,21.4,13.6,16.8,0,83,13.6,7.799999999999999
57,2020-06-13,2020-06-19,22.8,12.7,17.1,0,79,13.2,10.100000000000001
57,2020-06-13,2020-06-20,23.1,10.2,16.3,0,79,12.4,12.900000000000002
57,2020-06-13,2020-06-21,23.9,13.2,17.5,0,73,12.2,10.7
57,2020-06-13,2020-06-22,23.2,11.2,16.4,0,74,11.5,12
57,2020-06-13,2020-06-23,22.7,13.8,17,0,76,12.3,8.899999999999999
57,2020-06-13,2020-06-24,22.8,10.4,16,0,70,10.1,12.4
57,2020-06-13,2020-06-25,22,14.1,17.5,8.2,75,12.8,7.9
57,2020-06-13,2020-06-26,16.7,9.8,13.8,2.1,90,12.1,6.899999999999999
57,2020-06-13,2020-06-27,11.9,9.2,10.4,71.9,89,8.7,2.700000000000001
57,2020-06-13,2020-06-28,14.1,6.8,10.5,0,88,8.4,7.3
57,2020-06-13,2020-06-29,16.2,8.4,12.1,0,86,9.8,7.799999999999999
57,2020-06-13,2020-06-30,21.5,12.4,15.7,5.6,86,13.2,9.1
57,2020-06-13,2020-07-01,15,8.1,11.4,3.4,75,7,6.9
57,2020-06-13,2020-07-02,12.7,3,7.9,0,80,4.3,9.7
57,2020-06-13,2020-07-03,13.2,1.3,7.5,0,80,4,11.899999999999999
57,2020-06-13,2020-07-04,18.6,6.3,10.6,0,81,7.1,12.3
57,2020-06-13,2020-07-05,23.5,11.1,15.9,0,73,10.8,12.4
57,2020-06-13,2020-07-06,20.2,12.9,16.2,3.8,85,13.7,7.299999999999999
57,2020-06-13,2020-07-07,23.8,14,17.5,2.3,84,14.4,9.8
57,2020-06-13,2020-07-08,18.9,13.6,16.5,4,76,12.1,5.299999999999999
57,2020-06-13,2020-07-09,14.6,5.9,10.3,0.1,81,6.9,8.7
57,2020-06-13,2020-07-10,18.2,4.9,10.4,0,76,6.1,13.299999999999999
57,2020-06-13,2020-07-11,23,11.6,16.2,0,76,11.7,11.4
58,2020-09-12,2020-08-15,18.9,12.3,15.5,10.8,87,13.3,6.599999999999998
58,2020-09-12,2020-08-16,18.2,6.8,12.2,0,85,9.4,11.399999999999999
58,2020-09-12,2020-08-17,20.5,8.3,13.4,0,82,10.1,12.2
58,2020-09-12,2020-08-18,20.5,13.1,15.8,4.2,86,13.5,7.4
58,2020-09-12,2020-08-19,17.1,12.1,15.1,1.3,88,13,5.000000000000002
58,2020-09-12,2020-08-20,11,4.8,8.3,0,65,2,6.2
58,2020-09-12,2020-08-21,9.8,0.3,4.6,0,68,-1,9.5
58,2020-09-12,2020-08-22,15.1,1.6,7.3,0,67,1.2,13.5
58,2020-09-12,2020-08-23,19,6.3,11.8,0,70,6.2,12.7
58,2020-09-12,2020-08-24,21.9,8.9,14.9,0,68,8.9,12.999999999999998
58,2020-09-12,2020-08-25,25.4,13.1,18.5,0,66,11.9,12.299999999999999
58,2020-09-12,2020-08-26,26,14.4,19.7,0,62,12.1,11.6
58,2020-09-12,2020-08-27,28.3,17,21.7,0,57,12.7,11.3
58,2020-09-12,2020-08-28,26,18.1,20.9,0.5,70,15,7.899999999999999
58,2020-09-12,2020-08-29,28.8,18.9,22.9,0,64,15.5,9.900000000000002
58,2020-09-12,2020-08-30,20.4,12.9,16.3,0,86,14,7.499999999999998
58,2020-09-12,2020-08-31,18.5,10,12.9,1.6,84,10.2,8.5
58,2020-09-12,2020-09-01,24.9,9.4,15.7,0,78,11.6,15.499999999999998
58,2020-09-12,2020-09-02,25.5,15.8,19.7,0,72,14.3,9.7
58,2020-09-12,2020-09-03,16.9,11.1,14,25.1,89,12.1,5.799999999999999
58,2020-09-12,2020-09-04,20,9.7,13.5,1.8,85,10.7,10.3
58,2020-09-12,2020-09-05,24.4,12.4,16.6,0.4,83,13.7,11.999999999999998
58,2020-09-12,2020-09-06,17.9,12.4,14.8,20.3,91,13.2,5.499999999999998
58,2020-09-12,2020-09-07,16.5,12,13.7,22.6,93,12.5,4.5
58,2020-09-12,2020-09-08,22.6,11.9,16.3,0,87,13.9,10.700000000000001
58,2020-09-12,2020-09-09,24.2,16.5,19.8,8.6,85,17.1,7.699999999999999
58,2020-09-12,2020-09-10,24,15.2,19.8,4.1,84,16.8,8.8
58,2020-09-12,2020-09-11,30.1,17.6,22.5,0,76,17.8,12.5
58,2020-09-12,2020-09-12,25,17.5,21.4,0.2,77,16.8,7.5
58,2020-09-12,2020-09-13,29.2,18.8,22.9,0.2,69,16.7,10.399999999999999
58,2020-09-12,2020-09-14,22.6,13.2,17.4,9.4,85,14.7,9.400000000000002
58,2020-09-12,2020-09-15,20.5,8.2,13.7,1.3,76,9.4,12.3
58,2020-09-12,2020-09-16,20.1,16.7,17.9,10.2,87,15.7,3.400000000000002
58,2020-09-12,2020-09-17,22.8,14.6,18.5,9.7,84,15.6,8.200000000000001
58,2020-09-12,2020-09-18,24,14.9,18.8,0.1,83,15.5,9.1
58,2020-09-12,2020-09-19,23.4,11.4,17.4,0,76,12.8,11.999999999999998
58,2020-09-12,2020-09-20,15.4,5.8,10.9,0,70,5.4,9.600000000000001
58,2020-09-12,2020-09-21,16.8,4.4,10.2,0,68,3.8,12.4
58,2020-09-12,2020-09-22,21.6,5.6,12.8,0,68,6.7,16
58,2020-09-12,2020-09-23,24.4,12.8,17.6,0,70,11.9,11.599999999999998
58,2020-09-12,2020-09-24,26.8,14.1,19.8,0,67,13.1,12.700000000000001
58,2020-09-12,2020-09-25,28.7,15.1,21.3,0,59,12.7,13.6
58,2020-09-12,2020-09-26,32.6,18,24.3,0,54,14.2,14.600000000000001
58,2020-09-12,2020-09-27,25.5,19.4,23,21.5,66,15.6,6.100000000000001
58,2020-09-12,2020-09-28,19.9,13.4,16.4,19.1,81,12.9,6.499999999999998
58,2020-09-12,2020-09-29,27.6,9.9,17.6,0,76,12.7,17.700000000000003
58,2020-09-12,2020-09-30,32.3,19.5,25.3,6.3,71,19.4,12.799999999999997
58,2020-09-12,2020-10-01,34.2,22.9,27.2,0.1,60,18.5,11.300000000000004
58,2020-09-12,2020-10-02,32,19,26.2,0,57,16.4,13
58,2020-09-12,2020-10-03,17.1,12.6,14.7,13,82,11.7,4.500000000000002
58,2020-09-12,2020-10-04,27.2,12.6,18.4,4.4,77,13.9,14.6
58,2020-09-12,2020-10-05,22.4,17,19.9,0,76,15.5,5.399999999999999
58,2020-09-12,2020-10-06,24.8,12.1,17.8,0,81,14.3,12.700000000000001
58,2020-09-12,2020-10-07,28.1,14.8,20.8,0,73,15.3,13.3
58,2020-09-12,2020-10-08,22.9,15.6,19.1,0.1,86,16.4,7.299999999999999
58,2020-09-12,2020-10-09,21.8,13.4,17.1,0,82,13.7,8.4
58,2020-09-12,2020-10-10,20.9,11.5,15.9,0,58,7,9.399999999999999
59,2020-10-03,2020-09-05,26.4,15.7,19.9,0,66,13.1,10.7
59,2020-10-03,2020-09-06,26.4,17.8,21,0,54,11.2,8.599999999999998
59,2020-10-03,2020-09-07,25.5,14.1,19.1,0,68,12.6,11.4
59,2020-10-03,2020-09-08,25.9,13.3,18.8,0.2,77,14.3,12.599999999999998
59,2020-10-03,2020-09-09,26.9,14.5,19.3,0,75,14.1,12.399999999999999
59,2020-10-03,2020-09-10,27.5,15.7,20.6,0,68,13.8,11.8
59,2020-10-03,2020-09-11,27.5,15.7,20.6,0.3,67,13.7,11.8
59,2020-10-03,2020-09-12,28.1,19.3,22.8,0,50,11.5,8.8
59,2020-10-03,2020-09-13,28.5,18.1,22.3,0,43,9,10.399999999999999
59,2020-10-03,2020-09-14,26.2,18,21.6,0,47,9.7,8.2
59,2020-10-03,2020-09-15,21.1,12.3,17.2,0,71,11.6,8.8
59,2020-10-03,2020-09-16,25,12.8,18.2,0,67,11.5,12.2
59,2020-10-03,2020-09-17,20.2,14,16.1,9.8,87,13.8,6.199999999999999
59,2020-10-03,2020-09-18,23.6,9.9,16.4,0.1,78,12.2,13.700000000000001
59,2020-10-03,2020-09-19,23.7,12.4,17.5,0,67,10.5,11.299999999999999
59,2020-10-03,2020-09-20,23,12.8,17.1,0,69,10.9,10.2
59,2020-10-03,2020-09-21,21,10.5,14.7,5.8,80,11.1,10.5
59,2020-10-03,2020-09-22,19.2,9.2,13.7,0.2,78,9.5,10
59,2020-10-03,2020-09-23,21.5,8.4,14,0,73,8.8,13.1
59,2020-10-03,2020-09-24,23.5,10.6,16.2,0,69,9.5,12.9
59,2020-10-03,2020-09-25,25.9,11.8,18.4,0,57,9.4,14.099999999999998
59,2020-10-03,2020-09-26,28.7,14.2,21.1,0,53,10.5,14.5
59,2020-10-03,2020-09-27,28.5,18.2,21.6,6.2,58,12.3,10.3
59,2020-10-03,2020-09-28,22,16.1,19.1,14.4,86,16.5,5.899999999999999
59,2020-10-03,2020-09-29,27.1,14.1,19.2,4.5,78,14.9,13.000000000000002
59,2020-10-03,2020-09-30,29.4,17.9,22.6,0,72,16.6,11.5
59,2020-10-03,2020-10-01,30.8,17,23.2,0,63,15.1,13.8
59,2020-10-03,2020-10-02,31,19.3,24.6,0,50,13,11.7
59,2020-10-03,2020-10-03,30.1,17.9,22.6,2.2,62,14.5,12.200000000000003
59,2020-10-03,2020-10-04,24.8,12.5,17.4,0,76,12.7,12.3
59,2020-10-03,2020-10-05,29.4,13.4,20.1,0,71,13.8,15.999999999999998
59,2020-10-03,2020-10-06,30.2,15.4,22.5,0.2,70,15.8,14.799999999999999
59,2020-10-03,2020-10-07,30.3,18.7,23.6,0.6,64,15.8,11.600000000000001
59,2020-10-03,2020-10-08,25.1,17.3,20.3,16.1,83,17.2,7.800000000000001
59,2020-10-03,2020-10-09,19.5,14.5,16.9,27.9,89,14.9,5
59,2020-10-03,2020-10-10,20.1,6.3,14.1,0,73,8.7,13.8
59,2020-10-03,2020-10-11,22.5,9.2,15,0,72,9.3,13.3
59,2020-10-03,2020-10-12,24.1,10.9,17.3,0,72,11.7,13.200000000000001
59,2020-10-03,2020-10-13,25.7,12,18.8,0,61,10.5,13.7
59,2020-10-03,2020-10-14,26,13.4,19.5,1.1,76,14.8,12.6
59,2020-10-03,2020-10-15,21.9,13.6,17.4,15.6,83,14.3,8.299999999999999
59,2020-10-03,2020-10-16,21.9,12.6,16.9,0,72,11.4,9.299999999999999
59,2020-10-03,2020-10-17,22.3,8.9,15,0,66,8.2,13.4
59,2020-10-03,2020-10-18,22.9,9.9,15.8,0,68,9.3,12.999999999999998
59,2020-10-03,2020-10-19,25.5,13.3,18.6,0.1,72,12.9,12.2
59,2020-10-03,2020-10-20,24.9,15.5,19.9,1.1,77,15.4,9.399999999999999
59,2020-10-03,2020-10-21,26.4,15.4,20.7,0,67,13.7,10.999999999999998
59,2020-10-03,2020-10-22,25.3,13.6,19.1,0,64,11.3,11.700000000000001
59,2020-10-03,2020-10-23,26.6,14,19.3,0,65,11.9,12.600000000000001
59,2020-10-03,2020-10-24,25.9,14.6,19.5,0.6,74,14.2,11.299999999999999
59,2020-10-03,2020-10-25,25.7,15.1,20.1,0.6,74,14.7,10.6
59,2020-10-03,2020-10-26,22.2,15.4,18.6,3.2,79,14.7,6.799999999999999
59,2020-10-03,2020-10-27,21.8,13.9,17.6,3,74,12.2,7.9
59,2020-10-03,2020-10-28,25.7,8.4,17.3,0,56,7.6,17.299999999999997
59,2020-10-03,2020-10-29,25,11.8,17.2,11.5,60,8.4,13.2
59,2020-10-03,2020-10-30,16.9,12.5,14.4,8,84,11.6,4.399999999999999
59,2020-10-03,2020-10-31,20.2,9.8,14.1,1,75,9.6,10.399999999999999
60,2021-09-04,2021-08-07,20.8,11.8,15,0.4,85,12.2,9
60,2021-09-04,2021-08-08,21.5,12.2,15.9,0.1,81,12.2,9.3
60,2021-09-04,2021-08-09,24,11.6,17.3,0,67,10.5,12.4
60,2021-09-04,2021-08-10,25.1,14.6,18.9,0,54,9.1,10.500000000000002
60,2021-09-04,2021-08-11,17.8,12.1,15,1.9,79,11.3,5.700000000000001
60,2021-09-04,2021-08-12,12.3,9.4,10.6,9.9,88,8.6,2.9000000000000004
60,2021-09-04,2021-08-13,12.9,8.4,10.1,18.8,93,9.1,4.5
60,2021-09-04,2021-08-14,18,10.1,13,6.4,87,10.8,7.9
60,2021-09-04,2021-08-15,22,10.9,15.1,1.4,87,12.7,11.1
60,2021-09-04,2021-08-16,23.1,13.2,16.8,2,87,14.3,9.900000000000002
60,2021-09-04,2021-08-17,26.2,13.2,18.7,0,76,13.9,13
60,2021-09-04,2021-08-18,27.9,16.2,20.8,0,61,12.7,11.7
60,2021-09-04,2021-08-19,27.1,16.6,20.9,0,67,14,10.5
60,2021-09-04,2021-08-20,26.3,16.8,20.8,0,51,10.3,9.5
60,2021-09-04,2021-08-21,25,14.1,19.2,0,59,10.7,10.9
60,2021-09-04,2021-08-22,26,14.6,19.6,0,58,10.5,11.4
60,2021-09-04,2021-08-23,27.5,14.8,21.1,0,47,9.1,12.7
60,2021-09-04,2021-08-24,28.3,17.2,22,0,47,10,11.100000000000001
60,2021-09-04,2021-08-25,28.4,20,23.4,0,44,10.2,8.399999999999999
60,2021-09-04,2021-08-26,23.6,14.9,17.7,1,68,11.3,8.700000000000001
60,2021-09-04,2021-08-27,15.8,11.4,13.7,2.6,86,11.4,4.4
60,2021-09-04,2021-08-28,16.1,12.1,13.5,1.7,90,11.8,4.000000000000002
60,2021-09-04,2021-08-29,18.4,11.9,14.6,0.5,85,11.9,6.499999999999998
60,2021-09-04,2021-08-30,19.2,9.9,14,0,84,11.1,9.299999999999999
60,2021-09-04,2021-08-31,20.8,12,15.4,0,78,11.2,8.8
60,2021-09-04,2021-09-01,23.5,12.6,16.5,0,77,12,10.9
60,2021-09-04,2021-09-02,24.9,11.4,17.3,0,73,11.5,13.499999999999998
60,2021-09-04,2021-09-03,26.8,12.9,20,0,53,9.4,13.9
60,2021-09-04,2021-09-04,26.6,15.4,20.5,1.1,59,11.9,11.200000000000001
60,2021-09-04,2021-09-05,26.7,14.8,19.9,0.9,76,14.9,11.899999999999999
60,2021-09-04,2021-09-06,26.5,15.1,19.5,0,74,14.2,11.4
60,2021-09-04,2021-09-07,25.5,12.8,17.4,0,78,13.1,12.7
60,2021-09-04,2021-09-08,28.9,14.9,20,0.5,77,15.2,13.999999999999998
60,2021-09-04,2021-09-09,21.3,14.3,17.4,10.6,81,14.1,7
60,2021-09-04,2021-09-10,21.6,8.3,14.3,0,64,7,13.3
60,2021-09-04,2021-09-11,19.2,9.8,13.8,4.8,76,9.5,9.399999999999999
60,2021-09-04,2021-09-12,27.9,13.1,19.1,0.1,79,14.9,14.799999999999999
60,2021-09-04,2021-09-13,30.5,16.4,22.8,0,64,14.8,14.100000000000001
60,2021-09-04,2021-09-14,25.3,18.8,22.1,9.1,67,15.1,6.5
60,2021-09-04,2021-09-15,23,15.1,18.4,8.9,89,16.5,7.9
60,2021-09-04,2021-09-16,18.3,12.9,14.8,2.4,88,12.9,5.4
60,2021-09-04,2021-09-17,18.6,11.4,14.3,1.4,90,12.7,7.200000000000001
60,2021-09-04,2021-09-18,27,14,19.3,0,82,15.8,13
60,2021-09-04,2021-09-19,29.2,16.9,21.8,0.1,81,17.9,12.3
60,2021-09-04,2021-09-20,30.8,16.5,22.5,0,77,17.5,14.3
60,2021-09-04,2021-09-21,26.9,17.6,22.8,0.5,65,15.8,9.299999999999997
60,2021-09-04,2021-09-22,19.6,10.5,14.9,0,72,9.7,9.100000000000001
60,2021-09-04,2021-09-23,20.3,8.1,13.2,0,71,7.5,12.200000000000001
60,2021-09-04,2021-09-24,21.5,9.4,15,0.2,75,10.3,12.1
60,2021-09-04,2021-09-25,24.5,13.2,17.9,0.2,77,13.4,11.3
60,2021-09-04,2021-09-26,26.1,13.6,19.2,0.5,76,14.4,12.500000000000002
60,2021-09-04,2021-09-27,27.4,15.2,21.1,0,71,15,12.2
60,2021-09-04,2021-09-28,28,17.5,22.7,0,61,14,10.5
60,2021-09-04,2021-09-29,26.1,17,21.1,0.5,73,15.7,9.100000000000001
60,2021-09-04,2021-09-30,21.1,14.6,17.6,9.3,79,13.8,6.500000000000002
60,2021-09-04,2021-10-01,18.4,14.1,16.5,12.5,89,14.7,4.299999999999999
60,2021-09-04,2021-10-02,19.4,13.4,16.3,14.8,90,14.6,5.999999999999998
61,2021-09-10,2021-08-13,18.6,6.9,11.9,0,78,7.9,11.700000000000001
61,2021-09-10,2021-08-14,19.4,8.6,14,0,83,10.9,10.799999999999999
61,2021-09-10,2021-08-15,19.9,10.1,14.5,0,87,12,9.799999999999999
61,2021-09-10,2021-08-16,23.6,10.9,15.5,0,87,13.1,12.700000000000001
61,2021-09-10,2021-08-17,29,14.6,20.4,0,75,15.4,14.4
61,2021-09-10,2021-08-18,29,17.5,23.7,0.1,60,15.3,11.5
61,2021-09-10,2021-08-19,30.5,21.6,24.8,0,50,13.5,8.899999999999999
61,2021-09-10,2021-08-20,26.5,20.5,23.8,0,47,11.6,6
61,2021-09-10,2021-08-21,28.8,15.4,20.4,0,67,13.6,13.4
61,2021-09-10,2021-08-22,29.4,20.2,24.2,0,43,10.8,9.2
61,2021-09-10,2021-08-23,25.4,16.1,19.9,0,71,14.1,9.299999999999997
61,2021-09-10,2021-08-24,25,13.8,18.5,4.4,75,13.9,11.2
61,2021-09-10,2021-08-25,23.5,15.9,19.1,23.4,91,17.5,7.6
61,2021-09-10,2021-08-26,16.5,11.1,14,6.5,82,10.6,5.4
61,2021-09-10,2021-08-27,19,6.8,12.3,0,78,8,12.2
61,2021-09-10,2021-08-28,22.2,9.1,14.8,0,76,10.3,13.1
61,2021-09-10,2021-08-29,22.4,12.7,17.5,0.1,75,12.9,9.7
61,2021-09-10,2021-08-30,23.6,12.7,17.8,0,73,12.5,10.900000000000002
61,2021-09-10,2021-08-31,24.8,13.8,18.8,0,68,12.3,11
61,2021-09-10,2021-09-01,25.6,15,19.6,0,62,11.8,10.600000000000001
61,2021-09-10,2021-09-02,27.6,17.9,21.6,0,57,12.7,9.700000000000003
61,2021-09-10,2021-09-03,23.1,14.6,18.7,0.9,80,15,8.500000000000002
61,2021-09-10,2021-09-04,25.9,12.6,17.4,7.1,86,14.9,13.299999999999999
61,2021-09-10,2021-09-05,22,15.8,18.3,5.1,87,15.9,6.199999999999999
61,2021-09-10,2021-09-06,22.3,11.9,16,1.9,86,13.6,10.4
61,2021-09-10,2021-09-07,24.5,16.1,19.1,10.3,83,16.2,8.399999999999999
61,2021-09-10,2021-09-08,22.6,17.5,20,12.8,82,16.7,5.100000000000001
61,2021-09-10,2021-09-09,16.9,9.6,13.4,0.3,80,9.9,7.299999999999999
61,2021-09-10,2021-09-10,16.1,9.4,12.8,0.1,78,8.9,6.700000000000001
61,2021-09-10,2021-09-11,21,8.7,14.5,0,78,10.4,12.3
61,2021-09-10,2021-09-12,28.1,13.4,20,0,70,14.1,14.700000000000001
61,2021-09-10,2021-09-13,29.9,19.5,23.9,15.4,72,18.4,10.399999999999999
61,2021-09-10,2021-09-14,21.8,16,19.5,27.2,92,18.2,5.800000000000001
61,2021-09-10,2021-09-15,16.9,7.8,12.8,0,68,6.6,9.099999999999998
61,2021-09-10,2021-09-16,20.1,9.1,14.3,0,71,9,11.000000000000002
61,2021-09-10,2021-09-17,16.9,11.9,14.3,46.5,89,12.4,4.999999999999998
61,2021-09-10,2021-09-18,25.6,14.1,18.8,0.1,85,16.1,11.500000000000002
61,2021-09-10,2021-09-19,29,17,22.1,0.6,84,19,12
61,2021-09-10,2021-09-20,29.9,23.4,25.7,0,69,19.5,6.5
61,2021-09-10,2021-09-21,22.3,13.7,17.5,4.9,81,14.1,8.600000000000001
61,2021-09-10,2021-09-22,21,8.9,14.2,0,63,7.1,12.1
61,2021-09-10,2021-09-23,19.2,12.4,15.7,11.3,75,11.2,6.799999999999999
61,2021-09-10,2021-09-24,20.2,14.1,16.6,0.2,81,13,6.1
61,2021-09-10,2021-09-25,21.5,9.6,15,0,79,11.2,11.9
61,2021-09-10,2021-09-26,26.2,11.5,17.8,0,76,12.8,14.7
61,2021-09-10,2021-09-27,29.8,12.9,20.8,0,74,15.5,16.9
61,2021-09-10,2021-09-28,22,17.4,19.5,5.5,91,17.9,4.600000000000001
61,2021-09-10,2021-09-29,23,14.6,18.5,0.2,83,15.3,8.4
61,2021-09-10,2021-09-30,26.4,14.9,19.1,8.5,83,16,11.499999999999998
61,2021-09-10,2021-10-01,24.2,18.4,20.6,19.7,86,18.1,5.800000000000001
61,2021-09-10,2021-10-02,25,15.1,19.4,0.4,80,15.6,9.9
61,2021-09-10,2021-10-03,23,16.5,19.2,4.8,85,16.6,6.5
61,2021-09-10,2021-10-04,18.2,13.1,15.3,0.6,80,11.8,5.1
61,2021-09-10,2021-10-05,21,8.1,14.1,0,73,8.8,12.9
61,2021-09-10,2021-10-06,21.8,14.7,17.8,35,80,14.3,7.100000000000001
61,2021-09-10,2021-10-07,19.5,11.3,15.3,0,75,10.6,8.2
61,2021-09-10,2021-10-08,23.5,10.1,15.4,11,82,12.2,13.4
62,2021-09-18,2021-08-21,27.5,14.8,19.8,1.2,65,12.6,12.7
62,2021-09-18,2021-08-22,27.5,16.1,21.3,0,54,11,11.399999999999999
62,2021-09-18,2021-08-23,28.8,16.5,22.2,0,47,10.1,12.3
62,2021-09-18,2021-08-24,26.1,17,20.8,5.6,67,14.2,9.100000000000001
62,2021-09-18,2021-08-25,23.9,17.2,19.8,11.3,79,15.9,6.699999999999999
62,2021-09-18,2021-08-26,17,11.9,13.6,11.3,87,11.4,5.1
62,2021-09-18,2021-08-27,18.2,6.6,11.6,0,81,8.1,11.6
62,2021-09-18,2021-08-28,19.2,9.8,14,0,78,10.1,9.399999999999999
62,2021-09-18,2021-08-29,20.4,12.4,15.6,0,77,11.5,7.999999999999998
62,2021-09-18,2021-08-30,21.3,11,15.7,0,75,11,10.3
62,2021-09-18,2021-08-31,22.2,12.4,16.7,0,73,11.5,9.799999999999999
62,2021-09-18,2021-09-01,23.4,12.1,17.1,0,71,11.3,11.299999999999999
62,2021-09-18,2021-09-02,24.9,14.6,18.9,0,69,12.8,10.299999999999999
62,2021-09-18,2021-09-03,22.9,13.8,18.4,0,79,14.5,9.099999999999998
62,2021-09-18,2021-09-04,25.1,11.9,16.8,4.7,86,14.2,13.200000000000001
62,2021-09-18,2021-09-05,21.2,15.2,17.7,12.8,86,15.2,6
62,2021-09-18,2021-09-06,22.6,12,16.3,0,85,13.6,10.600000000000001
62,2021-09-18,2021-09-07,22,14.1,17.5,3.4,82,14.3,7.9
62,2021-09-18,2021-09-08,20.6,16.9,18,10.9,87,15.8,3.700000000000003
62,2021-09-18,2021-09-09,16.5,10.3,14,1.1,80,10.4,6.199999999999999
62,2021-09-18,2021-09-10,15.9,9.1,12.1,0,78,8.3,6.800000000000001
62,2021-09-18,2021-09-11,20.4,6.2,12.8,0,80,9.1,14.2
62,2021-09-18,2021-09-12,27.5,12.6,18.6,0,71,13.1,14.9
62,2021-09-18,2021-09-13,29.8,19,23.5,1.9,66,16.6,10.8
62,2021-09-18,2021-09-14,20.6,17.3,18.9,53.8,91,17.3,3.3000000000000007
62,2021-09-18,2021-09-15,15.9,8.9,13.1,0.1,78,9,7
62,2021-09-18,2021-09-16,19.3,10.2,14.8,3.4,77,10.7,9.100000000000001
62,2021-09-18,2021-09-17,17.8,12.4,14.3,52.9,90,12.7,5.4
62,2021-09-18,2021-09-18,24.8,13.8,18.2,6.1,85,15.4,11
62,2021-09-18,2021-09-19,28.4,17.8,21.5,0.9,84,18.6,10.599999999999998
62,2021-09-18,2021-09-20,29.5,19,23.7,0.1,78,19.4,10.5
62,2021-09-18,2021-09-21,22.1,12.1,16.9,8.1,86,14.5,10.000000000000002
62,2021-09-18,2021-09-22,19.5,7,12.6,0,67,6.4,12.5
62,2021-09-18,2021-09-23,18.8,9.9,14.1,8.4,73,9.3,8.9
62,2021-09-18,2021-09-24,20,13.3,16.1,5.4,84,13.1,6.699999999999999
62,2021-09-18,2021-09-25,21.4,8.9,14.6,0,82,11.2,12.499999999999998
62,2021-09-18,2021-09-26,25.4,12.6,17.7,0,76,12.8,12.799999999999999
62,2021-09-18,2021-09-27,27.9,13.9,20,0,74,15.1,13.999999999999998
62,2021-09-18,2021-09-28,24,17.3,20,2.5,83,16.9,6.699999999999999
62,2021-09-18,2021-09-29,21.9,14.9,17.8,1.3,86,15.3,6.999999999999998
62,2021-09-18,2021-09-30,24.5,14.1,18,4.5,83,15,10.4
62,2021-09-18,2021-10-01,22.3,16.7,19.3,15.6,86,16.8,5.600000000000001
62,2021-09-18,2021-10-02,22.6,15.4,18.9,1,82,15.5,7.200000000000001
62,2021-09-18,2021-10-03,21,16.8,18,15.1,90,16.3,4.199999999999999
62,2021-09-18,2021-10-04,18,12.2,14.9,2.2,85,12.2,5.800000000000001
62,2021-09-18,2021-10-05,21.1,6.8,13.8,0.1,76,9.2,14.3
62,2021-09-18,2021-10-06,21.7,14.6,17.5,37.8,84,14.7,7.1
62,2021-09-18,2021-10-07,19,10.3,14.1,3.2,79,10.4,8.7
62,2021-09-18,2021-10-08,21.5,9.7,15.5,6.4,84,12.7,11.8
62,2021-09-18,2021-10-09,19,14.1,16.2,8.9,88,14.2,4.9
62,2021-09-18,2021-10-10,23.4,13.6,17.9,0,78,13.6,9.799999999999999
62,2021-09-18,2021-10-11,20.2,15.1,17.1,2.9,79,13.4,5.1
62,2021-09-18,2021-10-12,23.9,14.4,18.8,1.6,78,14.4,9.499999999999998
62,2021-09-18,2021-10-13,26,14.8,19.7,0,76,14.9,11.2
62,2021-09-18,2021-10-14,25.6,17,20.9,10.3,76,16.4,8.600000000000001
62,2021-09-18,2021-10-15,20.9,16.5,19.2,11.1,89,17.2,4.399999999999999
62,2021-09-18,2021-10-16,18.5,12.4,14.8,0.5,85,12.2,6.1
63,2021-09-02,2021-08-05,18.1,11.6,13.8,0,79,10,6.500000000000002
63,2021-09-02,2021-08-06,19.3,9.8,13.6,0,80,10.1,9.5
63,2021-09-02,2021-08-07,20.3,12,14.9,1.1,85,12.3,8.3
63,2021-09-02,2021-08-08,21.1,12.4,15.7,0.4,83,12.5,8.700000000000001
63,2021-09-02,2021-08-09,24,9.6,16.7,0,75,11.5,14.4
63,2021-09-02,2021-08-10,25,10.9,17.2,0,66,10.3,14.1
63,2021-09-02,2021-08-11,17.9,12.4,15.1,2.8,81,11.7,5.499999999999998
63,2021-09-02,2021-08-12,12.2,9.6,10.7,14.4,87,8.5,2.5999999999999996
63,2021-09-02,2021-08-13,13.1,8.9,10.5,41.7,93,9.3,4.199999999999999
63,2021-09-02,2021-08-14,17.7,10.6,13,11.6,87,10.8,7.1
63,2021-09-02,2021-08-15,21.2,11.4,15.1,0.1,87,12.8,9.799999999999999
63,2021-09-02,2021-08-16,21.8,13.6,16.2,5.5,90,14.4,8.200000000000001
63,2021-09-02,2021-08-17,25.9,13.4,18.4,0,80,14.5,12.499999999999998
63,2021-09-02,2021-08-18,27.9,15.2,20.7,0,73,15.1,12.7
63,2021-09-02,2021-08-19,27.4,16.5,20.5,0,75,15.5,10.899999999999999
63,2021-09-02,2021-08-20,26.2,13.3,20.1,0,59,11.5,12.899999999999999
63,2021-09-02,2021-08-21,24.7,13.4,18.6,0,66,11.9,11.299999999999999
63,2021-09-02,2021-08-22,25.8,15.1,19.4,0,64,11.7,10.700000000000001
63,2021-09-02,2021-08-23,27.2,12.3,19.1,0,60,10.7,14.899999999999999
63,2021-09-02,2021-08-24,28.2,17,21.6,0,57,12.3,11.2
63,2021-09-02,2021-08-25,28.4,17.4,21.8,0,53,11.6,11
63,2021-09-02,2021-08-26,22.2,14.1,17.5,1.1,70,11.7,8.1
63,2021-09-02,2021-08-27,15.4,11.1,13.4,0.2,87,11.2,4.300000000000001
63,2021-09-02,2021-08-28,17,12.1,13.9,3.3,86,11.5,4.9
63,2021-09-02,2021-08-29,17.9,12.1,14.4,0.3,84,11.7,5.799999999999999
63,2021-09-02,2021-08-30,19.3,9.2,14.1,0.2,82,10.9,10.100000000000001
63,2021-09-02,2021-08-31,21.7,11.9,15.6,0,78,11.3,9.799999999999999
63,2021-09-02,2021-09-01,22.6,12.5,16.3,0,77,11.9,10.100000000000001
63,2021-09-02,2021-09-02,24.8,12.4,17.1,0,77,12.5,12.4
63,2021-09-02,2021-09-03,26.7,10.6,18.7,0,65,11.2,16.1
63,2021-09-02,2021-09-04,23.9,13.8,19,0.2,71,13.4,10.099999999999998
63,2021-09-02,2021-09-05,26.2,15.6,19.8,2.9,78,15.2,10.6
63,2021-09-02,2021-09-06,25,15.6,19,0,77,14.4,9.4
63,2021-09-02,2021-09-07,23.8,13.3,17.4,0,77,13.1,10.5
63,2021-09-02,2021-09-08,28.5,15.3,19.6,0.5,79,15.4,13.2
63,2021-09-02,2021-09-09,21,13.4,17.3,5.7,80,13.6,7.6
63,2021-09-02,2021-09-10,21.2,7.2,13.9,0,66,7.2,14
63,2021-09-02,2021-09-11,19.4,8.1,13.6,2.2,71,8.3,11.299999999999999
63,2021-09-02,2021-09-12,26.6,13.6,18.9,0,81,15.2,13.000000000000002
63,2021-09-02,2021-09-13,30.8,16.2,22.5,0.1,69,15.5,14.600000000000001
63,2021-09-02,2021-09-14,24.3,19,21.4,7.9,69,15.1,5.300000000000001
63,2021-09-02,2021-09-15,22.2,14.6,18,14.6,88,15.9,7.6
63,2021-09-02,2021-09-16,18.2,13.1,14.9,3.4,86,12.6,5.1
63,2021-09-02,2021-09-17,18.3,11.6,14.7,2.3,89,12.9,6.700000000000001
63,2021-09-02,2021-09-18,25.2,14.3,18.5,0.5,85,15.8,10.899999999999999
63,2021-09-02,2021-09-19,27.9,17.8,21.8,0.2,84,18.7,10.099999999999998
63,2021-09-02,2021-09-20,29.8,17,22.2,0,79,18,12.8
63,2021-09-02,2021-09-21,26.5,17,21.6,1,75,16.8,9.5
63,2021-09-02,2021-09-22,19.1,10.6,14.5,0,71,9.2,8.500000000000002
63,2021-09-02,2021-09-23,20.2,8.9,13.6,0,72,8.2,11.299999999999999
63,2021-09-02,2021-09-24,21,9.6,14.5,0.8,79,10.8,11.4
63,2021-09-02,2021-09-25,23.7,13.6,17.7,0,77,13.4,10.1
63,2021-09-02,2021-09-26,25.9,15.1,19.3,0.1,79,15.2,10.799999999999999
63,2021-09-02,2021-09-27,27.5,16.1,21.1,0,74,15.6,11.399999999999999
63,2021-09-02,2021-09-28,27.5,17.6,22,0,69,15.3,9.899999999999999
63,2021-09-02,2021-09-29,25,17.1,20.6,0.9,81,16.9,7.899999999999999
63,2021-09-02,2021-09-30,22.2,14.4,17.9,0.6,75,13.2,7.799999999999999
64,2021-09-12,2021-08-15,19.9,10.2,14.8,0.1,86,12.2,9.7
64,2021-09-12,2021-08-16,24.1,9.6,15.9,0,84,12.7,14.500000000000002
64,2021-09-12,2021-08-17,28.4,14.8,20.3,0,75,15.3,13.599999999999998
64,2021-09-12,2021-08-18,29.6,17.8,23.4,0.5,62,15.3,11.8
64,2021-09-12,2021-08-19,30.1,20.5,24.3,0,52,13.6,9.600000000000001
64,2021-09-12,2021-08-20,28.4,20.4,23.7,0,48,11.9,8
64,2021-09-12,2021-08-21,28.5,15.4,21.1,0,61,12.9,13.1
64,2021-09-12,2021-08-22,29.1,19.6,23.4,0,45,10.7,9.5
64,2021-09-12,2021-08-23,30,14.8,21.8,0.2,60,13,15.2
64,2021-09-12,2021-08-24,24.9,14.2,19.9,1.4,71,14.3,10.7
64,2021-09-12,2021-08-25,23.6,16.8,20.2,27.2,86,17.8,6.800000000000001
64,2021-09-12,2021-08-26,15.9,11.5,14.1,10.5,83,11.1,4.4
64,2021-09-12,2021-08-27,19.2,6.7,12.4,0,77,8.1,12.5
64,2021-09-12,2021-08-28,21.8,10,15,0,76,10.4,11.8
64,2021-09-12,2021-08-29,22.5,12.8,17.2,0,74,12.3,9.7
64,2021-09-12,2021-08-30,23.4,12.4,17.4,0,73,12.2,10.999999999999998
64,2021-09-12,2021-08-31,24.1,13.2,18.2,0,70,12.2,10.900000000000002
64,2021-09-12,2021-09-01,24.7,13.6,18.6,0,64,11.5,11.1
64,2021-09-12,2021-09-02,27.2,16.3,20.8,0,61,12.8,10.899999999999999
64,2021-09-12,2021-09-03,23.5,14.6,18.8,0.2,80,15.1,8.9
64,2021-09-12,2021-09-04,26,12.9,17.8,5.2,84,14.9,13.1
64,2021-09-12,2021-09-05,21.4,16,18.5,2.4,85,15.9,5.399999999999999
64,2021-09-12,2021-09-06,24.1,12.5,16.7,1.2,85,13.9,11.600000000000001
64,2021-09-12,2021-09-07,25.2,16.1,19.7,5.8,76,15.3,9.099999999999998
64,2021-09-12,2021-09-08,22.2,17.4,20.3,10.2,79,16.4,4.800000000000001
64,2021-09-12,2021-09-09,16.9,9.9,13.9,0.1,79,10.2,6.999999999999998
64,2021-09-12,2021-09-10,16.1,9.1,12.8,0.4,77,8.9,7.000000000000002
64,2021-09-12,2021-09-11,21.1,7.4,14,0,77,9.8,13.700000000000001
64,2021-09-12,2021-09-12,28,13.1,19.8,0.1,68,13.6,14.9
64,2021-09-12,2021-09-13,30.1,20.5,24.8,6.8,65,17.6,9.600000000000001
64,2021-09-12,2021-09-14,22,17.2,19.8,41.1,91,18.3,4.800000000000001
64,2021-09-12,2021-09-15,16.5,8.4,13.1,0,75,8.2,8.1
64,2021-09-12,2021-09-16,20.1,9.5,14.6,2.6,73,9.9,10.600000000000001
64,2021-09-12,2021-09-17,19.2,12.6,15.1,55.2,91,13.7,6.6
64,2021-09-12,2021-09-18,26,15.2,19.3,1,84,16.4,10.8
64,2021-09-12,2021-09-19,29.7,17.7,22.4,0.5,83,19.1,12
64,2021-09-12,2021-09-20,30.2,22.5,25.4,0,71,19.6,7.699999999999999
64,2021-09-12,2021-09-21,23.1,13.3,18,9.2,83,14.8,9.8
64,2021-09-12,2021-09-22,20.8,8.1,14,0,63,6.8,12.700000000000001
64,2021-09-12,2021-09-23,18.7,12.3,15.5,13.5,72,10.3,6.399999999999999
64,2021-09-12,2021-09-24,20.5,14.1,16.6,0.5,82,13.1,6.4
64,2021-09-12,2021-09-25,22.3,9.1,15.2,0,80,11.5,13.200000000000001
64,2021-09-12,2021-09-26,26.4,10.1,17.7,0,75,12.3,16.299999999999997
64,2021-09-12,2021-09-27,29.6,13.4,20.6,0,73,15.2,16.200000000000003
64,2021-09-12,2021-09-28,23.1,16.2,19.7,2.1,85,17,6.900000000000002
64,2021-09-12,2021-09-29,23,15.3,18.7,0.1,84,15.7,7.699999999999999
64,2021-09-12,2021-09-30,26.1,14.8,19.2,6.8,82,16,11.3
64,2021-09-12,2021-10-01,22.7,18.1,20.5,24.5,88,18.4,4.599999999999998
64,2021-09-12,2021-10-02,24.2,16.5,19.6,0.9,81,15.9,7.699999999999999
64,2021-09-12,2021-10-03,22,16.9,19.1,8.2,87,16.8,5.100000000000001
64,2021-09-12,2021-10-04,18.5,12.7,15.8,0.8,81,12.5,5.800000000000001
64,2021-09-12,2021-10-05,21.4,8.1,14.3,0,74,9.2,13.299999999999999
64,2021-09-12,2021-10-06,23.5,15.3,18.4,38.1,80,14.8,8.2
64,2021-09-12,2021-10-07,20.2,11.1,15.4,1.2,75,10.7,9.1
64,2021-09-12,2021-10-08,23.4,10.3,16.1,19.5,82,12.9,13.099999999999998
64,2021-09-12,2021-10-09,21,15.6,18.2,26.5,87,15.9,5.4
64,2021-09-12,2021-10-10,25.2,14.8,19.7,0.1,77,15.1,10.399999999999999
65,2021-09-24,2021-08-27,14.9,6.9,10.9,0,86,8.5,8
65,2021-09-24,2021-08-28,16.7,10.8,13.1,1.2,84,10.4,5.899999999999999
65,2021-09-24,2021-08-29,18.2,10.4,13.9,0,82,10.7,7.799999999999999
65,2021-09-24,2021-08-30,19.4,10.1,13.8,0,78,9.6,9.299999999999999
65,2021-09-24,2021-08-31,20.3,10.9,14.7,0,74,9.7,9.4
65,2021-09-24,2021-09-01,22.6,10.2,15.1,0,73,9.7,12.400000000000002
65,2021-09-24,2021-09-02,23,10.3,16,0,68,9.3,12.7
65,2021-09-24,2021-09-03,25.8,11.6,17.5,0,57,8.3,14.200000000000001
65,2021-09-24,2021-09-04,24.9,13.7,18.1,0.4,62,10.5,11.2
65,2021-09-24,2021-09-05,25.2,14.3,18.5,2.2,72,12.9,10.899999999999999
65,2021-09-24,2021-09-06,27.4,12.3,18.3,0,70,11.5,15.099999999999998
65,2021-09-24,2021-09-07,25.6,12.3,17.7,0,72,12,13.3
65,2021-09-24,2021-09-08,25.5,15.5,19.3,10,74,14.3,10
65,2021-09-24,2021-09-09,18,11,14.3,16.2,80,10.5,7
65,2021-09-24,2021-09-10,18.2,4.2,10.7,0,74,5.6,14
65,2021-09-24,2021-09-11,19.7,6.5,12.7,2.1,75,8.3,13.2
65,2021-09-24,2021-09-12,26.6,13.6,18.9,0,73,13.4,13.000000000000002
65,2021-09-24,2021-09-13,28.4,17.2,22.1,0,61,13.8,11.2
65,2021-09-24,2021-09-14,22.8,17,20.2,17.9,74,14.8,5.800000000000001
65,2021-09-24,2021-09-15,21.3,14.1,16.7,62.2,91,15.1,7.200000000000001
65,2021-09-24,2021-09-16,17.4,12.5,14.8,5.7,88,12.9,4.899999999999999
65,2021-09-24,2021-09-17,19.9,10.7,14.4,2.2,87,12.3,9.2
65,2021-09-24,2021-09-18,25.8,13.3,18.7,0.1,80,14.9,12.5
65,2021-09-24,2021-09-19,28.3,16.2,21.3,1.6,78,16.7,12.100000000000001
65,2021-09-24,2021-09-20,29,17.1,22.6,0,71,16.4,11.899999999999999
65,2021-09-24,2021-09-21,25.5,17.2,21.1,0,70,15.3,8.3
65,2021-09-24,2021-09-22,17.9,10.9,14.3,0,71,8.8,6.999999999999998
65,2021-09-24,2021-09-23,19.8,7.6,13.1,0,69,7.1,12.200000000000001
65,2021-09-24,2021-09-24,22.4,10.1,15.4,0,73,10.3,12.299999999999999
65,2021-09-24,2021-09-25,24.1,12,17.2,0,75,12.1,12.100000000000001
65,2021-09-24,2021-09-26,25.1,13,18.6,0.2,73,13.1,12.100000000000001
65,2021-09-24,2021-09-27,26.1,14.8,19.9,0,71,13.9,11.3
65,2021-09-24,2021-09-28,26.5,16.2,21.3,0,62,13.1,10.3
65,2021-09-24,2021-09-29,25,15.6,19.4,0.9,76,14.7,9.4
65,2021-09-24,2021-09-30,21.6,13.6,17.1,1.7,81,13.8,8.000000000000002
65,2021-09-24,2021-10-01,18,15.4,16.6,22.3,88,14.5,2.5999999999999996
65,2021-09-24,2021-10-02,18.5,11.4,14.8,10.4,91,13.3,7.1
65,2021-09-24,2021-10-03,18.8,14.4,16,44.7,95,15.2,4.4
65,2021-09-24,2021-10-04,20,14.1,16.7,28.9,90,15,5.9
65,2021-09-24,2021-10-05,21.6,13.2,16.5,0,83,13.3,8.400000000000002
65,2021-09-24,2021-10-06,23,12.9,17.4,5.1,87,15.1,10.1
65,2021-09-24,2021-10-07,20.9,14.8,17.7,20.2,92,16.4,6.099999999999998
65,2021-09-24,2021-10-08,21,11.6,16,0.3,85,13.4,9.4
65,2021-09-24,2021-10-09,16.1,12.6,14.5,16.5,94,13.6,3.5000000000000018
65,2021-09-24,2021-10-10,18.4,11.8,14.6,0.7,85,11.9,6.599999999999998
65,2021-09-24,2021-10-11,18.9,13.2,15.3,1,83,12.4,5.699999999999999
65,2021-09-24,2021-10-12,22.1,12.5,16.7,0.8,80,12.9,9.600000000000001
65,2021-09-24,2021-10-13,23.5,13.1,17.4,0,77,12.9,10.4
65,2021-09-24,2021-10-14,23.8,14.6,18.1,4.8,77,13.9,9.200000000000001
65,2021-09-24,2021-10-15,18.5,15.8,17.1,25,93,15.9,2.6999999999999993
65,2021-09-24,2021-10-16,22.6,12.3,16.9,0.8,84,13.7,10.3
65,2021-09-24,2021-10-17,18.3,13.7,15.7,22.1,91,14.1,4.600000000000001
65,2021-09-24,2021-10-18,19.1,12,14.9,6.1,86,12.4,7.100000000000001
65,2021-09-24,2021-10-19,19.3,11,14,4.7,82,10.9,8.3
65,2021-09-24,2021-10-20,19.3,8.2,13.2,0,74,8.3,11.100000000000001
65,2021-09-24,2021-10-21,19.6,9.6,14,0,74,9,10.000000000000002
65,2021-09-24,2021-10-22,22.1,8.7,15.2,0,67,8.6,13.400000000000002
66,2021-08-24,2021-07-27,17.5,3.8,11,14.5,80,7.4,13.7
66,2021-08-24,2021-07-28,6.6,0.9,3.3,0.6,62,-3.3,5.699999999999999
66,2021-08-24,2021-07-29,6.5,-0.8,2.4,0.3,77,-1.3,7.3
66,2021-08-24,2021-07-30,12.6,-0.2,5.4,0,66,-0.8,12.799999999999999
66,2021-08-24,2021-07-31,15.5,3.2,8.2,0,65,1.8,12.3
66,2021-08-24,2021-08-01,17.4,6.2,10.9,0,73,5.9,11.2
66,2021-08-24,2021-08-02,16.1,4.8,10.2,0,75,5.5,11.3
66,2021-08-24,2021-08-03,17.1,5.1,10.1,0,80,6.2,12.000000000000002
66,2021-08-24,2021-08-04,18.5,6.7,11.5,0,79,7.8,11.8
66,2021-08-24,2021-08-05,19,10.7,14.2,0,76,9.9,8.3
66,2021-08-24,2021-08-06,19.6,11.9,15,0,72,9.8,7.700000000000001
66,2021-08-24,2021-08-07,22.3,12.2,16.3,0,76,11.7,10.100000000000001
66,2021-08-24,2021-08-08,24.1,12.6,17.1,0,76,12.5,11.500000000000002
66,2021-08-24,2021-08-09,25.4,13.3,18.6,0.9,67,11.9,12.099999999999998
66,2021-08-24,2021-08-10,18.2,12.7,14.9,19.1,94,13.9,5.5
66,2021-08-24,2021-08-11,12.5,6.9,10.6,1.2,82,7.4,5.6
66,2021-08-24,2021-08-12,13,2.5,7.1,0,82,4.1,10.5
66,2021-08-24,2021-08-13,17.6,7.3,11.7,0.4,77,7.6,10.3
66,2021-08-24,2021-08-14,18.2,9.5,13.4,2.1,83,10.5,8.7
66,2021-08-24,2021-08-15,19.8,12.4,15.1,0.3,85,12.3,7.4
66,2021-08-24,2021-08-16,23.2,11.9,16.1,0,82,12.8,11.299999999999999
66,2021-08-24,2021-08-17,27.4,13.6,19.1,0,77,14.7,13.799999999999999
66,2021-08-24,2021-08-18,27.2,15.9,21.2,0.3,68,14.8,11.299999999999999
66,2021-08-24,2021-08-19,28.5,17,22.2,0,61,13.7,11.5
66,2021-08-24,2021-08-20,28.2,18.8,22.4,1.1,53,11.8,9.399999999999999
66,2021-08-24,2021-08-21,27.5,14.8,19.8,1.2,65,12.6,12.7
66,2021-08-24,2021-08-22,27.5,16.1,21.3,0,54,11,11.399999999999999
66,2021-08-24,2021-08-23,28.8,16.5,22.2,0,47,10.1,12.3
66,2021-08-24,2021-08-24,26.1,17,20.8,5.6,67,14.2,9.100000000000001
66,2021-08-24,2021-08-25,23.9,17.2,19.8,11.3,79,15.9,6.699999999999999
66,2021-08-24,2021-08-26,17,11.9,13.6,11.3,87,11.4,5.1
66,2021-08-24,2021-08-27,18.2,6.6,11.6,0,81,8.1,11.6
66,2021-08-24,2021-08-28,19.2,9.8,14,0,78,10.1,9.399999999999999
66,2021-08-24,2021-08-29,20.4,12.4,15.6,0,77,11.5,7.999999999999998
66,2021-08-24,2021-08-30,21.3,11,15.7,0,75,11,10.3
66,2021-08-24,2021-08-31,22.2,12.4,16.7,0,73,11.5,9.799999999999999
66,2021-08-24,2021-09-01,23.4,12.1,17.1,0,71,11.3,11.299999999999999
66,2021-08-24,2021-09-02,24.9,14.6,18.9,0,69,12.8,10.299999999999999
66,2021-08-24,2021-09-03,22.9,13.8,18.4,0,79,14.5,9.099999999999998
66,2021-08-24,2021-09-04,25.1,11.9,16.8,4.7,86,14.2,13.200000000000001
66,2021-08-24,2021-09-05,21.2,15.2,17.7,12.8,86,15.2,6
66,2021-08-24,2021-09-06,22.6,12,16.3,0,85,13.6,10.600000000000001
66,2021-08-24,2021-09-07,22,14.1,17.5,3.4,82,14.3,7.9
66,2021-08-24,2021-09-08,20.6,16.9,18,10.9,87,15.8,3.700000000000003
66,2021-08-24,2021-09-09,16.5,10.3,14,1.1,80,10.4,6.199999999999999
66,2021-08-24,2021-09-10,15.9,9.1,12.1,0,78,8.3,6.800000000000001
66,2021-08-24,2021-09-11,20.4,6.2,12.8,0,80,9.1,14.2
66,2021-08-24,2021-09-12,27.5,12.6,18.6,0,71,13.1,14.9
66,2021-08-24,2021-09-13,29.8,19,23.5,1.9,66,16.6,10.8
66,2021-08-24,2021-09-14,20.6,17.3,18.9,53.8,91,17.3,3.3000000000000007
66,2021-08-24,2021-09-15,15.9,8.9,13.1,0.1,78,9,7
66,2021-08-24,2021-09-16,19.3,10.2,14.8,3.4,77,10.7,9.100000000000001
66,2021-08-24,2021-09-17,17.8,12.4,14.3,52.9,90,12.7,5.4
66,2021-08-24,2021-09-18,24.8,13.8,18.2,6.1,85,15.4,11
66,2021-08-24,2021-09-19,28.4,17.8,21.5,0.9,84,18.6,10.599999999999998
66,2021-08-24,2021-09-20,29.5,19,23.7,0.1,78,19.4,10.5
66,2021-08-24,2021-09-21,22.1,12.1,16.9,8.1,86,14.5,10.000000000000002
67,2022-10-15,2022-09-17,16,8.2,11.3,0,75,6.8,7.800000000000001
67,2022-10-15,2022-09-18,18.5,6.6,11.9,0,73,6.8,11.9
67,2022-10-15,2022-09-19,13.1,8.8,11.3,16.5,86,9,4.299999999999999
67,2022-10-15,2022-09-20,22.4,7.4,14.4,2.9,83,11.1,14.999999999999998
67,2022-10-15,2022-09-21,15.7,11.9,13.8,42.1,90,12.2,3.799999999999999
67,2022-10-15,2022-09-22,17.7,9.2,13,0.4,85,10.3,8.5
67,2022-10-15,2022-09-23,13.7,1.5,8,0,74,3.5,12.2
67,2022-10-15,2022-09-24,19.2,3.9,10.6,0,64,3.8,15.299999999999999
67,2022-10-15,2022-09-25,14.5,9.4,11.3,35.2,86,9,5.1
67,2022-10-15,2022-09-26,15.7,9.9,12.2,49.6,95,11.4,5.799999999999999
67,2022-10-15,2022-09-27,16.9,11.2,13.7,4.6,94,12.8,5.699999999999999
67,2022-10-15,2022-09-28,14.2,10.3,12.6,8.5,89,10.9,3.8999999999999986
67,2022-10-15,2022-09-29,15.4,9,11.5,0,82,8.5,6.4
67,2022-10-15,2022-09-30,17,9.2,12.6,2.2,84,9.9,7.800000000000001
67,2022-10-15,2022-10-01,20,11.1,14.7,1.1,85,11.9,8.9
67,2022-10-15,2022-10-02,20.8,10.1,15.2,0.4,80,11.5,10.700000000000001
67,2022-10-15,2022-10-03,20.8,11,15.4,0.5,83,12.2,9.8
67,2022-10-15,2022-10-04,21.9,11.8,16.2,0.2,79,12.1,10.099999999999998
67,2022-10-15,2022-10-05,24.2,11.8,16.2,1.3,83,13.1,12.399999999999999
67,2022-10-15,2022-10-06,17.2,14.4,15.9,47.1,92,14.6,2.799999999999999
67,2022-10-15,2022-10-07,16.5,10.2,13.7,10,83,10.5,6.300000000000001
67,2022-10-15,2022-10-08,20.6,4.4,12.6,0,76,8,16.200000000000003
67,2022-10-15,2022-10-09,23.1,9.4,15.6,0.9,74,10.6,13.700000000000001
67,2022-10-15,2022-10-10,19.8,12.6,15.4,13.3,90,13.6,7.200000000000001
67,2022-10-15,2022-10-11,21,13,16.1,14.2,89,14.3,8
67,2022-10-15,2022-10-12,20.1,13.9,16.1,7.8,90,14.4,6.200000000000001
67,2022-10-15,2022-10-13,21.6,14.1,16.8,12.3,89,14.8,7.500000000000002
67,2022-10-15,2022-10-14,19.1,14.3,16,17.4,90,14.3,4.800000000000001
67,2022-10-15,2022-10-15,18.5,12.5,15,3,84,12.4,6
67,2022-10-15,2022-10-16,21.2,13.4,16.1,7.6,87,13.9,7.799999999999999
67,2022-10-15,2022-10-17,23.8,12.1,17.5,0,77,12.9,11.700000000000001
67,2022-10-15,2022-10-18,18,13.3,15.8,14.7,89,13.8,4.699999999999999
67,2022-10-15,2022-10-19,22.5,13.4,17.4,1.4,86,14.8,9.1
67,2022-10-15,2022-10-20,20.1,15.3,17.5,41,90,15.7,4.800000000000001
67,2022-10-15,2022-10-21,19.4,14.7,16.4,20.9,89,14.5,4.699999999999999
67,2022-10-15,2022-10-22,21.8,8.6,15.5,0,80,11.6,13.200000000000001
67,2022-10-15,2022-10-23,23.1,12.1,17,0,77,12.3,11.000000000000002
67,2022-10-15,2022-10-24,23.6,11.5,17.1,0,69,10.9,12.100000000000001
67,2022-10-15,2022-10-25,24.3,12.7,17.6,0,75,12.4,11.600000000000001
67,2022-10-15,2022-10-26,24.7,12.7,18.2,0,71,12.3,12
67,2022-10-15,2022-10-27,23.4,13.3,18.2,0.4,66,11.5,10.099999999999998
67,2022-10-15,2022-10-28,25.4,11.8,18.7,0,74,13.6,13.599999999999998
67,2022-10-15,2022-10-29,24.7,15.5,18.6,9.2,83,15.6,9.2
67,2022-10-15,2022-10-30,22.5,13.3,17.5,4.6,88,15.4,9.2
67,2022-10-15,2022-10-31,19.7,14.9,17,9.5,93,15.9,4.799999999999999
67,2022-10-15,2022-11-01,13.5,8.2,10.2,5,85,7.9,5.300000000000001
67,2022-10-15,2022-11-02,13.3,5.8,9.4,0,71,4.3,7.500000000000001
67,2022-10-15,2022-11-03,17.8,6,11,0,72,5.7,11.8
67,2022-10-15,2022-11-04,19.1,6.6,12.4,0,71,6.8,12.500000000000002
67,2022-10-15,2022-11-05,18.9,7.2,12.5,0,69,6.5,11.7
67,2022-10-15,2022-11-06,18,7.5,12.8,0,70,7,10.5
67,2022-10-15,2022-11-07,19.6,7.9,13.5,0.1,70,7.4,11.700000000000001
67,2022-10-15,2022-11-08,19.4,8.4,14,0.3,69,8,10.999999999999998
67,2022-10-15,2022-11-09,22.2,9,15.6,0,64,8,13.2
67,2022-10-15,2022-11-10,24.9,10.9,17.3,0,64,9.5,13.999999999999998
67,2022-10-15,2022-11-11,16.6,14,15.6,8.7,86,13.1,2.6000000000000014
67,2022-10-15,2022-11-12,21,13.2,16.7,4.3,90,14.9,7.800000000000001
68,2022-09-18,2022-08-21,15.8,6.5,10.4,0,85,7.8,9.3
68,2022-09-18,2022-08-22,17.5,10.5,13,0.2,83,10.1,7
68,2022-09-18,2022-08-23,19.1,10.2,13.6,0,82,10.3,8.900000000000002
68,2022-09-18,2022-08-24,20.1,10.4,14.1,0,81,10.4,9.700000000000001
68,2022-09-18,2022-08-25,21,10.6,14.4,0,82,11,10.4
68,2022-09-18,2022-08-26,23.2,11.8,16.5,0,83,13.1,11.399999999999999
68,2022-09-18,2022-08-27,25.4,13.7,18.8,0,73,13.2,11.7
68,2022-09-18,2022-08-28,24.4,11.6,17.1,0.1,72,11.6,12.799999999999999
68,2022-09-18,2022-08-29,14.9,7.5,11.8,1.6,75,7.3,7.4
68,2022-09-18,2022-08-30,15.2,6.6,10.4,0.1,74,5.9,8.6
68,2022-09-18,2022-08-31,18.3,6.2,11.3,0,79,7.5,12.100000000000001
68,2022-09-18,2022-09-01,23.4,8.2,14.2,0,81,10.6,15.2
68,2022-09-18,2022-09-02,22.6,13.9,17.5,0.7,70,11.8,8.700000000000001
68,2022-09-18,2022-09-03,17,13.8,15.1,11,91,13.5,3.1999999999999993
68,2022-09-18,2022-09-04,16,9,11.9,0,75,7.3,7
68,2022-09-18,2022-09-05,15.6,8.5,11.3,8.6,80,7.9,7.1
68,2022-09-18,2022-09-06,16.9,10.3,12.9,23.2,89,11.1,6.599999999999998
68,2022-09-18,2022-09-07,20.5,12.1,15.4,4.3,86,12.8,8.4
68,2022-09-18,2022-09-08,26.4,11.5,18.4,0,77,13.8,14.899999999999999
68,2022-09-18,2022-09-09,27.2,16.3,21.5,0,64,14.3,10.899999999999999
68,2022-09-18,2022-09-10,24.2,15.9,19.8,1.9,81,16.4,8.299999999999999
68,2022-09-18,2022-09-11,17.1,12.1,14.2,7.2,84,11.5,5.000000000000002
68,2022-09-18,2022-09-12,17.6,10,13.2,2,89,11.3,7.600000000000001
68,2022-09-18,2022-09-13,23,12,16.5,10.8,86,13.9,11
68,2022-09-18,2022-09-14,17.1,13.6,15.4,19.5,94,14.4,3.5000000000000018
68,2022-09-18,2022-09-15,16.1,11.9,13.3,2,86,11,4.200000000000001
68,2022-09-18,2022-09-16,17.4,10.8,13.4,0.6,80,9.9,6.599999999999998
68,2022-09-18,2022-09-17,17.4,9.6,12.5,0,75,7.7,7.799999999999999
68,2022-09-18,2022-09-18,19.9,8.9,13.5,0,74,8.7,10.999999999999998
68,2022-09-18,2022-09-19,17.5,8.9,13.1,4.8,85,10.5,8.6
68,2022-09-18,2022-09-20,22.9,10.9,16.3,3.7,84,13.3,11.999999999999998
68,2022-09-18,2022-09-21,18.5,12.9,15,40,87,12.8,5.6
68,2022-09-18,2022-09-22,21.3,11.6,15.4,2.9,80,11.7,9.700000000000001
68,2022-09-18,2022-09-23,15.1,4.8,10.4,0,65,3.9,10.3
68,2022-09-18,2022-09-24,19.8,4.4,11.5,0,70,6.1,15.4
68,2022-09-18,2022-09-25,13.9,10.3,11.9,17.3,84,9.3,3.5999999999999996
68,2022-09-18,2022-09-26,14.9,11.6,13,58.4,94,12,3.3000000000000007
68,2022-09-18,2022-09-27,20.9,12.3,15.9,3.8,88,13.9,8.599999999999998
68,2022-09-18,2022-09-28,16.1,11.3,13.6,8.7,85,11,4.800000000000001
68,2022-09-18,2022-09-29,16.7,10.8,13.1,0.6,81,9.8,5.899999999999999
68,2022-09-18,2022-09-30,16.2,11.4,13.5,0.5,83,10.6,4.799999999999999
68,2022-09-18,2022-10-01,21,12.9,16.1,0.9,82,12.8,8.1
68,2022-09-18,2022-10-02,22.3,12.8,16.9,0,78,12.6,9.5
68,2022-09-18,2022-10-03,21,12.9,16.4,0.2,82,13.1,8.1
68,2022-09-18,2022-10-04,22.4,13.8,16.8,0.3,81,13.3,8.599999999999998
68,2022-09-18,2022-10-05,24.1,13.2,17.7,0,81,14.1,10.900000000000002
68,2022-09-18,2022-10-06,21.2,14,17.6,2.7,88,15.6,7.199999999999999
68,2022-09-18,2022-10-07,21,13.4,17.5,9.3,75,12.5,7.6
68,2022-09-18,2022-10-08,22.8,7.1,15.3,0,69,9.1,15.700000000000001
68,2022-09-18,2022-10-09,24.3,10.2,17.4,0,70,11.2,14.100000000000001
68,2022-09-18,2022-10-10,18,12.9,14.9,0,84,12.2,5.1
68,2022-09-18,2022-10-11,25.4,13.4,17.4,13.3,85,14.7,11.999999999999998
68,2022-09-18,2022-10-12,22.9,15.5,18.2,8.8,85,15.4,7.399999999999999
68,2022-09-18,2022-10-13,22.5,15.4,18.3,5.8,86,15.8,7.1
68,2022-09-18,2022-10-14,19.4,15.1,17.1,22.3,91,15.5,4.299999999999999
68,2022-09-18,2022-10-15,19.9,14.1,16.3,4.8,83,13.4,5.799999999999999
68,2022-09-18,2022-10-16,23,15.4,17.7,6.7,87,15.4,7.6
69,2022-09-08,2022-08-11,15.9,5,9.8,0,79,5.9,10.9
69,2022-09-08,2022-08-12,16.9,8.4,11.9,0,81,8.5,8.499999999999998
69,2022-09-08,2022-08-13,21.9,9.6,13.9,0,83,10.6,12.299999999999999
69,2022-09-08,2022-08-14,23.5,10.5,15.7,0,79,11.4,13
69,2022-09-08,2022-08-15,24.1,15.1,18.9,0,58,10.3,9.000000000000002
69,2022-09-08,2022-08-16,20.7,14.7,18,20.7,67,11.4,6
69,2022-09-08,2022-08-17,20,13.1,15.9,20.6,85,13.4,6.9
69,2022-09-08,2022-08-18,17.2,12.9,15.7,31.4,89,13.8,4.299999999999999
69,2022-09-08,2022-08-19,11.4,2.6,7.5,0.1,67,1.4,8.8
69,2022-09-08,2022-08-20,13.8,2.5,7.2,0,69,1.7,11.3
69,2022-09-08,2022-08-21,15.1,7.1,10.5,0,86,8.1,8
69,2022-09-08,2022-08-22,16.9,10.1,12.4,0,85,9.9,6.799999999999999
69,2022-09-08,2022-08-23,19,9.7,13.3,0,85,10.6,9.3
69,2022-09-08,2022-08-24,20.4,10.1,14.2,0,83,11,10.299999999999999
69,2022-09-08,2022-08-25,21,11.1,14.8,0.1,84,11.7,9.9
69,2022-09-08,2022-08-26,23.5,13.2,17.3,0.1,81,13.4,10.3
69,2022-09-08,2022-08-27,25.2,13,18.3,0,65,11,12.2
69,2022-09-08,2022-08-28,25.4,12.6,18.4,0,62,10.6,12.799999999999999
69,2022-09-08,2022-08-29,15.9,7.1,12.1,0,75,7.5,8.8
69,2022-09-08,2022-08-30,14.8,6.9,10.2,0.2,76,6,7.9
69,2022-09-08,2022-08-31,18.3,7.2,11.5,0,80,7.9,11.100000000000001
69,2022-09-08,2022-09-01,23.5,8.6,14.7,0,79,10.5,14.9
69,2022-09-08,2022-09-02,24,14.5,18.5,0.8,62,11,9.5
69,2022-09-08,2022-09-03,17,13.4,15.2,14.9,91,13.6,3.5999999999999996
69,2022-09-08,2022-09-04,16,9.3,11.7,0,80,8.1,6.699999999999999
69,2022-09-08,2022-09-05,15.9,7.7,11.2,0.1,82,8.2,8.2
69,2022-09-08,2022-09-06,15.9,10.1,12.4,13.2,91,11.1,5.800000000000001
69,2022-09-08,2022-09-07,20.5,12.1,15.7,11.8,84,12.8,8.4
69,2022-09-08,2022-09-08,25.8,14.8,19.4,0,71,13.7,11
69,2022-09-08,2022-09-09,27.1,18.2,22.2,0,58,13.5,8.900000000000002
69,2022-09-08,2022-09-10,25,15.9,20.2,5.3,80,16.5,9.1
69,2022-09-08,2022-09-11,16.9,11,13.7,4.6,89,11.9,5.899999999999999
69,2022-09-08,2022-09-12,19.5,10.1,13.3,4,90,11.7,9.4
69,2022-09-08,2022-09-13,23.1,13,16.8,26.2,87,14.4,10.100000000000001
69,2022-09-08,2022-09-14,17.1,14.1,15.7,29.6,95,14.9,3.0000000000000018
69,2022-09-08,2022-09-15,16.6,11.4,13.7,0.6,87,11.3,5.200000000000001
69,2022-09-08,2022-09-16,17.6,10.9,13.4,1.8,82,10.2,6.700000000000001
69,2022-09-08,2022-09-17,17.5,8.4,12.2,0,77,7.8,9.1
69,2022-09-08,2022-09-18,19,8.5,12.8,0,78,8.7,10.5
69,2022-09-08,2022-09-19,17.4,9.1,12.9,1.8,85,10.3,8.299999999999999
69,2022-09-08,2022-09-20,22.1,10.6,15.9,10.5,85,13.2,11.500000000000002
69,2022-09-08,2022-09-21,18.4,12.4,14.9,49.5,89,13,5.999999999999998
69,2022-09-08,2022-09-22,20.1,9.9,14.6,1.1,83,11.4,10.200000000000001
69,2022-09-08,2022-09-23,15.1,4.8,10.4,0,68,4.5,10.3
69,2022-09-08,2022-09-24,19.4,4.8,11.5,0,69,5.8,14.599999999999998
69,2022-09-08,2022-09-25,13.7,9.3,11.2,20.1,86,8.9,4.399999999999999
69,2022-09-08,2022-09-26,15.9,11.2,13,44.5,94,12,4.700000000000001
69,2022-09-08,2022-09-27,20.2,12.3,15.8,4.9,91,14.2,7.899999999999999
69,2022-09-08,2022-09-28,15.4,11.1,13.4,15.9,89,11.6,4.300000000000001
69,2022-09-08,2022-09-29,16.6,9.9,12.8,0.1,83,9.9,6.700000000000001
69,2022-09-08,2022-09-30,15.7,11.1,12.9,0.2,85,10.5,4.6
69,2022-09-08,2022-10-01,21.1,12.4,15.9,1.9,84,13,8.700000000000001
69,2022-09-08,2022-10-02,22.5,13.8,17.1,0.1,79,13.2,8.7
69,2022-09-08,2022-10-03,20.9,13.4,16.6,0.9,83,13.6,7.499999999999998
69,2022-09-08,2022-10-04,22.7,12.9,16.6,0.5,83,13.3,9.799999999999999
69,2022-09-08,2022-10-05,25.4,12.7,17.7,0.3,83,14.3,12.7
69,2022-09-08,2022-10-06,22.7,13.5,17.6,6.1,89,15.7,9.2
70,2022-09-23,2022-08-26,24.7,14.8,18.7,0,69,12.8,9.899999999999999
70,2022-09-23,2022-08-27,27.1,16.2,20.7,0,64,13.4,10.900000000000002
70,2022-09-23,2022-08-28,20,7.8,12.9,14.4,82,9.8,12.2
70,2022-09-23,2022-08-29,13.6,3.2,7.6,0,71,2.6,10.399999999999999
70,2022-09-23,2022-08-30,19,5.4,10.8,0,73,6.1,13.6
70,2022-09-23,2022-08-31,21.5,7.7,14.1,0,73,9,13.8
70,2022-09-23,2022-09-01,25.9,12.8,18.1,0,70,12.5,13.099999999999998
70,2022-09-23,2022-09-02,20.4,15.4,17.8,12.7,85,15.1,4.999999999999998
70,2022-09-23,2022-09-03,14.6,7,11.2,0,71,5.6,7.6
70,2022-09-23,2022-09-04,16.1,3.7,9.2,0,75,4.6,12.400000000000002
70,2022-09-23,2022-09-05,20.6,8.1,13.3,0,79,9.4,12.500000000000002
70,2022-09-23,2022-09-06,20.6,11.8,15.8,0.5,80,12.2,8.8
70,2022-09-23,2022-09-07,20.8,13.1,16.4,5.7,84,13.5,7.700000000000001
70,2022-09-23,2022-09-08,27.1,12.8,19.3,0.1,81,15.7,14.3
70,2022-09-23,2022-09-09,26.4,13.9,22.4,7.4,69,16.3,12.499999999999998
70,2022-09-23,2022-09-10,14.3,6.9,11,0,71,5.9,7.4
70,2022-09-23,2022-09-11,19.1,5.2,11.3,4,70,5.6,13.900000000000002
70,2022-09-23,2022-09-12,22.6,11.3,16.2,5,82,12.9,11.3
70,2022-09-23,2022-09-13,19.3,8.8,13.9,0.1,83,10.7,10.5
70,2022-09-23,2022-09-14,17.8,9.9,13.1,0.2,79,9.2,7.9
70,2022-09-23,2022-09-15,18.7,10.4,14.1,0.3,80,10.4,8.299999999999999
70,2022-09-23,2022-09-16,21.6,10.8,15.5,0,75,10.5,10.8
70,2022-09-23,2022-09-17,21.9,10.9,16,0,69,9.9,10.999999999999998
70,2022-09-23,2022-09-18,22.1,9.7,16,0,59,7.5,12.400000000000002
70,2022-09-23,2022-09-19,17.4,13.6,14.9,32.4,83,11.9,3.799999999999999
70,2022-09-23,2022-09-20,21.1,9.6,14.8,0,85,11.9,11.500000000000002
70,2022-09-23,2022-09-21,21.5,11.4,15.7,0.2,84,12.8,10.1
70,2022-09-23,2022-09-22,15.9,10.1,13.1,1.5,81,9.7,5.800000000000001
70,2022-09-23,2022-09-23,16.7,4.8,10.3,0,69,4.2,11.899999999999999
70,2022-09-23,2022-09-24,18.7,5.6,11.9,0,66,5.4,13.1
70,2022-09-23,2022-09-25,21.5,11.4,15.7,0.3,72,10.4,10.1
70,2022-09-23,2022-09-26,23.5,10.9,17,0,81,13.4,12.6
70,2022-09-23,2022-09-27,23,11.4,17.5,0,75,12.5,11.6
70,2022-09-23,2022-09-28,19.5,11.1,15.3,0,68,9.2,8.4
70,2022-09-23,2022-09-29,17.5,12,14.5,0.4,75,9.9,5.5
70,2022-09-23,2022-09-30,19.5,12.1,15.6,7.7,82,12.6,7.4
70,2022-09-23,2022-10-01,21.8,13.9,17.3,0.4,81,13.6,7.9
70,2022-09-23,2022-10-02,20.8,10.8,15.6,0,77,11.2,10
70,2022-09-23,2022-10-03,21.2,10.4,15.3,0,73,9.8,10.799999999999999
70,2022-09-23,2022-10-04,21.4,8.6,14.7,0,71,8.9,12.799999999999999
70,2022-09-23,2022-10-05,28.6,10.3,18,0.5,71,12.1,18.3
70,2022-09-23,2022-10-06,24.5,17,19.4,29.6,84,16.4,7.5
70,2022-09-23,2022-10-07,20.8,11.8,16.3,11.5,75,11.3,9
70,2022-09-23,2022-10-08,23.4,10.9,16.6,0,67,10,12.499999999999998
70,2022-09-23,2022-10-09,16.1,9,12.2,0,66,5.8,7.100000000000001
70,2022-09-23,2022-10-10,17.1,7.7,11.5,9.5,74,6.8,9.400000000000002
70,2022-09-23,2022-10-11,19.9,12,15.8,4.9,88,13.8,7.899999999999999
70,2022-09-23,2022-10-12,20.5,13.6,16.1,1.2,80,12.5,6.9
70,2022-09-23,2022-10-13,24,9.9,16.9,0,76,12.1,14.1
70,2022-09-23,2022-10-14,19,12.7,16.1,0,75,11.5,6.300000000000001
70,2022-09-23,2022-10-15,25.9,11.9,17.4,3.8,77,13.1,13.999999999999998
70,2022-09-23,2022-10-16,23.8,16,19.4,11.7,83,16.3,7.800000000000001
70,2022-09-23,2022-10-17,22,11.9,17.1,0.1,77,12.6,10.1
70,2022-09-23,2022-10-18,24.7,15.4,19,0.6,71,13.5,9.299999999999999
70,2022-09-23,2022-10-19,26.6,13.9,19.9,0,77,15.2,12.700000000000001
70,2022-09-23,2022-10-20,23.6,16.8,19.5,11.9,87,17.1,6.800000000000001
70,2022-09-23,2022-10-21,22.7,15.4,18.7,2.1,83,15.5,7.299999999999999
71,2022-08-27,2022-07-30,16,5.3,9.8,0,83,6.8,10.7
71,2022-08-27,2022-07-31,20,6.2,12.2,0,77,7.9,13.8
71,2022-08-27,2022-08-01,22.7,9.4,15.3,0,73,10.5,13.299999999999999
71,2022-08-27,2022-08-02,25.7,12.8,18.2,0,77,13.8,12.899999999999999
71,2022-08-27,2022-08-03,27.3,15.7,21.6,0,60,13.4,11.600000000000001
71,2022-08-27,2022-08-04,21.7,15.2,18.5,2.5,75,14,6.5
71,2022-08-27,2022-08-05,17.2,11.6,14.3,0.1,79,10.6,5.6
71,2022-08-27,2022-08-06,16.5,7.8,11.4,21.4,88,9.5,8.7
71,2022-08-27,2022-08-07,19.3,10.8,14.4,7.6,89,12.6,8.5
71,2022-08-27,2022-08-08,19.5,11.2,14.8,0.1,83,11.8,8.3
71,2022-08-27,2022-08-09,16.5,11.9,13.8,11.4,90,12.1,4.6
71,2022-08-27,2022-08-10,14.4,8.3,10.8,14.9,81,7.4,6.1
71,2022-08-27,2022-08-11,18,5.6,10.9,0,81,7.5,12.4
71,2022-08-27,2022-08-12,19,7.4,12.6,0,78,8.6,11.6
71,2022-08-27,2022-08-13,21.4,10.4,15.1,0,75,10.6,10.999999999999998
71,2022-08-27,2022-08-14,22.5,11.8,16.7,0.8,79,13,10.7
71,2022-08-27,2022-08-15,26.5,15.4,19.7,0.5,71,14.1,11.1
71,2022-08-27,2022-08-16,21,13.3,17.1,14.9,90,15.4,7.699999999999999
71,2022-08-27,2022-08-17,22.1,12.2,16.5,1.5,89,14.5,9.900000000000002
71,2022-08-27,2022-08-18,16.9,8.2,13.7,40.7,82,10.3,8.7
71,2022-08-27,2022-08-19,11.1,2.3,6.8,0,62,-0.1,8.8
71,2022-08-27,2022-08-20,14.6,2.5,7.8,0,68,2.2,12.1
71,2022-08-27,2022-08-21,18.9,5.2,11.4,0,76,6.9,13.7
71,2022-08-27,2022-08-22,20.5,7.3,13.2,0,74,8.5,13.2
71,2022-08-27,2022-08-23,22.9,8.1,14.9,0,77,10.6,14.799999999999999
71,2022-08-27,2022-08-24,24.1,10.6,17.2,0,69,11.2,13.500000000000002
71,2022-08-27,2022-08-25,24.7,12.6,18.5,0,65,11.7,12.1
71,2022-08-27,2022-08-26,25.4,13.6,18.7,0,66,12,11.799999999999999
71,2022-08-27,2022-08-27,27.8,12.4,19.3,0,69,13.1,15.4
71,2022-08-27,2022-08-28,21.4,11,15.5,14.4,79,11.8,10.399999999999999
71,2022-08-27,2022-08-29,14.9,3.4,8.8,0,67,2.9,11.5
71,2022-08-27,2022-08-30,19.4,6.2,11.7,0,69,6,13.2
71,2022-08-27,2022-08-31,21.5,6.4,13.5,0,74,8.6,15.1
71,2022-08-27,2022-09-01,26.5,10.8,17.6,0,73,12.4,15.7
71,2022-08-27,2022-09-02,20.2,15.8,17.5,17.7,89,15.6,4.399999999999999
71,2022-08-27,2022-09-03,16.1,9.4,12.6,0,73,7.3,6.700000000000001
71,2022-08-27,2022-09-04,16.8,3,9.4,0,64,2.7,13.8
71,2022-08-27,2022-09-05,20.1,8.4,13.9,0.1,74,9.2,11.700000000000001
71,2022-08-27,2022-09-06,18.5,12.1,14.9,11.6,89,13,6.4
71,2022-08-27,2022-09-07,20.8,12.9,16.2,1.4,87,13.9,7.9
71,2022-08-27,2022-09-08,27.3,12.4,19.2,0,82,15.8,14.9
71,2022-08-27,2022-09-09,27.5,17.5,22.2,2.6,74,17.2,10
71,2022-08-27,2022-09-10,16.2,10.4,13.1,1.2,73,8,5.799999999999999
71,2022-08-27,2022-09-11,21,5.8,12.2,8.7,68,6.3,15.2
71,2022-08-27,2022-09-12,22.4,13.9,17.2,12.5,87,14.9,8.499999999999998
71,2022-08-27,2022-09-13,20.5,12.8,15.8,0,83,12.8,7.699999999999999
71,2022-08-27,2022-09-14,18.8,9.6,14,0,75,9.4,9.200000000000001
71,2022-08-27,2022-09-15,20.1,10.3,14.7,0,77,10.4,9.8
71,2022-08-27,2022-09-16,21.8,11.1,15.8,0,74,10.8,10.700000000000001
71,2022-08-27,2022-09-17,21.6,10.1,15.5,0,71,9.9,11.500000000000002
71,2022-08-27,2022-09-18,22.3,8.9,15.5,0,62,8.1,13.4
71,2022-08-27,2022-09-19,17,13.3,14.9,25.4,83,11.8,3.6999999999999993
71,2022-08-27,2022-09-20,22.5,10.2,15.9,0,84,12.9,12.3
71,2022-08-27,2022-09-21,22.3,12.2,16.5,4.1,84,13.7,10.100000000000001
71,2022-08-27,2022-09-22,17,11.3,14.4,0.3,82,11,5.699999999999999
71,2022-08-27,2022-09-23,16.8,5.2,10.6,0,68,4.5,11.600000000000001
71,2022-08-27,2022-09-24,19.2,5.7,12,0,67,5.7,13.5
72,2022-10-21,2022-09-23,13.9,3.8,8.6,0,70,3,10.100000000000001
72,2022-10-21,2022-09-24,18.1,4.5,10.8,0,68,4.8,13.600000000000001
72,2022-10-21,2022-09-25,18.6,11.7,14.1,7.5,76,9.9,6.900000000000002
72,2022-10-21,2022-09-26,21.6,10.9,15.5,0.1,83,12.2,10.700000000000001
72,2022-10-21,2022-09-27,20.8,10.9,15.7,0,82,12.3,9.9
72,2022-10-21,2022-09-28,18.9,11.3,14.4,0,69,8.7,7.599999999999998
72,2022-10-21,2022-09-29,17.5,11.1,13.8,1.8,71,8.6,6.4
72,2022-10-21,2022-09-30,21.2,10.9,14.6,11.9,81,11.3,10.299999999999999
72,2022-10-21,2022-10-01,20.5,12.8,15.9,0.5,82,12.4,7.699999999999999
72,2022-10-21,2022-10-02,19.5,9.3,14.3,0,80,10.5,10.2
72,2022-10-21,2022-10-03,19.9,9.9,14,0,77,9.5,9.999999999999998
72,2022-10-21,2022-10-04,21.4,8.2,14.2,0,77,9.9,13.2
72,2022-10-21,2022-10-05,25.9,10.9,17.6,0,76,12.8,14.999999999999998
72,2022-10-21,2022-10-06,21.8,15.3,18,35,84,15.2,6.5
72,2022-10-21,2022-10-07,18.6,11.1,15.1,4.4,79,11.1,7.500000000000002
72,2022-10-21,2022-10-08,21.5,8.8,14.7,0,72,9.2,12.7
72,2022-10-21,2022-10-09,16.2,10.5,13.1,0.3,75,8.5,5.699999999999999
72,2022-10-21,2022-10-10,15.2,7.2,10.8,15.5,89,9,7.999999999999999
72,2022-10-21,2022-10-11,19.5,11.9,15.1,24.9,91,13.6,7.6
72,2022-10-21,2022-10-12,18.9,12.8,15.2,2,86,12.7,6.099999999999998
72,2022-10-21,2022-10-13,22.5,11,16.5,2.9,82,13.2,11.5
72,2022-10-21,2022-10-14,19,12.1,15.6,0.1,80,12.1,6.9
72,2022-10-21,2022-10-15,23.5,12.6,17.1,0.5,73,12.1,10.9
72,2022-10-21,2022-10-16,22.1,14.8,18.2,3.2,80,14.5,7.300000000000001
72,2022-10-21,2022-10-17,22.7,14.4,17.5,0,79,13.4,8.299999999999999
72,2022-10-21,2022-10-18,21.4,15,17.4,0.2,77,13.2,6.399999999999999
72,2022-10-21,2022-10-19,24.7,13.8,18.9,0.6,78,14.5,10.899999999999999
72,2022-10-21,2022-10-20,23.4,16.4,18.9,14.5,87,16.7,7
72,2022-10-21,2022-10-21,21.2,13.9,16.8,2.7,85,14.2,7.299999999999999
72,2022-10-21,2022-10-22,21.4,13.8,16.9,0.2,81,13.2,7.599999999999998
72,2022-10-21,2022-10-23,22.5,10.6,16.9,0.4,76,12.2,11.9
72,2022-10-21,2022-10-24,22.7,9.6,16.3,0,69,10.1,13.1
72,2022-10-21,2022-10-25,26.2,12.3,18.6,0,71,12.7,13.899999999999999
72,2022-10-21,2022-10-26,28.2,14.9,21.2,0,64,13.6,13.299999999999999
72,2022-10-21,2022-10-27,25,16.3,19.7,5.4,73,13.9,8.7
72,2022-10-21,2022-10-28,26.5,11.9,19.3,0,61,11,14.6
72,2022-10-21,2022-10-29,24.2,16.7,19.7,3.3,75,15.1,7.5
72,2022-10-21,2022-10-30,26.2,17.2,21,7,82,17.5,9
72,2022-10-21,2022-10-31,18.5,8.6,13.5,17.3,94,12.6,9.9
72,2022-10-21,2022-11-01,14.9,4.1,8.9,0.7,68,2.6,10.8
72,2022-10-21,2022-11-02,18,4.2,10.5,0,64,3.3,13.8
72,2022-10-21,2022-11-03,20,7.6,13.5,0,63,6,12.4
72,2022-10-21,2022-11-04,20.4,8.4,14.4,0,59,6.3,11.999999999999998
72,2022-10-21,2022-11-05,21.8,9.9,15.3,0,65,8.1,11.9
72,2022-10-21,2022-11-06,21,10.4,15.6,0.2,64,8.3,10.6
72,2022-10-21,2022-11-07,20,9.1,14.9,0,67,8.3,10.9
72,2022-10-21,2022-11-08,20.5,10.1,14.9,0.6,69,8.8,10.4
72,2022-10-21,2022-11-09,22.8,9.1,15.8,0,69,9.4,13.700000000000001
72,2022-10-21,2022-11-10,26.5,11.8,18.8,0,63,10,14.7
72,2022-10-21,2022-11-11,21.7,16.5,18.3,6.8,76,13.9,5.199999999999999
72,2022-10-21,2022-11-12,26.5,14.4,19.9,0.9,77,15.3,12.1
72,2022-10-21,2022-11-13,21.3,17.5,18.8,17.1,90,17,3.8000000000000007
72,2022-10-21,2022-11-14,24.3,17.7,20.1,3,74,14.7,6.600000000000001
72,2022-10-21,2022-11-15,24.1,12.6,18,0,55,8.2,11.500000000000002
72,2022-10-21,2022-11-16,25.9,14.6,20,0,48,8.1,11.299999999999999
72,2022-10-21,2022-11-17,27.5,13.4,20.5,0,42,6.7,14.1
72,2022-10-21,2022-11-18,28.7,14.6,21.7,0,42,7.5,14.1
73,2022-09-24,2022-08-27,25.5,12.7,18.5,0,66,11.7,12.8
73,2022-09-24,2022-08-28,19.4,7.4,12.7,5.2,81,9.3,11.999999999999998
73,2022-09-24,2022-08-29,11.8,1.8,6.3,0,73,1.7,10
73,2022-09-24,2022-08-30,17.4,5.4,10.1,0,71,4.9,11.999999999999998
73,2022-09-24,2022-08-31,19.4,7.3,12.3,0,73,7.4,12.099999999999998
73,2022-09-24,2022-09-01,23.8,9.9,16,0,75,11.4,13.9
73,2022-09-24,2022-09-02,18.6,14.2,16.5,13.7,88,14.5,4.400000000000002
73,2022-09-24,2022-09-03,13.8,6.8,10.8,0.3,77,6.2,7.000000000000001
73,2022-09-24,2022-09-04,16.5,1.9,8.5,0,70,3,14.6
73,2022-09-24,2022-09-05,18.6,7.4,12.5,0,68,6.5,11.200000000000001
73,2022-09-24,2022-09-06,18.8,11.4,14.1,30.1,83,11.1,7.4
73,2022-09-24,2022-09-07,19,13.1,15.4,3.5,83,12.4,5.9
73,2022-09-24,2022-09-08,25.5,11.9,17.8,0,83,14.6,13.6
73,2022-09-24,2022-09-09,25.7,15.9,21.7,15.5,72,16.3,9.799999999999999
73,2022-09-24,2022-09-10,14.6,8.6,11.3,2.9,81,7.9,6
73,2022-09-24,2022-09-11,19.6,4.4,11,1.9,70,5.2,15.200000000000001
73,2022-09-24,2022-09-12,21,11.6,15.3,13.4,85,12.7,9.4
73,2022-09-24,2022-09-13,18.3,12.1,14.6,0.4,86,12,6.200000000000001
73,2022-09-24,2022-09-14,17,9.1,12.6,0,79,8.8,7.9
73,2022-09-24,2022-09-15,18.9,9.7,13.1,0,82,9.6,9.2
73,2022-09-24,2022-09-16,19.4,9.9,14.1,0,76,9.6,9.499999999999998
73,2022-09-24,2022-09-17,18.9,9.8,14,0,73,8.9,9.099999999999998
73,2022-09-24,2022-09-18,20.1,9.3,14.1,0,65,7.3,10.8
73,2022-09-24,2022-09-19,16.4,11.4,12.9,21.6,84,10.1,4.999999999999998
73,2022-09-24,2022-09-20,20.4,9.7,14.6,0,83,11.3,10.7
73,2022-09-24,2022-09-21,21.5,10.9,15.2,4.4,84,12.4,10.6
73,2022-09-24,2022-09-22,15.4,9.1,13.3,2.2,84,10.4,6.300000000000001
73,2022-09-24,2022-09-23,13.9,3.8,8.6,0,70,3,10.100000000000001
73,2022-09-24,2022-09-24,18.1,4.5,10.8,0,68,4.8,13.600000000000001
73,2022-09-24,2022-09-25,18.6,11.7,14.1,7.5,76,9.9,6.900000000000002
73,2022-09-24,2022-09-26,21.6,10.9,15.5,0.1,83,12.2,10.700000000000001
73,2022-09-24,2022-09-27,20.8,10.9,15.7,0,82,12.3,9.9
73,2022-09-24,2022-09-28,18.9,11.3,14.4,0,69,8.7,7.599999999999998
73,2022-09-24,2022-09-29,17.5,11.1,13.8,1.8,71,8.6,6.4
73,2022-09-24,2022-09-30,21.2,10.9,14.6,11.9,81,11.3,10.299999999999999
73,2022-09-24,2022-10-01,20.5,12.8,15.9,0.5,82,12.4,7.699999999999999
73,2022-09-24,2022-10-02,19.5,9.3,14.3,0,80,10.5,10.2
73,2022-09-24,2022-10-03,19.9,9.9,14,0,77,9.5,9.999999999999998
73,2022-09-24,2022-10-04,21.4,8.2,14.2,0,77,9.9,13.2
73,2022-09-24,2022-10-05,25.9,10.9,17.6,0,76,12.8,14.999999999999998
73,2022-09-24,2022-10-06,21.8,15.3,18,35,84,15.2,6.5
73,2022-09-24,2022-10-07,18.6,11.1,15.1,4.4,79,11.1,7.500000000000002
73,2022-09-24,2022-10-08,21.5,8.8,14.7,0,72,9.2,12.7
73,2022-09-24,2022-10-09,16.2,10.5,13.1,0.3,75,8.5,5.699999999999999
73,2022-09-24,2022-10-10,15.2,7.2,10.8,15.5,89,9,7.999999999999999
73,2022-09-24,2022-10-11,19.5,11.9,15.1,24.9,91,13.6,7.6
73,2022-09-24,2022-10-12,18.9,12.8,15.2,2,86,12.7,6.099999999999998
73,2022-09-24,2022-10-13,22.5,11,16.5,2.9,82,13.2,11.5
73,2022-09-24,2022-10-14,19,12.1,15.6,0.1,80,12.1,6.9
73,2022-09-24,2022-10-15,23.5,12.6,17.1,0.5,73,12.1,10.9
73,2022-09-24,2022-10-16,22.1,14.8,18.2,3.2,80,14.5,7.300000000000001
73,2022-09-24,2022-10-17,22.7,14.4,17.5,0,79,13.4,8.299999999999999
73,2022-09-24,2022-10-18,21.4,15,17.4,0.2,77,13.2,6.399999999999999
73,2022-09-24,2022-10-19,24.7,13.8,18.9,0.6,78,14.5,10.899999999999999
73,2022-09-24,2022-10-20,23.4,16.4,18.9,14.5,87,16.7,7
73,2022-09-24,2022-10-21,21.2,13.9,16.8,2.7,85,14.2,7.299999999999999
73,2022-09-24,2022-10-22,21.4,13.8,16.9,0.2,81,13.2,7.599999999999998
74,2022-10-19,2022-09-21,21.5,10.9,15.2,4.4,84,12.4,10.6
74,2022-10-19,2022-09-22,15.4,9.1,13.3,2.2,84,10.4,6.300000000000001
74,2022-10-19,2022-09-23,13.9,3.8,8.6,0,70,3,10.100000000000001
74,2022-10-19,2022-09-24,18.1,4.5,10.8,0,68,4.8,13.600000000000001
74,2022-10-19,2022-09-25,18.6,11.7,14.1,7.5,76,9.9,6.900000000000002
74,2022-10-19,2022-09-26,21.6,10.9,15.5,0.1,83,12.2,10.700000000000001
74,2022-10-19,2022-09-27,20.8,10.9,15.7,0,82,12.3,9.9
74,2022-10-19,2022-09-28,18.9,11.3,14.4,0,69,8.7,7.599999999999998
74,2022-10-19,2022-09-29,17.5,11.1,13.8,1.8,71,8.6,6.4
74,2022-10-19,2022-09-30,21.2,10.9,14.6,11.9,81,11.3,10.299999999999999
74,2022-10-19,2022-10-01,20.5,12.8,15.9,0.5,82,12.4,7.699999999999999
74,2022-10-19,2022-10-02,19.5,9.3,14.3,0,80,10.5,10.2
74,2022-10-19,2022-10-03,19.9,9.9,14,0,77,9.5,9.999999999999998
74,2022-10-19,2022-10-04,21.4,8.2,14.2,0,77,9.9,13.2
74,2022-10-19,2022-10-05,25.9,10.9,17.6,0,76,12.8,14.999999999999998
74,2022-10-19,2022-10-06,21.8,15.3,18,35,84,15.2,6.5
74,2022-10-19,2022-10-07,18.6,11.1,15.1,4.4,79,11.1,7.500000000000002
74,2022-10-19,2022-10-08,21.5,8.8,14.7,0,72,9.2,12.7
74,2022-10-19,2022-10-09,16.2,10.5,13.1,0.3,75,8.5,5.699999999999999
74,2022-10-19,2022-10-10,15.2,7.2,10.8,15.5,89,9,7.999999999999999
74,2022-10-19,2022-10-11,19.5,11.9,15.1,24.9,91,13.6,7.6
74,2022-10-19,2022-10-12,18.9,12.8,15.2,2,86,12.7,6.099999999999998
74,2022-10-19,2022-10-13,22.5,11,16.5,2.9,82,13.2,11.5
74,2022-10-19,2022-10-14,19,12.1,15.6,0.1,80,12.1,6.9
74,2022-10-19,2022-10-15,23.5,12.6,17.1,0.5,73,12.1,10.9
74,2022-10-19,2022-10-16,22.1,14.8,18.2,3.2,80,14.5,7.300000000000001
74,2022-10-19,2022-10-17,22.7,14.4,17.5,0,79,13.4,8.299999999999999
74,2022-10-19,2022-10-18,21.4,15,17.4,0.2,77,13.2,6.399999999999999
74,2022-10-19,2022-10-19,24.7,13.8,18.9,0.6,78,14.5,10.899999999999999
74,2022-10-19,2022-10-20,23.4,16.4,18.9,14.5,87,16.7,7
74,2022-10-19,2022-10-21,21.2,13.9,16.8,2.7,85,14.2,7.299999999999999
74,2022-10-19,2022-10-22,21.4,13.8,16.9,0.2,81,13.2,7.599999999999998
74,2022-10-19,2022-10-23,22.5,10.6,16.9,0.4,76,12.2,11.9
74,2022-10-19,2022-10-24,22.7,9.6,16.3,0,69,10.1,13.1
74,2022-10-19,2022-10-25,26.2,12.3,18.6,0,71,12.7,13.899999999999999
74,2022-10-19,2022-10-26,28.2,14.9,21.2,0,64,13.6,13.299999999999999
74,2022-10-19,2022-10-27,25,16.3,19.7,5.4,73,13.9,8.7
74,2022-10-19,2022-10-28,26.5,11.9,19.3,0,61,11,14.6
74,2022-10-19,2022-10-29,24.2,16.7,19.7,3.3,75,15.1,7.5
74,2022-10-19,2022-10-30,26.2,17.2,21,7,82,17.5,9
74,2022-10-19,2022-10-31,18.5,8.6,13.5,17.3,94,12.6,9.9
74,2022-10-19,2022-11-01,14.9,4.1,8.9,0.7,68,2.6,10.8
74,2022-10-19,2022-11-02,18,4.2,10.5,0,64,3.3,13.8
74,2022-10-19,2022-11-03,20,7.6,13.5,0,63,6,12.4
74,2022-10-19,2022-11-04,20.4,8.4,14.4,0,59,6.3,11.999999999999998
74,2022-10-19,2022-11-05,21.8,9.9,15.3,0,65,8.1,11.9
74,2022-10-19,2022-11-06,21,10.4,15.6,0.2,64,8.3,10.6
74,2022-10-19,2022-11-07,20,9.1,14.9,0,67,8.3,10.9
74,2022-10-19,2022-11-08,20.5,10.1,14.9,0.6,69,8.8,10.4
74,2022-10-19,2022-11-09,22.8,9.1,15.8,0,69,9.4,13.700000000000001
74,2022-10-19,2022-11-10,26.5,11.8,18.8,0,63,10,14.7
74,2022-10-19,2022-11-11,21.7,16.5,18.3,6.8,76,13.9,5.199999999999999
74,2022-10-19,2022-11-12,26.5,14.4,19.9,0.9,77,15.3,12.1
74,2022-10-19,2022-11-13,21.3,17.5,18.8,17.1,90,17,3.8000000000000007
74,2022-10-19,2022-11-14,24.3,17.7,20.1,3,74,14.7,6.600000000000001
74,2022-10-19,2022-11-15,24.1,12.6,18,0,55,8.2,11.500000000000002
74,2022-10-19,2022-11-16,25.9,14.6,20,0,48,8.1,11.299999999999999
75,2022-10-12,2022-09-14,17,9.1,12.6,0,79,8.8,7.9
75,2022-10-12,2022-09-15,18.9,9.7,13.1,0,82,9.6,9.2
75,2022-10-12,2022-09-16,19.4,9.9,14.1,0,76,9.6,9.499999999999998
75,2022-10-12,2022-09-17,18.9,9.8,14,0,73,8.9,9.099999999999998
75,2022-10-12,2022-09-18,20.1,9.3,14.1,0,65,7.3,10.8
75,2022-10-12,2022-09-19,16.4,11.4,12.9,21.6,84,10.1,4.999999999999998
75,2022-10-12,2022-09-20,20.4,9.7,14.6,0,83,11.3,10.7
75,2022-10-12,2022-09-21,21.5,10.9,15.2,4.4,84,12.4,10.6
75,2022-10-12,2022-09-22,15.4,9.1,13.3,2.2,84,10.4,6.300000000000001
75,2022-10-12,2022-09-23,13.9,3.8,8.6,0,70,3,10.100000000000001
75,2022-10-12,2022-09-24,18.1,4.5,10.8,0,68,4.8,13.600000000000001
75,2022-10-12,2022-09-25,18.6,11.7,14.1,7.5,76,9.9,6.900000000000002
75,2022-10-12,2022-09-26,21.6,10.9,15.5,0.1,83,12.2,10.700000000000001
75,2022-10-12,2022-09-27,20.8,10.9,15.7,0,82,12.3,9.9
75,2022-10-12,2022-09-28,18.9,11.3,14.4,0,69,8.7,7.599999999999998
75,2022-10-12,2022-09-29,17.5,11.1,13.8,1.8,71,8.6,6.4
75,2022-10-12,2022-09-30,21.2,10.9,14.6,11.9,81,11.3,10.299999999999999
75,2022-10-12,2022-10-01,20.5,12.8,15.9,0.5,82,12.4,7.699999999999999
75,2022-10-12,2022-10-02,19.5,9.3,14.3,0,80,10.5,10.2
75,2022-10-12,2022-10-03,19.9,9.9,14,0,77,9.5,9.999999999999998
75,2022-10-12,2022-10-04,21.4,8.2,14.2,0,77,9.9,13.2
75,2022-10-12,2022-10-05,25.9,10.9,17.6,0,76,12.8,14.999999999999998
75,2022-10-12,2022-10-06,21.8,15.3,18,35,84,15.2,6.5
75,2022-10-12,2022-10-07,18.6,11.1,15.1,4.4,79,11.1,7.500000000000002
75,2022-10-12,2022-10-08,21.5,8.8,14.7,0,72,9.2,12.7
75,2022-10-12,2022-10-09,16.2,10.5,13.1,0.3,75,8.5,5.699999999999999
75,2022-10-12,2022-10-10,15.2,7.2,10.8,15.5,89,9,7.999999999999999
75,2022-10-12,2022-10-11,19.5,11.9,15.1,24.9,91,13.6,7.6
75,2022-10-12,2022-10-12,18.9,12.8,15.2,2,86,12.7,6.099999999999998
75,2022-10-12,2022-10-13,22.5,11,16.5,2.9,82,13.2,11.5
75,2022-10-12,2022-10-14,19,12.1,15.6,0.1,80,12.1,6.9
75,2022-10-12,2022-10-15,23.5,12.6,17.1,0.5,73,12.1,10.9
75,2022-10-12,2022-10-16,22.1,14.8,18.2,3.2,80,14.5,7.300000000000001
75,2022-10-12,2022-10-17,22.7,14.4,17.5,0,79,13.4,8.299999999999999
75,2022-10-12,2022-10-18,21.4,15,17.4,0.2,77,13.2,6.399999999999999
75,2022-10-12,2022-10-19,24.7,13.8,18.9,0.6,78,14.5,10.899999999999999
75,2022-10-12,2022-10-20,23.4,16.4,18.9,14.5,87,16.7,7
75,2022-10-12,2022-10-21,21.2,13.9,16.8,2.7,85,14.2,7.299999999999999
75,2022-10-12,2022-10-22,21.4,13.8,16.9,0.2,81,13.2,7.599999999999998
75,2022-10-12,2022-10-23,22.5,10.6,16.9,0.4,76,12.2,11.9
75,2022-10-12,2022-10-24,22.7,9.6,16.3,0,69,10.1,13.1
75,2022-10-12,2022-10-25,26.2,12.3,18.6,0,71,12.7,13.899999999999999
75,2022-10-12,2022-10-26,28.2,14.9,21.2,0,64,13.6,13.299999999999999
75,2022-10-12,2022-10-27,25,16.3,19.7,5.4,73,13.9,8.7
75,2022-10-12,2022-10-28,26.5,11.9,19.3,0,61,11,14.6
75,2022-10-12,2022-10-29,24.2,16.7,19.7,3.3,75,15.1,7.5
75,2022-10-12,2022-10-30,26.2,17.2,21,7,82,17.5,9
75,2022-10-12,2022-10-31,18.5,8.6,13.5,17.3,94,12.6,9.9
75,2022-10-12,2022-11-01,14.9,4.1,8.9,0.7,68,2.6,10.8
75,2022-10-12,2022-11-02,18,4.2,10.5,0,64,3.3,13.8
75,2022-10-12,2022-11-03,20,7.6,13.5,0,63,6,12.4
75,2022-10-12,2022-11-04,20.4,8.4,14.4,0,59,6.3,11.999999999999998
75,2022-10-12,2022-11-05,21.8,9.9,15.3,0,65,8.1,11.9
75,2022-10-12,2022-11-06,21,10.4,15.6,0.2,64,8.3,10.6
75,2022-10-12,2022-11-07,20,9.1,14.9,0,67,8.3,10.9
75,2022-10-12,2022-11-08,20.5,10.1,14.9,0.6,69,8.8,10.4
75,2022-10-12,2022-11-09,22.8,9.1,15.8,0,69,9.4,13.700000000000001
76,2022-09-13,2022-08-16,19.5,13.3,16.3,6,90,14.6,6.199999999999999
76,2022-09-13,2022-08-17,22,13.3,16.7,0.1,85,14,8.7
76,2022-09-13,2022-08-18,17.2,7.9,12.6,7.9,81,9.1,9.299999999999999
76,2022-09-13,2022-08-19,10.6,0.9,5.9,0,66,-0.2,9.7
76,2022-09-13,2022-08-20,15.2,1.2,7,0,75,2.7,14
76,2022-09-13,2022-08-21,18.2,4.6,10.8,0,76,6.4,13.6
76,2022-09-13,2022-08-22,20.4,4.9,12.2,0,81,8.6,15.499999999999998
76,2022-09-13,2022-08-23,22.5,9.5,14.8,0,79,10.7,13
76,2022-09-13,2022-08-24,24,12.7,17.3,0,69,11.4,11.3
76,2022-09-13,2022-08-25,24.9,13.9,18.5,0,68,12.3,10.999999999999998
76,2022-09-13,2022-08-26,25.1,13.9,18.6,0,67,12.1,11.200000000000001
76,2022-09-13,2022-08-27,27.1,15.4,20.1,0,64,12.9,11.700000000000001
76,2022-09-13,2022-08-28,21.1,9.2,13.9,17.5,81,10.5,11.900000000000002
76,2022-09-13,2022-08-29,13.6,2.2,7.2,0,72,2.4,11.399999999999999
76,2022-09-13,2022-08-30,19.1,5.9,10.9,0,72,6,13.200000000000001
76,2022-09-13,2022-08-31,21.1,7.6,13.7,0,72,8.4,13.500000000000002
76,2022-09-13,2022-09-01,25.3,12.2,18,0,68,11.9,13.100000000000001
76,2022-09-13,2022-09-02,21.6,15.6,17.9,12.3,84,15,6.000000000000002
76,2022-09-13,2022-09-03,14.5,7.7,11.4,0,72,6.1,6.8
76,2022-09-13,2022-09-04,16,2.8,8.8,0,75,4.3,13.2
76,2022-09-13,2022-09-05,20.6,7.6,13.2,0,76,8.9,13.000000000000002
76,2022-09-13,2022-09-06,20.4,12.4,15.5,1.7,81,12.1,7.999999999999998
76,2022-09-13,2022-09-07,21,13.8,16.5,3.4,83,13.3,7.199999999999999
76,2022-09-13,2022-09-08,26.5,12.5,19,0.1,81,15.5,14
76,2022-09-13,2022-09-09,26.9,15.3,22.6,4.6,69,16.4,11.599999999999998
76,2022-09-13,2022-09-10,14,8.9,11.5,0.1,73,6.6,5.1
76,2022-09-13,2022-09-11,19.5,5.2,11.3,0.8,71,5.8,14.3
76,2022-09-13,2022-09-12,23,12.9,16.9,7.9,81,13.4,10.1
76,2022-09-13,2022-09-13,19.2,10.3,14.4,0.1,85,11.6,8.899999999999999
76,2022-09-13,2022-09-14,18.4,8.9,13.2,0.1,77,8.9,9.499999999999998
76,2022-09-13,2022-09-15,19.5,10.1,14.1,0.4,79,10.2,9.4
76,2022-09-13,2022-09-16,21.4,10.6,15.3,0,75,10.3,10.799999999999999
76,2022-09-13,2022-09-17,21.6,10.6,15.6,0,69,9.5,11.000000000000002
76,2022-09-13,2022-09-18,21.9,9.6,15.6,0,59,7.3,12.299999999999999
76,2022-09-13,2022-09-19,17,13.5,14.6,31.8,82,11.4,3.5
76,2022-09-13,2022-09-20,21.6,9.8,14.9,0,83,11.6,11.8
76,2022-09-13,2022-09-21,23.1,10.8,15.7,1.7,84,12.8,12.3
76,2022-09-13,2022-09-22,16.5,10.2,13.7,1.1,81,10.2,6.300000000000001
76,2022-09-13,2022-09-23,16,4.7,10,0,69,4,11.3
76,2022-09-13,2022-09-24,18.8,5.1,11.5,0,67,5.3,13.700000000000001
76,2022-09-13,2022-09-25,19.8,11.2,15.2,2,74,10.6,8.600000000000001
76,2022-09-13,2022-09-26,23.6,11.2,17.1,0,79,13,12.400000000000002
76,2022-09-13,2022-09-27,23.2,10.9,16.8,0,81,13,12.299999999999999
76,2022-09-13,2022-09-28,20,10.9,15.2,0,67,8.9,9.1
76,2022-09-13,2022-09-29,19.2,11.4,14.7,5.6,74,10,7.799999999999999
76,2022-09-13,2022-09-30,19.8,11.9,15.5,13.9,83,12.5,7.9
76,2022-09-13,2022-10-01,22.1,14,17,1,83,13.6,8.100000000000001
76,2022-09-13,2022-10-02,21.1,10.2,15.4,0,79,11.3,10.900000000000002
76,2022-09-13,2022-10-03,21.3,9.6,15,0,73,9.4,11.700000000000001
76,2022-09-13,2022-10-04,22.1,9.4,15.1,0,71,9.4,12.700000000000001
76,2022-09-13,2022-10-05,28.4,10.6,18.4,0.5,71,12.3,17.799999999999997
76,2022-09-13,2022-10-06,24.1,16.6,19.5,49.8,82,16.3,7.5
76,2022-09-13,2022-10-07,20.4,12.3,16.1,2.6,75,11.3,8.099999999999998
76,2022-09-13,2022-10-08,23.1,10.4,16,0,71,10.4,12.700000000000001
76,2022-09-13,2022-10-09,15.6,9.9,12.7,0,69,7.1,5.699999999999999
76,2022-09-13,2022-10-10,17.2,8.4,12.2,13.1,74,7.7,8.799999999999999
76,2022-09-13,2022-10-11,21,13.1,16.4,7.5,87,14.2,7.9
77,2023-07-22,2023-06-24,24.9,13.9,18.8,0,75,14.1,10.999999999999998
77,2023-07-22,2023-06-25,25.1,12.4,18.1,0,76,13.4,12.700000000000001
77,2023-07-22,2023-06-26,24.4,12.3,17.5,0,74,12.6,12.099999999999998
77,2023-07-22,2023-06-27,24.5,10.6,17,0,73,11.8,13.9
77,2023-07-22,2023-06-28,26.3,12.9,18.4,0,71,12.5,13.4
77,2023-07-22,2023-06-29,24.9,12.8,18.7,0,69,12.5,12.099999999999998
77,2023-07-22,2023-06-30,23.2,13.1,17.9,0,73,12.7,10.1
77,2023-07-22,2023-07-01,24.1,13.3,17.8,0,74,12.8,10.8
77,2023-07-22,2023-07-02,23.8,12.4,17.2,0,77,12.8,11.4
77,2023-07-22,2023-07-03,23.2,13.3,17.3,0,76,12.5,9.899999999999999
77,2023-07-22,2023-07-04,22,11.9,16.4,0,70,10.6,10.1
77,2023-07-22,2023-07-05,23.9,10.3,16.2,0,66,9.5,13.599999999999998
77,2023-07-22,2023-07-06,25,12.9,17.5,0,66,10.7,12.1
77,2023-07-22,2023-07-07,24.8,13.9,18.5,0,65,11.4,10.9
77,2023-07-22,2023-07-08,23.6,15.9,19.2,9.3,73,14,7.700000000000001
77,2023-07-22,2023-07-09,22,16,18.2,51.1,92,16.8,6
77,2023-07-22,2023-07-10,25.2,16,19.3,1.3,90,17.4,9.2
77,2023-07-22,2023-07-11,27,15.8,20.3,0.7,82,16.8,11.2
77,2023-07-22,2023-07-12,26.8,15.5,21.4,0,67,14.6,11.3
77,2023-07-22,2023-07-13,18.6,12.4,14.7,3.1,80,11.1,6.200000000000001
77,2023-07-22,2023-07-14,15.6,6.6,10.9,0,76,6.7,9
77,2023-07-22,2023-07-15,17.9,6.7,11.6,0,75,7,11.2
77,2023-07-22,2023-07-16,19.1,11.1,15,0,69,9.3,8.000000000000002
77,2023-07-22,2023-07-17,21.5,11.7,16.3,0.4,78,12.4,9.8
77,2023-07-22,2023-07-18,21.6,14.1,17.3,1,87,15,7.500000000000002
77,2023-07-22,2023-07-19,21.6,13.8,17.1,4,86,14.6,7.800000000000001
77,2023-07-22,2023-07-20,22.9,12.9,17.4,0.2,77,13.3,9.999999999999998
77,2023-07-22,2023-07-21,24.5,14.8,19,0,75,14.4,9.7
77,2023-07-22,2023-07-22,25.1,14.8,19.3,0,76,14.6,10.3
77,2023-07-22,2023-07-23,25.6,13.6,18.9,0,73,13.8,12.000000000000002
77,2023-07-22,2023-07-24,25.1,15.4,19.6,0,71,14,9.700000000000001
77,2023-07-22,2023-07-25,26.4,15.2,20.1,0,63,12.5,11.2
77,2023-07-22,2023-07-26,26.2,15.4,19.6,0,70,13.7,10.799999999999999
77,2023-07-22,2023-07-27,23.8,14.6,18.1,8.4,86,15.6,9.200000000000001
77,2023-07-22,2023-07-28,21.6,15.2,18.2,11.3,89,16.3,6.400000000000002
77,2023-07-22,2023-07-29,20.7,14.4,17,0.1,88,14.9,6.299999999999999
77,2023-07-22,2023-07-30,22.4,12.1,16.7,0,82,13.4,10.299999999999999
77,2023-07-22,2023-07-31,24.5,12.1,17.8,0,79,13.8,12.4
77,2023-07-22,2023-08-01,24.7,12.4,18.1,0,77,13.6,12.299999999999999
77,2023-07-22,2023-08-02,26,11.4,18,0,71,12.1,14.6
77,2023-07-22,2023-08-03,28.1,12.6,19.2,0,67,12.1,15.500000000000002
77,2023-07-22,2023-08-04,26.5,13.1,19.2,0,69,12.9,13.4
77,2023-07-22,2023-08-05,26.9,12.7,19.2,0,65,11.8,14.2
77,2023-07-22,2023-08-06,28.8,14.3,20,0,57,10.8,14.5
77,2023-07-22,2023-08-07,30.5,14.7,21.3,0,59,12.4,15.8
77,2023-07-22,2023-08-08,21.1,17.2,19.2,13.2,79,15.4,3.900000000000002
77,2023-07-22,2023-08-09,20.7,13.9,16.3,24.2,88,14.2,6.799999999999999
77,2023-07-22,2023-08-10,26,15.8,19.9,0.2,81,16.4,10.2
77,2023-07-22,2023-08-11,25.5,16.7,20.5,0.3,72,15,8.8
77,2023-07-22,2023-08-12,25.1,14.9,19.1,1,83,16,10.200000000000001
77,2023-07-22,2023-08-13,24.1,15.9,19,0,85,16.2,8.200000000000001
77,2023-07-22,2023-08-14,24.5,14.6,19,0,80,15.4,9.9
77,2023-07-22,2023-08-15,25.4,15.7,19.8,0,77,15.4,9.7
77,2023-07-22,2023-08-16,26.3,16.9,20.9,0.1,72,15.5,9.400000000000002
77,2023-07-22,2023-08-17,28,17.1,21.5,0,71,15.4,10.899999999999999
77,2023-07-22,2023-08-18,29.2,15.6,20.7,6.8,66,13.4,13.6
77,2023-07-22,2023-08-19,22.5,13.4,17.3,10.5,81,13.7,9.1
78,2023-09-15,2023-08-18,23,13.9,17.2,17.3,74,12.2,9.1
78,2023-09-15,2023-08-19,16.9,8.8,12.9,5.2,83,9.9,8.099999999999998
78,2023-09-15,2023-08-20,18.3,9.4,13.3,2.8,88,11.3,8.9
78,2023-09-15,2023-08-21,21,9.7,14.8,6.1,84,11.7,11.3
78,2023-09-15,2023-08-22,22.9,13.4,17.7,0,73,12.6,9.499999999999998
78,2023-09-15,2023-08-23,25.5,17.5,21,0,65,14,8
78,2023-09-15,2023-08-24,24.1,17.8,20.9,2.9,67,14.4,6.300000000000001
78,2023-09-15,2023-08-25,19.6,11.9,15.6,51.6,94,14.5,7.700000000000001
78,2023-09-15,2023-08-26,15.6,7.6,10.8,0,80,7.3,8
78,2023-09-15,2023-08-27,14.9,4.2,9.3,0,74,4.7,10.7
78,2023-09-15,2023-08-28,15.7,5.6,9.8,0,77,5.8,10.1
78,2023-09-15,2023-08-29,18.1,6.4,11.4,0,79,7.7,11.700000000000001
78,2023-09-15,2023-08-30,20.8,8.3,14,0,78,9.7,12.5
78,2023-09-15,2023-08-31,22.3,10.2,15.8,0,75,11,12.100000000000001
78,2023-09-15,2023-09-01,19.7,11.7,15.3,0,74,10.6,8
78,2023-09-15,2023-09-02,18,13.6,16.1,39.5,80,12.4,4.4
78,2023-09-15,2023-09-03,25.3,14.8,19.3,4.7,85,16.6,10.5
78,2023-09-15,2023-09-04,23.4,17.8,20.2,15.2,86,17.7,5.599999999999998
78,2023-09-15,2023-09-05,20.8,11.3,15.7,0.9,83,12.5,9.5
78,2023-09-15,2023-09-06,17.9,9.5,13.6,0,80,10.2,8.399999999999999
78,2023-09-15,2023-09-07,22.4,11.4,15.6,0,80,12,10.999999999999998
78,2023-09-15,2023-09-08,17.3,13,15.3,16.7,89,13.5,4.300000000000001
78,2023-09-15,2023-09-09,19.3,13.2,15.6,24.9,90,14,6.100000000000001
78,2023-09-15,2023-09-10,24,12.1,17.8,0,84,14.7,11.9
78,2023-09-15,2023-09-11,24.8,14.8,19,0,74,13.8,10
78,2023-09-15,2023-09-12,25.7,15.4,19.9,0,68,13.6,10.299999999999999
78,2023-09-15,2023-09-13,24,14.4,19.4,25,71,13.8,9.6
78,2023-09-15,2023-09-14,14.9,8.2,11.1,4,80,7.6,6.700000000000001
78,2023-09-15,2023-09-15,18.4,4.8,11.1,0,68,4.8,13.599999999999998
78,2023-09-15,2023-09-16,22.1,9.3,14.6,0,65,7.6,12.8
78,2023-09-15,2023-09-17,27,14,19.4,0,63,12,13
78,2023-09-15,2023-09-18,26.3,17.2,21,0.4,62,13.4,9.100000000000001
78,2023-09-15,2023-09-19,24.7,17.4,20.1,1.6,75,15.4,7.300000000000001
78,2023-09-15,2023-09-20,26.4,15.5,19.4,9.1,83,16.1,10.899999999999999
78,2023-09-15,2023-09-21,27.5,17.1,20.9,0,80,16.8,10.399999999999999
78,2023-09-15,2023-09-22,28.2,16.9,21.8,0.8,71,16,11.3
78,2023-09-15,2023-09-23,28.8,17.3,22.1,0,68,15.7,11.5
78,2023-09-15,2023-09-24,28.7,18.2,22.7,0.6,69,16.5,10.5
78,2023-09-15,2023-09-25,27.2,18.6,21.7,11.5,81,18.1,8.599999999999998
78,2023-09-15,2023-09-26,27.5,18.3,21.9,1.9,81,18.2,9.2
78,2023-09-15,2023-09-27,23.6,15.6,20,4.6,77,15.8,8.000000000000002
78,2023-09-15,2023-09-28,17.8,8.5,13,0,76,8.7,9.3
78,2023-09-15,2023-09-29,20,11.1,14.6,6,84,11.8,8.9
78,2023-09-15,2023-09-30,21.4,13.4,16.9,20.9,89,15.1,7.999999999999998
78,2023-09-15,2023-10-01,22.9,15.3,18.4,4.6,87,15.9,7.599999999999998
78,2023-09-15,2023-10-02,23.6,13.9,18.3,1,83,15.1,9.700000000000001
78,2023-09-15,2023-10-03,25.7,14,19.1,4.1,83,16,11.7
78,2023-09-15,2023-10-04,21.6,18.3,20.2,44.8,90,18.5,3.3000000000000007
78,2023-09-15,2023-10-05,21.7,16.6,18.6,38.3,95,17.7,5.099999999999998
78,2023-09-15,2023-10-06,26.5,15.6,19.9,4.9,88,17.7,10.9
78,2023-09-15,2023-10-07,24.1,18.6,21.9,15.9,80,18.2,5.5
78,2023-09-15,2023-10-08,18.3,15,16.9,45,95,16.2,3.3000000000000007
78,2023-09-15,2023-10-09,21,10.9,15.6,0.1,82,12.1,10.1
78,2023-09-15,2023-10-10,22.6,13,16.9,0,77,12.5,9.600000000000001
78,2023-09-15,2023-10-11,26.7,13.7,19.5,0,71,14,13
78,2023-09-15,2023-10-12,23.6,16.8,20.2,64.5,85,17.6,6.800000000000001
78,2023-09-15,2023-10-13,16,11.8,13.6,1.1,86,11.3,4.199999999999999
79,2023-09-08,2023-08-11,19,15.3,17,4.8,87,14.8,3.6999999999999993
79,2023-09-08,2023-08-12,18.6,12.8,15.5,2.3,88,13.6,5.800000000000001
79,2023-09-08,2023-08-13,15.6,12.7,14.1,0.1,90,12.4,2.9000000000000004
79,2023-09-08,2023-08-14,20.1,10,13.8,0,84,11,10.100000000000001
79,2023-09-08,2023-08-15,21.6,11.1,14.7,0,85,11.8,10.500000000000002
79,2023-09-08,2023-08-16,22.1,12.6,16.1,0,90,14.2,9.500000000000002
79,2023-09-08,2023-08-17,24.6,15,18.6,0.3,84,15.6,9.600000000000001
79,2023-09-08,2023-08-18,25.7,14.9,19.4,2.5,67,12.8,10.799999999999999
79,2023-09-08,2023-08-19,18.9,12.1,15.5,6.2,80,11.8,6.799999999999999
79,2023-09-08,2023-08-20,20.6,11,14.3,2.2,88,12.3,9.600000000000001
79,2023-09-08,2023-08-21,22.8,11.1,16.1,0,83,12.9,11.700000000000001
79,2023-09-08,2023-08-22,25.1,13.7,18.5,0,72,13.1,11.400000000000002
79,2023-09-08,2023-08-23,27.9,18.1,22.1,0,63,14.5,9.799999999999997
79,2023-09-08,2023-08-24,27.2,18.4,22.1,0.9,65,15.1,8.8
79,2023-09-08,2023-08-25,20.9,11.4,14.9,22.5,89,13.2,9.499999999999998
79,2023-09-08,2023-08-26,15.6,9.1,11.3,0.5,75,6.8,6.5
79,2023-09-08,2023-08-27,16.5,4.8,9.9,0,75,5.3,11.7
79,2023-09-08,2023-08-28,15.2,7.8,10.9,0.2,78,7,7.3999999999999995
79,2023-09-08,2023-08-29,17.9,7.6,12.2,0.1,81,8.8,10.299999999999999
79,2023-09-08,2023-08-30,21.2,7.3,13.8,0,82,10.4,13.899999999999999
79,2023-09-08,2023-08-31,23.1,10.6,15.5,0,82,12.1,12.500000000000002
79,2023-09-08,2023-09-01,22.2,11.7,16.3,0,67,9.5,10.5
79,2023-09-08,2023-09-02,18.3,13.2,15.7,24,90,14,5.100000000000001
79,2023-09-08,2023-09-03,27.7,16.2,20.6,0.2,83,17.5,11.5
79,2023-09-08,2023-09-04,27.3,20.5,22.7,1,77,18.4,6.800000000000001
79,2023-09-08,2023-09-05,22.5,13.2,17.8,0.7,81,14.3,9.3
79,2023-09-08,2023-09-06,18,11,14,0,79,10.3,7
79,2023-09-08,2023-09-07,20.8,13.1,16,0,80,12.6,7.700000000000001
79,2023-09-08,2023-09-08,20.2,14.4,16.8,4.5,87,14.5,5.799999999999999
79,2023-09-08,2023-09-09,21.4,15.4,17.6,18.2,86,15.2,5.999999999999998
79,2023-09-08,2023-09-10,23.8,13.2,17.6,0.2,86,14.9,10.600000000000001
79,2023-09-08,2023-09-11,27,13.9,19.1,0,82,15.5,13.1
79,2023-09-08,2023-09-12,28.1,14.8,20.9,0,68,14.3,13.3
79,2023-09-08,2023-09-13,28.6,18.3,22.2,2.9,59,13.3,10.3
79,2023-09-08,2023-09-14,18,10.5,14.8,4.9,74,9.8,7.5
79,2023-09-08,2023-09-15,20.1,7.8,13.4,0,74,8.5,12.3
79,2023-09-08,2023-09-16,24.4,10.3,16,0,74,10.5,14.099999999999998
79,2023-09-08,2023-09-17,29,11.6,19.5,0,64,11.8,17.4
79,2023-09-08,2023-09-18,29,15.9,22.1,0.1,62,14.1,13.1
79,2023-09-08,2023-09-19,28.5,16.4,21.5,21.6,72,16,12.100000000000001
79,2023-09-08,2023-09-20,27.7,16.9,21.2,1.1,83,17.9,10.8
79,2023-09-08,2023-09-21,28.9,17.5,22.1,0,75,16.5,11.399999999999999
79,2023-09-08,2023-09-22,30.7,16.5,22.6,0.8,70,16.3,14.2
79,2023-09-08,2023-09-23,31,16.5,22.8,0,74,17.1,14.5
79,2023-09-08,2023-09-24,31.9,18,24.1,3,72,17.9,13.899999999999999
79,2023-09-08,2023-09-25,28.1,18.4,22,8.2,84,19,9.700000000000003
79,2023-09-08,2023-09-26,29.8,16.5,21.5,0.8,84,18.4,13.3
79,2023-09-08,2023-09-27,25.9,18.4,22.1,5.3,75,17.2,7.5
79,2023-09-08,2023-09-28,17.1,10.9,14.1,0.1,73,9.4,6.200000000000001
79,2023-09-08,2023-09-29,21,12.6,15.9,1.2,78,12,8.4
79,2023-09-08,2023-09-30,22.8,15.1,18,3.3,85,15.4,7.700000000000001
79,2023-09-08,2023-10-01,23.9,16.8,19.6,5.1,87,17.2,7.099999999999998
79,2023-09-08,2023-10-02,25,15.1,19.1,1.8,81,15.5,9.9
79,2023-09-08,2023-10-03,27.4,14.1,19.5,0.3,83,16.2,13.299999999999999
79,2023-09-08,2023-10-04,24.1,18.7,20.8,7.6,92,19.3,5.400000000000002
79,2023-09-08,2023-10-05,21.5,16.2,19.1,55.1,93,18,5.300000000000001
79,2023-09-08,2023-10-06,27.9,14.8,19.9,7.4,87,17.5,13.099999999999998
80,2023-09-04,2023-08-07,25.9,15.7,20,0,60,11.8,10.2
80,2023-09-04,2023-08-08,17.4,12.1,14.4,0.6,88,12.4,5.299999999999999
80,2023-09-04,2023-08-09,15.6,11.1,12.6,31.6,94,11.7,4.5
80,2023-09-04,2023-08-10,22.6,13.1,16.5,18.6,90,14.6,9.500000000000002
80,2023-09-04,2023-08-11,19.5,15.8,17.6,5.8,81,14.1,3.6999999999999993
80,2023-09-04,2023-08-12,18.7,14.6,16.3,4.8,84,13.6,4.1
80,2023-09-04,2023-08-13,15.8,12.8,14.2,0.5,92,13,3
80,2023-09-04,2023-08-14,19.4,9.7,13.3,0,88,11.1,9.7
80,2023-09-04,2023-08-15,21.5,10.9,14.7,0,85,11.9,10.6
80,2023-09-04,2023-08-16,22.2,12.6,16.1,0.2,90,14.3,9.6
80,2023-09-04,2023-08-17,24.5,14.7,18.5,0.2,83,15.2,9.8
80,2023-09-04,2023-08-18,25,16.1,19.7,0.2,63,12.4,8.899999999999999
80,2023-09-04,2023-08-19,18.1,11.9,15.3,5.6,81,11.8,6.200000000000001
80,2023-09-04,2023-08-20,20.8,12.1,15.2,3.7,87,12.8,8.700000000000001
80,2023-09-04,2023-08-21,22,13.4,16.6,0,82,13.3,8.6
80,2023-09-04,2023-08-22,24.6,14.7,18.9,0,69,12.9,9.900000000000002
80,2023-09-04,2023-08-23,27.4,20,22.9,0,58,14.1,7.399999999999999
80,2023-09-04,2023-08-24,27.1,20.1,23,0,59,14.5,7
80,2023-09-04,2023-08-25,20.2,11.6,15.3,19.3,92,14,8.6
80,2023-09-04,2023-08-26,14.3,9.5,11,0.1,81,7.7,4.800000000000001
80,2023-09-04,2023-08-27,14.8,5,9.5,0,80,6.1,9.8
80,2023-09-04,2023-08-28,15.2,7.3,10.4,0.1,83,7.4,7.8999999999999995
80,2023-09-04,2023-08-29,17.9,8.4,12.1,0,82,9,9.499999999999998
80,2023-09-04,2023-08-30,21.1,8.1,14.2,0,82,10.7,13.000000000000002
80,2023-09-04,2023-08-31,23,11.2,16.2,0,80,12.4,11.8
80,2023-09-04,2023-09-01,22.2,11.9,16.4,0,74,11.2,10.299999999999999
80,2023-09-04,2023-09-02,19,13.4,15.9,19.5,89,14.1,5.6
80,2023-09-04,2023-09-03,27.2,16.9,21,0.5,81,17.4,10.3
80,2023-09-04,2023-09-04,26.5,20.6,22.5,1.7,77,18.3,5.899999999999999
80,2023-09-04,2023-09-05,22.6,12.8,17.8,1.4,83,14.7,9.8
80,2023-09-04,2023-09-06,18.3,11.1,14,0,81,10.7,7.200000000000001
80,2023-09-04,2023-09-07,21.1,12.8,15.9,0,82,12.7,8.3
80,2023-09-04,2023-09-08,21.8,14.1,17,4.9,85,14.4,7.700000000000001
80,2023-09-04,2023-09-09,20.6,15.4,17.6,10.5,86,15.3,5.200000000000001
80,2023-09-04,2023-09-10,24.3,13.2,17.7,0,85,14.8,11.100000000000001
80,2023-09-04,2023-09-11,26.6,13.6,19,0,81,15.1,13.000000000000002
80,2023-09-04,2023-09-12,27.7,16.6,21.3,0,62,13.4,11.099999999999998
80,2023-09-04,2023-09-13,28.1,18.2,22.1,3.1,56,12.6,9.900000000000002
80,2023-09-04,2023-09-14,17.8,10.9,14.7,5.5,77,10.4,6.9
80,2023-09-04,2023-09-15,19.9,7.3,13.7,0,74,8.9,12.599999999999998
80,2023-09-04,2023-09-16,24.3,10.1,16.1,0,74,10.5,14.200000000000001
80,2023-09-04,2023-09-17,28.9,14,20.8,0,58,11.7,14.899999999999999
80,2023-09-04,2023-09-18,28.1,18.8,22.5,0.2,57,13.4,9.3
80,2023-09-04,2023-09-19,28.2,17.9,21.9,19.5,69,15.6,10.3
80,2023-09-04,2023-09-20,27.7,16.9,21.4,0.2,79,17.4,10.8
80,2023-09-04,2023-09-21,29.1,17.6,22.3,0.3,75,16.8,11.5
80,2023-09-04,2023-09-22,30.6,17.8,22.9,1.5,68,16,12.8
80,2023-09-04,2023-09-23,30.8,17.6,23.4,0,68,16.6,13.2
80,2023-09-04,2023-09-24,32,18,24.6,0.2,64,16.5,14
80,2023-09-04,2023-09-25,29.2,18.4,22.7,5.1,79,18.5,10.8
80,2023-09-04,2023-09-26,30,16.5,21.9,2.7,83,18.5,13.5
80,2023-09-04,2023-09-27,25.8,18.4,23.5,1.9,69,17.4,7.400000000000002
80,2023-09-04,2023-09-28,17.4,12,14.4,0,76,10.1,5.399999999999999
80,2023-09-04,2023-09-29,20.3,12.2,15.5,0.2,80,12,8.100000000000001
80,2023-09-04,2023-09-30,22.6,14.4,17.8,11,88,15.6,8.200000000000001
80,2023-09-04,2023-10-01,24.7,16.7,19.8,4.7,85,16.8,8
80,2023-09-04,2023-10-02,25.1,14.6,19.4,1.1,81,15.8,10.500000000000002
81,2023-09-03,2023-08-06,26.7,17,21,0,66,14.1,9.7
81,2023-09-03,2023-08-07,20.8,13.4,18.7,4.4,77,14.4,7.4
81,2023-09-03,2023-08-08,19,9.9,13.7,0,79,9.9,9.1
81,2023-09-03,2023-08-09,18.1,13.2,15.3,30.9,86,12.8,4.900000000000002
81,2023-09-03,2023-08-10,24.1,14.4,17.7,1.6,89,15.7,9.700000000000001
81,2023-09-03,2023-08-11,23.5,17.3,19.9,19.6,86,17.4,6.199999999999999
81,2023-09-03,2023-08-12,17.9,9.1,13.7,0,66,7.1,8.799999999999999
81,2023-09-03,2023-08-13,13.2,3.8,8.1,0,64,1.5,9.399999999999999
81,2023-09-03,2023-08-14,19.6,4.2,10.4,0,75,5.6,15.400000000000002
81,2023-09-03,2023-08-15,25.1,9.4,15.9,0,75,11.2,15.700000000000001
81,2023-09-03,2023-08-16,26.6,15.4,20.1,0,66,13.5,11.200000000000001
81,2023-09-03,2023-08-17,27.4,18.5,22.4,0,70,16.6,8.899999999999999
81,2023-09-03,2023-08-18,21.9,15.1,18.8,14.2,76,14.1,6.799999999999999
81,2023-09-03,2023-08-19,16.7,10.8,13.5,0.7,77,9.1,5.899999999999999
81,2023-09-03,2023-08-20,20.4,9.8,14.5,0,80,10.9,10.599999999999998
81,2023-09-03,2023-08-21,23,10.1,16.2,0,83,13,12.9
81,2023-09-03,2023-08-22,27,17.6,22.2,0.5,74,17.2,9.399999999999999
81,2023-09-03,2023-08-23,28.4,20.1,24.3,1.9,70,18.3,8.299999999999997
81,2023-09-03,2023-08-24,19.1,12.6,15.5,7.4,80,11.7,6.500000000000002
81,2023-09-03,2023-08-25,16.3,7.2,11.4,0,60,3.6,9.100000000000001
81,2023-09-03,2023-08-26,14.6,4.2,9.6,0,63,2.4,10.399999999999999
81,2023-09-03,2023-08-27,13.4,4.6,8.8,0,63,1.8,8.8
81,2023-09-03,2023-08-28,16.7,2.9,9.1,0,73,4.3,13.799999999999999
81,2023-09-03,2023-08-29,21.5,8.2,14,0,71,8.4,13.3
81,2023-09-03,2023-08-30,23.3,8.6,16,0,68,9.7,14.700000000000001
81,2023-09-03,2023-08-31,24.4,10,17.2,0,67,10.5,14.399999999999999
81,2023-09-03,2023-09-01,21.7,13.4,17.1,6,73,12.1,8.299999999999999
81,2023-09-03,2023-09-02,22.2,16.1,18.3,41.3,85,15.8,6.099999999999998
81,2023-09-03,2023-09-03,25.7,17.1,19.9,42,89,18.1,8.599999999999998
81,2023-09-03,2023-09-04,21.3,14.6,19.5,116,94,18.5,6.700000000000001
81,2023-09-03,2023-09-05,17.5,10.2,13.6,3.2,81,10.1,7.300000000000001
81,2023-09-03,2023-09-06,23,8.6,14.8,0,78,10.9,14.4
81,2023-09-03,2023-09-07,25.9,16.2,20.1,11.2,72,14.8,9.7
81,2023-09-03,2023-09-08,22,17.6,19.9,23.8,86,17.4,4.399999999999999
81,2023-09-03,2023-09-09,20.9,15.7,17.4,21.7,88,15.4,5.199999999999999
81,2023-09-03,2023-09-10,25.2,13.6,18.2,4.9,91,16.6,11.6
81,2023-09-03,2023-09-11,29.5,18.9,23.5,0,75,18.5,10.600000000000001
81,2023-09-03,2023-09-12,24.4,18.4,20.4,7.8,81,16.7,6
81,2023-09-03,2023-09-13,19.5,11.4,14,55.9,94,13.1,8.1
81,2023-09-03,2023-09-14,15.1,6.3,10.5,1.2,79,6.6,8.8
81,2023-09-03,2023-09-15,19.4,5.1,11.6,0,69,5.5,14.299999999999999
81,2023-09-03,2023-09-16,25.8,12.4,17.9,0,57,9.1,13.4
81,2023-09-03,2023-09-17,30.5,19.2,23.7,0,61,15.7,11.3
81,2023-09-03,2023-09-18,29.6,20.6,25.9,3.5,59,17,9
81,2023-09-03,2023-09-19,23.8,19,20.6,28.1,90,18.9,4.800000000000001
81,2023-09-03,2023-09-20,28.7,17.8,22.6,0.1,83,19.4,10.899999999999999
81,2023-09-03,2023-09-21,30.6,21.6,24.8,3.8,77,20.2,9
81,2023-09-03,2023-09-22,26.2,19.9,22.5,24.6,85,19.9,6.300000000000001
81,2023-09-03,2023-09-23,30.3,20,24.4,0.2,75,19.5,10.3
81,2023-09-03,2023-09-24,28,20,23.5,0.1,83,20.4,8
81,2023-09-03,2023-09-25,19.9,15.5,17.3,74.3,89,15.4,4.399999999999999
81,2023-09-03,2023-09-26,26.8,15.1,19.3,4.1,87,17.1,11.700000000000001
81,2023-09-03,2023-09-27,17.4,12.8,14.9,6.2,79,11,4.599999999999998
81,2023-09-03,2023-09-28,21.1,8.2,14.1,0,74,9.2,12.900000000000002
81,2023-09-03,2023-09-29,25.2,13.9,18.8,0.1,73,13.6,11.299999999999999
81,2023-09-03,2023-09-30,23.5,15.1,18.8,0.7,84,15.8,8.4
81,2023-09-03,2023-10-01,20.7,12.2,16,0,77,11.5,8.5
82,2023-08-28,2023-07-31,23.3,12.4,17.2,0,85,14.4,10.9
82,2023-08-28,2023-08-01,24.2,14.1,18.7,0,79,14.8,10.1
82,2023-08-28,2023-08-02,24.8,12.7,18.7,0,77,14.5,12.100000000000001
82,2023-08-28,2023-08-03,24.9,12.8,18.9,0,73,13.8,12.099999999999998
82,2023-08-28,2023-08-04,26,14.5,19.5,0,71,13.9,11.5
82,2023-08-28,2023-08-05,26.1,14.5,20.6,0,73,15.3,11.600000000000001
82,2023-08-28,2023-08-06,26.6,14.1,19.8,0,71,14.1,12.500000000000002
82,2023-08-28,2023-08-07,20.4,16.9,18.5,10,83,15.6,3.5
82,2023-08-28,2023-08-08,22.2,11.9,16.2,0.5,79,12.5,10.299999999999999
82,2023-08-28,2023-08-09,19.5,13.2,16.1,13,83,13.3,6.300000000000001
82,2023-08-28,2023-08-10,23.1,13.5,17.5,4.7,91,15.9,9.600000000000001
82,2023-08-28,2023-08-11,24.8,17,20.3,6.9,85,17.5,7.800000000000001
82,2023-08-28,2023-08-12,17.5,11,15.3,24.6,79,11.3,6.5
82,2023-08-28,2023-08-13,15.1,4.6,9.5,0,64,2.9,10.5
82,2023-08-28,2023-08-14,20.4,4.8,11.8,0,71,6.4,15.599999999999998
82,2023-08-28,2023-08-15,24.9,10.4,16.5,0,73,11.6,14.499999999999998
82,2023-08-28,2023-08-16,26.4,13.3,19.1,0,69,13.1,13.099999999999998
82,2023-08-28,2023-08-17,27.3,15.3,20.8,0,76,16.1,12
82,2023-08-28,2023-08-18,20.5,15.5,17.9,9.5,82,14.7,5
82,2023-08-28,2023-08-19,18.8,10.6,14.6,0.3,83,11.5,8.200000000000001
82,2023-08-28,2023-08-20,21.1,9.6,15.3,0.5,83,12.3,11.500000000000002
82,2023-08-28,2023-08-21,23,12.7,17.1,0,90,15.2,10.3
82,2023-08-28,2023-08-22,27.2,16.8,21,1.2,77,16.7,10.399999999999999
82,2023-08-28,2023-08-23,29.6,21,24.3,0,69,18.1,8.600000000000001
82,2023-08-28,2023-08-24,22.5,14.6,17.9,30.4,87,15.7,7.9
82,2023-08-28,2023-08-25,17.4,8.1,12.6,0,65,5.9,9.299999999999999
82,2023-08-28,2023-08-26,15.4,6.6,10.9,0,55,2.2,8.8
82,2023-08-28,2023-08-27,14.9,4.8,9.5,0,62,2.2,10.100000000000001
82,2023-08-28,2023-08-28,18.5,4.1,10.5,0,72,5.6,14.4
82,2023-08-28,2023-08-29,21.4,8.1,14,0,72,8.7,13.299999999999999
82,2023-08-28,2023-08-30,23.5,10.2,16.3,0,68,10.1,13.3
82,2023-08-28,2023-08-31,25.4,12.9,18.5,0,66,11.7,12.499999999999998
82,2023-08-28,2023-09-01,19.4,13.9,16.8,17.4,80,13.2,5.499999999999998
82,2023-08-28,2023-09-02,20.9,14.8,17.2,50.9,92,15.8,6.099999999999998
82,2023-08-28,2023-09-03,28.1,17,21.3,23.3,85,18.6,11.100000000000001
82,2023-08-28,2023-09-04,21.7,16.7,20,87.1,96,19.3,5
82,2023-08-28,2023-09-05,18.9,12.1,14.9,0,80,11.4,6.799999999999999
82,2023-08-28,2023-09-06,24.1,11.1,16.5,0,77,12.3,13.000000000000002
82,2023-08-28,2023-09-07,26,15.2,20.1,5.9,73,15,10.8
82,2023-08-28,2023-09-08,20,17.1,18.6,67.3,91,17.1,2.8999999999999986
82,2023-08-28,2023-09-09,22.4,14.8,18.2,11.8,86,15.8,7.599999999999998
82,2023-08-28,2023-09-10,25.7,14,19.9,0.5,87,17.5,11.7
82,2023-08-28,2023-09-11,29.5,18,22.6,0,76,17.8,11.5
82,2023-08-28,2023-09-12,25.8,18,21.6,0.4,73,16.4,7.800000000000001
82,2023-08-28,2023-09-13,21.5,12.9,18.4,56.2,87,16.1,8.6
82,2023-08-28,2023-09-14,15.5,9.3,11.9,0.2,75,7.4,6.199999999999999
82,2023-08-28,2023-09-15,19.5,6.1,12.6,0,66,5.7,13.4
82,2023-08-28,2023-09-16,25.9,9.8,16.9,0,65,10,16.099999999999998
82,2023-08-28,2023-09-17,30.5,16,22.1,0,67,15.5,14.5
82,2023-08-28,2023-09-18,30.5,19.9,24,0,67,17.4,10.600000000000001
82,2023-08-28,2023-09-19,23.5,19.5,21.2,8.9,89,19.3,4
82,2023-08-28,2023-09-20,29,17.4,22.3,0,84,19.2,11.600000000000001
82,2023-08-28,2023-09-21,30.1,19.5,24.1,0,79,20,10.600000000000001
82,2023-08-28,2023-09-22,30.5,19.9,24,4.9,79,20,10.600000000000001
82,2023-08-28,2023-09-23,32,19.5,24.7,0.1,73,19.4,12.5
82,2023-08-28,2023-09-24,32.8,21,25.8,0.1,76,20.9,11.799999999999997
82,2023-08-28,2023-09-25,26.5,19,22,9.6,83,19,7.5
83,2023-09-27,2023-08-30,21,8.1,13.8,0,76,9.3,12.9
83,2023-09-27,2023-08-31,22.9,10.3,15.7,0,71,10.2,12.599999999999998
83,2023-09-27,2023-09-01,20.6,12.4,15.8,4.5,78,11.8,8.200000000000001
83,2023-09-27,2023-09-02,20.9,13.8,16.2,31.3,89,14.3,7.099999999999998
83,2023-09-27,2023-09-03,25.2,15.2,19,17.3,89,17.1,10
83,2023-09-27,2023-09-04,21.5,17.8,19.7,70.3,95,18.8,3.6999999999999993
83,2023-09-27,2023-09-05,17.5,10.9,13.6,4.3,82,10.3,6.6
83,2023-09-27,2023-09-06,20.6,8.9,14.1,0,81,10.7,11.700000000000001
83,2023-09-27,2023-09-07,23.8,13.1,17.3,0,75,12.9,10.700000000000001
83,2023-09-27,2023-09-08,18.9,15.1,17.2,41.5,91,15.6,3.799999999999999
83,2023-09-27,2023-09-09,20.8,12.6,16,1.2,88,14.1,8.200000000000001
83,2023-09-27,2023-09-10,24.1,13.9,17.9,1,91,16.2,10.200000000000001
83,2023-09-27,2023-09-11,28.1,15.4,21,0,77,16.5,12.700000000000001
83,2023-09-27,2023-09-12,23.8,17.3,20.5,0,71,14.9,6.5
83,2023-09-27,2023-09-13,20,12.4,17.6,38.8,91,16.1,7.6
83,2023-09-27,2023-09-14,13.2,7.6,10,1.5,79,6.3,5.6
83,2023-09-27,2023-09-15,18,4,10.4,0,70,4.3,14
83,2023-09-27,2023-09-16,24.2,8.7,15.4,0,64,8.5,15.5
83,2023-09-27,2023-09-17,29,13.9,20.6,0,64,13.5,15.1
83,2023-09-27,2023-09-18,29,20.3,23.8,0.2,59,15.3,8.7
83,2023-09-27,2023-09-19,20.5,17.2,19,21.5,94,18,3.3000000000000007
83,2023-09-27,2023-09-20,27.2,16.5,20.9,0.7,86,18.2,10.7
83,2023-09-27,2023-09-21,29.5,17.6,22.3,0.3,82,18.8,11.899999999999999
83,2023-09-27,2023-09-22,24.8,18.5,20.8,27.2,87,18.6,6.300000000000001
83,2023-09-27,2023-09-23,29.4,17.6,22.6,0,79,18.5,11.799999999999997
83,2023-09-27,2023-09-24,29.9,19.2,23.4,9.2,80,19.6,10.7
83,2023-09-27,2023-09-25,22.9,16,18.1,28.7,91,16.6,6.899999999999999
83,2023-09-27,2023-09-26,30.2,17.7,22.3,11.5,84,19.2,12.5
83,2023-09-27,2023-09-27,20,11.5,14.9,7.1,87,12.6,8.5
83,2023-09-27,2023-09-28,21,6.8,13.2,0.1,75,8.6,14.2
83,2023-09-27,2023-09-29,23.4,12.5,17.2,0.7,76,12.8,10.899999999999999
83,2023-09-27,2023-09-30,22.3,15.2,17.9,4.5,86,15.5,7.100000000000001
83,2023-09-27,2023-10-01,20.6,11.9,15.3,0,82,11.8,8.700000000000001
83,2023-09-27,2023-10-02,21.1,6.9,13.9,0,71,8.2,14.200000000000001
83,2023-09-27,2023-10-03,27.9,10.1,17.2,6.2,81,13.6,17.799999999999997
83,2023-09-27,2023-10-04,23.1,17,19.9,35,88,17.6,6.100000000000001
83,2023-09-27,2023-10-05,21.2,13.2,16.3,0.7,81,12.7,8
83,2023-09-27,2023-10-06,22.6,13.8,17.5,15.3,88,15.4,8.8
83,2023-09-27,2023-10-07,20.9,16.5,18.3,44.4,92,17,4.399999999999999
83,2023-09-27,2023-10-08,17.7,14.4,15.8,4,91,14.3,3.299999999999999
83,2023-09-27,2023-10-09,21.4,13.4,16.5,0.7,81,12.9,7.999999999999998
83,2023-09-27,2023-10-10,25,13.4,18.2,0,79,14.1,11.6
83,2023-09-27,2023-10-11,20.9,15.6,18.4,30.4,84,15.5,5.299999999999999
83,2023-09-27,2023-10-12,17.6,11.4,13.1,29.7,89,11.3,6.200000000000001
83,2023-09-27,2023-10-13,17.8,7.4,11.9,0,76,7.7,10.4
83,2023-09-27,2023-10-14,22.1,9.4,15,0,75,10.4,12.700000000000001
83,2023-09-27,2023-10-15,24.6,13.4,17.9,10.3,78,13.9,11.200000000000001
83,2023-09-27,2023-10-16,22.1,16.1,18.9,40.4,89,16.9,6
83,2023-09-27,2023-10-17,20.4,16.2,17.6,70.3,94,16.6,4.199999999999999
83,2023-09-27,2023-10-18,19.4,11.7,15.4,4.6,89,13.6,7.699999999999999
83,2023-09-27,2023-10-19,22,13.7,17,18.7,84,14.1,8.3
83,2023-09-27,2023-10-20,24.2,13,18.3,1.6,79,14.3,11.2
83,2023-09-27,2023-10-21,26.4,13.9,19.8,0,80,15.9,12.499999999999998
83,2023-09-27,2023-10-22,27.1,14.8,20.8,0,76,16.2,12.3
83,2023-09-27,2023-10-23,24.5,18.1,21.1,5.1,83,18.1,6.399999999999999
83,2023-09-27,2023-10-24,24.2,17.7,20.9,1.1,87,18.6,6.5
83,2023-09-27,2023-10-25,23,16,19.3,0.3,77,14.6,7
84,2023-09-20,2023-08-23,27.7,17.2,23.4,1,68,17,10.5
84,2023-09-20,2023-08-24,19.3,11.1,14.7,36.4,91,13.3,8.200000000000001
84,2023-09-20,2023-08-25,14.9,5.9,9.8,0,71,4.6,9
84,2023-09-20,2023-08-26,13.6,4.2,8.9,0,60,1.4,9.399999999999999
84,2023-09-20,2023-08-27,12.1,3,7.4,0,68,1.5,9.1
84,2023-09-20,2023-08-28,17,2.8,9.1,0,73,4.1,14.2
84,2023-09-20,2023-08-29,18.9,7.5,12.3,0,75,7.6,11.399999999999999
84,2023-09-20,2023-08-30,21.2,8.8,14.5,0,73,9.4,12.399999999999999
84,2023-09-20,2023-08-31,22.9,11.3,16.3,0,68,10,11.599999999999998
84,2023-09-20,2023-09-01,21,13.1,16.3,5.9,74,11.7,7.9
84,2023-09-20,2023-09-02,20.9,14.2,16.5,43.6,87,14.3,6.699999999999999
84,2023-09-20,2023-09-03,25.2,15.7,19.2,18.7,87,17,9.5
84,2023-09-20,2023-09-04,21.4,18.2,19.9,68.2,93,18.8,3.1999999999999993
84,2023-09-20,2023-09-05,17.2,10.9,13.4,5.1,82,10.3,6.299999999999999
84,2023-09-20,2023-09-06,20.9,8.6,14.2,0,81,10.7,12.299999999999999
84,2023-09-20,2023-09-07,24,13.4,17.6,0,75,12.9,10.6
84,2023-09-20,2023-09-08,19,15.3,17.6,39.8,88,15.6,3.6999999999999993
84,2023-09-20,2023-09-09,21,13.3,16.3,2.1,87,14.1,7.699999999999999
84,2023-09-20,2023-09-10,24.4,14,18,0.4,90,16.3,10.399999999999999
84,2023-09-20,2023-09-11,28.2,16,21.4,0,76,16.6,12.2
84,2023-09-20,2023-09-12,23.2,18,20.6,0.1,70,14.9,5.199999999999999
84,2023-09-20,2023-09-13,20.1,12.3,17.6,23.9,90,15.9,7.800000000000001
84,2023-09-20,2023-09-14,13.2,7.4,9.9,2.1,80,6.3,5.799999999999999
84,2023-09-20,2023-09-15,18.1,4.8,10.5,0,69,4.4,13.3
84,2023-09-20,2023-09-16,24.3,9.9,16,0,61,8.3,14.4
84,2023-09-20,2023-09-17,29.1,15.1,21.2,0,62,13.5,14.000000000000002
84,2023-09-20,2023-09-18,29,21.1,24.2,0.9,58,15.3,7.899999999999999
84,2023-09-20,2023-09-19,20.7,17.8,19.3,22.2,92,17.9,2.8999999999999986
84,2023-09-20,2023-09-20,27.2,17,21.2,0.4,84,18.2,10.2
84,2023-09-20,2023-09-21,29.6,18.1,22.7,0.7,80,18.8,11.5
84,2023-09-20,2023-09-22,25.3,18.9,21.3,27,85,18.6,6.400000000000002
84,2023-09-20,2023-09-23,29.5,18.3,23,0.1,77,18.5,11.2
84,2023-09-20,2023-09-24,29.4,19,23.5,12.7,79,19.4,10.399999999999999
84,2023-09-20,2023-09-25,22.1,15.4,17.5,25,91,16.1,6.700000000000001
84,2023-09-20,2023-09-26,30.2,17.1,22.1,22.6,85,19.2,13.099999999999998
84,2023-09-20,2023-09-27,19.3,11.5,14.8,9.9,87,12.5,7.800000000000001
84,2023-09-20,2023-09-28,21,6.9,13.5,0.5,75,8.7,14.1
84,2023-09-20,2023-09-29,23.4,12.8,17.5,0.3,75,12.8,10.599999999999998
84,2023-09-20,2023-09-30,22.4,15.5,18.1,3.1,85,15.4,6.899999999999999
84,2023-09-20,2023-10-01,20.2,11.9,15.2,0.1,82,11.8,8.299999999999999
84,2023-09-20,2023-10-02,20.5,7.4,13.8,0,72,8.4,13.1
84,2023-09-20,2023-10-03,28.1,10.2,17.5,4.8,80,13.6,17.900000000000002
84,2023-09-20,2023-10-04,23.4,16.9,20,31.3,87,17.6,6.5
84,2023-09-20,2023-10-05,21,13.4,16.3,1.2,79,12.2,7.6
84,2023-09-20,2023-10-06,23,13.9,17.6,23,87,15.3,9.1
84,2023-09-20,2023-10-07,20.2,16.6,18.2,33.6,93,16.9,3.599999999999998
84,2023-09-20,2023-10-08,17.1,14.6,15.6,3.6,91,14.1,2.5000000000000018
84,2023-09-20,2023-10-09,21.3,13.4,16.5,0.6,82,12.9,7.9
84,2023-09-20,2023-10-10,25.2,13.5,18.4,0,78,14.1,11.7
84,2023-09-20,2023-10-11,20.6,16.3,18.6,31.3,82,15.5,4.300000000000001
84,2023-09-20,2023-10-12,17.6,11.1,12.8,34.8,90,11.2,6.500000000000002
84,2023-09-20,2023-10-13,17.2,7.2,11.7,0,77,7.6,10
84,2023-09-20,2023-10-14,22.1,9.9,15.2,0,74,10.3,12.200000000000001
84,2023-09-20,2023-10-15,24.7,13.6,18.1,10.1,77,13.9,11.1
84,2023-09-20,2023-10-16,21.9,16.2,19,47.2,88,16.9,5.699999999999999
84,2023-09-20,2023-10-17,20.1,16.3,17.8,75.6,92,16.5,3.8000000000000007
84,2023-09-20,2023-10-18,19,11.5,15.1,5.2,89,13.2,7.5
85,2023-09-08,2023-08-11,24,17.1,20.3,12.5,83,17.2,6.899999999999999
85,2023-09-08,2023-08-12,19,9.1,14.3,6.8,72,8.9,9.9
85,2023-09-08,2023-08-13,13.3,3.5,7.9,0,70,2.6,9.8
85,2023-09-08,2023-08-14,19.9,3.5,10.6,0,74,5.6,16.4
85,2023-09-08,2023-08-15,24.8,10.4,16.2,0,75,11.5,14.4
85,2023-09-08,2023-08-16,26,14.6,19.5,0,65,12.7,11.4
85,2023-09-08,2023-08-17,27.1,17.5,21.7,0,72,16.3,9.600000000000001
85,2023-09-08,2023-08-18,21.2,15,18.6,17.9,77,14.2,6.199999999999999
85,2023-09-08,2023-08-19,17.1,10.9,13.7,0.2,81,10.1,6.200000000000001
85,2023-09-08,2023-08-20,20.5,10.6,15,0.4,81,11.5,9.9
85,2023-09-08,2023-08-21,22.8,10.3,16,0,86,13.3,12.5
85,2023-09-08,2023-08-22,26.9,17.8,21.6,0.1,73,16.6,9.099999999999998
85,2023-09-08,2023-08-23,29,21,25.1,0.6,65,17.9,8
85,2023-09-08,2023-08-24,20.5,12.3,16.2,19.2,84,13.3,8.2
85,2023-09-08,2023-08-25,16.3,6.4,10.9,0,61,3.5,9.9
85,2023-09-08,2023-08-26,14.5,4,9.4,0,59,1.5,10.5
85,2023-09-08,2023-08-27,13.4,4,8.4,0,63,1.5,9.4
85,2023-09-08,2023-08-28,17.8,2.7,9.2,0,73,4.5,15.100000000000001
85,2023-09-08,2023-08-29,21,8.6,13.7,0,71,8.2,12.4
85,2023-09-08,2023-08-30,22.9,10.1,15.6,0,70,9.6,12.799999999999999
85,2023-09-08,2023-08-31,24.2,10.5,17.2,0,66,10.4,13.7
85,2023-09-08,2023-09-01,20.9,14.6,17.2,3.8,72,12,6.299999999999999
85,2023-09-08,2023-09-02,22.1,15.6,17.7,42.6,86,15.3,6.500000000000002
85,2023-09-08,2023-09-03,26,17,20.3,34.9,87,18,9
85,2023-09-08,2023-09-04,21.8,14.8,20,92.2,93,18.7,7
85,2023-09-08,2023-09-05,18.2,11.6,14.1,1.8,80,10.4,6.6
85,2023-09-08,2023-09-06,23.2,8.9,15.1,0,79,11.2,14.299999999999999
85,2023-09-08,2023-09-07,26,15.9,20,0,69,14.1,10.1
85,2023-09-08,2023-09-08,20.8,17.2,19.4,35.5,86,17,3.6000000000000014
85,2023-09-08,2023-09-09,22,14.4,17.8,8.3,86,15.3,7.6
85,2023-09-08,2023-09-10,25.4,14.4,18.9,1.6,90,17,10.999999999999998
85,2023-09-08,2023-09-11,29,18.6,23,0,75,18.1,10.399999999999999
85,2023-09-08,2023-09-12,23.8,17.8,20.9,13.3,74,16,6
85,2023-09-08,2023-09-13,19.2,11.8,16.5,46.7,93,15.4,7.399999999999999
85,2023-09-08,2023-09-14,14.8,7.1,10.7,1.6,79,6.8,7.700000000000001
85,2023-09-08,2023-09-15,19.5,5.2,11.5,0,67,5,14.3
85,2023-09-08,2023-09-16,25.5,12.2,17.4,0,58,9.1,13.3
85,2023-09-08,2023-09-17,30,18.5,23,0,61,15.2,11.5
85,2023-09-08,2023-09-18,30.4,20,25.3,4.4,61,17,10.399999999999999
85,2023-09-08,2023-09-19,22.2,18.4,20.2,32.1,92,18.8,3.8000000000000007
85,2023-09-08,2023-09-20,28.5,17.6,22.4,0.7,83,19.1,10.899999999999999
85,2023-09-08,2023-09-21,31.2,20.5,24.7,0.3,75,19.8,10.7
85,2023-09-08,2023-09-22,26.5,19.2,22.3,20.3,84,19.5,7.300000000000001
85,2023-09-08,2023-09-23,30.5,20.5,24.7,0,71,19,10
85,2023-09-08,2023-09-24,28.6,20.5,24.6,0.2,78,20.4,8.100000000000001
85,2023-09-08,2023-09-25,20.8,16,18.1,73.8,88,16,4.800000000000001
85,2023-09-08,2023-09-26,30.6,16.5,21.7,7.1,84,18.7,14.100000000000001
85,2023-09-08,2023-09-27,17,13.2,15.1,1.2,81,11.7,3.8000000000000007
85,2023-09-08,2023-09-28,22.4,8.7,14.5,0.1,74,9.6,13.7
85,2023-09-08,2023-09-29,25.5,14.2,19.4,0.4,70,13.6,11.3
85,2023-09-08,2023-09-30,23.5,14.6,18.9,1.2,85,16.1,8.9
85,2023-09-08,2023-10-01,21.2,12.6,16.1,0,76,11.3,8.6
85,2023-09-08,2023-10-02,21.6,8.2,14.8,0,72,9,13.400000000000002
85,2023-09-08,2023-10-03,29.1,9.5,17.9,10,77,13.3,19.6
85,2023-09-08,2023-10-04,24.8,18,20.7,62.1,84,17.8,6.800000000000001
85,2023-09-08,2023-10-05,21.5,11.7,16.3,0,75,11.3,9.8
85,2023-09-08,2023-10-06,22.7,12.4,17.2,21.5,85,14.7,10.299999999999999
86,2023-08-28,2023-07-31,20.2,7.7,13.2,0,86,10.7,12.5
86,2023-08-28,2023-08-01,21.2,10.6,14.8,0,82,11.5,10.6
86,2023-08-28,2023-08-02,23.1,8.1,15,0,75,10.1,15.000000000000002
86,2023-08-28,2023-08-03,22.5,10.6,15.8,0,71,10.3,11.9
86,2023-08-28,2023-08-04,21.9,10.9,16.1,0,72,10.9,10.999999999999998
86,2023-08-28,2023-08-05,24,11.4,17.4,0,67,10.8,12.6
86,2023-08-28,2023-08-06,25.2,12.2,17.5,0,72,11.8,13
86,2023-08-28,2023-08-07,25.9,15.7,20,0,60,11.8,10.2
86,2023-08-28,2023-08-08,17.4,12.1,14.4,0.6,88,12.4,5.299999999999999
86,2023-08-28,2023-08-09,15.6,11.1,12.6,31.6,94,11.7,4.5
86,2023-08-28,2023-08-10,22.6,13.1,16.5,18.6,90,14.6,9.500000000000002
86,2023-08-28,2023-08-11,19.5,15.8,17.6,5.8,81,14.1,3.6999999999999993
86,2023-08-28,2023-08-12,18.7,14.6,16.3,4.8,84,13.6,4.1
86,2023-08-28,2023-08-13,15.8,12.8,14.2,0.5,92,13,3
86,2023-08-28,2023-08-14,19.4,9.7,13.3,0,88,11.1,9.7
86,2023-08-28,2023-08-15,21.5,10.9,14.7,0,85,11.9,10.6
86,2023-08-28,2023-08-16,22.2,12.6,16.1,0.2,90,14.3,9.6
86,2023-08-28,2023-08-17,24.5,14.7,18.5,0.2,83,15.2,9.8
86,2023-08-28,2023-08-18,25,16.1,19.7,0.2,63,12.4,8.899999999999999
86,2023-08-28,2023-08-19,18.1,11.9,15.3,5.6,81,11.8,6.200000000000001
86,2023-08-28,2023-08-20,20.8,12.1,15.2,3.7,87,12.8,8.700000000000001
86,2023-08-28,2023-08-21,22,13.4,16.6,0,82,13.3,8.6
86,2023-08-28,2023-08-22,24.6,14.7,18.9,0,69,12.9,9.900000000000002
86,2023-08-28,2023-08-23,27.4,20,22.9,0,58,14.1,7.399999999999999
86,2023-08-28,2023-08-24,27.1,20.1,23,0,59,14.5,7
86,2023-08-28,2023-08-25,20.2,11.6,15.3,19.3,92,14,8.6
86,2023-08-28,2023-08-26,14.3,9.5,11,0.1,81,7.7,4.800000000000001
86,2023-08-28,2023-08-27,14.8,5,9.5,0,80,6.1,9.8
86,2023-08-28,2023-08-28,15.2,7.3,10.4,0.1,83,7.4,7.8999999999999995
86,2023-08-28,2023-08-29,17.9,8.4,12.1,0,82,9,9.499999999999998
86,2023-08-28,2023-08-30,21.1,8.1,14.2,0,82,10.7,13.000000000000002
86,2023-08-28,2023-08-31,23,11.2,16.2,0,80,12.4,11.8
86,2023-08-28,2023-09-01,22.2,11.9,16.4,0,74,11.2,10.299999999999999
86,2023-08-28,2023-09-02,19,13.4,15.9,19.5,89,14.1,5.6
86,2023-08-28,2023-09-03,27.2,16.9,21,0.5,81,17.4,10.3
86,2023-08-28,2023-09-04,26.5,20.6,22.5,1.7,77,18.3,5.899999999999999
86,2023-08-28,2023-09-05,22.6,12.8,17.8,1.4,83,14.7,9.8
86,2023-08-28,2023-09-06,18.3,11.1,14,0,81,10.7,7.200000000000001
86,2023-08-28,2023-09-07,21.1,12.8,15.9,0,82,12.7,8.3
86,2023-08-28,2023-09-08,21.8,14.1,17,4.9,85,14.4,7.700000000000001
86,2023-08-28,2023-09-09,20.6,15.4,17.6,10.5,86,15.3,5.200000000000001
86,2023-08-28,2023-09-10,24.3,13.2,17.7,0,85,14.8,11.100000000000001
86,2023-08-28,2023-09-11,26.6,13.6,19,0,81,15.1,13.000000000000002
86,2023-08-28,2023-09-12,27.7,16.6,21.3,0,62,13.4,11.099999999999998
86,2023-08-28,2023-09-13,28.1,18.2,22.1,3.1,56,12.6,9.900000000000002
86,2023-08-28,2023-09-14,17.8,10.9,14.7,5.5,77,10.4,6.9
86,2023-08-28,2023-09-15,19.9,7.3,13.7,0,74,8.9,12.599999999999998
86,2023-08-28,2023-09-16,24.3,10.1,16.1,0,74,10.5,14.200000000000001
86,2023-08-28,2023-09-17,28.9,14,20.8,0,58,11.7,14.899999999999999
86,2023-08-28,2023-09-18,28.1,18.8,22.5,0.2,57,13.4,9.3
86,2023-08-28,2023-09-19,28.2,17.9,21.9,19.5,69,15.6,10.3
86,2023-08-28,2023-09-20,27.7,16.9,21.4,0.2,79,17.4,10.8
86,2023-08-28,2023-09-21,29.1,17.6,22.3,0.3,75,16.8,11.5
86,2023-08-28,2023-09-22,30.6,17.8,22.9,1.5,68,16,12.8
86,2023-08-28,2023-09-23,30.8,17.6,23.4,0,68,16.6,13.2
86,2023-08-28,2023-09-24,32,18,24.6,0.2,64,16.5,14
86,2023-08-28,2023-09-25,29.2,18.4,22.7,5.1,79,18.5,10.8
87,2023-09-11,2023-08-14,19.9,3.5,10.6,0,74,5.6,16.4
87,2023-09-11,2023-08-15,24.8,10.4,16.2,0,75,11.5,14.4
87,2023-09-11,2023-08-16,26,14.6,19.5,0,65,12.7,11.4
87,2023-09-11,2023-08-17,27.1,17.5,21.7,0,72,16.3,9.600000000000001
87,2023-09-11,2023-08-18,21.2,15,18.6,17.9,77,14.2,6.199999999999999
87,2023-09-11,2023-08-19,17.1,10.9,13.7,0.2,81,10.1,6.200000000000001
87,2023-09-11,2023-08-20,20.5,10.6,15,0.4,81,11.5,9.9
87,2023-09-11,2023-08-21,22.8,10.3,16,0,86,13.3,12.5
87,2023-09-11,2023-08-22,26.9,17.8,21.6,0.1,73,16.6,9.099999999999998
87,2023-09-11,2023-08-23,29,21,25.1,0.6,65,17.9,8
87,2023-09-11,2023-08-24,20.5,12.3,16.2,19.2,84,13.3,8.2
87,2023-09-11,2023-08-25,16.3,6.4,10.9,0,61,3.5,9.9
87,2023-09-11,2023-08-26,14.5,4,9.4,0,59,1.5,10.5
87,2023-09-11,2023-08-27,13.4,4,8.4,0,63,1.5,9.4
87,2023-09-11,2023-08-28,17.8,2.7,9.2,0,73,4.5,15.100000000000001
87,2023-09-11,2023-08-29,21,8.6,13.7,0,71,8.2,12.4
87,2023-09-11,2023-08-30,22.9,10.1,15.6,0,70,9.6,12.799999999999999
87,2023-09-11,2023-08-31,24.2,10.5,17.2,0,66,10.4,13.7
87,2023-09-11,2023-09-01,20.9,14.6,17.2,3.8,72,12,6.299999999999999
87,2023-09-11,2023-09-02,22.1,15.6,17.7,42.6,86,15.3,6.500000000000002
87,2023-09-11,2023-09-03,26,17,20.3,34.9,87,18,9
87,2023-09-11,2023-09-04,21.8,14.8,20,92.2,93,18.7,7
87,2023-09-11,2023-09-05,18.2,11.6,14.1,1.8,80,10.4,6.6
87,2023-09-11,2023-09-06,23.2,8.9,15.1,0,79,11.2,14.299999999999999
87,2023-09-11,2023-09-07,26,15.9,20,0,69,14.1,10.1
87,2023-09-11,2023-09-08,20.8,17.2,19.4,35.5,86,17,3.6000000000000014
87,2023-09-11,2023-09-09,22,14.4,17.8,8.3,86,15.3,7.6
87,2023-09-11,2023-09-10,25.4,14.4,18.9,1.6,90,17,10.999999999999998
87,2023-09-11,2023-09-11,29,18.6,23,0,75,18.1,10.399999999999999
87,2023-09-11,2023-09-12,23.8,17.8,20.9,13.3,74,16,6
87,2023-09-11,2023-09-13,19.2,11.8,16.5,46.7,93,15.4,7.399999999999999
87,2023-09-11,2023-09-14,14.8,7.1,10.7,1.6,79,6.8,7.700000000000001
87,2023-09-11,2023-09-15,19.5,5.2,11.5,0,67,5,14.3
87,2023-09-11,2023-09-16,25.5,12.2,17.4,0,58,9.1,13.3
87,2023-09-11,2023-09-17,30,18.5,23,0,61,15.2,11.5
87,2023-09-11,2023-09-18,30.4,20,25.3,4.4,61,17,10.399999999999999
87,2023-09-11,2023-09-19,22.2,18.4,20.2,32.1,92,18.8,3.8000000000000007
87,2023-09-11,2023-09-20,28.5,17.6,22.4,0.7,83,19.1,10.899999999999999
87,2023-09-11,2023-09-21,31.2,20.5,24.7,0.3,75,19.8,10.7
87,2023-09-11,2023-09-22,26.5,19.2,22.3,20.3,84,19.5,7.300000000000001
87,2023-09-11,2023-09-23,30.5,20.5,24.7,0,71,19,10
87,2023-09-11,2023-09-24,28.6,20.5,24.6,0.2,78,20.4,8.100000000000001
87,2023-09-11,2023-09-25,20.8,16,18.1,73.8,88,16,4.800000000000001
87,2023-09-11,2023-09-26,30.6,16.5,21.7,7.1,84,18.7,14.100000000000001
87,2023-09-11,2023-09-27,17,13.2,15.1,1.2,81,11.7,3.8000000000000007
87,2023-09-11,2023-09-28,22.4,8.7,14.5,0.1,74,9.6,13.7
87,2023-09-11,2023-09-29,25.5,14.2,19.4,0.4,70,13.6,11.3
87,2023-09-11,2023-09-30,23.5,14.6,18.9,1.2,85,16.1,8.9
87,2023-09-11,2023-10-01,21.2,12.6,16.1,0,76,11.3,8.6
87,2023-09-11,2023-10-02,21.6,8.2,14.8,0,72,9,13.400000000000002
87,2023-09-11,2023-10-03,29.1,9.5,17.9,10,77,13.3,19.6
87,2023-09-11,2023-10-04,24.8,18,20.7,62.1,84,17.8,6.800000000000001
87,2023-09-11,2023-10-05,21.5,11.7,16.3,0,75,11.3,9.8
87,2023-09-11,2023-10-06,22.7,12.4,17.2,21.5,85,14.7,10.299999999999999
87,2023-09-11,2023-10-07,21.2,16.5,18.5,42.8,91,17,4.699999999999999
87,2023-09-11,2023-10-08,19.2,15.2,16.9,0.1,81,13.6,4
87,2023-09-11,2023-10-09,22.5,11.9,17.3,0.1,77,12.8,10.6
88,2023-09-17,2023-08-20,20.4,9.8,14.5,0,80,10.9,10.599999999999998
88,2023-09-17,2023-08-21,23,10.1,16.2,0,83,13,12.9
88,2023-09-17,2023-08-22,27,17.6,22.2,0.5,74,17.2,9.399999999999999
88,2023-09-17,2023-08-23,28.4,20.1,24.3,1.9,70,18.3,8.299999999999997
88,2023-09-17,2023-08-24,19.1,12.6,15.5,7.4,80,11.7,6.500000000000002
88,2023-09-17,2023-08-25,16.3,7.2,11.4,0,60,3.6,9.100000000000001
88,2023-09-17,2023-08-26,14.6,4.2,9.6,0,63,2.4,10.399999999999999
88,2023-09-17,2023-08-27,13.4,4.6,8.8,0,63,1.8,8.8
88,2023-09-17,2023-08-28,16.7,2.9,9.1,0,73,4.3,13.799999999999999
88,2023-09-17,2023-08-29,21.5,8.2,14,0,71,8.4,13.3
88,2023-09-17,2023-08-30,23.3,8.6,16,0,68,9.7,14.700000000000001
88,2023-09-17,2023-08-31,24.4,10,17.2,0,67,10.5,14.399999999999999
88,2023-09-17,2023-09-01,21.7,13.4,17.1,6,73,12.1,8.299999999999999
88,2023-09-17,2023-09-02,22.2,16.1,18.3,41.3,85,15.8,6.099999999999998
88,2023-09-17,2023-09-03,25.7,17.1,19.9,42,89,18.1,8.599999999999998
88,2023-09-17,2023-09-04,21.3,14.6,19.5,116,94,18.5,6.700000000000001
88,2023-09-17,2023-09-05,17.5,10.2,13.6,3.2,81,10.1,7.300000000000001
88,2023-09-17,2023-09-06,23,8.6,14.8,0,78,10.9,14.4
88,2023-09-17,2023-09-07,25.9,16.2,20.1,11.2,72,14.8,9.7
88,2023-09-17,2023-09-08,22,17.6,19.9,23.8,86,17.4,4.399999999999999
88,2023-09-17,2023-09-09,20.9,15.7,17.4,21.7,88,15.4,5.199999999999999
88,2023-09-17,2023-09-10,25.2,13.6,18.2,4.9,91,16.6,11.6
88,2023-09-17,2023-09-11,29.5,18.9,23.5,0,75,18.5,10.600000000000001
88,2023-09-17,2023-09-12,24.4,18.4,20.4,7.8,81,16.7,6
88,2023-09-17,2023-09-13,19.5,11.4,14,55.9,94,13.1,8.1
88,2023-09-17,2023-09-14,15.1,6.3,10.5,1.2,79,6.6,8.8
88,2023-09-17,2023-09-15,19.4,5.1,11.6,0,69,5.5,14.299999999999999
88,2023-09-17,2023-09-16,25.8,12.4,17.9,0,57,9.1,13.4
88,2023-09-17,2023-09-17,30.5,19.2,23.7,0,61,15.7,11.3
88,2023-09-17,2023-09-18,29.6,20.6,25.9,3.5,59,17,9
88,2023-09-17,2023-09-19,23.8,19,20.6,28.1,90,18.9,4.800000000000001
88,2023-09-17,2023-09-20,28.7,17.8,22.6,0.1,83,19.4,10.899999999999999
88,2023-09-17,2023-09-21,30.6,21.6,24.8,3.8,77,20.2,9
88,2023-09-17,2023-09-22,26.2,19.9,22.5,24.6,85,19.9,6.300000000000001
88,2023-09-17,2023-09-23,30.3,20,24.4,0.2,75,19.5,10.3
88,2023-09-17,2023-09-24,28,20,23.5,0.1,83,20.4,8
88,2023-09-17,2023-09-25,19.9,15.5,17.3,74.3,89,15.4,4.399999999999999
88,2023-09-17,2023-09-26,26.8,15.1,19.3,4.1,87,17.1,11.700000000000001
88,2023-09-17,2023-09-27,17.4,12.8,14.9,6.2,79,11,4.599999999999998
88,2023-09-17,2023-09-28,21.1,8.2,14.1,0,74,9.2,12.900000000000002
88,2023-09-17,2023-09-29,25.2,13.9,18.8,0.1,73,13.6,11.299999999999999
88,2023-09-17,2023-09-30,23.5,15.1,18.8,0.7,84,15.8,8.4
88,2023-09-17,2023-10-01,20.7,12.2,16,0,77,11.5,8.5
88,2023-09-17,2023-10-02,21.4,8.6,14.7,0,73,9.3,12.799999999999999
88,2023-09-17,2023-10-03,29.2,9.4,17.7,0,76,13,19.799999999999997
88,2023-09-17,2023-10-04,24.4,17,20.5,38.7,84,17.7,7.399999999999999
88,2023-09-17,2023-10-05,21,10.6,15.8,0,74,10.8,10.4
88,2023-09-17,2023-10-06,21.8,12.2,16.5,22.4,84,13.8,9.600000000000001
88,2023-09-17,2023-10-07,21.6,16,18.4,53,89,16.4,5.600000000000001
88,2023-09-17,2023-10-08,19.5,14.6,16.8,0,81,13.5,4.9
88,2023-09-17,2023-10-09,22.9,13,17.5,0.3,76,12.9,9.899999999999999
88,2023-09-17,2023-10-10,26.7,13.3,19.4,0,74,14.1,13.399999999999999
88,2023-09-17,2023-10-11,22.1,19.3,20.6,26,80,16.8,2.8000000000000007
88,2023-09-17,2023-10-12,16.7,10.5,13.3,13.4,83,10.3,6.199999999999999
88,2023-09-17,2023-10-13,18.1,8.6,13,0,73,8,9.500000000000002
88,2023-09-17,2023-10-14,23.8,9.6,15.9,0,73,10.5,14.200000000000001
88,2023-09-17,2023-10-15,26.8,15,20.3,0.9,74,15.3,11.8
89,2023-09-03,2023-08-06,25.4,11,16.8,0,73,11.6,14.399999999999999
89,2023-09-03,2023-08-07,26.3,11.1,18.2,0,70,12.3,15.200000000000001
89,2023-09-03,2023-08-08,17.5,12.6,14.4,0.1,85,11.9,4.9
89,2023-09-03,2023-08-09,15.8,11.9,13.2,25.7,91,11.7,3.9000000000000004
89,2023-09-03,2023-08-10,22.2,13.1,16.3,13.9,89,14.4,9.1
89,2023-09-03,2023-08-11,19,15.3,17,4.8,87,14.8,3.6999999999999993
89,2023-09-03,2023-08-12,18.6,12.8,15.5,2.3,88,13.6,5.800000000000001
89,2023-09-03,2023-08-13,15.6,12.7,14.1,0.1,90,12.4,2.9000000000000004
89,2023-09-03,2023-08-14,20.1,10,13.8,0,84,11,10.100000000000001
89,2023-09-03,2023-08-15,21.6,11.1,14.7,0,85,11.8,10.500000000000002
89,2023-09-03,2023-08-16,22.1,12.6,16.1,0,90,14.2,9.500000000000002
89,2023-09-03,2023-08-17,24.6,15,18.6,0.3,84,15.6,9.600000000000001
89,2023-09-03,2023-08-18,25.7,14.9,19.4,2.5,67,12.8,10.799999999999999
89,2023-09-03,2023-08-19,18.9,12.1,15.5,6.2,80,11.8,6.799999999999999
89,2023-09-03,2023-08-20,20.6,11,14.3,2.2,88,12.3,9.600000000000001
89,2023-09-03,2023-08-21,22.8,11.1,16.1,0,83,12.9,11.700000000000001
89,2023-09-03,2023-08-22,25.1,13.7,18.5,0,72,13.1,11.400000000000002
89,2023-09-03,2023-08-23,27.9,18.1,22.1,0,63,14.5,9.799999999999997
89,2023-09-03,2023-08-24,27.2,18.4,22.1,0.9,65,15.1,8.8
89,2023-09-03,2023-08-25,20.9,11.4,14.9,22.5,89,13.2,9.499999999999998
89,2023-09-03,2023-08-26,15.6,9.1,11.3,0.5,75,6.8,6.5
89,2023-09-03,2023-08-27,16.5,4.8,9.9,0,75,5.3,11.7
89,2023-09-03,2023-08-28,15.2,7.8,10.9,0.2,78,7,7.3999999999999995
89,2023-09-03,2023-08-29,17.9,7.6,12.2,0.1,81,8.8,10.299999999999999
89,2023-09-03,2023-08-30,21.2,7.3,13.8,0,82,10.4,13.899999999999999
89,2023-09-03,2023-08-31,23.1,10.6,15.5,0,82,12.1,12.500000000000002
89,2023-09-03,2023-09-01,22.2,11.7,16.3,0,67,9.5,10.5
89,2023-09-03,2023-09-02,18.3,13.2,15.7,24,90,14,5.100000000000001
89,2023-09-03,2023-09-03,27.7,16.2,20.6,0.2,83,17.5,11.5
89,2023-09-03,2023-09-04,27.3,20.5,22.7,1,77,18.4,6.800000000000001
89,2023-09-03,2023-09-05,22.5,13.2,17.8,0.7,81,14.3,9.3
89,2023-09-03,2023-09-06,18,11,14,0,79,10.3,7
89,2023-09-03,2023-09-07,20.8,13.1,16,0,80,12.6,7.700000000000001
89,2023-09-03,2023-09-08,20.2,14.4,16.8,4.5,87,14.5,5.799999999999999
89,2023-09-03,2023-09-09,21.4,15.4,17.6,18.2,86,15.2,5.999999999999998
89,2023-09-03,2023-09-10,23.8,13.2,17.6,0.2,86,14.9,10.600000000000001
89,2023-09-03,2023-09-11,27,13.9,19.1,0,82,15.5,13.1
89,2023-09-03,2023-09-12,28.1,14.8,20.9,0,68,14.3,13.3
89,2023-09-03,2023-09-13,28.6,18.3,22.2,2.9,59,13.3,10.3
89,2023-09-03,2023-09-14,18,10.5,14.8,4.9,74,9.8,7.5
89,2023-09-03,2023-09-15,20.1,7.8,13.4,0,74,8.5,12.3
89,2023-09-03,2023-09-16,24.4,10.3,16,0,74,10.5,14.099999999999998
89,2023-09-03,2023-09-17,29,11.6,19.5,0,64,11.8,17.4
89,2023-09-03,2023-09-18,29,15.9,22.1,0.1,62,14.1,13.1
89,2023-09-03,2023-09-19,28.5,16.4,21.5,21.6,72,16,12.100000000000001
89,2023-09-03,2023-09-20,27.7,16.9,21.2,1.1,83,17.9,10.8
89,2023-09-03,2023-09-21,28.9,17.5,22.1,0,75,16.5,11.399999999999999
89,2023-09-03,2023-09-22,30.7,16.5,22.6,0.8,70,16.3,14.2
89,2023-09-03,2023-09-23,31,16.5,22.8,0,74,17.1,14.5
89,2023-09-03,2023-09-24,31.9,18,24.1,3,72,17.9,13.899999999999999
89,2023-09-03,2023-09-25,28.1,18.4,22,8.2,84,19,9.700000000000003
89,2023-09-03,2023-09-26,29.8,16.5,21.5,0.8,84,18.4,13.3
89,2023-09-03,2023-09-27,25.9,18.4,22.1,5.3,75,17.2,7.5
89,2023-09-03,2023-09-28,17.1,10.9,14.1,0.1,73,9.4,6.200000000000001
89,2023-09-03,2023-09-29,21,12.6,15.9,1.2,78,12,8.4
89,2023-09-03,2023-09-30,22.8,15.1,18,3.3,85,15.4,7.700000000000001
89,2023-09-03,2023-10-01,23.9,16.8,19.6,5.1,87,17.2,7.099999999999998
90,2023-09-28,2023-08-31,22.9,11.3,16.3,0,68,10,11.599999999999998
90,2023-09-28,2023-09-01,21,13.1,16.3,5.9,74,11.7,7.9
90,2023-09-28,2023-09-02,20.9,14.2,16.5,43.6,87,14.3,6.699999999999999
90,2023-09-28,2023-09-03,25.2,15.7,19.2,18.7,87,17,9.5
90,2023-09-28,2023-09-04,21.4,18.2,19.9,68.2,93,18.8,3.1999999999999993
90,2023-09-28,2023-09-05,17.2,10.9,13.4,5.1,82,10.3,6.299999999999999
90,2023-09-28,2023-09-06,20.9,8.6,14.2,0,81,10.7,12.299999999999999
90,2023-09-28,2023-09-07,24,13.4,17.6,0,75,12.9,10.6
90,2023-09-28,2023-09-08,19,15.3,17.6,39.8,88,15.6,3.6999999999999993
90,2023-09-28,2023-09-09,21,13.3,16.3,2.1,87,14.1,7.699999999999999
90,2023-09-28,2023-09-10,24.4,14,18,0.4,90,16.3,10.399999999999999
90,2023-09-28,2023-09-11,28.2,16,21.4,0,76,16.6,12.2
90,2023-09-28,2023-09-12,23.2,18,20.6,0.1,70,14.9,5.199999999999999
90,2023-09-28,2023-09-13,20.1,12.3,17.6,23.9,90,15.9,7.800000000000001
90,2023-09-28,2023-09-14,13.2,7.4,9.9,2.1,80,6.3,5.799999999999999
90,2023-09-28,2023-09-15,18.1,4.8,10.5,0,69,4.4,13.3
90,2023-09-28,2023-09-16,24.3,9.9,16,0,61,8.3,14.4
90,2023-09-28,2023-09-17,29.1,15.1,21.2,0,62,13.5,14.000000000000002
90,2023-09-28,2023-09-18,29,21.1,24.2,0.9,58,15.3,7.899999999999999
90,2023-09-28,2023-09-19,20.7,17.8,19.3,22.2,92,17.9,2.8999999999999986
90,2023-09-28,2023-09-20,27.2,17,21.2,0.4,84,18.2,10.2
90,2023-09-28,2023-09-21,29.6,18.1,22.7,0.7,80,18.8,11.5
90,2023-09-28,2023-09-22,25.3,18.9,21.3,27,85,18.6,6.400000000000002
90,2023-09-28,2023-09-23,29.5,18.3,23,0.1,77,18.5,11.2
90,2023-09-28,2023-09-24,29.4,19,23.5,12.7,79,19.4,10.399999999999999
90,2023-09-28,2023-09-25,22.1,15.4,17.5,25,91,16.1,6.700000000000001
90,2023-09-28,2023-09-26,30.2,17.1,22.1,22.6,85,19.2,13.099999999999998
90,2023-09-28,2023-09-27,19.3,11.5,14.8,9.9,87,12.5,7.800000000000001
90,2023-09-28,2023-09-28,21,6.9,13.5,0.5,75,8.7,14.1
90,2023-09-28,2023-09-29,23.4,12.8,17.5,0.3,75,12.8,10.599999999999998
90,2023-09-28,2023-09-30,22.4,15.5,18.1,3.1,85,15.4,6.899999999999999
90,2023-09-28,2023-10-01,20.2,11.9,15.2,0.1,82,11.8,8.299999999999999
90,2023-09-28,2023-10-02,20.5,7.4,13.8,0,72,8.4,13.1
90,2023-09-28,2023-10-03,28.1,10.2,17.5,4.8,80,13.6,17.900000000000002
90,2023-09-28,2023-10-04,23.4,16.9,20,31.3,87,17.6,6.5
90,2023-09-28,2023-10-05,21,13.4,16.3,1.2,79,12.2,7.6
90,2023-09-28,2023-10-06,23,13.9,17.6,23,87,15.3,9.1
90,2023-09-28,2023-10-07,20.2,16.6,18.2,33.6,93,16.9,3.599999999999998
90,2023-09-28,2023-10-08,17.1,14.6,15.6,3.6,91,14.1,2.5000000000000018
90,2023-09-28,2023-10-09,21.3,13.4,16.5,0.6,82,12.9,7.9
90,2023-09-28,2023-10-10,25.2,13.5,18.4,0,78,14.1,11.7
90,2023-09-28,2023-10-11,20.6,16.3,18.6,31.3,82,15.5,4.300000000000001
90,2023-09-28,2023-10-12,17.6,11.1,12.8,34.8,90,11.2,6.500000000000002
90,2023-09-28,2023-10-13,17.2,7.2,11.7,0,77,7.6,10
90,2023-09-28,2023-10-14,22.1,9.9,15.2,0,74,10.3,12.200000000000001
90,2023-09-28,2023-10-15,24.7,13.6,18.1,10.1,77,13.9,11.1
90,2023-09-28,2023-10-16,21.9,16.2,19,47.2,88,16.9,5.699999999999999
90,2023-09-28,2023-10-17,20.1,16.3,17.8,75.6,92,16.5,3.8000000000000007
90,2023-09-28,2023-10-18,19,11.5,15.1,5.2,89,13.2,7.5
90,2023-09-28,2023-10-19,22.4,13.6,17.1,13.9,83,14,8.799999999999999
90,2023-09-28,2023-10-20,24.6,13.3,18.7,1,78,14.4,11.3
90,2023-09-28,2023-10-21,26.6,14.4,20.1,0,79,16,12.200000000000001
90,2023-09-28,2023-10-22,27.2,15.3,21.1,0,75,16.3,11.899999999999999
90,2023-09-28,2023-10-23,23.9,18.8,21.1,4.9,83,18,5.099999999999998
90,2023-09-28,2023-10-24,24.3,18,21,1.7,87,18.7,6.300000000000001
90,2023-09-28,2023-10-25,22.8,15.9,19.3,0.4,77,14.6,6.9
90,2023-09-28,2023-10-26,22.5,11.2,16.5,0,72,10.8,11.3
91,2023-09-14,2023-08-17,22.3,14,17.3,0.2,80,13.6,8.3
91,2023-09-14,2023-08-18,23,13.9,17.2,17.3,74,12.2,9.1
91,2023-09-14,2023-08-19,16.9,8.8,12.9,5.2,83,9.9,8.099999999999998
91,2023-09-14,2023-08-20,18.3,9.4,13.3,2.8,88,11.3,8.9
91,2023-09-14,2023-08-21,21,9.7,14.8,6.1,84,11.7,11.3
91,2023-09-14,2023-08-22,22.9,13.4,17.7,0,73,12.6,9.499999999999998
91,2023-09-14,2023-08-23,25.5,17.5,21,0,65,14,8
91,2023-09-14,2023-08-24,24.1,17.8,20.9,2.9,67,14.4,6.300000000000001
91,2023-09-14,2023-08-25,19.6,11.9,15.6,51.6,94,14.5,7.700000000000001
91,2023-09-14,2023-08-26,15.6,7.6,10.8,0,80,7.3,8
91,2023-09-14,2023-08-27,14.9,4.2,9.3,0,74,4.7,10.7
91,2023-09-14,2023-08-28,15.7,5.6,9.8,0,77,5.8,10.1
91,2023-09-14,2023-08-29,18.1,6.4,11.4,0,79,7.7,11.700000000000001
91,2023-09-14,2023-08-30,20.8,8.3,14,0,78,9.7,12.5
91,2023-09-14,2023-08-31,22.3,10.2,15.8,0,75,11,12.100000000000001
91,2023-09-14,2023-09-01,19.7,11.7,15.3,0,74,10.6,8
91,2023-09-14,2023-09-02,18,13.6,16.1,39.5,80,12.4,4.4
91,2023-09-14,2023-09-03,25.3,14.8,19.3,4.7,85,16.6,10.5
91,2023-09-14,2023-09-04,23.4,17.8,20.2,15.2,86,17.7,5.599999999999998
91,2023-09-14,2023-09-05,20.8,11.3,15.7,0.9,83,12.5,9.5
91,2023-09-14,2023-09-06,17.9,9.5,13.6,0,80,10.2,8.399999999999999
91,2023-09-14,2023-09-07,22.4,11.4,15.6,0,80,12,10.999999999999998
91,2023-09-14,2023-09-08,17.3,13,15.3,16.7,89,13.5,4.300000000000001
91,2023-09-14,2023-09-09,19.3,13.2,15.6,24.9,90,14,6.100000000000001
91,2023-09-14,2023-09-10,24,12.1,17.8,0,84,14.7,11.9
91,2023-09-14,2023-09-11,24.8,14.8,19,0,74,13.8,10
91,2023-09-14,2023-09-12,25.7,15.4,19.9,0,68,13.6,10.299999999999999
91,2023-09-14,2023-09-13,24,14.4,19.4,25,71,13.8,9.6
91,2023-09-14,2023-09-14,14.9,8.2,11.1,4,80,7.6,6.700000000000001
91,2023-09-14,2023-09-15,18.4,4.8,11.1,0,68,4.8,13.599999999999998
91,2023-09-14,2023-09-16,22.1,9.3,14.6,0,65,7.6,12.8
91,2023-09-14,2023-09-17,27,14,19.4,0,63,12,13
91,2023-09-14,2023-09-18,26.3,17.2,21,0.4,62,13.4,9.100000000000001
91,2023-09-14,2023-09-19,24.7,17.4,20.1,1.6,75,15.4,7.300000000000001
91,2023-09-14,2023-09-20,26.4,15.5,19.4,9.1,83,16.1,10.899999999999999
91,2023-09-14,2023-09-21,27.5,17.1,20.9,0,80,16.8,10.399999999999999
91,2023-09-14,2023-09-22,28.2,16.9,21.8,0.8,71,16,11.3
91,2023-09-14,2023-09-23,28.8,17.3,22.1,0,68,15.7,11.5
91,2023-09-14,2023-09-24,28.7,18.2,22.7,0.6,69,16.5,10.5
91,2023-09-14,2023-09-25,27.2,18.6,21.7,11.5,81,18.1,8.599999999999998
91,2023-09-14,2023-09-26,27.5,18.3,21.9,1.9,81,18.2,9.2
91,2023-09-14,2023-09-27,23.6,15.6,20,4.6,77,15.8,8.000000000000002
91,2023-09-14,2023-09-28,17.8,8.5,13,0,76,8.7,9.3
91,2023-09-14,2023-09-29,20,11.1,14.6,6,84,11.8,8.9
91,2023-09-14,2023-09-30,21.4,13.4,16.9,20.9,89,15.1,7.999999999999998
91,2023-09-14,2023-10-01,22.9,15.3,18.4,4.6,87,15.9,7.599999999999998
91,2023-09-14,2023-10-02,23.6,13.9,18.3,1,83,15.1,9.700000000000001
91,2023-09-14,2023-10-03,25.7,14,19.1,4.1,83,16,11.7
91,2023-09-14,2023-10-04,21.6,18.3,20.2,44.8,90,18.5,3.3000000000000007
91,2023-09-14,2023-10-05,21.7,16.6,18.6,38.3,95,17.7,5.099999999999998
91,2023-09-14,2023-10-06,26.5,15.6,19.9,4.9,88,17.7,10.9
91,2023-09-14,2023-10-07,24.1,18.6,21.9,15.9,80,18.2,5.5
91,2023-09-14,2023-10-08,18.3,15,16.9,45,95,16.2,3.3000000000000007
91,2023-09-14,2023-10-09,21,10.9,15.6,0.1,82,12.1,10.1
91,2023-09-14,2023-10-10,22.6,13,16.9,0,77,12.5,9.600000000000001
91,2023-09-14,2023-10-11,26.7,13.7,19.5,0,71,14,13
91,2023-09-14,2023-10-12,23.6,16.8,20.2,64.5,85,17.6,6.800000000000001
92,2024-09-03,2024-08-06,25.5,15.8,19.8,0,60,11.4,9.7
92,2024-09-03,2024-08-07,25.1,16.7,20.3,0,49,9.2,8.400000000000002
92,2024-09-03,2024-08-08,20.6,15.2,18.2,1.8,69,12.2,5.400000000000002
92,2024-09-03,2024-08-09,15.8,10.4,12.9,9.9,88,11,5.4
92,2024-09-03,2024-08-10,13.3,1,7.1,0,76,2.8,12.3
92,2024-09-03,2024-08-11,17.6,3.3,10,0,61,2.5,14.3
92,2024-09-03,2024-08-12,13.8,3.8,8.6,0,65,2.1,10
92,2024-09-03,2024-08-13,14.4,0.8,7.3,0,65,0.9,13.6
92,2024-09-03,2024-08-14,19.2,3.5,10.3,0,73,5.2,15.7
92,2024-09-03,2024-08-15,24.5,7.3,15.2,0,65,7.9,17.2
92,2024-09-03,2024-08-16,27.9,11.6,18.6,0,56,8.9,16.299999999999997
92,2024-09-03,2024-08-17,29.2,15.2,21.8,0,46,9.2,14
92,2024-09-03,2024-08-18,30,16.4,22.2,0,43,8.5,13.600000000000001
92,2024-09-03,2024-08-19,29.3,13.1,21.4,0,41,6.7,16.200000000000003
92,2024-09-03,2024-08-20,29.3,13.6,20.8,0,48,8.9,15.700000000000001
92,2024-09-03,2024-08-21,28.5,13.9,19.1,0,74,13.3,14.6
92,2024-09-03,2024-08-22,28.8,16.9,22,0,46,8.5,11.900000000000002
92,2024-09-03,2024-08-23,25.3,14.1,19.5,6.2,50,7.7,11.200000000000001
92,2024-09-03,2024-08-24,14.2,11.4,12.9,20.3,95,12.2,2.799999999999999
92,2024-09-03,2024-08-25,12.2,5.4,8.7,0,77,4.4,6.799999999999999
92,2024-09-03,2024-08-26,13.8,0.4,6.3,0,67,0.4,13.4
92,2024-09-03,2024-08-27,17.2,4.6,10,0,70,4.3,12.6
92,2024-09-03,2024-08-28,18.6,6.1,11.4,0,78,7.4,12.500000000000002
92,2024-09-03,2024-08-29,25.6,8.7,15.3,0,82,11.7,16.900000000000002
92,2024-09-03,2024-08-30,26.8,12.5,19,0,68,11.9,14.3
92,2024-09-03,2024-08-31,27.9,15.5,20.5,0,64,12.4,12.399999999999999
92,2024-09-03,2024-09-01,28.1,16.5,21.5,0,51,10.1,11.600000000000001
92,2024-09-03,2024-09-02,26.6,13.1,19.3,0,65,11.8,13.500000000000002
92,2024-09-03,2024-09-03,29.4,14.6,21.4,0,52,9.9,14.799999999999999
92,2024-09-03,2024-09-04,31,18.1,22.9,0,41,8.1,12.899999999999999
92,2024-09-03,2024-09-05,24.8,13.3,19.6,6.3,66,12.1,11.5
92,2024-09-03,2024-09-06,20.5,10.9,14.4,0,84,11.5,9.6
92,2024-09-03,2024-09-07,30.1,12.4,19.5,0,71,12.6,17.700000000000003
92,2024-09-03,2024-09-08,31.1,17.2,23.3,0,48,10.7,13.900000000000002
92,2024-09-03,2024-09-09,31,19.8,24.4,0,44,10.9,11.2
92,2024-09-03,2024-09-10,31.3,19.2,24.3,0,42,10.1,12.100000000000001
92,2024-09-03,2024-09-11,30.5,20.1,24.4,0,34,7.1,10.399999999999999
92,2024-09-03,2024-09-12,31,20,24.7,0,31,6.2,11
92,2024-09-03,2024-09-13,31.1,18,24.2,0,35,7.5,13.100000000000001
92,2024-09-03,2024-09-14,25.5,17.2,20.7,1.3,66,13.4,8.3
92,2024-09-03,2024-09-15,17.7,12.6,14.3,23.4,92,12.9,5.1
92,2024-09-03,2024-09-16,15.9,11.4,13.4,18.7,89,11.6,4.5
92,2024-09-03,2024-09-17,18.5,9.7,13.5,0.2,83,10.3,8.8
92,2024-09-03,2024-09-18,22.3,10.3,14.8,2.1,82,11.5,12
92,2024-09-03,2024-09-19,22.7,12.6,16.5,10.7,89,14.7,10.1
92,2024-09-03,2024-09-20,28.9,15.9,19.8,16.9,82,16.2,12.999999999999998
92,2024-09-03,2024-09-21,24.8,16.5,19.3,5,80,15.6,8.3
92,2024-09-03,2024-09-22,27.5,14.9,20.6,0,79,16.4,12.6
92,2024-09-03,2024-09-23,29.6,17.1,22.8,0,68,15.5,12.5
92,2024-09-03,2024-09-24,30.4,17.2,22.7,0,69,16,13.2
92,2024-09-03,2024-09-25,32.3,15.4,23.3,0,51,11.7,16.9
92,2024-09-03,2024-09-26,31.9,19.2,25.1,0.3,43,11.4,12.7
92,2024-09-03,2024-09-27,23.1,16.1,19.7,4.3,78,15.3,7
92,2024-09-03,2024-09-28,22,11.7,16.6,0,74,11.5,10.3
92,2024-09-03,2024-09-29,27,10.4,17.4,0,77,12.7,16.6
92,2024-09-03,2024-09-30,29.6,12.8,20.2,0,73,14,16.8
92,2024-09-03,2024-10-01,31.9,20,25.2,0,48,12.7,11.899999999999999
93,2024-10-01,2024-09-03,25.1,12.6,18.6,0,68,12.3,12.500000000000002
93,2024-10-01,2024-09-04,25.6,12.1,16.2,24.4,85,13.5,13.500000000000002
93,2024-10-01,2024-09-05,16.4,7.6,11.3,0.6,79,7.5,8.799999999999999
93,2024-10-01,2024-09-06,22.4,7.3,13.6,0,75,8.9,15.099999999999998
93,2024-10-01,2024-09-07,28,15.3,20.6,0,75,15.8,12.7
93,2024-10-01,2024-09-08,31.1,18.7,23.9,0,67,17.1,12.400000000000002
93,2024-10-01,2024-09-09,31.4,18.9,24.6,0,57,15.4,12.5
93,2024-10-01,2024-09-10,31.5,19.8,25.2,0,54,15.1,11.7
93,2024-10-01,2024-09-11,31.4,21.1,25.2,0,48,13.5,10.299999999999997
93,2024-10-01,2024-09-12,24,16.7,19.6,11,77,15.1,7.300000000000001
93,2024-10-01,2024-09-13,24,17.4,19.7,8.1,85,17.1,6.600000000000001
93,2024-10-01,2024-09-14,20.5,14,17.3,0.8,84,14.3,6.5
93,2024-10-01,2024-09-15,19,10.1,14.7,0,75,10.1,8.9
93,2024-10-01,2024-09-16,20.5,9.8,14.8,0,80,11.1,10.7
93,2024-10-01,2024-09-17,22.6,11.4,16.3,0,75,11.4,11.200000000000001
93,2024-10-01,2024-09-18,25.1,12.9,18.4,0,65,11.3,12.200000000000001
93,2024-10-01,2024-09-19,26.4,15.8,20.6,0,72,15.3,10.599999999999998
93,2024-10-01,2024-09-20,24,16.7,19.8,48.1,82,16.4,7.300000000000001
93,2024-10-01,2024-09-21,25.7,14.1,18.6,0,83,15.3,11.6
93,2024-10-01,2024-09-22,30.5,17,22.8,0,77,18.3,13.5
93,2024-10-01,2024-09-23,32.3,23.1,26.3,0,72,20.8,9.199999999999996
93,2024-10-01,2024-09-24,31.9,22,26,0,72,20.3,9.899999999999999
93,2024-10-01,2024-09-25,29.5,21.3,24.7,11.1,69,18.5,8.2
93,2024-10-01,2024-09-26,21.6,16.2,18.6,27.5,92,17.2,5.400000000000002
93,2024-10-01,2024-09-27,21.7,13.6,16.8,0.8,82,13.3,8.1
93,2024-10-01,2024-09-28,24.5,11.2,17.4,0,75,12.4,13.3
93,2024-10-01,2024-09-29,28.1,14.4,20.3,0,68,13.7,13.700000000000001
93,2024-10-01,2024-09-30,31,18.1,23.5,0,57,14.4,12.899999999999999
93,2024-10-01,2024-10-01,30.6,21,25,8.9,62,16.9,9.600000000000001
93,2024-10-01,2024-10-02,20.9,16.1,18.9,15.8,86,16.4,4.799999999999997
93,2024-10-01,2024-10-03,18.5,10.8,14.7,0,71,9.1,7.699999999999999
93,2024-10-01,2024-10-04,22.8,8.6,14.8,0,72,9.6,14.200000000000001
93,2024-10-01,2024-10-05,26.7,12.6,18.5,0,71,12.7,14.1
93,2024-10-01,2024-10-06,26.6,16,20.6,2.5,70,14.6,10.600000000000001
93,2024-10-01,2024-10-07,22,16.5,19.3,7.9,84,16.5,5.5
93,2024-10-01,2024-10-08,23.2,17.6,19.7,7.5,86,17.2,5.599999999999998
93,2024-10-01,2024-10-09,19.5,16.5,17.8,48.8,93,16.6,3
93,2024-10-01,2024-10-10,23.5,17.4,19.7,3.8,82,16.5,6.100000000000001
93,2024-10-01,2024-10-11,21.5,17.9,19.2,52.8,90,17.5,3.6000000000000014
93,2024-10-01,2024-10-12,24.6,15.5,19.7,0.6,78,15.4,9.100000000000001
93,2024-10-01,2024-10-13,27.4,15,20.9,0,69,14.8,12.399999999999999
93,2024-10-01,2024-10-14,28,17.4,22.3,0,71,16.6,10.600000000000001
93,2024-10-01,2024-10-15,21.5,18,19.7,22.4,82,16.5,3.5
93,2024-10-01,2024-10-16,24.5,16.2,19.5,0.1,82,15.8,8.3
93,2024-10-01,2024-10-17,28.8,14.4,20.8,0,72,14.6,14.4
93,2024-10-01,2024-10-18,21,14.1,17.4,0.4,76,13,6.9
93,2024-10-01,2024-10-19,24.6,13.6,18.7,1.3,68,12.7,11.000000000000002
93,2024-10-01,2024-10-20,27.8,14.2,20.7,0,68,14.3,13.600000000000001
93,2024-10-01,2024-10-21,28.5,17.8,22.8,0.1,68,16.3,10.7
93,2024-10-01,2024-10-22,29.7,19.9,24.7,0.2,72,19.1,9.8
93,2024-10-01,2024-10-23,28.9,21.3,24.5,16.2,77,20.2,7.599999999999998
93,2024-10-01,2024-10-24,26,21.2,23.2,21.4,86,20.6,4.800000000000001
93,2024-10-01,2024-10-25,23.8,14.8,19.2,0.9,78,14.9,9
93,2024-10-01,2024-10-26,20.5,12.4,16.7,0.2,67,10.2,8.1
93,2024-10-01,2024-10-27,23.6,10.1,16.4,0,65,9.1,13.500000000000002
93,2024-10-01,2024-10-28,28.8,12.6,20.4,0,66,13.4,16.200000000000003
93,2024-10-01,2024-10-29,28.9,14.9,21.6,0,72,15.3,13.999999999999998
94,2024-07-12,2024-06-14,27.6,15.4,20.7,0,52,10.3,12.200000000000001
94,2024-07-12,2024-06-15,28.4,15.7,21.1,0,63,13.3,12.7
94,2024-07-12,2024-06-16,26.8,17.5,21.3,0,60,13,9.3
94,2024-07-12,2024-06-17,27.5,17.9,22,0,57,12.9,9.600000000000001
94,2024-07-12,2024-06-18,27.1,16.5,21.5,0,55,12,10.600000000000001
94,2024-07-12,2024-06-19,27.5,15.6,20.6,0,56,11.5,11.9
94,2024-07-12,2024-06-20,27.4,16.1,20.7,0,59,12.2,11.299999999999997
94,2024-07-12,2024-06-21,27.1,15.7,20.4,0,57,11.1,11.400000000000002
94,2024-07-12,2024-06-22,27.4,16.2,20.9,0,56,11.5,11.2
94,2024-07-12,2024-06-23,29.1,16.1,21.9,0,61,13.7,13
94,2024-07-12,2024-06-24,28.4,18.2,22.7,0.4,62,14.9,10.2
94,2024-07-12,2024-06-25,27,18.1,22,0.3,78,17.8,8.899999999999999
94,2024-07-12,2024-06-26,22.1,17.9,19.4,3.1,86,16.9,4.200000000000003
94,2024-07-12,2024-06-27,22.9,12.9,17.8,0,76,13.4,9.999999999999998
94,2024-07-12,2024-06-28,25.5,13.1,18.4,0,79,14.2,12.4
94,2024-07-12,2024-06-29,19,14.6,17,5.5,77,12.8,4.4
94,2024-07-12,2024-06-30,19.9,9.4,14.2,0,41,0.7,10.499999999999998
94,2024-07-12,2024-07-01,21.1,8.2,14.2,0,56,5.1,12.900000000000002
94,2024-07-12,2024-07-02,24.2,11.8,16.6,0,66,9.9,12.399999999999999
94,2024-07-12,2024-07-03,28.1,12.8,19.6,0,67,12.5,15.3
94,2024-07-12,2024-07-04,28.5,14.9,21.7,0,51,10.6,13.6
94,2024-07-12,2024-07-05,29.1,15.6,21.1,0,49,9.2,13.500000000000002
94,2024-07-12,2024-07-06,27.5,16,21.4,0,50,10.3,11.5
94,2024-07-12,2024-07-07,26,15.2,20.4,0,65,13.2,10.8
94,2024-07-12,2024-07-08,19.1,14.8,16.5,16,93,15.3,4.300000000000001
94,2024-07-12,2024-07-09,15.1,13.1,14.5,21.3,95,13.6,2
94,2024-07-12,2024-07-10,15.8,10.6,12.6,0.2,83,9.7,5.200000000000001
94,2024-07-12,2024-07-11,19.5,11.5,14.2,14,88,12.3,8
94,2024-07-12,2024-07-12,19.5,12.4,14.9,6.6,88,12.9,7.1
94,2024-07-12,2024-07-13,18.6,13.3,15.5,16.8,90,13.9,5.300000000000001
94,2024-07-12,2024-07-14,17.4,13.8,15.1,1.9,90,13.5,3.599999999999998
94,2024-07-12,2024-07-15,19.5,12.3,15.3,4.4,90,13.6,7.199999999999999
94,2024-07-12,2024-07-16,20.5,14.1,16.6,0,88,14.4,6.4
94,2024-07-12,2024-07-17,24.2,12.2,17.8,0,80,14,12
94,2024-07-12,2024-07-18,25.1,13.1,18.5,0,78,14.1,12.000000000000002
94,2024-07-12,2024-07-19,25.4,12.6,18.5,0,69,12.4,12.799999999999999
94,2024-07-12,2024-07-20,24.3,13.2,17.8,0,69,11.5,11.100000000000001
94,2024-07-12,2024-07-21,24.8,12.2,17.6,0,64,10.3,12.600000000000001
94,2024-07-12,2024-07-22,26.6,12.4,18.8,0,66,11.7,14.200000000000001
94,2024-07-12,2024-07-23,25.4,12.9,18.8,0,62,10.8,12.499999999999998
94,2024-07-12,2024-07-24,26.7,12.4,18.7,0,51,8.1,14.299999999999999
94,2024-07-12,2024-07-25,27.4,12.9,19.2,0,57,9.8,14.499999999999998
94,2024-07-12,2024-07-26,26.8,16,20.2,0,54,10.2,10.8
94,2024-07-12,2024-07-27,27.9,14.8,20.8,0,56,11,13.099999999999998
94,2024-07-12,2024-07-28,29.2,15.1,21.3,0,55,11.5,14.1
94,2024-07-12,2024-07-29,21,16.9,18.6,7.7,76,14.1,4.100000000000001
94,2024-07-12,2024-07-30,20.3,14.9,16.9,0.8,85,14.2,5.4
94,2024-07-12,2024-07-31,23.8,12.4,17.5,0,73,12.5,11.4
94,2024-07-12,2024-08-01,27.4,15.8,20.6,0,67,13.9,11.599999999999998
94,2024-07-12,2024-08-02,28,16.6,21.5,0,56,11.7,11.399999999999999
94,2024-07-12,2024-08-03,28.9,15.9,21.6,0,52,11.1,12.999999999999998
94,2024-07-12,2024-08-04,29.4,18.7,22.9,0,47,10.7,10.7
94,2024-07-12,2024-08-05,29.4,15.9,22,0,52,11.4,13.499999999999998
94,2024-07-12,2024-08-06,29.2,15.5,21.7,0,52,10.7,13.7
94,2024-07-12,2024-08-07,30.1,16.2,22.8,0,47,10,13.900000000000002
94,2024-07-12,2024-08-08,22.9,17,19.4,9.1,79,15.5,5.899999999999999
94,2024-07-12,2024-08-09,17.1,10.2,12.9,4,76,8.6,6.900000000000002
95,2024-09-09,2024-08-12,12,4.2,8.3,0,71,3,7.8
95,2024-09-09,2024-08-13,15.1,1.5,7.6,0,68,1.6,13.6
95,2024-09-09,2024-08-14,20.3,7.2,12.7,0,65,6.1,13.100000000000001
95,2024-09-09,2024-08-15,24.5,10.4,17.1,0,60,9.1,14.1
95,2024-09-09,2024-08-16,27.8,14.3,20.7,0,65,13.8,13.5
95,2024-09-09,2024-08-17,29.4,16,22.2,0,63,14.7,13.399999999999999
95,2024-09-09,2024-08-18,29.9,16.9,22.3,0,64,15.1,13
95,2024-09-09,2024-08-19,30.2,16.3,22.2,0,61,14.2,13.899999999999999
95,2024-09-09,2024-08-20,29.8,18.4,23.4,0,72,17.8,11.400000000000002
95,2024-09-09,2024-08-21,28.6,15.9,22,0,66,15.1,12.700000000000001
95,2024-09-09,2024-08-22,22.9,14.9,20.5,9.9,61,12.4,7.999999999999998
95,2024-09-09,2024-08-23,15.3,11.2,13.3,36,89,11.4,4.100000000000001
95,2024-09-09,2024-08-24,12.6,6.7,9.4,0,79,5.9,5.8999999999999995
95,2024-09-09,2024-08-25,12.2,3.5,7.6,0.6,67,1.6,8.7
95,2024-09-09,2024-08-26,14,2.8,7.9,0,73,3,11.2
95,2024-09-09,2024-08-27,18.1,3.9,10.4,0,69,4.6,14.200000000000001
95,2024-09-09,2024-08-28,21.4,11.1,15.2,2.6,67,9.1,10.299999999999999
95,2024-09-09,2024-08-29,26.8,13.2,18.5,0,69,12.7,13.600000000000001
95,2024-09-09,2024-08-30,28.4,15,20.8,0,72,15.3,13.399999999999999
95,2024-09-09,2024-08-31,27.2,16.1,21.9,0,61,13.8,11.099999999999998
95,2024-09-09,2024-09-01,20.5,11.6,15.4,0.1,80,11.9,8.9
95,2024-09-09,2024-09-02,19.5,6.2,12.3,0,80,8.7,13.3
95,2024-09-09,2024-09-03,26.8,12.6,18.9,0,67,12.5,14.200000000000001
95,2024-09-09,2024-09-04,28.2,15.1,19.7,14.5,78,15.5,13.1
95,2024-09-09,2024-09-05,17.2,9.2,13.1,2.5,77,8.8,8
95,2024-09-09,2024-09-06,23,7.2,14.2,0,76,10,15.8
95,2024-09-09,2024-09-07,28.2,15.5,20.6,0,77,16.3,12.7
95,2024-09-09,2024-09-08,31.4,17.3,23.6,0,67,16.9,14.099999999999998
95,2024-09-09,2024-09-09,31.8,18.7,24.3,0,55,14.7,13.100000000000001
95,2024-09-09,2024-09-10,31.9,18,24.7,0,56,15,13.899999999999999
95,2024-09-09,2024-09-11,31.7,16.9,23.9,0,55,14,14.8
95,2024-09-09,2024-09-12,25.6,17.8,20.4,5.1,68,13.9,7.800000000000001
95,2024-09-09,2024-09-13,24.5,16.8,19.4,34.6,90,17.7,7.699999999999999
95,2024-09-09,2024-09-14,21.8,15.9,18.4,0,82,14.9,5.9
95,2024-09-09,2024-09-15,19.7,12,15.6,0.1,78,11.7,7.699999999999999
95,2024-09-09,2024-09-16,21.9,10.6,15.6,0,80,11.7,11.299999999999999
95,2024-09-09,2024-09-17,23.2,11,16.7,0,75,11.9,12.2
95,2024-09-09,2024-09-18,25,12,18.2,0.4,69,12.1,13
95,2024-09-09,2024-09-19,26.9,16,20.8,1,75,16.2,10.899999999999999
95,2024-09-09,2024-09-20,22.5,15.6,19.1,33.3,84,16.2,6.9
95,2024-09-09,2024-09-21,25.6,13.9,18.9,0,82,15.4,11.700000000000001
95,2024-09-09,2024-09-22,30.7,16.6,23.1,0,77,18.7,14.099999999999998
95,2024-09-09,2024-09-23,32.7,21.5,25.9,0,76,21,11.200000000000003
95,2024-09-09,2024-09-24,32.7,21.3,26.4,0,70,20.1,11.400000000000002
95,2024-09-09,2024-09-25,31.3,20.6,25.5,0,66,18.4,10.7
95,2024-09-09,2024-09-26,22.9,17.2,20.3,8,83,17.3,5.699999999999999
95,2024-09-09,2024-09-27,22,12.9,17.2,0.3,80,13.5,9.1
95,2024-09-09,2024-09-28,25.1,12.2,18.2,0,75,13.2,12.900000000000002
95,2024-09-09,2024-09-29,28,13.5,20.1,0,67,13.5,14.5
95,2024-09-09,2024-09-30,31.8,16.2,22.9,0,62,14.9,15.600000000000001
95,2024-09-09,2024-10-01,33.2,18.6,25.1,5.1,63,17.3,14.600000000000001
95,2024-09-09,2024-10-02,22.4,17.3,19.9,24.6,90,18.2,5.099999999999998
95,2024-09-09,2024-10-03,20.2,12.1,16,0,75,11.4,8.1
95,2024-09-09,2024-10-04,24.7,11.1,17,0,71,11.4,13.6
95,2024-09-09,2024-10-05,26.5,11.8,19,0,72,13.4,14.7
95,2024-09-09,2024-10-06,28,16.3,21.5,0.1,66,14.6,11.7
95,2024-09-09,2024-10-07,23.5,17.4,20.5,7.1,80,16.9,6.100000000000001
96,2024-09-25,2024-08-28,20.3,9.7,14,1,74,9.3,10.600000000000001
96,2024-09-25,2024-08-29,23.6,12.7,17.3,0,71,11.9,10.900000000000002
96,2024-09-25,2024-08-30,28.9,13.9,19.8,0,77,15.3,14.999999999999998
96,2024-09-25,2024-08-31,25.9,15.3,20.1,0,75,15.3,10.599999999999998
96,2024-09-25,2024-09-01,16.8,10.4,13.3,8.5,82,10.1,6.4
96,2024-09-25,2024-09-02,18.8,5.8,11.9,0,82,8.8,13
96,2024-09-25,2024-09-03,24.9,11.8,17.8,0,69,11.9,13.099999999999998
96,2024-09-25,2024-09-04,20.8,11.2,15,27.5,84,12.3,9.600000000000001
96,2024-09-25,2024-09-05,15.9,7.2,10.9,0.1,79,7.1,8.7
96,2024-09-25,2024-09-06,22.1,6.7,13.1,0,75,8.4,15.400000000000002
96,2024-09-25,2024-09-07,27.5,15.8,20.3,1.7,78,16.1,11.7
96,2024-09-25,2024-09-08,30.8,18.4,23.9,0,70,17.8,12.400000000000002
96,2024-09-25,2024-09-09,31.2,18,23.8,0,72,17.9,13.2
96,2024-09-25,2024-09-10,30.7,18.6,25,0,56,15.4,12.099999999999998
96,2024-09-25,2024-09-11,31.1,20.8,25.1,0,52,14.3,10.3
96,2024-09-25,2024-09-12,22.1,15.8,18.7,18.6,91,17.1,6.300000000000001
96,2024-09-25,2024-09-13,21.8,16.5,19,7.3,89,17.2,5.300000000000001
96,2024-09-25,2024-09-14,21,13.6,17.3,0.8,85,14.4,7.4
96,2024-09-25,2024-09-15,18.9,10.4,14.7,0,76,10.2,8.499999999999998
96,2024-09-25,2024-09-16,19.9,10.5,14.8,0,82,11.3,9.399999999999999
96,2024-09-25,2024-09-17,22.7,11.2,16.3,0,77,11.7,11.5
96,2024-09-25,2024-09-18,25.5,13.1,18.6,0,66,11.9,12.4
96,2024-09-25,2024-09-19,26.5,16.1,20.5,1.5,74,15.6,10.399999999999999
96,2024-09-25,2024-09-20,24.7,17.5,20.3,55.5,82,16.9,7.199999999999999
96,2024-09-25,2024-09-21,24.9,13.4,18.5,0,83,15.3,11.499999999999998
96,2024-09-25,2024-09-22,30.5,17,22.8,4.3,79,18.7,13.5
96,2024-09-25,2024-09-23,32.5,21.6,26.2,0.7,73,20.8,10.899999999999999
96,2024-09-25,2024-09-24,30.8,21.3,25.6,1.6,76,20.8,9.5
96,2024-09-25,2024-09-25,28.5,21.1,24.2,4.7,75,19.2,7.399999999999999
96,2024-09-25,2024-09-26,21,15.5,18.3,37.3,92,16.9,5.5
96,2024-09-25,2024-09-27,21.5,12.6,16.8,0.9,82,13.3,8.9
96,2024-09-25,2024-09-28,24.4,12,17.5,0,76,12.7,12.399999999999999
96,2024-09-25,2024-09-29,28.4,14.6,20.5,0,69,14.1,13.799999999999999
96,2024-09-25,2024-09-30,31.1,18.8,23.8,0,59,15.1,12.3
96,2024-09-25,2024-10-01,28.5,20.6,24.8,12.9,62,16.6,7.899999999999999
96,2024-09-25,2024-10-02,21.3,16.5,19,42,83,15.8,4.800000000000001
96,2024-09-25,2024-10-03,18.2,11.1,14.6,0,67,8.2,7.1
96,2024-09-25,2024-10-04,22.2,8.9,14.8,0,71,9.4,13.299999999999999
96,2024-09-25,2024-10-05,26.9,12.4,18.6,0,73,13.2,14.499999999999998
96,2024-09-25,2024-10-06,26,15.3,20.5,1.3,70,14.5,10.7
96,2024-09-25,2024-10-07,21.6,16.1,18.8,16,87,16.5,5.5
96,2024-09-25,2024-10-08,22.6,17.9,19.5,3.2,89,17.7,4.700000000000003
96,2024-09-25,2024-10-09,19.5,16.5,17.7,43.7,91,16.1,3
96,2024-09-25,2024-10-10,23.5,17,19.4,15.2,87,17.1,6.5
96,2024-09-25,2024-10-11,22.2,18.2,19.7,21.6,86,17.3,4
96,2024-09-25,2024-10-12,24.4,13.8,19.1,0.3,80,15.1,10.599999999999998
96,2024-09-25,2024-10-13,27.9,14.6,20.8,0.1,68,14.5,13.299999999999999
96,2024-09-25,2024-10-14,28.4,17.7,22.5,0,72,17,10.7
96,2024-09-25,2024-10-15,21.7,18.2,19.9,23.5,83,16.8,3.5
96,2024-09-25,2024-10-16,25.2,15.1,19.8,0.3,80,15.8,10.1
96,2024-09-25,2024-10-17,28.1,14.7,20.6,0,74,15.2,13.400000000000002
96,2024-09-25,2024-10-18,20.8,14.6,17.6,0.5,73,12.6,6.200000000000001
96,2024-09-25,2024-10-19,25.5,13.8,18.7,0,73,13.5,11.7
96,2024-09-25,2024-10-20,27.9,14.7,20.9,0,70,14.7,13.2
96,2024-09-25,2024-10-21,29,17.7,23.1,0.4,67,16.5,11.3
96,2024-09-25,2024-10-22,30,20.9,25.3,0.4,70,19,9.100000000000001
96,2024-09-25,2024-10-23,30.5,21.6,25.5,9.7,73,20.1,8.899999999999999
97,2024-10-21,2024-09-23,24.5,17.7,20.5,21.6,92,19.1,6.800000000000001
97,2024-10-21,2024-09-24,21.9,17,19,53.2,94,17.9,4.899999999999999
97,2024-10-21,2024-09-25,21.9,17.5,19.4,35.4,95,18.6,4.399999999999999
97,2024-10-21,2024-09-26,18.8,14.9,16.9,4.9,95,16,3.9000000000000004
97,2024-10-21,2024-09-27,19.6,12.9,15.5,1.6,86,12.9,6.700000000000001
97,2024-10-21,2024-09-28,23.2,12.6,16.9,0,81,13.3,10.6
97,2024-10-21,2024-09-29,26.3,13.6,19.3,0,72,13.9,12.700000000000001
97,2024-10-21,2024-09-30,29.4,18,23.1,5.3,71,17.3,11.399999999999999
97,2024-10-21,2024-10-01,27.1,18.1,22.3,21.8,81,18.8,9
97,2024-10-21,2024-10-02,18.1,12.7,15.6,1,78,11.5,5.400000000000002
97,2024-10-21,2024-10-03,16.2,5.4,11.3,0,70,5.9,10.799999999999999
97,2024-10-21,2024-10-04,19.4,7.3,13,0,74,8.2,12.099999999999998
97,2024-10-21,2024-10-05,24.8,11.5,16.8,0,77,12.5,13.3
97,2024-10-21,2024-10-06,22.9,12.1,17.5,0,78,13.5,10.799999999999999
97,2024-10-21,2024-10-07,21.5,14.7,17.4,3.7,83,14.4,6.800000000000001
97,2024-10-21,2024-10-08,21.4,15.4,17.9,3.2,88,15.7,5.999999999999998
97,2024-10-21,2024-10-09,19.1,14.4,16.7,0.2,80,13.1,4.700000000000001
97,2024-10-21,2024-10-10,20.7,14.9,17.5,0.8,82,14.4,5.799999999999999
97,2024-10-21,2024-10-11,22.4,17.5,19.1,20.5,89,17.2,4.899999999999999
97,2024-10-21,2024-10-12,22.2,14.7,18.1,0,77,13.8,7.5
97,2024-10-21,2024-10-13,24.8,12.4,18,0.2,70,12.3,12.4
97,2024-10-21,2024-10-14,26.4,14.9,20.1,0.8,83,17,11.499999999999998
97,2024-10-21,2024-10-15,23.5,18,20.3,13.8,86,17.8,5.5
97,2024-10-21,2024-10-16,22.4,13.6,17.6,0,83,14.5,8.799999999999999
97,2024-10-21,2024-10-17,22.6,12.4,17.4,0,79,13.6,10.200000000000001
97,2024-10-21,2024-10-18,23,15.8,18.8,0.1,77,14.5,7.199999999999999
97,2024-10-21,2024-10-19,24,13.2,18.1,0,78,13.6,10.8
97,2024-10-21,2024-10-20,26.5,13.9,19.6,0,77,15.2,12.6
97,2024-10-21,2024-10-21,28.8,16.5,22.1,0,76,17.4,12.3
97,2024-10-21,2024-10-22,29.8,18.6,24.4,0,75,19.2,11.2
97,2024-10-21,2024-10-23,28.2,19.7,23.8,2.4,77,19.6,8.5
97,2024-10-21,2024-10-24,24.5,18.7,22.5,25.7,87,20.3,5.800000000000001
97,2024-10-21,2024-10-25,22.4,15.4,18.5,1.2,77,14.2,6.999999999999998
97,2024-10-21,2024-10-26,18,10.4,14.3,4.8,75,9.4,7.6
97,2024-10-21,2024-10-27,22.8,10.9,16.8,0,58,8.2,11.9
97,2024-10-21,2024-10-28,24.2,12.8,18.4,0,63,10.8,11.399999999999999
97,2024-10-21,2024-10-29,25.1,12,18.9,0,79,14.8,13.100000000000001
97,2024-10-21,2024-10-30,27.1,17.1,21.2,0.2,77,16.7,10
97,2024-10-21,2024-10-31,29.7,17.5,22.9,0,74,17.6,12.2
97,2024-10-21,2024-11-01,29.6,19.9,23.1,1.3,73,17.9,9.700000000000003
97,2024-10-21,2024-11-02,28.2,20.5,23.5,7,79,19.6,7.699999999999999
97,2024-10-21,2024-11-03,25.4,20,22.1,7.9,89,20.2,5.399999999999999
97,2024-10-21,2024-11-04,28.8,20.2,24,0.3,80,19.9,8.600000000000001
97,2024-10-21,2024-11-05,23.3,18.9,21.2,1.3,83,18,4.400000000000002
97,2024-10-21,2024-11-06,24.3,15.6,19.8,0.2,82,16.6,8.700000000000001
97,2024-10-21,2024-11-07,22.4,18.2,20.2,2.1,88,18.1,4.199999999999999
97,2024-10-21,2024-11-08,21.9,13.1,17.7,0.3,75,13,8.799999999999999
97,2024-10-21,2024-11-09,23.1,11.2,17.4,0,75,12.3,11.900000000000002
97,2024-10-21,2024-11-10,26.5,13.6,19.6,0,68,13.1,12.9
97,2024-10-21,2024-11-11,25.1,16.6,18.9,12,80,15.2,8.5
97,2024-10-21,2024-11-12,17.9,10.4,14.8,0,62,7.4,7.499999999999998
97,2024-10-21,2024-11-13,23.4,11.2,17,0,62,9.3,12.2
97,2024-10-21,2024-11-14,25.5,12.1,19.3,0,66,12.2,13.4
97,2024-10-21,2024-11-15,28.6,16.3,22.1,0,64,14.4,12.3
97,2024-10-21,2024-11-16,32,19,25,0,63,16.8,13
97,2024-10-21,2024-11-17,33,22.4,26.2,1.2,67,19.4,10.600000000000001
97,2024-10-21,2024-11-18,23.9,20,21.7,1.2,87,19.4,3.8999999999999986
98,2024-06-12,2024-05-15,17,12.2,14.6,0.6,89,12.8,4.800000000000001
98,2024-06-12,2024-05-16,23.7,13.7,17.5,0.3,83,14.4,10
98,2024-06-12,2024-05-17,24.6,16.9,20.2,0.4,76,15.8,7.700000000000003
98,2024-06-12,2024-05-18,21.1,17.8,19.1,58.9,89,17.2,3.3000000000000007
98,2024-06-12,2024-05-19,18.1,14.2,16.7,8.9,92,15.4,3.900000000000002
98,2024-06-12,2024-05-20,19.5,11.6,15.4,0.2,85,12.7,7.9
98,2024-06-12,2024-05-21,21.8,13.8,16.8,0,86,14.4,8
98,2024-06-12,2024-05-22,25.1,14.8,18.6,0,84,15.6,10.3
98,2024-06-12,2024-05-23,25.2,16,19.9,0,71,14.4,9.2
98,2024-06-12,2024-05-24,20,16.2,18.2,15.5,86,15.8,3.8000000000000007
98,2024-06-12,2024-05-25,16.9,7.4,12.7,0,79,8.9,9.499999999999998
98,2024-06-12,2024-05-26,13.9,11.1,12.4,2.1,84,9.7,2.8000000000000007
98,2024-06-12,2024-05-27,16.5,12.1,14.2,31.2,92,12.9,4.4
98,2024-06-12,2024-05-28,14.7,8.3,11.2,0.3,79,7.6,6.399999999999999
98,2024-06-12,2024-05-29,16.1,4.6,9.7,0,81,6.5,11.500000000000002
98,2024-06-12,2024-05-30,17,4.1,10.6,0,83,7.6,12.9
98,2024-06-12,2024-05-31,16.5,6,10.6,0,85,7.9,10.5
98,2024-06-12,2024-06-01,20,9.4,13.8,0,84,11,10.6
98,2024-06-12,2024-06-02,22.8,10.9,16,0,77,11.6,11.9
98,2024-06-12,2024-06-03,23.5,10.9,16.4,0.3,74,11.5,12.6
98,2024-06-12,2024-06-04,18.1,12.6,14.9,0,84,12.2,5.500000000000002
98,2024-06-12,2024-06-05,20,11.2,14.4,0,89,12.4,8.8
98,2024-06-12,2024-06-06,22.9,10.3,15.7,0,80,11.7,12.599999999999998
98,2024-06-12,2024-06-07,23.1,10.6,16.3,0,76,11.6,12.500000000000002
98,2024-06-12,2024-06-08,22.6,11.1,16.3,0,78,11.9,11.500000000000002
98,2024-06-12,2024-06-09,24.4,13,17.5,0,76,12.9,11.399999999999999
98,2024-06-12,2024-06-10,24.5,11.4,17.7,0,77,13.4,13.1
98,2024-06-12,2024-06-11,23.8,11.8,17.4,0,75,12.4,12
98,2024-06-12,2024-06-12,23.5,13.4,17.1,0,76,12.6,10.1
98,2024-06-12,2024-06-13,24,13.9,17.7,0,74,12.4,10.1
98,2024-06-12,2024-06-14,24.4,13.3,18.1,0,59,9.9,11.099999999999998
98,2024-06-12,2024-06-15,25.4,15.2,19.4,0,67,13,10.2
98,2024-06-12,2024-06-16,24.9,15.6,19.2,0,67,12.6,9.299999999999999
98,2024-06-12,2024-06-17,23.6,15.2,19.1,0.2,65,12.3,8.400000000000002
98,2024-06-12,2024-06-18,23.7,15.5,19.1,0,59,10.7,8.2
98,2024-06-12,2024-06-19,24,13.9,18.2,0,62,10.8,10.1
98,2024-06-12,2024-06-20,24.2,12.9,17.9,0,70,12.1,11.299999999999999
98,2024-06-12,2024-06-21,23,13.8,17.3,0,78,13,9.2
98,2024-06-12,2024-06-22,24.5,14.1,18,0,71,12.3,10.4
98,2024-06-12,2024-06-23,25.5,15.1,19.4,0,66,12.7,10.4
98,2024-06-12,2024-06-24,24.5,16,19.3,4,70,13.6,8.5
98,2024-06-12,2024-06-25,18.1,13.1,15.2,27.6,91,13.7,5.000000000000002
98,2024-06-12,2024-06-26,20.6,11.9,15.4,1.2,87,13.2,8.700000000000001
98,2024-06-12,2024-06-27,18.4,11,14.9,0.6,84,12.1,7.399999999999999
98,2024-06-12,2024-06-28,21.8,10.9,15.7,0.3,85,13.1,10.9
98,2024-06-12,2024-06-29,16.8,9.6,14.3,4.1,82,11,7.200000000000001
98,2024-06-12,2024-06-30,13.4,1.8,7.2,0,67,1.4,11.6
98,2024-06-12,2024-07-01,17.7,2.9,8.9,0,72,3.7,14.799999999999999
98,2024-06-12,2024-07-02,20.5,6.2,12.4,0,77,8,14.3
98,2024-06-12,2024-07-03,23.5,9.4,14.8,0,76,10.2,14.1
98,2024-06-12,2024-07-04,23.9,10.4,16.5,0,68,10.4,13.499999999999998
98,2024-06-12,2024-07-05,24.4,10.7,16.9,0,62,9,13.7
98,2024-06-12,2024-07-06,18.6,11.1,14.5,0,78,10.5,7.500000000000002
98,2024-06-12,2024-07-07,19.7,11.2,14.1,3.6,86,11.7,8.5
98,2024-06-12,2024-07-08,13.7,11.5,12.4,31.7,89,10.7,2.1999999999999993
98,2024-06-12,2024-07-09,12.4,9.9,10.8,15.8,90,9.3,2.5
98,2024-06-12,2024-07-10,16.5,9.9,12.1,2.2,84,9.4,6.6
99,2024-09-14,2024-08-17,27.8,18.1,22.3,0,55,12.8,9.7
99,2024-09-14,2024-08-18,28.5,19.3,23,0,54,13.1,9.2
99,2024-09-14,2024-08-19,29.6,18.5,23.3,0,50,12.1,11.100000000000001
99,2024-09-14,2024-08-20,27.8,17,21.4,4.5,80,17.4,10.8
99,2024-09-14,2024-08-21,26.9,15.8,20.6,0,70,14.8,11.099999999999998
99,2024-09-14,2024-08-22,23.1,14.7,19.3,6.4,65,12.5,8.400000000000002
99,2024-09-14,2024-08-23,14.8,10.1,12.1,37.8,91,10.6,4.700000000000001
99,2024-09-14,2024-08-24,10.5,6.2,8.1,0.1,83,5.2,4.3
99,2024-09-14,2024-08-25,9.4,1.4,5.4,0.1,76,1.2,8
99,2024-09-14,2024-08-26,12.2,0.6,6,0,77,2,11.6
99,2024-09-14,2024-08-27,16.8,3.5,9.1,0,70,3.4,13.3
99,2024-09-14,2024-08-28,18.7,8,13.1,2.2,70,7.6,10.7
99,2024-09-14,2024-08-29,22.5,11.8,16,0,74,11.3,10.7
99,2024-09-14,2024-08-30,27.1,14.1,19.4,0,73,14,13.000000000000002
99,2024-09-14,2024-08-31,27,15.1,19.7,0,68,13.4,11.9
99,2024-09-14,2024-09-01,18.2,10.4,14.8,4.5,84,11.9,7.799999999999999
99,2024-09-14,2024-09-02,18.5,5.3,10.9,0,85,8.3,13.2
99,2024-09-14,2024-09-03,26,12.4,18,0,67,11.7,13.6
99,2024-09-14,2024-09-04,29.1,13.4,17.1,10.5,81,13.5,15.700000000000001
99,2024-09-14,2024-09-05,14.8,7.2,10.8,6.4,81,7.3,7.6000000000000005
99,2024-09-14,2024-09-06,21.1,7.9,13.3,0,76,9,13.200000000000001
99,2024-09-14,2024-09-07,26.8,14,19.2,0,76,14.6,12.8
99,2024-09-14,2024-09-08,30.1,17.2,22.5,0,67,15.8,12.900000000000002
99,2024-09-14,2024-09-09,30.5,18.9,23.8,0,52,13.3,11.600000000000001
99,2024-09-14,2024-09-10,30,19.3,24.8,0,50,13.5,10.7
99,2024-09-14,2024-09-11,30.1,19,24.2,0,47,12.2,11.100000000000001
99,2024-09-14,2024-09-12,24.2,17.5,20,5.7,63,12.2,6.699999999999999
99,2024-09-14,2024-09-13,24.4,16.5,18.9,27.3,86,16.4,7.899999999999999
99,2024-09-14,2024-09-14,20,14.6,17,1.2,86,14.4,5.4
99,2024-09-14,2024-09-15,17.9,9.3,13.4,0.3,76,9.3,8.599999999999998
99,2024-09-14,2024-09-16,19.9,10.3,14.4,0.2,79,10.6,9.599999999999998
99,2024-09-14,2024-09-17,20.8,11.1,15.3,0,78,11,9.700000000000001
99,2024-09-14,2024-09-18,23.3,11.1,16.5,0.5,70,10.8,12.200000000000001
99,2024-09-14,2024-09-19,24.7,13.9,18.6,2.9,79,14.7,10.799999999999999
99,2024-09-14,2024-09-20,21,14.7,17.6,41.8,85,15,6.300000000000001
99,2024-09-14,2024-09-21,24.2,13.1,17.8,0,82,14.3,11.1
99,2024-09-14,2024-09-22,28.6,15.6,21.4,0,78,17.3,13.000000000000002
99,2024-09-14,2024-09-23,31.2,20.2,25,0,76,20.2,11
99,2024-09-14,2024-09-24,31,20.1,24.8,0,74,19.6,10.899999999999999
99,2024-09-14,2024-09-25,28.9,20.8,24.2,0,67,17.5,8.099999999999998
99,2024-09-14,2024-09-26,20.8,15.6,18.3,19.5,89,16.4,5.200000000000001
99,2024-09-14,2024-09-27,20.6,13.1,16.1,1.5,84,13.1,7.500000000000002
99,2024-09-14,2024-09-28,23,10.6,16.2,0,75,11.4,12.4
99,2024-09-14,2024-09-29,26.4,12.9,18.9,0,69,12.6,13.499999999999998
99,2024-09-14,2024-09-30,30,14.7,21.5,0,66,14.5,15.3
99,2024-09-14,2024-10-01,31.4,20.3,24,18.8,61,15.6,11.099999999999998
99,2024-09-14,2024-10-02,19.4,14.2,17.5,44.3,93,16.4,5.199999999999999
99,2024-09-14,2024-10-03,17.8,9.4,13.4,0,79,9.6,8.4
99,2024-09-14,2024-10-04,22.1,9,14.7,0,77,10.3,13.100000000000001
99,2024-09-14,2024-10-05,24.5,11.1,16.8,0,73,11.5,13.4
99,2024-09-14,2024-10-06,25.4,15.9,19.8,3.8,71,14.1,9.499999999999998
99,2024-09-14,2024-10-07,21.9,15.6,18.4,5.8,85,15.9,6.299999999999999
99,2024-09-14,2024-10-08,21.1,16.3,18.3,14.3,89,16.4,4.800000000000001
99,2024-09-14,2024-10-09,18.5,15.6,16.7,31.9,93,15.7,2.9000000000000004
99,2024-09-14,2024-10-10,21.8,15.6,17.8,3.4,85,15.1,6.200000000000001
99,2024-09-14,2024-10-11,20.4,16.7,18.1,51.7,93,16.9,3.6999999999999993
99,2024-09-14,2024-10-12,23.2,15.6,18.3,0.9,83,15,7.6
100,2024-10-05,2024-09-07,26.8,14,19.2,0,76,14.6,12.8
100,2024-10-05,2024-09-08,30.1,17.2,22.5,0,67,15.8,12.900000000000002
100,2024-10-05,2024-09-09,30.5,18.9,23.8,0,52,13.3,11.600000000000001
100,2024-10-05,2024-09-10,30,19.3,24.8,0,50,13.5,10.7
100,2024-10-05,2024-09-11,30.1,19,24.2,0,47,12.2,11.100000000000001
100,2024-10-05,2024-09-12,24.2,17.5,20,5.7,63,12.2,6.699999999999999
100,2024-10-05,2024-09-13,24.4,16.5,18.9,27.3,86,16.4,7.899999999999999
100,2024-10-05,2024-09-14,20,14.6,17,1.2,86,14.4,5.4
100,2024-10-05,2024-09-15,17.9,9.3,13.4,0.3,76,9.3,8.599999999999998
100,2024-10-05,2024-09-16,19.9,10.3,14.4,0.2,79,10.6,9.599999999999998
100,2024-10-05,2024-09-17,20.8,11.1,15.3,0,78,11,9.700000000000001
100,2024-10-05,2024-09-18,23.3,11.1,16.5,0.5,70,10.8,12.200000000000001
100,2024-10-05,2024-09-19,24.7,13.9,18.6,2.9,79,14.7,10.799999999999999
100,2024-10-05,2024-09-20,21,14.7,17.6,41.8,85,15,6.300000000000001
100,2024-10-05,2024-09-21,24.2,13.1,17.8,0,82,14.3,11.1
100,2024-10-05,2024-09-22,28.6,15.6,21.4,0,78,17.3,13.000000000000002
100,2024-10-05,2024-09-23,31.2,20.2,25,0,76,20.2,11
100,2024-10-05,2024-09-24,31,20.1,24.8,0,74,19.6,10.899999999999999
100,2024-10-05,2024-09-25,28.9,20.8,24.2,0,67,17.5,8.099999999999998
100,2024-10-05,2024-09-26,20.8,15.6,18.3,19.5,89,16.4,5.200000000000001
100,2024-10-05,2024-09-27,20.6,13.1,16.1,1.5,84,13.1,7.500000000000002
100,2024-10-05,2024-09-28,23,10.6,16.2,0,75,11.4,12.4
100,2024-10-05,2024-09-29,26.4,12.9,18.9,0,69,12.6,13.499999999999998
100,2024-10-05,2024-09-30,30,14.7,21.5,0,66,14.5,15.3
100,2024-10-05,2024-10-01,31.4,20.3,24,18.8,61,15.6,11.099999999999998
100,2024-10-05,2024-10-02,19.4,14.2,17.5,44.3,93,16.4,5.199999999999999
100,2024-10-05,2024-10-03,17.8,9.4,13.4,0,79,9.6,8.4
100,2024-10-05,2024-10-04,22.1,9,14.7,0,77,10.3,13.100000000000001
100,2024-10-05,2024-10-05,24.5,11.1,16.8,0,73,11.5,13.4
100,2024-10-05,2024-10-06,25.4,15.9,19.8,3.8,71,14.1,9.499999999999998
100,2024-10-05,2024-10-07,21.9,15.6,18.4,5.8,85,15.9,6.299999999999999
100,2024-10-05,2024-10-08,21.1,16.3,18.3,14.3,89,16.4,4.800000000000001
100,2024-10-05,2024-10-09,18.5,15.6,16.7,31.9,93,15.7,2.9000000000000004
100,2024-10-05,2024-10-10,21.8,15.6,17.8,3.4,85,15.1,6.200000000000001
100,2024-10-05,2024-10-11,20.4,16.7,18.1,51.7,93,16.9,3.6999999999999993
100,2024-10-05,2024-10-12,23.2,15.6,18.3,0.9,83,15,7.6
100,2024-10-05,2024-10-13,25.8,14.7,19.3,0,70,13.5,11.100000000000001
100,2024-10-05,2024-10-14,25.8,15.2,20.2,0,73,15,10.600000000000001
100,2024-10-05,2024-10-15,20.8,15.6,18.4,16.3,83,15.4,5.200000000000001
100,2024-10-05,2024-10-16,23.6,14.7,18.6,0,82,15,8.900000000000002
100,2024-10-05,2024-10-17,27.6,13.9,19.9,0,77,15.1,13.700000000000001
100,2024-10-05,2024-10-18,21,14.4,17.4,1.3,88,15.3,6.6
100,2024-10-05,2024-10-19,23.2,14.1,18.2,2.2,77,14,9.1
100,2024-10-05,2024-10-20,25.3,13.1,19,0,71,13.5,12.200000000000001
100,2024-10-05,2024-10-21,27.2,16.4,21.3,0.1,72,15.8,10.8
100,2024-10-05,2024-10-22,28.2,17.8,23.1,0.4,76,18.4,10.399999999999999
100,2024-10-05,2024-10-23,26.9,20.1,23.2,8.2,80,19.6,6.799999999999997
100,2024-10-05,2024-10-24,28.2,20.6,22.6,18.6,86,19.9,7.599999999999998
100,2024-10-05,2024-10-25,22.8,14.6,18.5,0.7,80,14.8,8.200000000000001
100,2024-10-05,2024-10-26,19.6,12.4,16,0,70,10.2,7.200000000000001
100,2024-10-05,2024-10-27,24.1,9.8,16.3,0,65,9.2,14.3
100,2024-10-05,2024-10-28,27.5,13.8,19.9,0,70,13.9,13.7
100,2024-10-05,2024-10-29,28.2,15.2,21.5,0,70,15,13
100,2024-10-05,2024-10-30,28.5,16.6,21.9,0,70,15.4,11.899999999999999
100,2024-10-05,2024-10-31,28.1,16.9,22.2,0,66,15,11.200000000000003
100,2024-10-05,2024-11-01,28.9,16.2,22.3,0,60,13.5,12.7
100,2024-10-05,2024-11-02,23.2,19.2,20.6,7.7,81,17.1,4
101,2024-10-15,2024-09-17,21.3,9.4,15.3,0,87,12.9,11.9
101,2024-10-15,2024-09-18,22.2,15.4,18,0,81,14.5,6.799999999999999
101,2024-10-15,2024-09-19,24.2,13.9,18.3,7.4,86,15.7,10.299999999999999
101,2024-10-15,2024-09-20,22.4,16,19.5,23.5,90,17.7,6.399999999999999
101,2024-10-15,2024-09-21,23.4,13.8,18,0.8,90,16.2,9.599999999999998
101,2024-10-15,2024-09-22,27,17.4,21.3,3.1,86,18.7,9.600000000000001
101,2024-10-15,2024-09-23,23.1,19,20.5,30.7,95,19.6,4.100000000000001
101,2024-10-15,2024-09-24,20.6,17.2,18.9,64.1,95,18,3.400000000000002
101,2024-10-15,2024-09-25,22.4,18,19.6,34.8,95,18.8,4.399999999999999
101,2024-10-15,2024-09-26,20.4,17.1,18.7,6.3,94,17.6,3.299999999999997
101,2024-10-15,2024-09-27,20.4,14.2,17.4,2.4,84,14.5,6.199999999999999
101,2024-10-15,2024-09-28,24.2,12.1,17.3,0,84,14.2,12.1
101,2024-10-15,2024-09-29,25.5,13.6,19.2,0,83,16.2,11.9
101,2024-10-15,2024-09-30,27.7,16.9,21.7,2.2,78,17.6,10.8
101,2024-10-15,2024-10-01,27.3,19.5,22,23.6,85,19.1,7.800000000000001
101,2024-10-15,2024-10-02,19.8,13.8,17.5,0.5,74,12.6,6
101,2024-10-15,2024-10-03,17.9,8.2,12.9,0.1,70,7.4,9.7
101,2024-10-15,2024-10-04,18.4,9.4,13.9,0,75,9.3,8.999999999999998
101,2024-10-15,2024-10-05,23.4,13.6,18,0,77,13.7,9.799999999999999
101,2024-10-15,2024-10-06,21.9,12.9,17.6,0,82,14.2,8.999999999999998
101,2024-10-15,2024-10-07,20.9,16.4,18.4,0.7,80,14.8,4.5
101,2024-10-15,2024-10-08,21.7,17.4,18.9,4.2,88,16.9,4.300000000000001
101,2024-10-15,2024-10-09,19.5,15.4,17.3,0.3,78,13.3,4.1
101,2024-10-15,2024-10-10,19.9,16.7,18.2,1.5,79,14.5,3.1999999999999993
101,2024-10-15,2024-10-11,23.2,17.5,19.7,14.5,89,17.7,5.699999999999999
101,2024-10-15,2024-10-12,22.6,13.9,17.6,0,79,13.2,8.700000000000001
101,2024-10-15,2024-10-13,22.2,13.3,17.5,0.2,81,14.2,8.899999999999999
101,2024-10-15,2024-10-14,23.6,18.1,20.3,1.1,79,16.4,5.5
101,2024-10-15,2024-10-15,23.3,18.6,20.4,23.8,85,17.8,4.699999999999999
101,2024-10-15,2024-10-16,23,15.9,19.1,0.4,79,15.2,7.1
101,2024-10-15,2024-10-17,23,11.8,17,0.2,86,14.3,11.2
101,2024-10-15,2024-10-18,23.5,15.2,18.3,0.5,84,15.3,8.3
101,2024-10-15,2024-10-19,23.4,14.4,18,0,83,14.7,8.999999999999998
101,2024-10-15,2024-10-20,24,14.9,19.1,0,80,15.3,9.1
101,2024-10-15,2024-10-21,30.3,17.6,22.7,0,78,18.4,12.7
101,2024-10-15,2024-10-22,31.2,18.5,24.7,0,76,19.6,12.7
101,2024-10-15,2024-10-23,25.5,21,22.7,2.6,87,20.3,4.5
101,2024-10-15,2024-10-24,25.8,21,23.1,16,88,20.8,4.800000000000001
101,2024-10-15,2024-10-25,24,17.6,20.4,0.6,68,14.2,6.399999999999999
101,2024-10-15,2024-10-26,19.5,11.9,15.8,11,69,9.7,7.6
101,2024-10-15,2024-10-27,24.6,11.6,17,0,64,9.7,13.000000000000002
101,2024-10-15,2024-10-28,24.1,13.3,18.6,0,74,13.7,10.8
101,2024-10-15,2024-10-29,24.2,17.1,20.6,3.6,85,17.8,7.099999999999998
101,2024-10-15,2024-10-30,25,18.4,21.3,1.4,83,18.2,6.600000000000001
101,2024-10-15,2024-10-31,26.2,19.8,22.2,0.4,79,18.2,6.399999999999999
101,2024-10-15,2024-11-01,28.6,19.4,23.2,0,77,18.7,9.200000000000003
101,2024-10-15,2024-11-02,31.3,20.1,24.7,3.9,79,20.5,11.2
101,2024-10-15,2024-11-03,26.2,21.2,23.4,3.4,89,21.4,5
101,2024-10-15,2024-11-04,29.4,21.4,24.8,2.3,81,21.1,8
101,2024-10-15,2024-11-05,25.6,19.1,22.3,0.2,82,19,6.5
101,2024-10-15,2024-11-06,22.9,18.2,20.4,0.9,82,17.1,4.699999999999999
101,2024-10-15,2024-11-07,22.7,19.3,21,11.7,91,19.5,3.3999999999999986
101,2024-10-15,2024-11-08,22.8,16.4,19,1.1,74,14,6.400000000000002
101,2024-10-15,2024-11-09,22.8,13.9,18.2,0,77,13.6,8.9
101,2024-10-15,2024-11-10,24.3,12.5,19,0,74,13.9,11.8
101,2024-10-15,2024-11-11,24.5,14.9,19.6,5.5,85,16.8,9.6
101,2024-10-15,2024-11-12,20.6,12.2,16.9,0.2,58,8.1,8.400000000000002
102,1998-08-23,1998-07-26,15.5,11.3,12.9,0,82,9.8,4.199999999999999
102,1998-08-23,1998-07-27,17.6,7.6,12,0,83,8.9,10.000000000000002
102,1998-08-23,1998-07-28,21.5,8.9,14.3,9.2,78,10.3,12.6
102,1998-08-23,1998-07-29,15.4,9.9,12,9.3,84,9.1,5.5
102,1998-08-23,1998-07-30,17.9,5.5,10.8,0,81,7.3,12.399999999999999
102,1998-08-23,1998-07-31,17.5,9.9,13.1,7.5,83,10.3,7.6
102,1998-08-23,1998-08-01,15.1,12.5,13.9,29.7,95,13.2,2.5999999999999996
102,1998-08-23,1998-08-02,15.5,12.7,13.7,3.5,94,12.6,2.8000000000000007
102,1998-08-23,1998-08-03,16.8,11.9,13.8,0,83,10.7,4.9
102,1998-08-23,1998-08-04,14.5,10.9,12.6,0.8,80,9.3,3.5999999999999996
102,1998-08-23,1998-08-05,16.9,12.4,14,0.6,85,11.4,4.499999999999998
102,1998-08-23,1998-08-06,14.7,9.1,11.6,0,86,9.1,5.6
102,1998-08-23,1998-08-07,18.1,6.5,11.8,0,81,8.4,11.600000000000001
102,1998-08-23,1998-08-08,20,10.8,14.3,0,79,10.5,9.2
102,1998-08-23,1998-08-09,18.7,11.6,14.7,2.2,83,11.7,7.1
102,1998-08-23,1998-08-10,19.7,13.1,16.1,0.7,87,13.9,6.6
102,1998-08-23,1998-08-11,19,14.9,16.1,3.3,93,15,4.1
102,1998-08-23,1998-08-12,15.7,11.4,13.5,0.6,91,12,4.299999999999999
102,1998-08-23,1998-08-13,18.2,12.2,14.1,5,94,13.1,6
102,1998-08-23,1998-08-14,17.5,12.2,14.4,37.2,99,14.2,5.300000000000001
102,1998-08-23,1998-08-15,16.5,13.8,15.3,45.8,93,14.1,2.6999999999999993
102,1998-08-23,1998-08-16,21.4,10.8,15.2,0,87,12.7,10.599999999999998
102,1998-08-23,1998-08-17,18.2,15,16.4,31.6,94,15.4,3.1999999999999993
102,1998-08-23,1998-08-18,17.7,15.8,16.5,71.5,96,15.9,1.8999999999999986
102,1998-08-23,1998-08-19,20.8,15.5,17,4.4,91,15.5,5.300000000000001
102,1998-08-23,1998-08-20,15.5,12.3,14.4,25.8,96,13.8,3.1999999999999993
102,1998-08-23,1998-08-21,13.7,10.7,11.9,12.5,92,10.7,3
102,1998-08-23,1998-08-22,15.4,11.1,13,6.8,90,11.4,4.300000000000001
102,1998-08-23,1998-08-23,23.8,13,17,0,77,12.8,10.8
102,1998-08-23,1998-08-24,23.6,17.6,20.1,0.1,84,17.2,6
102,1998-08-23,1998-08-25,24.7,15.7,19.3,1.9,79,15.5,9
102,1998-08-23,1998-08-26,16.9,11.5,15.1,35,97,14.6,5.399999999999999
102,1998-08-23,1998-08-27,11.8,8.4,9.9,0.5,85,7.3,3.4000000000000004
102,1998-08-23,1998-08-28,16.4,1.9,9.2,0,80,5.5,14.499999999999998
102,1998-08-23,1998-08-29,16.2,3.6,9.7,0,82,6.4,12.6
102,1998-08-23,1998-08-30,16.3,6.6,10.4,0,78,6.5,9.700000000000001
102,1998-08-23,1998-08-31,18.6,6.8,11.5,0,73,6.5,11.8
102,1998-08-23,1998-09-01,23.4,9.1,15.2,0,77,11,14.299999999999999
102,1998-08-23,1998-09-02,25.2,13.8,18.7,0,76,14.2,11.399999999999999
102,1998-08-23,1998-09-03,21.1,15.6,17.4,16.7,75,12.8,5.500000000000002
102,1998-08-23,1998-09-04,16.3,11.9,15.4,2.9,92,14.1,4.4
102,1998-08-23,1998-09-05,15.3,9.1,11.7,0,79,8.2,6.200000000000001
102,1998-08-23,1998-09-06,21,9.2,14.2,0.1,79,10.3,11.8
102,1998-08-23,1998-09-07,16.1,13,14.5,43.1,92,13.3,3.1000000000000014
102,1998-08-23,1998-09-08,17.4,11.7,14.3,0,85,11.5,5.699999999999999
102,1998-08-23,1998-09-09,18.8,7.2,13.3,0,77,9.1,11.600000000000001
102,1998-08-23,1998-09-10,21.6,9.8,14.8,0,77,10.5,11.8
102,1998-08-23,1998-09-11,22.3,11.7,16.9,0.5,71,11.6,10.600000000000001
102,1998-08-23,1998-09-12,22.2,16.9,19.1,9.6,85,16.4,5.300000000000001
102,1998-08-23,1998-09-13,18.5,11.9,16.1,19.3,89,14.1,6.6
102,1998-08-23,1998-09-14,18.2,8.9,13.1,2.3,77,9.1,9.299999999999999
102,1998-08-23,1998-09-15,18,10.2,13.2,0.2,83,10.3,7.800000000000001
102,1998-08-23,1998-09-16,22.6,9.3,14.9,0,80,11,13.3
102,1998-08-23,1998-09-17,22.3,13.9,17.1,5.2,81,13.7,8.4
102,1998-08-23,1998-09-18,16.8,11.4,13.8,56,96,13.2,5.4
102,1998-08-23,1998-09-19,13.4,9.9,11.4,4.1,88,9.5,3.5
102,1998-08-23,1998-09-20,10.9,9.9,10.3,16.6,99,10.1,1
103,1998-09-09,1998-08-12,15.7,11.4,13.5,0.6,91,12,4.299999999999999
103,1998-09-09,1998-08-13,18.2,12.2,14.1,5,94,13.1,6
103,1998-09-09,1998-08-14,17.5,12.2,14.4,37.2,99,14.2,5.300000000000001
103,1998-09-09,1998-08-15,16.5,13.8,15.3,45.8,93,14.1,2.6999999999999993
103,1998-09-09,1998-08-16,21.4,10.8,15.2,0,87,12.7,10.599999999999998
103,1998-09-09,1998-08-17,18.2,15,16.4,31.6,94,15.4,3.1999999999999993
103,1998-09-09,1998-08-18,17.7,15.8,16.5,71.5,96,15.9,1.8999999999999986
103,1998-09-09,1998-08-19,20.8,15.5,17,4.4,91,15.5,5.300000000000001
103,1998-09-09,1998-08-20,15.5,12.3,14.4,25.8,96,13.8,3.1999999999999993
103,1998-09-09,1998-08-21,13.7,10.7,11.9,12.5,92,10.7,3
103,1998-09-09,1998-08-22,15.4,11.1,13,6.8,90,11.4,4.300000000000001
103,1998-09-09,1998-08-23,23.8,13,17,0,77,12.8,10.8
103,1998-09-09,1998-08-24,23.6,17.6,20.1,0.1,84,17.2,6
103,1998-09-09,1998-08-25,24.7,15.7,19.3,1.9,79,15.5,9
103,1998-09-09,1998-08-26,16.9,11.5,15.1,35,97,14.6,5.399999999999999
103,1998-09-09,1998-08-27,11.8,8.4,9.9,0.5,85,7.3,3.4000000000000004
103,1998-09-09,1998-08-28,16.4,1.9,9.2,0,80,5.5,14.499999999999998
103,1998-09-09,1998-08-29,16.2,3.6,9.7,0,82,6.4,12.6
103,1998-09-09,1998-08-30,16.3,6.6,10.4,0,78,6.5,9.700000000000001
103,1998-09-09,1998-08-31,18.6,6.8,11.5,0,73,6.5,11.8
103,1998-09-09,1998-09-01,23.4,9.1,15.2,0,77,11,14.299999999999999
103,1998-09-09,1998-09-02,25.2,13.8,18.7,0,76,14.2,11.399999999999999
103,1998-09-09,1998-09-03,21.1,15.6,17.4,16.7,75,12.8,5.500000000000002
103,1998-09-09,1998-09-04,16.3,11.9,15.4,2.9,92,14.1,4.4
103,1998-09-09,1998-09-05,15.3,9.1,11.7,0,79,8.2,6.200000000000001
103,1998-09-09,1998-09-06,21,9.2,14.2,0.1,79,10.3,11.8
103,1998-09-09,1998-09-07,16.1,13,14.5,43.1,92,13.3,3.1000000000000014
103,1998-09-09,1998-09-08,17.4,11.7,14.3,0,85,11.5,5.699999999999999
103,1998-09-09,1998-09-09,18.8,7.2,13.3,0,77,9.1,11.600000000000001
103,1998-09-09,1998-09-10,21.6,9.8,14.8,0,77,10.5,11.8
103,1998-09-09,1998-09-11,22.3,11.7,16.9,0.5,71,11.6,10.600000000000001
103,1998-09-09,1998-09-12,22.2,16.9,19.1,9.6,85,16.4,5.300000000000001
103,1998-09-09,1998-09-13,18.5,11.9,16.1,19.3,89,14.1,6.6
103,1998-09-09,1998-09-14,18.2,8.9,13.1,2.3,77,9.1,9.299999999999999
103,1998-09-09,1998-09-15,18,10.2,13.2,0.2,83,10.3,7.800000000000001
103,1998-09-09,1998-09-16,22.6,9.3,14.9,0,80,11,13.3
103,1998-09-09,1998-09-17,22.3,13.9,17.1,5.2,81,13.7,8.4
103,1998-09-09,1998-09-18,16.8,11.4,13.8,56,96,13.2,5.4
103,1998-09-09,1998-09-19,13.4,9.9,11.4,4.1,88,9.5,3.5
103,1998-09-09,1998-09-20,10.9,9.9,10.3,16.6,99,10.1,1
103,1998-09-09,1998-09-21,13.3,6.9,10,0.4,81,6.5,6.4
103,1998-09-09,1998-09-22,19.3,4.6,11.5,0,68,5.5,14.700000000000001
103,1998-09-09,1998-09-23,19.6,9.7,14.1,0,72,8.8,9.900000000000002
103,1998-09-09,1998-09-24,20.6,10.9,15.1,0.2,69,9.2,9.700000000000001
103,1998-09-09,1998-09-25,21.8,13.2,16.8,0.5,80,13.3,8.600000000000001
103,1998-09-09,1998-09-26,24.4,13.4,18,1.8,85,15.2,10.999999999999998
103,1998-09-09,1998-09-27,19.8,13.6,17.5,22.6,90,15.8,6.200000000000001
103,1998-09-09,1998-09-28,16.7,7,11.9,0,74,7.1,9.7
103,1998-09-09,1998-09-29,17.9,7.5,12.6,0,69,6.7,10.399999999999999
103,1998-09-09,1998-09-30,20,8.9,14.1,1,76,9.9,11.1
103,1998-09-09,1998-10-01,21.4,11.2,15.8,0.7,79,12.2,10.2
103,1998-09-09,1998-10-02,21.9,12.9,17,5.9,80,13.4,8.999999999999998
103,1998-09-09,1998-10-03,19,14.4,16.3,11.4,88,14.3,4.6
103,1998-09-09,1998-10-04,24.3,15,18.6,25.6,88,16.6,9.3
103,1998-09-09,1998-10-05,20.5,16.2,18,37.9,88,15.9,4.300000000000001
103,1998-09-09,1998-10-06,17.9,10.7,13.9,3.8,86,11.6,7.199999999999999
103,1998-09-09,1998-10-07,20.1,10.6,14.5,0.1,79,10.6,9.500000000000002
104,1998-09-17,1998-08-20,15.5,12.3,14.4,25.8,96,13.8,3.1999999999999993
104,1998-09-17,1998-08-21,13.7,10.7,11.9,12.5,92,10.7,3
104,1998-09-17,1998-08-22,15.4,11.1,13,6.8,90,11.4,4.300000000000001
104,1998-09-17,1998-08-23,23.8,13,17,0,77,12.8,10.8
104,1998-09-17,1998-08-24,23.6,17.6,20.1,0.1,84,17.2,6
104,1998-09-17,1998-08-25,24.7,15.7,19.3,1.9,79,15.5,9
104,1998-09-17,1998-08-26,16.9,11.5,15.1,35,97,14.6,5.399999999999999
104,1998-09-17,1998-08-27,11.8,8.4,9.9,0.5,85,7.3,3.4000000000000004
104,1998-09-17,1998-08-28,16.4,1.9,9.2,0,80,5.5,14.499999999999998
104,1998-09-17,1998-08-29,16.2,3.6,9.7,0,82,6.4,12.6
104,1998-09-17,1998-08-30,16.3,6.6,10.4,0,78,6.5,9.700000000000001
104,1998-09-17,1998-08-31,18.6,6.8,11.5,0,73,6.5,11.8
104,1998-09-17,1998-09-01,23.4,9.1,15.2,0,77,11,14.299999999999999
104,1998-09-17,1998-09-02,25.2,13.8,18.7,0,76,14.2,11.399999999999999
104,1998-09-17,1998-09-03,21.1,15.6,17.4,16.7,75,12.8,5.500000000000002
104,1998-09-17,1998-09-04,16.3,11.9,15.4,2.9,92,14.1,4.4
104,1998-09-17,1998-09-05,15.3,9.1,11.7,0,79,8.2,6.200000000000001
104,1998-09-17,1998-09-06,21,9.2,14.2,0.1,79,10.3,11.8
104,1998-09-17,1998-09-07,16.1,13,14.5,43.1,92,13.3,3.1000000000000014
104,1998-09-17,1998-09-08,17.4,11.7,14.3,0,85,11.5,5.699999999999999
104,1998-09-17,1998-09-09,18.8,7.2,13.3,0,77,9.1,11.600000000000001
104,1998-09-17,1998-09-10,21.6,9.8,14.8,0,77,10.5,11.8
104,1998-09-17,1998-09-11,22.3,11.7,16.9,0.5,71,11.6,10.600000000000001
104,1998-09-17,1998-09-12,22.2,16.9,19.1,9.6,85,16.4,5.300000000000001
104,1998-09-17,1998-09-13,18.5,11.9,16.1,19.3,89,14.1,6.6
104,1998-09-17,1998-09-14,18.2,8.9,13.1,2.3,77,9.1,9.299999999999999
104,1998-09-17,1998-09-15,18,10.2,13.2,0.2,83,10.3,7.800000000000001
104,1998-09-17,1998-09-16,22.6,9.3,14.9,0,80,11,13.3
104,1998-09-17,1998-09-17,22.3,13.9,17.1,5.2,81,13.7,8.4
104,1998-09-17,1998-09-18,16.8,11.4,13.8,56,96,13.2,5.4
104,1998-09-17,1998-09-19,13.4,9.9,11.4,4.1,88,9.5,3.5
104,1998-09-17,1998-09-20,10.9,9.9,10.3,16.6,99,10.1,1
104,1998-09-17,1998-09-21,13.3,6.9,10,0.4,81,6.5,6.4
104,1998-09-17,1998-09-22,19.3,4.6,11.5,0,68,5.5,14.700000000000001
104,1998-09-17,1998-09-23,19.6,9.7,14.1,0,72,8.8,9.900000000000002
104,1998-09-17,1998-09-24,20.6,10.9,15.1,0.2,69,9.2,9.700000000000001
104,1998-09-17,1998-09-25,21.8,13.2,16.8,0.5,80,13.3,8.600000000000001
104,1998-09-17,1998-09-26,24.4,13.4,18,1.8,85,15.2,10.999999999999998
104,1998-09-17,1998-09-27,19.8,13.6,17.5,22.6,90,15.8,6.200000000000001
104,1998-09-17,1998-09-28,16.7,7,11.9,0,74,7.1,9.7
104,1998-09-17,1998-09-29,17.9,7.5,12.6,0,69,6.7,10.399999999999999
104,1998-09-17,1998-09-30,20,8.9,14.1,1,76,9.9,11.1
104,1998-09-17,1998-10-01,21.4,11.2,15.8,0.7,79,12.2,10.2
104,1998-09-17,1998-10-02,21.9,12.9,17,5.9,80,13.4,8.999999999999998
104,1998-09-17,1998-10-03,19,14.4,16.3,11.4,88,14.3,4.6
104,1998-09-17,1998-10-04,24.3,15,18.6,25.6,88,16.6,9.3
104,1998-09-17,1998-10-05,20.5,16.2,18,37.9,88,15.9,4.300000000000001
104,1998-09-17,1998-10-06,17.9,10.7,13.9,3.8,86,11.6,7.199999999999999
104,1998-09-17,1998-10-07,20.1,10.6,14.5,0.1,79,10.6,9.500000000000002
104,1998-09-17,1998-10-08,18.8,12.2,15.3,13.8,82,12.2,6.600000000000001
104,1998-09-17,1998-10-09,22.8,12.2,16.9,0,79,12.7,10.600000000000001
104,1998-09-17,1998-10-10,24.3,12.9,17.9,0.5,72,12.3,11.4
104,1998-09-17,1998-10-11,20,15,17.2,23,88,15.2,5
104,1998-09-17,1998-10-12,23.1,16.1,18.9,2.8,89,16.9,7
104,1998-09-17,1998-10-13,25.1,15.3,19.4,0.2,82,16.1,9.8
104,1998-09-17,1998-10-14,24.4,15.5,19.5,1,81,15.8,8.899999999999999
104,1998-09-17,1998-10-15,25.6,16.2,19.7,3.3,81,16.3,9.400000000000002
105,1998-09-27,1998-08-30,16.3,6.6,10.4,0,78,6.5,9.700000000000001
105,1998-09-27,1998-08-31,18.6,6.8,11.5,0,73,6.5,11.8
105,1998-09-27,1998-09-01,23.4,9.1,15.2,0,77,11,14.299999999999999
105,1998-09-27,1998-09-02,25.2,13.8,18.7,0,76,14.2,11.399999999999999
105,1998-09-27,1998-09-03,21.1,15.6,17.4,16.7,75,12.8,5.500000000000002
105,1998-09-27,1998-09-04,16.3,11.9,15.4,2.9,92,14.1,4.4
105,1998-09-27,1998-09-05,15.3,9.1,11.7,0,79,8.2,6.200000000000001
105,1998-09-27,1998-09-06,21,9.2,14.2,0.1,79,10.3,11.8
105,1998-09-27,1998-09-07,16.1,13,14.5,43.1,92,13.3,3.1000000000000014
105,1998-09-27,1998-09-08,17.4,11.7,14.3,0,85,11.5,5.699999999999999
105,1998-09-27,1998-09-09,18.8,7.2,13.3,0,77,9.1,11.600000000000001
105,1998-09-27,1998-09-10,21.6,9.8,14.8,0,77,10.5,11.8
105,1998-09-27,1998-09-11,22.3,11.7,16.9,0.5,71,11.6,10.600000000000001
105,1998-09-27,1998-09-12,22.2,16.9,19.1,9.6,85,16.4,5.300000000000001
105,1998-09-27,1998-09-13,18.5,11.9,16.1,19.3,89,14.1,6.6
105,1998-09-27,1998-09-14,18.2,8.9,13.1,2.3,77,9.1,9.299999999999999
105,1998-09-27,1998-09-15,18,10.2,13.2,0.2,83,10.3,7.800000000000001
105,1998-09-27,1998-09-16,22.6,9.3,14.9,0,80,11,13.3
105,1998-09-27,1998-09-17,22.3,13.9,17.1,5.2,81,13.7,8.4
105,1998-09-27,1998-09-18,16.8,11.4,13.8,56,96,13.2,5.4
105,1998-09-27,1998-09-19,13.4,9.9,11.4,4.1,88,9.5,3.5
105,1998-09-27,1998-09-20,10.9,9.9,10.3,16.6,99,10.1,1
105,1998-09-27,1998-09-21,13.3,6.9,10,0.4,81,6.5,6.4
105,1998-09-27,1998-09-22,19.3,4.6,11.5,0,68,5.5,14.700000000000001
105,1998-09-27,1998-09-23,19.6,9.7,14.1,0,72,8.8,9.900000000000002
105,1998-09-27,1998-09-24,20.6,10.9,15.1,0.2,69,9.2,9.700000000000001
105,1998-09-27,1998-09-25,21.8,13.2,16.8,0.5,80,13.3,8.600000000000001
105,1998-09-27,1998-09-26,24.4,13.4,18,1.8,85,15.2,10.999999999999998
105,1998-09-27,1998-09-27,19.8,13.6,17.5,22.6,90,15.8,6.200000000000001
105,1998-09-27,1998-09-28,16.7,7,11.9,0,74,7.1,9.7
105,1998-09-27,1998-09-29,17.9,7.5,12.6,0,69,6.7,10.399999999999999
105,1998-09-27,1998-09-30,20,8.9,14.1,1,76,9.9,11.1
105,1998-09-27,1998-10-01,21.4,11.2,15.8,0.7,79,12.2,10.2
105,1998-09-27,1998-10-02,21.9,12.9,17,5.9,80,13.4,8.999999999999998
105,1998-09-27,1998-10-03,19,14.4,16.3,11.4,88,14.3,4.6
105,1998-09-27,1998-10-04,24.3,15,18.6,25.6,88,16.6,9.3
105,1998-09-27,1998-10-05,20.5,16.2,18,37.9,88,15.9,4.300000000000001
105,1998-09-27,1998-10-06,17.9,10.7,13.9,3.8,86,11.6,7.199999999999999
105,1998-09-27,1998-10-07,20.1,10.6,14.5,0.1,79,10.6,9.500000000000002
105,1998-09-27,1998-10-08,18.8,12.2,15.3,13.8,82,12.2,6.600000000000001
105,1998-09-27,1998-10-09,22.8,12.2,16.9,0,79,12.7,10.600000000000001
105,1998-09-27,1998-10-10,24.3,12.9,17.9,0.5,72,12.3,11.4
105,1998-09-27,1998-10-11,20,15,17.2,23,88,15.2,5
105,1998-09-27,1998-10-12,23.1,16.1,18.9,2.8,89,16.9,7
105,1998-09-27,1998-10-13,25.1,15.3,19.4,0.2,82,16.1,9.8
105,1998-09-27,1998-10-14,24.4,15.5,19.5,1,81,15.8,8.899999999999999
105,1998-09-27,1998-10-15,25.6,16.2,19.7,3.3,81,16.3,9.400000000000002
105,1998-09-27,1998-10-16,19,14.7,17.6,76.1,93,16.4,4.300000000000001
105,1998-09-27,1998-10-17,20.2,13.1,15.9,18.6,81,12.3,7.1
105,1998-09-27,1998-10-18,20.9,10.8,15.4,0,73,10,10.099999999999998
105,1998-09-27,1998-10-19,23.7,11.2,16.9,0,70,11,12.5
105,1998-09-27,1998-10-20,24,11.5,17.7,0,65,10.7,12.5
105,1998-09-27,1998-10-21,25.3,13.3,18.8,0,72,13.2,12
105,1998-09-27,1998-10-22,27.8,15.5,20.9,0,70,14.9,12.3
105,1998-09-27,1998-10-23,27.9,17.9,21.5,16.5,77,17.2,10
105,1998-09-27,1998-10-24,17.9,11.4,14.4,2.1,77,10.3,6.499999999999998
105,1998-09-27,1998-10-25,16.1,11.7,13.8,35.1,85,11.3,4.400000000000002
106,1998-09-30,1998-09-02,25.2,13.8,18.7,0,76,14.2,11.399999999999999
106,1998-09-30,1998-09-03,21.1,15.6,17.4,16.7,75,12.8,5.500000000000002
106,1998-09-30,1998-09-04,16.3,11.9,15.4,2.9,92,14.1,4.4
106,1998-09-30,1998-09-05,15.3,9.1,11.7,0,79,8.2,6.200000000000001
106,1998-09-30,1998-09-06,21,9.2,14.2,0.1,79,10.3,11.8
106,1998-09-30,1998-09-07,16.1,13,14.5,43.1,92,13.3,3.1000000000000014
106,1998-09-30,1998-09-08,17.4,11.7,14.3,0,85,11.5,5.699999999999999
106,1998-09-30,1998-09-09,18.8,7.2,13.3,0,77,9.1,11.600000000000001
106,1998-09-30,1998-09-10,21.6,9.8,14.8,0,77,10.5,11.8
106,1998-09-30,1998-09-11,22.3,11.7,16.9,0.5,71,11.6,10.600000000000001
106,1998-09-30,1998-09-12,22.2,16.9,19.1,9.6,85,16.4,5.300000000000001
106,1998-09-30,1998-09-13,18.5,11.9,16.1,19.3,89,14.1,6.6
106,1998-09-30,1998-09-14,18.2,8.9,13.1,2.3,77,9.1,9.299999999999999
106,1998-09-30,1998-09-15,18,10.2,13.2,0.2,83,10.3,7.800000000000001
106,1998-09-30,1998-09-16,22.6,9.3,14.9,0,80,11,13.3
106,1998-09-30,1998-09-17,22.3,13.9,17.1,5.2,81,13.7,8.4
106,1998-09-30,1998-09-18,16.8,11.4,13.8,56,96,13.2,5.4
106,1998-09-30,1998-09-19,13.4,9.9,11.4,4.1,88,9.5,3.5
106,1998-09-30,1998-09-20,10.9,9.9,10.3,16.6,99,10.1,1
106,1998-09-30,1998-09-21,13.3,6.9,10,0.4,81,6.5,6.4
106,1998-09-30,1998-09-22,19.3,4.6,11.5,0,68,5.5,14.700000000000001
106,1998-09-30,1998-09-23,19.6,9.7,14.1,0,72,8.8,9.900000000000002
106,1998-09-30,1998-09-24,20.6,10.9,15.1,0.2,69,9.2,9.700000000000001
106,1998-09-30,1998-09-25,21.8,13.2,16.8,0.5,80,13.3,8.600000000000001
106,1998-09-30,1998-09-26,24.4,13.4,18,1.8,85,15.2,10.999999999999998
106,1998-09-30,1998-09-27,19.8,13.6,17.5,22.6,90,15.8,6.200000000000001
106,1998-09-30,1998-09-28,16.7,7,11.9,0,74,7.1,9.7
106,1998-09-30,1998-09-29,17.9,7.5,12.6,0,69,6.7,10.399999999999999
106,1998-09-30,1998-09-30,20,8.9,14.1,1,76,9.9,11.1
106,1998-09-30,1998-10-01,21.4,11.2,15.8,0.7,79,12.2,10.2
106,1998-09-30,1998-10-02,21.9,12.9,17,5.9,80,13.4,8.999999999999998
106,1998-09-30,1998-10-03,19,14.4,16.3,11.4,88,14.3,4.6
106,1998-09-30,1998-10-04,24.3,15,18.6,25.6,88,16.6,9.3
106,1998-09-30,1998-10-05,20.5,16.2,18,37.9,88,15.9,4.300000000000001
106,1998-09-30,1998-10-06,17.9,10.7,13.9,3.8,86,11.6,7.199999999999999
106,1998-09-30,1998-10-07,20.1,10.6,14.5,0.1,79,10.6,9.500000000000002
106,1998-09-30,1998-10-08,18.8,12.2,15.3,13.8,82,12.2,6.600000000000001
106,1998-09-30,1998-10-09,22.8,12.2,16.9,0,79,12.7,10.600000000000001
106,1998-09-30,1998-10-10,24.3,12.9,17.9,0.5,72,12.3,11.4
106,1998-09-30,1998-10-11,20,15,17.2,23,88,15.2,5
106,1998-09-30,1998-10-12,23.1,16.1,18.9,2.8,89,16.9,7
106,1998-09-30,1998-10-13,25.1,15.3,19.4,0.2,82,16.1,9.8
106,1998-09-30,1998-10-14,24.4,15.5,19.5,1,81,15.8,8.899999999999999
106,1998-09-30,1998-10-15,25.6,16.2,19.7,3.3,81,16.3,9.400000000000002
106,1998-09-30,1998-10-16,19,14.7,17.6,76.1,93,16.4,4.300000000000001
106,1998-09-30,1998-10-17,20.2,13.1,15.9,18.6,81,12.3,7.1
106,1998-09-30,1998-10-18,20.9,10.8,15.4,0,73,10,10.099999999999998
106,1998-09-30,1998-10-19,23.7,11.2,16.9,0,70,11,12.5
106,1998-09-30,1998-10-20,24,11.5,17.7,0,65,10.7,12.5
106,1998-09-30,1998-10-21,25.3,13.3,18.8,0,72,13.2,12
106,1998-09-30,1998-10-22,27.8,15.5,20.9,0,70,14.9,12.3
106,1998-09-30,1998-10-23,27.9,17.9,21.5,16.5,77,17.2,10
106,1998-09-30,1998-10-24,17.9,11.4,14.4,2.1,77,10.3,6.499999999999998
106,1998-09-30,1998-10-25,16.1,11.7,13.8,35.1,85,11.3,4.400000000000002
106,1998-09-30,1998-10-26,18.7,13.8,15.9,22.9,92,14.6,4.899999999999999
106,1998-09-30,1998-10-27,20.8,15.3,17.3,2.1,87,14.9,5.5
106,1998-09-30,1998-10-28,25.2,11,17.8,0,78,13.3,14.2
107,1998-10-05,1998-09-07,16.1,13,14.5,43.1,92,13.3,3.1000000000000014
107,1998-10-05,1998-09-08,17.4,11.7,14.3,0,85,11.5,5.699999999999999
107,1998-10-05,1998-09-09,18.8,7.2,13.3,0,77,9.1,11.600000000000001
107,1998-10-05,1998-09-10,21.6,9.8,14.8,0,77,10.5,11.8
107,1998-10-05,1998-09-11,22.3,11.7,16.9,0.5,71,11.6,10.600000000000001
107,1998-10-05,1998-09-12,22.2,16.9,19.1,9.6,85,16.4,5.300000000000001
107,1998-10-05,1998-09-13,18.5,11.9,16.1,19.3,89,14.1,6.6
107,1998-10-05,1998-09-14,18.2,8.9,13.1,2.3,77,9.1,9.299999999999999
107,1998-10-05,1998-09-15,18,10.2,13.2,0.2,83,10.3,7.800000000000001
107,1998-10-05,1998-09-16,22.6,9.3,14.9,0,80,11,13.3
107,1998-10-05,1998-09-17,22.3,13.9,17.1,5.2,81,13.7,8.4
107,1998-10-05,1998-09-18,16.8,11.4,13.8,56,96,13.2,5.4
107,1998-10-05,1998-09-19,13.4,9.9,11.4,4.1,88,9.5,3.5
107,1998-10-05,1998-09-20,10.9,9.9,10.3,16.6,99,10.1,1
107,1998-10-05,1998-09-21,13.3,6.9,10,0.4,81,6.5,6.4
107,1998-10-05,1998-09-22,19.3,4.6,11.5,0,68,5.5,14.700000000000001
107,1998-10-05,1998-09-23,19.6,9.7,14.1,0,72,8.8,9.900000000000002
107,1998-10-05,1998-09-24,20.6,10.9,15.1,0.2,69,9.2,9.700000000000001
107,1998-10-05,1998-09-25,21.8,13.2,16.8,0.5,80,13.3,8.600000000000001
107,1998-10-05,1998-09-26,24.4,13.4,18,1.8,85,15.2,10.999999999999998
107,1998-10-05,1998-09-27,19.8,13.6,17.5,22.6,90,15.8,6.200000000000001
107,1998-10-05,1998-09-28,16.7,7,11.9,0,74,7.1,9.7
107,1998-10-05,1998-09-29,17.9,7.5,12.6,0,69,6.7,10.399999999999999
107,1998-10-05,1998-09-30,20,8.9,14.1,1,76,9.9,11.1
107,1998-10-05,1998-10-01,21.4,11.2,15.8,0.7,79,12.2,10.2
107,1998-10-05,1998-10-02,21.9,12.9,17,5.9,80,13.4,8.999999999999998
107,1998-10-05,1998-10-03,19,14.4,16.3,11.4,88,14.3,4.6
107,1998-10-05,1998-10-04,24.3,15,18.6,25.6,88,16.6,9.3
107,1998-10-05,1998-10-05,20.5,16.2,18,37.9,88,15.9,4.300000000000001
107,1998-10-05,1998-10-06,17.9,10.7,13.9,3.8,86,11.6,7.199999999999999
107,1998-10-05,1998-10-07,20.1,10.6,14.5,0.1,79,10.6,9.500000000000002
107,1998-10-05,1998-10-08,18.8,12.2,15.3,13.8,82,12.2,6.600000000000001
107,1998-10-05,1998-10-09,22.8,12.2,16.9,0,79,12.7,10.600000000000001
107,1998-10-05,1998-10-10,24.3,12.9,17.9,0.5,72,12.3,11.4
107,1998-10-05,1998-10-11,20,15,17.2,23,88,15.2,5
107,1998-10-05,1998-10-12,23.1,16.1,18.9,2.8,89,16.9,7
107,1998-10-05,1998-10-13,25.1,15.3,19.4,0.2,82,16.1,9.8
107,1998-10-05,1998-10-14,24.4,15.5,19.5,1,81,15.8,8.899999999999999
107,1998-10-05,1998-10-15,25.6,16.2,19.7,3.3,81,16.3,9.400000000000002
107,1998-10-05,1998-10-16,19,14.7,17.6,76.1,93,16.4,4.300000000000001
107,1998-10-05,1998-10-17,20.2,13.1,15.9,18.6,81,12.3,7.1
107,1998-10-05,1998-10-18,20.9,10.8,15.4,0,73,10,10.099999999999998
107,1998-10-05,1998-10-19,23.7,11.2,16.9,0,70,11,12.5
107,1998-10-05,1998-10-20,24,11.5,17.7,0,65,10.7,12.5
107,1998-10-05,1998-10-21,25.3,13.3,18.8,0,72,13.2,12
107,1998-10-05,1998-10-22,27.8,15.5,20.9,0,70,14.9,12.3
107,1998-10-05,1998-10-23,27.9,17.9,21.5,16.5,77,17.2,10
107,1998-10-05,1998-10-24,17.9,11.4,14.4,2.1,77,10.3,6.499999999999998
107,1998-10-05,1998-10-25,16.1,11.7,13.8,35.1,85,11.3,4.400000000000002
107,1998-10-05,1998-10-26,18.7,13.8,15.9,22.9,92,14.6,4.899999999999999
107,1998-10-05,1998-10-27,20.8,15.3,17.3,2.1,87,14.9,5.5
107,1998-10-05,1998-10-28,25.2,11,17.8,0,78,13.3,14.2
107,1998-10-05,1998-10-29,25.6,15.2,19.6,0,75,14.6,10.400000000000002
107,1998-10-05,1998-10-30,24.3,13.5,18.3,1.9,75,13.5,10.8
107,1998-10-05,1998-10-31,23,14.3,18.2,0.8,78,14.1,8.7
107,1998-10-05,1998-11-01,21.1,11.3,15.9,0,74,10.9,9.8
107,1998-10-05,1998-11-02,23.2,11.2,16.9,0.2,70,11.2,12
108,1999-09-07,1999-08-10,22,8,13.6,0,68,7.5,14
108,1999-09-07,1999-08-11,25.2,13,18,0,70,12.3,12.2
108,1999-09-07,1999-08-12,23.9,15.2,18.6,0.3,72,13.3,8.7
108,1999-09-07,1999-08-13,17.4,7.3,10.7,19.4,89,8.9,10.099999999999998
108,1999-09-07,1999-08-14,7.9,0.9,3.9,0,62,-2.9,7
108,1999-09-07,1999-08-15,7.7,-1.8,2.6,0,68,-2.9,9.5
108,1999-09-07,1999-08-16,13.4,1.3,6.2,0,77,2.1,12.1
108,1999-09-07,1999-08-17,15.1,5.7,10.1,0,73,5.2,9.399999999999999
108,1999-09-07,1999-08-18,17.9,7.3,11.9,0,76,7.5,10.599999999999998
108,1999-09-07,1999-08-19,21.3,9.7,14.3,0,78,10.2,11.600000000000001
108,1999-09-07,1999-08-20,22.5,11.3,16.2,0,75,11.4,11.2
108,1999-09-07,1999-08-21,24.3,12.5,17.6,0,72,12.3,11.8
108,1999-09-07,1999-08-22,22.2,15.1,18.2,0,67,11.8,7.1
108,1999-09-07,1999-08-23,24.6,13.7,18.2,0,80,14.3,10.900000000000002
108,1999-09-07,1999-08-24,23,13,17.6,0,75,12.7,10
108,1999-09-07,1999-08-25,23.8,13.7,18.2,0,70,12.3,10.100000000000001
108,1999-09-07,1999-08-26,17,10.1,13.6,3.1,78,9.5,6.9
108,1999-09-07,1999-08-27,17.9,10.3,13.2,27.2,86,10.9,7.599999999999998
108,1999-09-07,1999-08-28,20.4,13,16.2,15.3,88,14.1,7.399999999999999
108,1999-09-07,1999-08-29,23.3,10.8,16.1,0,85,13.2,12.5
108,1999-09-07,1999-08-30,27.1,15.1,19.9,0,71,14.3,12.000000000000002
108,1999-09-07,1999-08-31,27.8,19.2,22.8,0,54,12.8,8.600000000000001
108,1999-09-07,1999-09-01,26.6,17.1,21.2,1.9,63,13.8,9.5
108,1999-09-07,1999-09-02,23.6,16.5,19.7,0.6,66,13.1,7.100000000000001
108,1999-09-07,1999-09-03,26,16.5,20,0,70,14.2,9.5
108,1999-09-07,1999-09-04,24.2,15.4,18.9,0.1,81,15.3,8.799999999999999
108,1999-09-07,1999-09-05,20,15.7,17.5,9.3,87,15.3,4.300000000000001
108,1999-09-07,1999-09-06,26.3,15.7,20.2,3,77,15.7,10.600000000000001
108,1999-09-07,1999-09-07,29,20.5,24,0,60,15.6,8.5
108,1999-09-07,1999-09-08,25.6,9.8,17,9.1,77,12.4,15.8
108,1999-09-07,1999-09-09,17,9.6,12.5,0,76,8.2,7.4
108,1999-09-07,1999-09-10,16.5,6.9,11.5,0,73,6.6,9.6
108,1999-09-07,1999-09-11,19.2,8.8,12.9,0,69,7.2,10.399999999999999
108,1999-09-07,1999-09-12,20.7,10.4,15,0,71,9.6,10.299999999999999
108,1999-09-07,1999-09-13,22.4,12.7,16.7,8.1,76,12.3,9.7
108,1999-09-07,1999-09-14,18.6,14.7,16.5,22.7,91,15,3.900000000000002
108,1999-09-07,1999-09-15,14.9,7.3,11.1,4.5,74,6.1,7.6000000000000005
108,1999-09-07,1999-09-16,19.2,5.5,11.9,0,67,5.5,13.7
108,1999-09-07,1999-09-17,22.7,6.7,14.4,0,67,7.7,16
108,1999-09-07,1999-09-18,23.3,10,16,0,61,8.3,13.3
108,1999-09-07,1999-09-19,22,10.3,15.5,0,80,11.8,11.7
108,1999-09-07,1999-09-20,24,12.1,16.9,0,72,11.3,11.9
108,1999-09-07,1999-09-21,24.6,11,17.4,0,70,11.3,13.600000000000001
108,1999-09-07,1999-09-22,20.2,11.1,14.9,0,74,10,9.1
108,1999-09-07,1999-09-23,20.1,10.4,14.4,0,64,7.2,9.700000000000001
108,1999-09-07,1999-09-24,20.6,7.8,13.8,0,60,5.9,12.8
108,1999-09-07,1999-09-25,21.7,8.3,14.7,0,64,7.5,13.399999999999999
108,1999-09-07,1999-09-26,22.4,10.3,16,0,69,9.7,12.099999999999998
108,1999-09-07,1999-09-27,23.4,10.8,16,0.8,74,11,12.599999999999998
108,1999-09-07,1999-09-28,25.4,14.1,18.1,2.8,77,13.8,11.299999999999999
108,1999-09-07,1999-09-29,18.9,12.5,16.1,18.1,91,14.5,6.399999999999999
108,1999-09-07,1999-09-30,23.4,8.1,15.3,0,75,10.4,15.299999999999999
108,1999-09-07,1999-10-01,21.1,9.9,16.3,26.5,92,14.9,11.200000000000001
108,1999-09-07,1999-10-02,11.2,7.6,9.6,32.3,84,6.7,3.5999999999999996
108,1999-09-07,1999-10-03,11.8,4.7,8.1,0,69,2.5,7.1000000000000005
108,1999-09-07,1999-10-04,13.2,3.7,7.7,0,68,1.9,9.5
108,1999-09-07,1999-10-05,18,5.9,11.3,1.5,69,5.6,12.1
109,1999-09-11,1999-08-14,7.9,0.9,3.9,0,62,-2.9,7
109,1999-09-11,1999-08-15,7.7,-1.8,2.6,0,68,-2.9,9.5
109,1999-09-11,1999-08-16,13.4,1.3,6.2,0,77,2.1,12.1
109,1999-09-11,1999-08-17,15.1,5.7,10.1,0,73,5.2,9.399999999999999
109,1999-09-11,1999-08-18,17.9,7.3,11.9,0,76,7.5,10.599999999999998
109,1999-09-11,1999-08-19,21.3,9.7,14.3,0,78,10.2,11.600000000000001
109,1999-09-11,1999-08-20,22.5,11.3,16.2,0,75,11.4,11.2
109,1999-09-11,1999-08-21,24.3,12.5,17.6,0,72,12.3,11.8
109,1999-09-11,1999-08-22,22.2,15.1,18.2,0,67,11.8,7.1
109,1999-09-11,1999-08-23,24.6,13.7,18.2,0,80,14.3,10.900000000000002
109,1999-09-11,1999-08-24,23,13,17.6,0,75,12.7,10
109,1999-09-11,1999-08-25,23.8,13.7,18.2,0,70,12.3,10.100000000000001
109,1999-09-11,1999-08-26,17,10.1,13.6,3.1,78,9.5,6.9
109,1999-09-11,1999-08-27,17.9,10.3,13.2,27.2,86,10.9,7.599999999999998
109,1999-09-11,1999-08-28,20.4,13,16.2,15.3,88,14.1,7.399999999999999
109,1999-09-11,1999-08-29,23.3,10.8,16.1,0,85,13.2,12.5
109,1999-09-11,1999-08-30,27.1,15.1,19.9,0,71,14.3,12.000000000000002
109,1999-09-11,1999-08-31,27.8,19.2,22.8,0,54,12.8,8.600000000000001
109,1999-09-11,1999-09-01,26.6,17.1,21.2,1.9,63,13.8,9.5
109,1999-09-11,1999-09-02,23.6,16.5,19.7,0.6,66,13.1,7.100000000000001
109,1999-09-11,1999-09-03,26,16.5,20,0,70,14.2,9.5
109,1999-09-11,1999-09-04,24.2,15.4,18.9,0.1,81,15.3,8.799999999999999
109,1999-09-11,1999-09-05,20,15.7,17.5,9.3,87,15.3,4.300000000000001
109,1999-09-11,1999-09-06,26.3,15.7,20.2,3,77,15.7,10.600000000000001
109,1999-09-11,1999-09-07,29,20.5,24,0,60,15.6,8.5
109,1999-09-11,1999-09-08,25.6,9.8,17,9.1,77,12.4,15.8
109,1999-09-11,1999-09-09,17,9.6,12.5,0,76,8.2,7.4
109,1999-09-11,1999-09-10,16.5,6.9,11.5,0,73,6.6,9.6
109,1999-09-11,1999-09-11,19.2,8.8,12.9,0,69,7.2,10.399999999999999
109,1999-09-11,1999-09-12,20.7,10.4,15,0,71,9.6,10.299999999999999
109,1999-09-11,1999-09-13,22.4,12.7,16.7,8.1,76,12.3,9.7
109,1999-09-11,1999-09-14,18.6,14.7,16.5,22.7,91,15,3.900000000000002
109,1999-09-11,1999-09-15,14.9,7.3,11.1,4.5,74,6.1,7.6000000000000005
109,1999-09-11,1999-09-16,19.2,5.5,11.9,0,67,5.5,13.7
109,1999-09-11,1999-09-17,22.7,6.7,14.4,0,67,7.7,16
109,1999-09-11,1999-09-18,23.3,10,16,0,61,8.3,13.3
109,1999-09-11,1999-09-19,22,10.3,15.5,0,80,11.8,11.7
109,1999-09-11,1999-09-20,24,12.1,16.9,0,72,11.3,11.9
109,1999-09-11,1999-09-21,24.6,11,17.4,0,70,11.3,13.600000000000001
109,1999-09-11,1999-09-22,20.2,11.1,14.9,0,74,10,9.1
109,1999-09-11,1999-09-23,20.1,10.4,14.4,0,64,7.2,9.700000000000001
109,1999-09-11,1999-09-24,20.6,7.8,13.8,0,60,5.9,12.8
109,1999-09-11,1999-09-25,21.7,8.3,14.7,0,64,7.5,13.399999999999999
109,1999-09-11,1999-09-26,22.4,10.3,16,0,69,9.7,12.099999999999998
109,1999-09-11,1999-09-27,23.4,10.8,16,0.8,74,11,12.599999999999998
109,1999-09-11,1999-09-28,25.4,14.1,18.1,2.8,77,13.8,11.299999999999999
109,1999-09-11,1999-09-29,18.9,12.5,16.1,18.1,91,14.5,6.399999999999999
109,1999-09-11,1999-09-30,23.4,8.1,15.3,0,75,10.4,15.299999999999999
109,1999-09-11,1999-10-01,21.1,9.9,16.3,26.5,92,14.9,11.200000000000001
109,1999-09-11,1999-10-02,11.2,7.6,9.6,32.3,84,6.7,3.5999999999999996
109,1999-09-11,1999-10-03,11.8,4.7,8.1,0,69,2.5,7.1000000000000005
109,1999-09-11,1999-10-04,13.2,3.7,7.7,0,68,1.9,9.5
109,1999-09-11,1999-10-05,18,5.9,11.3,1.5,69,5.6,12.1
109,1999-09-11,1999-10-06,18.1,11.7,13.9,0,80,10.4,6.400000000000002
109,1999-09-11,1999-10-07,18.4,12.9,15.1,30.4,89,13.3,5.499999999999998
109,1999-09-11,1999-10-08,17.2,12.6,14.9,1.7,85,12.1,4.6
109,1999-09-11,1999-10-09,15.6,9.1,12,0,84,9.4,6.5
110,1999-10-02,1999-09-04,24.2,15.4,18.9,0.1,81,15.3,8.799999999999999
110,1999-10-02,1999-09-05,20,15.7,17.5,9.3,87,15.3,4.300000000000001
110,1999-10-02,1999-09-06,26.3,15.7,20.2,3,77,15.7,10.600000000000001
110,1999-10-02,1999-09-07,29,20.5,24,0,60,15.6,8.5
110,1999-10-02,1999-09-08,25.6,9.8,17,9.1,77,12.4,15.8
110,1999-10-02,1999-09-09,17,9.6,12.5,0,76,8.2,7.4
110,1999-10-02,1999-09-10,16.5,6.9,11.5,0,73,6.6,9.6
110,1999-10-02,1999-09-11,19.2,8.8,12.9,0,69,7.2,10.399999999999999
110,1999-10-02,1999-09-12,20.7,10.4,15,0,71,9.6,10.299999999999999
110,1999-10-02,1999-09-13,22.4,12.7,16.7,8.1,76,12.3,9.7
110,1999-10-02,1999-09-14,18.6,14.7,16.5,22.7,91,15,3.900000000000002
110,1999-10-02,1999-09-15,14.9,7.3,11.1,4.5,74,6.1,7.6000000000000005
110,1999-10-02,1999-09-16,19.2,5.5,11.9,0,67,5.5,13.7
110,1999-10-02,1999-09-17,22.7,6.7,14.4,0,67,7.7,16
110,1999-10-02,1999-09-18,23.3,10,16,0,61,8.3,13.3
110,1999-10-02,1999-09-19,22,10.3,15.5,0,80,11.8,11.7
110,1999-10-02,1999-09-20,24,12.1,16.9,0,72,11.3,11.9
110,1999-10-02,1999-09-21,24.6,11,17.4,0,70,11.3,13.600000000000001
110,1999-10-02,1999-09-22,20.2,11.1,14.9,0,74,10,9.1
110,1999-10-02,1999-09-23,20.1,10.4,14.4,0,64,7.2,9.700000000000001
110,1999-10-02,1999-09-24,20.6,7.8,13.8,0,60,5.9,12.8
110,1999-10-02,1999-09-25,21.7,8.3,14.7,0,64,7.5,13.399999999999999
110,1999-10-02,1999-09-26,22.4,10.3,16,0,69,9.7,12.099999999999998
110,1999-10-02,1999-09-27,23.4,10.8,16,0.8,74,11,12.599999999999998
110,1999-10-02,1999-09-28,25.4,14.1,18.1,2.8,77,13.8,11.299999999999999
110,1999-10-02,1999-09-29,18.9,12.5,16.1,18.1,91,14.5,6.399999999999999
110,1999-10-02,1999-09-30,23.4,8.1,15.3,0,75,10.4,15.299999999999999
110,1999-10-02,1999-10-01,21.1,9.9,16.3,26.5,92,14.9,11.200000000000001
110,1999-10-02,1999-10-02,11.2,7.6,9.6,32.3,84,6.7,3.5999999999999996
110,1999-10-02,1999-10-03,11.8,4.7,8.1,0,69,2.5,7.1000000000000005
110,1999-10-02,1999-10-04,13.2,3.7,7.7,0,68,1.9,9.5
110,1999-10-02,1999-10-05,18,5.9,11.3,1.5,69,5.6,12.1
110,1999-10-02,1999-10-06,18.1,11.7,13.9,0,80,10.4,6.400000000000002
110,1999-10-02,1999-10-07,18.4,12.9,15.1,30.4,89,13.3,5.499999999999998
110,1999-10-02,1999-10-08,17.2,12.6,14.9,1.7,85,12.1,4.6
110,1999-10-02,1999-10-09,15.6,9.1,12,0,84,9.4,6.5
110,1999-10-02,1999-10-10,21.3,8.3,14.3,0,76,9.8,13
110,1999-10-02,1999-10-11,22.5,12,16.7,0,69,11,10.5
110,1999-10-02,1999-10-12,21.3,12.2,16.3,0,74,11.6,9.100000000000001
110,1999-10-02,1999-10-13,27.6,14.6,19.8,0,75,15,13.000000000000002
110,1999-10-02,1999-10-14,19.5,17,18.3,24.9,92,16.9,2.5
110,1999-10-02,1999-10-15,24.6,16.6,20.1,15.3,86,17.7,8
110,1999-10-02,1999-10-16,19.9,14.4,17.4,36.9,97,16.9,5.499999999999998
110,1999-10-02,1999-10-17,20.5,12.6,15.8,0,78,11.4,7.9
110,1999-10-02,1999-10-18,21.6,8.2,15.3,0,68,8.6,13.400000000000002
110,1999-10-02,1999-10-19,23.6,11.4,17.1,0,65,10,12.200000000000001
110,1999-10-02,1999-10-20,24,12,17.9,0,65,10.7,12
110,1999-10-02,1999-10-21,23.8,12,17.7,0,68,11.1,11.8
110,1999-10-02,1999-10-22,22.7,12.5,17.3,0.1,75,12.4,10.2
110,1999-10-02,1999-10-23,24.2,13.3,18.2,0,72,12.5,10.899999999999999
110,1999-10-02,1999-10-24,23.9,13.6,18.1,0,67,11.4,10.299999999999999
110,1999-10-02,1999-10-25,20.5,13.7,17.1,1.9,66,10.6,6.800000000000001
110,1999-10-02,1999-10-26,20.7,13.4,16.8,4,73,11.8,7.299999999999999
110,1999-10-02,1999-10-27,23,14.2,18,1.8,78,13.9,8.8
110,1999-10-02,1999-10-28,25.3,15.3,20,0.5,78,15.8,10
110,1999-10-02,1999-10-29,26.4,15.9,21.1,0.2,77,16.6,10.499999999999998
110,1999-10-02,1999-10-30,26,16.5,21.2,0,70,14.9,9.5
111,1999-10-06,1999-09-08,25.6,9.8,17,9.1,77,12.4,15.8
111,1999-10-06,1999-09-09,17,9.6,12.5,0,76,8.2,7.4
111,1999-10-06,1999-09-10,16.5,6.9,11.5,0,73,6.6,9.6
111,1999-10-06,1999-09-11,19.2,8.8,12.9,0,69,7.2,10.399999999999999
111,1999-10-06,1999-09-12,20.7,10.4,15,0,71,9.6,10.299999999999999
111,1999-10-06,1999-09-13,22.4,12.7,16.7,8.1,76,12.3,9.7
111,1999-10-06,1999-09-14,18.6,14.7,16.5,22.7,91,15,3.900000000000002
111,1999-10-06,1999-09-15,14.9,7.3,11.1,4.5,74,6.1,7.6000000000000005
111,1999-10-06,1999-09-16,19.2,5.5,11.9,0,67,5.5,13.7
111,1999-10-06,1999-09-17,22.7,6.7,14.4,0,67,7.7,16
111,1999-10-06,1999-09-18,23.3,10,16,0,61,8.3,13.3
111,1999-10-06,1999-09-19,22,10.3,15.5,0,80,11.8,11.7
111,1999-10-06,1999-09-20,24,12.1,16.9,0,72,11.3,11.9
111,1999-10-06,1999-09-21,24.6,11,17.4,0,70,11.3,13.600000000000001
111,1999-10-06,1999-09-22,20.2,11.1,14.9,0,74,10,9.1
111,1999-10-06,1999-09-23,20.1,10.4,14.4,0,64,7.2,9.700000000000001
111,1999-10-06,1999-09-24,20.6,7.8,13.8,0,60,5.9,12.8
111,1999-10-06,1999-09-25,21.7,8.3,14.7,0,64,7.5,13.399999999999999
111,1999-10-06,1999-09-26,22.4,10.3,16,0,69,9.7,12.099999999999998
111,1999-10-06,1999-09-27,23.4,10.8,16,0.8,74,11,12.599999999999998
111,1999-10-06,1999-09-28,25.4,14.1,18.1,2.8,77,13.8,11.299999999999999
111,1999-10-06,1999-09-29,18.9,12.5,16.1,18.1,91,14.5,6.399999999999999
111,1999-10-06,1999-09-30,23.4,8.1,15.3,0,75,10.4,15.299999999999999
111,1999-10-06,1999-10-01,21.1,9.9,16.3,26.5,92,14.9,11.200000000000001
111,1999-10-06,1999-10-02,11.2,7.6,9.6,32.3,84,6.7,3.5999999999999996
111,1999-10-06,1999-10-03,11.8,4.7,8.1,0,69,2.5,7.1000000000000005
111,1999-10-06,1999-10-04,13.2,3.7,7.7,0,68,1.9,9.5
111,1999-10-06,1999-10-05,18,5.9,11.3,1.5,69,5.6,12.1
111,1999-10-06,1999-10-06,18.1,11.7,13.9,0,80,10.4,6.400000000000002
111,1999-10-06,1999-10-07,18.4,12.9,15.1,30.4,89,13.3,5.499999999999998
111,1999-10-06,1999-10-08,17.2,12.6,14.9,1.7,85,12.1,4.6
111,1999-10-06,1999-10-09,15.6,9.1,12,0,84,9.4,6.5
111,1999-10-06,1999-10-10,21.3,8.3,14.3,0,76,9.8,13
111,1999-10-06,1999-10-11,22.5,12,16.7,0,69,11,10.5
111,1999-10-06,1999-10-12,21.3,12.2,16.3,0,74,11.6,9.100000000000001
111,1999-10-06,1999-10-13,27.6,14.6,19.8,0,75,15,13.000000000000002
111,1999-10-06,1999-10-14,19.5,17,18.3,24.9,92,16.9,2.5
111,1999-10-06,1999-10-15,24.6,16.6,20.1,15.3,86,17.7,8
111,1999-10-06,1999-10-16,19.9,14.4,17.4,36.9,97,16.9,5.499999999999998
111,1999-10-06,1999-10-17,20.5,12.6,15.8,0,78,11.4,7.9
111,1999-10-06,1999-10-18,21.6,8.2,15.3,0,68,8.6,13.400000000000002
111,1999-10-06,1999-10-19,23.6,11.4,17.1,0,65,10,12.200000000000001
111,1999-10-06,1999-10-20,24,12,17.9,0,65,10.7,12
111,1999-10-06,1999-10-21,23.8,12,17.7,0,68,11.1,11.8
111,1999-10-06,1999-10-22,22.7,12.5,17.3,0.1,75,12.4,10.2
111,1999-10-06,1999-10-23,24.2,13.3,18.2,0,72,12.5,10.899999999999999
111,1999-10-06,1999-10-24,23.9,13.6,18.1,0,67,11.4,10.299999999999999
111,1999-10-06,1999-10-25,20.5,13.7,17.1,1.9,66,10.6,6.800000000000001
111,1999-10-06,1999-10-26,20.7,13.4,16.8,4,73,11.8,7.299999999999999
111,1999-10-06,1999-10-27,23,14.2,18,1.8,78,13.9,8.8
111,1999-10-06,1999-10-28,25.3,15.3,20,0.5,78,15.8,10
111,1999-10-06,1999-10-29,26.4,15.9,21.1,0.2,77,16.6,10.499999999999998
111,1999-10-06,1999-10-30,26,16.5,21.2,0,70,14.9,9.5
111,1999-10-06,1999-10-31,23.7,14.1,19.1,0,60,10.7,9.6
111,1999-10-06,1999-11-01,25.4,14.7,19.4,0,59,10.9,10.7
111,1999-10-06,1999-11-02,20.7,15.2,17.5,20.6,82,14.3,5.5
111,1999-10-06,1999-11-03,24.4,17.4,20.1,4.1,83,17,7
112,1999-09-16,1999-08-19,21.3,9.7,14.3,0,78,10.2,11.600000000000001
112,1999-09-16,1999-08-20,22.5,11.3,16.2,0,75,11.4,11.2
112,1999-09-16,1999-08-21,24.3,12.5,17.6,0,72,12.3,11.8
112,1999-09-16,1999-08-22,22.2,15.1,18.2,0,67,11.8,7.1
112,1999-09-16,1999-08-23,24.6,13.7,18.2,0,80,14.3,10.900000000000002
112,1999-09-16,1999-08-24,23,13,17.6,0,75,12.7,10
112,1999-09-16,1999-08-25,23.8,13.7,18.2,0,70,12.3,10.100000000000001
112,1999-09-16,1999-08-26,17,10.1,13.6,3.1,78,9.5,6.9
112,1999-09-16,1999-08-27,17.9,10.3,13.2,27.2,86,10.9,7.599999999999998
112,1999-09-16,1999-08-28,20.4,13,16.2,15.3,88,14.1,7.399999999999999
112,1999-09-16,1999-08-29,23.3,10.8,16.1,0,85,13.2,12.5
112,1999-09-16,1999-08-30,27.1,15.1,19.9,0,71,14.3,12.000000000000002
112,1999-09-16,1999-08-31,27.8,19.2,22.8,0,54,12.8,8.600000000000001
112,1999-09-16,1999-09-01,26.6,17.1,21.2,1.9,63,13.8,9.5
112,1999-09-16,1999-09-02,23.6,16.5,19.7,0.6,66,13.1,7.100000000000001
112,1999-09-16,1999-09-03,26,16.5,20,0,70,14.2,9.5
112,1999-09-16,1999-09-04,24.2,15.4,18.9,0.1,81,15.3,8.799999999999999
112,1999-09-16,1999-09-05,20,15.7,17.5,9.3,87,15.3,4.300000000000001
112,1999-09-16,1999-09-06,26.3,15.7,20.2,3,77,15.7,10.600000000000001
112,1999-09-16,1999-09-07,29,20.5,24,0,60,15.6,8.5
112,1999-09-16,1999-09-08,25.6,9.8,17,9.1,77,12.4,15.8
112,1999-09-16,1999-09-09,17,9.6,12.5,0,76,8.2,7.4
112,1999-09-16,1999-09-10,16.5,6.9,11.5,0,73,6.6,9.6
112,1999-09-16,1999-09-11,19.2,8.8,12.9,0,69,7.2,10.399999999999999
112,1999-09-16,1999-09-12,20.7,10.4,15,0,71,9.6,10.299999999999999
112,1999-09-16,1999-09-13,22.4,12.7,16.7,8.1,76,12.3,9.7
112,1999-09-16,1999-09-14,18.6,14.7,16.5,22.7,91,15,3.900000000000002
112,1999-09-16,1999-09-15,14.9,7.3,11.1,4.5,74,6.1,7.6000000000000005
112,1999-09-16,1999-09-16,19.2,5.5,11.9,0,67,5.5,13.7
112,1999-09-16,1999-09-17,22.7,6.7,14.4,0,67,7.7,16
112,1999-09-16,1999-09-18,23.3,10,16,0,61,8.3,13.3
112,1999-09-16,1999-09-19,22,10.3,15.5,0,80,11.8,11.7
112,1999-09-16,1999-09-20,24,12.1,16.9,0,72,11.3,11.9
112,1999-09-16,1999-09-21,24.6,11,17.4,0,70,11.3,13.600000000000001
112,1999-09-16,1999-09-22,20.2,11.1,14.9,0,74,10,9.1
112,1999-09-16,1999-09-23,20.1,10.4,14.4,0,64,7.2,9.700000000000001
112,1999-09-16,1999-09-24,20.6,7.8,13.8,0,60,5.9,12.8
112,1999-09-16,1999-09-25,21.7,8.3,14.7,0,64,7.5,13.399999999999999
112,1999-09-16,1999-09-26,22.4,10.3,16,0,69,9.7,12.099999999999998
112,1999-09-16,1999-09-27,23.4,10.8,16,0.8,74,11,12.599999999999998
112,1999-09-16,1999-09-28,25.4,14.1,18.1,2.8,77,13.8,11.299999999999999
112,1999-09-16,1999-09-29,18.9,12.5,16.1,18.1,91,14.5,6.399999999999999
112,1999-09-16,1999-09-30,23.4,8.1,15.3,0,75,10.4,15.299999999999999
112,1999-09-16,1999-10-01,21.1,9.9,16.3,26.5,92,14.9,11.200000000000001
112,1999-09-16,1999-10-02,11.2,7.6,9.6,32.3,84,6.7,3.5999999999999996
112,1999-09-16,1999-10-03,11.8,4.7,8.1,0,69,2.5,7.1000000000000005
112,1999-09-16,1999-10-04,13.2,3.7,7.7,0,68,1.9,9.5
112,1999-09-16,1999-10-05,18,5.9,11.3,1.5,69,5.6,12.1
112,1999-09-16,1999-10-06,18.1,11.7,13.9,0,80,10.4,6.400000000000002
112,1999-09-16,1999-10-07,18.4,12.9,15.1,30.4,89,13.3,5.499999999999998
112,1999-09-16,1999-10-08,17.2,12.6,14.9,1.7,85,12.1,4.6
112,1999-09-16,1999-10-09,15.6,9.1,12,0,84,9.4,6.5
112,1999-09-16,1999-10-10,21.3,8.3,14.3,0,76,9.8,13
112,1999-09-16,1999-10-11,22.5,12,16.7,0,69,11,10.5
112,1999-09-16,1999-10-12,21.3,12.2,16.3,0,74,11.6,9.100000000000001
112,1999-09-16,1999-10-13,27.6,14.6,19.8,0,75,15,13.000000000000002
112,1999-09-16,1999-10-14,19.5,17,18.3,24.9,92,16.9,2.5
113,1999-10-03,1999-09-05,20,15.7,17.5,9.3,87,15.3,4.300000000000001
113,1999-10-03,1999-09-06,26.3,15.7,20.2,3,77,15.7,10.600000000000001
113,1999-10-03,1999-09-07,29,20.5,24,0,60,15.6,8.5
113,1999-10-03,1999-09-08,25.6,9.8,17,9.1,77,12.4,15.8
113,1999-10-03,1999-09-09,17,9.6,12.5,0,76,8.2,7.4
113,1999-10-03,1999-09-10,16.5,6.9,11.5,0,73,6.6,9.6
113,1999-10-03,1999-09-11,19.2,8.8,12.9,0,69,7.2,10.399999999999999
113,1999-10-03,1999-09-12,20.7,10.4,15,0,71,9.6,10.299999999999999
113,1999-10-03,1999-09-13,22.4,12.7,16.7,8.1,76,12.3,9.7
113,1999-10-03,1999-09-14,18.6,14.7,16.5,22.7,91,15,3.900000000000002
113,1999-10-03,1999-09-15,14.9,7.3,11.1,4.5,74,6.1,7.6000000000000005
113,1999-10-03,1999-09-16,19.2,5.5,11.9,0,67,5.5,13.7
113,1999-10-03,1999-09-17,22.7,6.7,14.4,0,67,7.7,16
113,1999-10-03,1999-09-18,23.3,10,16,0,61,8.3,13.3
113,1999-10-03,1999-09-19,22,10.3,15.5,0,80,11.8,11.7
113,1999-10-03,1999-09-20,24,12.1,16.9,0,72,11.3,11.9
113,1999-10-03,1999-09-21,24.6,11,17.4,0,70,11.3,13.600000000000001
113,1999-10-03,1999-09-22,20.2,11.1,14.9,0,74,10,9.1
113,1999-10-03,1999-09-23,20.1,10.4,14.4,0,64,7.2,9.700000000000001
113,1999-10-03,1999-09-24,20.6,7.8,13.8,0,60,5.9,12.8
113,1999-10-03,1999-09-25,21.7,8.3,14.7,0,64,7.5,13.399999999999999
113,1999-10-03,1999-09-26,22.4,10.3,16,0,69,9.7,12.099999999999998
113,1999-10-03,1999-09-27,23.4,10.8,16,0.8,74,11,12.599999999999998
113,1999-10-03,1999-09-28,25.4,14.1,18.1,2.8,77,13.8,11.299999999999999
113,1999-10-03,1999-09-29,18.9,12.5,16.1,18.1,91,14.5,6.399999999999999
113,1999-10-03,1999-09-30,23.4,8.1,15.3,0,75,10.4,15.299999999999999
113,1999-10-03,1999-10-01,21.1,9.9,16.3,26.5,92,14.9,11.200000000000001
113,1999-10-03,1999-10-02,11.2,7.6,9.6,32.3,84,6.7,3.5999999999999996
113,1999-10-03,1999-10-03,11.8,4.7,8.1,0,69,2.5,7.1000000000000005
113,1999-10-03,1999-10-04,13.2,3.7,7.7,0,68,1.9,9.5
113,1999-10-03,1999-10-05,18,5.9,11.3,1.5,69,5.6,12.1
113,1999-10-03,1999-10-06,18.1,11.7,13.9,0,80,10.4,6.400000000000002
113,1999-10-03,1999-10-07,18.4,12.9,15.1,30.4,89,13.3,5.499999999999998
113,1999-10-03,1999-10-08,17.2,12.6,14.9,1.7,85,12.1,4.6
113,1999-10-03,1999-10-09,15.6,9.1,12,0,84,9.4,6.5
113,1999-10-03,1999-10-10,21.3,8.3,14.3,0,76,9.8,13
113,1999-10-03,1999-10-11,22.5,12,16.7,0,69,11,10.5
113,1999-10-03,1999-10-12,21.3,12.2,16.3,0,74,11.6,9.100000000000001
113,1999-10-03,1999-10-13,27.6,14.6,19.8,0,75,15,13.000000000000002
113,1999-10-03,1999-10-14,19.5,17,18.3,24.9,92,16.9,2.5
113,1999-10-03,1999-10-15,24.6,16.6,20.1,15.3,86,17.7,8
113,1999-10-03,1999-10-16,19.9,14.4,17.4,36.9,97,16.9,5.499999999999998
113,1999-10-03,1999-10-17,20.5,12.6,15.8,0,78,11.4,7.9
113,1999-10-03,1999-10-18,21.6,8.2,15.3,0,68,8.6,13.400000000000002
113,1999-10-03,1999-10-19,23.6,11.4,17.1,0,65,10,12.200000000000001
113,1999-10-03,1999-10-20,24,12,17.9,0,65,10.7,12
113,1999-10-03,1999-10-21,23.8,12,17.7,0,68,11.1,11.8
113,1999-10-03,1999-10-22,22.7,12.5,17.3,0.1,75,12.4,10.2
113,1999-10-03,1999-10-23,24.2,13.3,18.2,0,72,12.5,10.899999999999999
113,1999-10-03,1999-10-24,23.9,13.6,18.1,0,67,11.4,10.299999999999999
113,1999-10-03,1999-10-25,20.5,13.7,17.1,1.9,66,10.6,6.800000000000001
113,1999-10-03,1999-10-26,20.7,13.4,16.8,4,73,11.8,7.299999999999999
113,1999-10-03,1999-10-27,23,14.2,18,1.8,78,13.9,8.8
113,1999-10-03,1999-10-28,25.3,15.3,20,0.5,78,15.8,10
113,1999-10-03,1999-10-29,26.4,15.9,21.1,0.2,77,16.6,10.499999999999998
113,1999-10-03,1999-10-30,26,16.5,21.2,0,70,14.9,9.5
113,1999-10-03,1999-10-31,23.7,14.1,19.1,0,60,10.7,9.6
114,2000-10-07,2000-09-09,23.6,12.2,17.4,0,76,13,11.400000000000002
114,2000-10-07,2000-09-10,21,16.8,18.7,11.8,86,16.4,4.199999999999999
114,2000-10-07,2000-09-11,21,17.3,19.6,27.4,90,17.9,3.6999999999999993
114,2000-10-07,2000-09-12,17.6,13.6,15.9,44.5,93,14.8,4.000000000000002
114,2000-10-07,2000-09-13,15,9.7,11.9,6.8,93,10.8,5.300000000000001
114,2000-10-07,2000-09-14,16.2,9.8,12.7,29.3,96,12.1,6.399999999999999
114,2000-10-07,2000-09-15,15.6,11.4,13.1,1.3,88,11.1,4.199999999999999
114,2000-10-07,2000-09-16,15.4,11.5,13.1,0.1,85,10.5,3.9000000000000004
114,2000-10-07,2000-09-17,17.2,12.3,14.5,1,80,11.2,4.899999999999999
114,2000-10-07,2000-09-18,25.1,13.2,17.8,0.1,81,14.4,11.900000000000002
114,2000-10-07,2000-09-19,24.2,17,19.5,27.5,89,17.5,7.199999999999999
114,2000-10-07,2000-09-20,27.9,16.7,21.6,0,79,17.6,11.2
114,2000-10-07,2000-09-21,25.4,11.6,20.1,22.8,79,16.1,13.799999999999999
114,2000-10-07,2000-09-22,17.2,9.9,13.2,3,75,8.6,7.299999999999999
114,2000-10-07,2000-09-23,23.4,9.9,16.1,20.9,83,13.1,13.499999999999998
114,2000-10-07,2000-09-24,18.2,9.2,13.6,26.6,85,11,9
114,2000-10-07,2000-09-25,10.6,4.5,7.5,0,65,1.1,6.1
114,2000-10-07,2000-09-26,16.9,2.3,9,0,65,2.6,14.599999999999998
114,2000-10-07,2000-09-27,19.9,6.6,12.5,0,68,6.4,13.299999999999999
114,2000-10-07,2000-09-28,22,10,15.3,0,72,9.9,12
114,2000-10-07,2000-09-29,24.5,12.8,17.8,0.2,76,13.3,11.7
114,2000-10-07,2000-09-30,24.6,14.9,19.1,3.2,83,15.9,9.700000000000001
114,2000-10-07,2000-10-01,24.4,15.1,19.2,2.3,85,16.5,9.299999999999999
114,2000-10-07,2000-10-02,25.7,14.1,19.8,0.7,82,16.3,11.6
114,2000-10-07,2000-10-03,28.2,15.9,21.3,2.4,79,17.2,12.299999999999999
114,2000-10-07,2000-10-04,20.1,15.7,18.2,52.6,94,17.3,4.400000000000002
114,2000-10-07,2000-10-05,17.1,10.6,14,0,77,9.5,6.500000000000002
114,2000-10-07,2000-10-06,17.5,7.3,12.2,0,69,6.2,10.2
114,2000-10-07,2000-10-07,20.6,5.6,13.2,0,72,7.7,15.000000000000002
114,2000-10-07,2000-10-08,23.4,9.2,15.9,0,71,10.1,14.2
114,2000-10-07,2000-10-09,27.8,15,19.7,9,71,14.1,12.8
114,2000-10-07,2000-10-10,18.5,13.9,17.1,36.7,97,16.6,4.6
114,2000-10-07,2000-10-11,23,13.8,17.5,28,95,16.7,9.2
114,2000-10-07,2000-10-12,24.5,17.8,19.8,21.7,93,18.7,6.699999999999999
114,2000-10-07,2000-10-13,20.2,17.8,18.9,74.2,96,18.2,2.3999999999999986
114,2000-10-07,2000-10-14,19.2,16.2,17.9,32.6,97,17.4,3
114,2000-10-07,2000-10-15,20.2,15.3,17.7,4.2,86,15.2,4.899999999999999
114,2000-10-07,2000-10-16,24.2,15.4,19.1,8.8,84,16.3,8.799999999999999
114,2000-10-07,2000-10-17,23.2,17.5,19.7,8.8,91,18.3,5.699999999999999
114,2000-10-07,2000-10-18,25.8,15.5,20.5,7.4,87,18.1,10.3
114,2000-10-07,2000-10-19,26.7,17,20.7,18.5,86,18.2,9.7
114,2000-10-07,2000-10-20,25.6,17.5,21.1,3.1,83,17.9,8.100000000000001
114,2000-10-07,2000-10-21,26.2,15.4,20,0,76,15,10.799999999999999
114,2000-10-07,2000-10-22,29.6,15.5,21.8,0,71,16,14.100000000000001
114,2000-10-07,2000-10-23,25.8,18.1,21.3,4.5,86,18.7,7.699999999999999
114,2000-10-07,2000-10-24,23.7,18.2,20,19.6,91,18.5,5.5
114,2000-10-07,2000-10-25,25.3,17.5,20.7,20.3,88,18.4,7.800000000000001
114,2000-10-07,2000-10-26,23.8,18,20.7,14.5,86,18.2,5.800000000000001
114,2000-10-07,2000-10-27,22.1,17.6,19.6,17.7,83,16.2,4.5
114,2000-10-07,2000-10-28,20.3,12.8,16.7,0,72,11.4,7.5
114,2000-10-07,2000-10-29,20,8.5,14.1,0,73,8.8,11.5
114,2000-10-07,2000-10-30,24.8,10.5,17.4,0,70,11.2,14.3
114,2000-10-07,2000-10-31,26.5,13.3,19.9,0,68,13.1,13.2
114,2000-10-07,2000-11-01,27.9,16.3,21.4,0,70,15.3,11.599999999999998
114,2000-10-07,2000-11-02,21.8,17.6,19.8,15.1,81,16.3,4.199999999999999
114,2000-10-07,2000-11-03,21.7,12.7,16.7,0.2,75,11.9,9
114,2000-10-07,2000-11-04,22.9,10.8,16.3,0,73,11.1,12.099999999999998
115,2000-09-03,2000-08-06,19.8,7.2,12.5,0.4,78,8.6,12.600000000000001
115,2000-09-03,2000-08-07,21.4,8.9,14.3,0,82,10.9,12.499999999999998
115,2000-09-03,2000-08-08,22.4,11.4,15.8,0.2,83,12.8,10.999999999999998
115,2000-09-03,2000-08-09,16.7,8.5,14.8,26.2,91,13.3,8.2
115,2000-09-03,2000-08-10,10.5,3.4,6.8,0,76,2.7,7.1
115,2000-09-03,2000-08-11,8.6,1.3,4.8,0,72,-0.1,7.3
115,2000-09-03,2000-08-12,13.2,0.6,6,0,68,0.3,12.6
115,2000-09-03,2000-08-13,14.3,5.9,9.4,0,71,4.3,8.4
115,2000-09-03,2000-08-14,17.6,10.7,13.3,10.2,79,9.7,6.900000000000002
115,2000-09-03,2000-08-15,17.7,11.4,14.7,14.4,89,12.8,6.299999999999999
115,2000-09-03,2000-08-16,17.2,7.5,11.7,0,74,6.7,9.7
115,2000-09-03,2000-08-17,16.9,9.4,12.6,8.6,85,10,7.499999999999998
115,2000-09-03,2000-08-18,19.5,11.2,14.3,0,83,11,8.3
115,2000-09-03,2000-08-19,21.8,9.6,14.3,0,76,9.9,12.200000000000001
115,2000-09-03,2000-08-20,22.9,9.4,15.3,0,76,10.6,13.499999999999998
115,2000-09-03,2000-08-21,24,10.1,16.3,0,75,11.5,13.9
115,2000-09-03,2000-08-22,25.9,12.9,18.8,0,70,12.9,12.999999999999998
115,2000-09-03,2000-08-23,25.6,13.5,19.1,0,61,11.4,12.100000000000001
115,2000-09-03,2000-08-24,25.4,14.8,19.9,0,73,14.7,10.599999999999998
115,2000-09-03,2000-08-25,23.2,16.7,19.6,2.9,65,12.7,6.5
115,2000-09-03,2000-08-26,16.2,10.9,13.8,62.5,95,13,5.299999999999999
115,2000-09-03,2000-08-27,16.2,9.2,12,0.2,84,9.3,7
115,2000-09-03,2000-08-28,14.4,6,10,0,80,6.3,8.4
115,2000-09-03,2000-08-29,15.7,1.4,8.7,0,71,2.7,14.299999999999999
115,2000-09-03,2000-08-30,20.8,4.9,12.1,0,68,5.8,15.9
115,2000-09-03,2000-08-31,17.1,12,14.4,8.7,81,11.2,5.100000000000001
115,2000-09-03,2000-09-01,14.2,6.5,10,0,80,6.7,7.699999999999999
115,2000-09-03,2000-09-02,15.8,6.1,10.9,0,81,7.7,9.700000000000001
115,2000-09-03,2000-09-03,17,8,12,0,76,7.6,9
115,2000-09-03,2000-09-04,17.8,6.8,11.7,0,71,6.2,11
115,2000-09-03,2000-09-05,18.3,7.3,12.4,0,73,7.3,11
115,2000-09-03,2000-09-06,19,8.1,13.5,0,71,7.9,10.9
115,2000-09-03,2000-09-07,21,10.3,14.8,0,72,9.6,10.7
115,2000-09-03,2000-09-08,22.7,11.2,16.2,0,71,10.8,11.5
115,2000-09-03,2000-09-09,23.6,12.2,17.4,0,76,13,11.400000000000002
115,2000-09-03,2000-09-10,21,16.8,18.7,11.8,86,16.4,4.199999999999999
115,2000-09-03,2000-09-11,21,17.3,19.6,27.4,90,17.9,3.6999999999999993
115,2000-09-03,2000-09-12,17.6,13.6,15.9,44.5,93,14.8,4.000000000000002
115,2000-09-03,2000-09-13,15,9.7,11.9,6.8,93,10.8,5.300000000000001
115,2000-09-03,2000-09-14,16.2,9.8,12.7,29.3,96,12.1,6.399999999999999
115,2000-09-03,2000-09-15,15.6,11.4,13.1,1.3,88,11.1,4.199999999999999
115,2000-09-03,2000-09-16,15.4,11.5,13.1,0.1,85,10.5,3.9000000000000004
115,2000-09-03,2000-09-17,17.2,12.3,14.5,1,80,11.2,4.899999999999999
115,2000-09-03,2000-09-18,25.1,13.2,17.8,0.1,81,14.4,11.900000000000002
115,2000-09-03,2000-09-19,24.2,17,19.5,27.5,89,17.5,7.199999999999999
115,2000-09-03,2000-09-20,27.9,16.7,21.6,0,79,17.6,11.2
115,2000-09-03,2000-09-21,25.4,11.6,20.1,22.8,79,16.1,13.799999999999999
115,2000-09-03,2000-09-22,17.2,9.9,13.2,3,75,8.6,7.299999999999999
115,2000-09-03,2000-09-23,23.4,9.9,16.1,20.9,83,13.1,13.499999999999998
115,2000-09-03,2000-09-24,18.2,9.2,13.6,26.6,85,11,9
115,2000-09-03,2000-09-25,10.6,4.5,7.5,0,65,1.1,6.1
115,2000-09-03,2000-09-26,16.9,2.3,9,0,65,2.6,14.599999999999998
115,2000-09-03,2000-09-27,19.9,6.6,12.5,0,68,6.4,13.299999999999999
115,2000-09-03,2000-09-28,22,10,15.3,0,72,9.9,12
115,2000-09-03,2000-09-29,24.5,12.8,17.8,0.2,76,13.3,11.7
115,2000-09-03,2000-09-30,24.6,14.9,19.1,3.2,83,15.9,9.700000000000001
115,2000-09-03,2000-10-01,24.4,15.1,19.2,2.3,85,16.5,9.299999999999999
116,2000-09-24,2000-08-27,16.2,9.2,12,0.2,84,9.3,7
116,2000-09-24,2000-08-28,14.4,6,10,0,80,6.3,8.4
116,2000-09-24,2000-08-29,15.7,1.4,8.7,0,71,2.7,14.299999999999999
116,2000-09-24,2000-08-30,20.8,4.9,12.1,0,68,5.8,15.9
116,2000-09-24,2000-08-31,17.1,12,14.4,8.7,81,11.2,5.100000000000001
116,2000-09-24,2000-09-01,14.2,6.5,10,0,80,6.7,7.699999999999999
116,2000-09-24,2000-09-02,15.8,6.1,10.9,0,81,7.7,9.700000000000001
116,2000-09-24,2000-09-03,17,8,12,0,76,7.6,9
116,2000-09-24,2000-09-04,17.8,6.8,11.7,0,71,6.2,11
116,2000-09-24,2000-09-05,18.3,7.3,12.4,0,73,7.3,11
116,2000-09-24,2000-09-06,19,8.1,13.5,0,71,7.9,10.9
116,2000-09-24,2000-09-07,21,10.3,14.8,0,72,9.6,10.7
116,2000-09-24,2000-09-08,22.7,11.2,16.2,0,71,10.8,11.5
116,2000-09-24,2000-09-09,23.6,12.2,17.4,0,76,13,11.400000000000002
116,2000-09-24,2000-09-10,21,16.8,18.7,11.8,86,16.4,4.199999999999999
116,2000-09-24,2000-09-11,21,17.3,19.6,27.4,90,17.9,3.6999999999999993
116,2000-09-24,2000-09-12,17.6,13.6,15.9,44.5,93,14.8,4.000000000000002
116,2000-09-24,2000-09-13,15,9.7,11.9,6.8,93,10.8,5.300000000000001
116,2000-09-24,2000-09-14,16.2,9.8,12.7,29.3,96,12.1,6.399999999999999
116,2000-09-24,2000-09-15,15.6,11.4,13.1,1.3,88,11.1,4.199999999999999
116,2000-09-24,2000-09-16,15.4,11.5,13.1,0.1,85,10.5,3.9000000000000004
116,2000-09-24,2000-09-17,17.2,12.3,14.5,1,80,11.2,4.899999999999999
116,2000-09-24,2000-09-18,25.1,13.2,17.8,0.1,81,14.4,11.900000000000002
116,2000-09-24,2000-09-19,24.2,17,19.5,27.5,89,17.5,7.199999999999999
116,2000-09-24,2000-09-20,27.9,16.7,21.6,0,79,17.6,11.2
116,2000-09-24,2000-09-21,25.4,11.6,20.1,22.8,79,16.1,13.799999999999999
116,2000-09-24,2000-09-22,17.2,9.9,13.2,3,75,8.6,7.299999999999999
116,2000-09-24,2000-09-23,23.4,9.9,16.1,20.9,83,13.1,13.499999999999998
116,2000-09-24,2000-09-24,18.2,9.2,13.6,26.6,85,11,9
116,2000-09-24,2000-09-25,10.6,4.5,7.5,0,65,1.1,6.1
116,2000-09-24,2000-09-26,16.9,2.3,9,0,65,2.6,14.599999999999998
116,2000-09-24,2000-09-27,19.9,6.6,12.5,0,68,6.4,13.299999999999999
116,2000-09-24,2000-09-28,22,10,15.3,0,72,9.9,12
116,2000-09-24,2000-09-29,24.5,12.8,17.8,0.2,76,13.3,11.7
116,2000-09-24,2000-09-30,24.6,14.9,19.1,3.2,83,15.9,9.700000000000001
116,2000-09-24,2000-10-01,24.4,15.1,19.2,2.3,85,16.5,9.299999999999999
116,2000-09-24,2000-10-02,25.7,14.1,19.8,0.7,82,16.3,11.6
116,2000-09-24,2000-10-03,28.2,15.9,21.3,2.4,79,17.2,12.299999999999999
116,2000-09-24,2000-10-04,20.1,15.7,18.2,52.6,94,17.3,4.400000000000002
116,2000-09-24,2000-10-05,17.1,10.6,14,0,77,9.5,6.500000000000002
116,2000-09-24,2000-10-06,17.5,7.3,12.2,0,69,6.2,10.2
116,2000-09-24,2000-10-07,20.6,5.6,13.2,0,72,7.7,15.000000000000002
116,2000-09-24,2000-10-08,23.4,9.2,15.9,0,71,10.1,14.2
116,2000-09-24,2000-10-09,27.8,15,19.7,9,71,14.1,12.8
116,2000-09-24,2000-10-10,18.5,13.9,17.1,36.7,97,16.6,4.6
116,2000-09-24,2000-10-11,23,13.8,17.5,28,95,16.7,9.2
116,2000-09-24,2000-10-12,24.5,17.8,19.8,21.7,93,18.7,6.699999999999999
116,2000-09-24,2000-10-13,20.2,17.8,18.9,74.2,96,18.2,2.3999999999999986
116,2000-09-24,2000-10-14,19.2,16.2,17.9,32.6,97,17.4,3
116,2000-09-24,2000-10-15,20.2,15.3,17.7,4.2,86,15.2,4.899999999999999
116,2000-09-24,2000-10-16,24.2,15.4,19.1,8.8,84,16.3,8.799999999999999
116,2000-09-24,2000-10-17,23.2,17.5,19.7,8.8,91,18.3,5.699999999999999
116,2000-09-24,2000-10-18,25.8,15.5,20.5,7.4,87,18.1,10.3
116,2000-09-24,2000-10-19,26.7,17,20.7,18.5,86,18.2,9.7
116,2000-09-24,2000-10-20,25.6,17.5,21.1,3.1,83,17.9,8.100000000000001
116,2000-09-24,2000-10-21,26.2,15.4,20,0,76,15,10.799999999999999
116,2000-09-24,2000-10-22,29.6,15.5,21.8,0,71,16,14.100000000000001
117,2001-09-09,2001-08-12,21.6,11.7,16,0,70,10.3,9.900000000000002
117,2001-09-09,2001-08-13,22.6,13.1,17,0,70,11.2,9.500000000000002
117,2001-09-09,2001-08-14,23.7,13.7,18.1,0,67,11.7,10
117,2001-09-09,2001-08-15,23.6,13.6,17.7,0,69,11.6,10.000000000000002
117,2001-09-09,2001-08-16,23.2,13.8,17.8,0,70,11.9,9.399999999999999
117,2001-09-09,2001-08-17,23.1,13.5,17.7,0,73,12.6,9.600000000000001
117,2001-09-09,2001-08-18,24.7,15.1,19.2,0,65,12.2,9.6
117,2001-09-09,2001-08-19,21.8,14.7,17.6,8,79,13.7,7.100000000000001
117,2001-09-09,2001-08-20,17.1,10.9,14.1,6.5,84,11.2,6.200000000000001
117,2001-09-09,2001-08-21,16.4,8.7,11.8,0,77,7.6,7.699999999999999
117,2001-09-09,2001-08-22,16.2,7.2,11,0,71,5.7,9
117,2001-09-09,2001-08-23,17.3,6.2,11.3,0,76,6.9,11.100000000000001
117,2001-09-09,2001-08-24,20,7,13.1,0,73,7.8,13
117,2001-09-09,2001-08-25,23.7,9.2,16.2,0.9,81,12.9,14.5
117,2001-09-09,2001-08-26,26.1,15.4,19.7,0.3,76,15.1,10.700000000000001
117,2001-09-09,2001-08-27,21.7,16.9,19.2,5.8,78,15.3,4.800000000000001
117,2001-09-09,2001-08-28,18,12.8,15.4,27.5,92,14.1,5.199999999999999
117,2001-09-09,2001-08-29,21.2,13.6,16.5,17.2,85,13.9,7.6
117,2001-09-09,2001-08-30,24.2,13.5,18.4,0.1,84,15.4,10.7
117,2001-09-09,2001-08-31,26.9,17.9,21.2,0.7,84,18.3,9
117,2001-09-09,2001-09-01,27.5,17.4,21.9,0,76,17.2,10.100000000000001
117,2001-09-09,2001-09-02,27.6,17.2,21.8,0,74,16.7,10.400000000000002
117,2001-09-09,2001-09-03,26.1,17.1,21.3,0.2,75,16.4,9
117,2001-09-09,2001-09-04,20.7,15.3,18.3,24,93,17.1,5.399999999999999
117,2001-09-09,2001-09-05,17.3,13.4,14.9,2.5,88,12.8,3.9000000000000004
117,2001-09-09,2001-09-06,17.8,13.4,15.2,3.3,82,12,4.4
117,2001-09-09,2001-09-07,22.8,13.3,17.3,0,76,12.9,9.5
117,2001-09-09,2001-09-08,20.3,15.4,17.6,12.1,85,15,4.9
117,2001-09-09,2001-09-09,23.2,13.6,17.5,5,89,15.5,9.6
117,2001-09-09,2001-09-10,14.5,9.2,11.6,13.4,89,9.8,5.300000000000001
117,2001-09-09,2001-09-11,16.4,6.9,11.4,0,79,7.4,9.499999999999998
117,2001-09-09,2001-09-12,17.6,6,11.5,0,76,7.1,11.600000000000001
117,2001-09-09,2001-09-13,18.2,10.9,14.5,21.3,80,11,7.299999999999999
117,2001-09-09,2001-09-14,18.6,12.7,15.3,1.9,83,12.1,5.900000000000002
117,2001-09-09,2001-09-15,13.8,8.1,11.2,0.2,71,5.9,5.700000000000001
117,2001-09-09,2001-09-16,9.9,3.8,6.4,0.2,69,1,6.1000000000000005
117,2001-09-09,2001-09-17,16.2,0.7,7.7,0,73,2.8,15.5
117,2001-09-09,2001-09-18,19.1,7,12.3,0,71,6.8,12.100000000000001
117,2001-09-09,2001-09-19,20,8.9,14,0,71,8.7,11.1
117,2001-09-09,2001-09-20,23.2,12.3,16.9,1.7,74,12.2,10.899999999999999
117,2001-09-09,2001-09-21,21.3,13.3,16.9,0,74,12.1,8
117,2001-09-09,2001-09-22,17,14.8,16,3.2,80,12.5,2.1999999999999993
117,2001-09-09,2001-09-23,21.5,14.3,17.4,1.4,78,13.4,7.199999999999999
117,2001-09-09,2001-09-24,22.5,14.4,18,1.2,81,14.6,8.1
117,2001-09-09,2001-09-25,19.6,16.2,17.7,7.4,91,16.1,3.400000000000002
117,2001-09-09,2001-09-26,16.8,11.7,13.6,3.9,94,12.6,5.100000000000001
117,2001-09-09,2001-09-27,22.1,9.5,15.2,0.3,80,11.4,12.600000000000001
117,2001-09-09,2001-09-28,18.5,13.8,15.8,12.3,87,13.7,4.699999999999999
117,2001-09-09,2001-09-29,18.6,13.3,15.8,11.2,85,13.2,5.300000000000001
117,2001-09-09,2001-09-30,20,14.4,16.8,16.8,88,14.7,5.6
117,2001-09-09,2001-10-01,22.2,16.9,18.5,66.7,91,16.9,5.300000000000001
117,2001-09-09,2001-10-02,16.6,12.4,13.9,3.9,84,11.2,4.200000000000001
117,2001-09-09,2001-10-03,15.5,11.3,13,2.5,85,10.4,4.199999999999999
117,2001-09-09,2001-10-04,16.5,12.1,13.9,0.1,81,10.6,4.4
117,2001-09-09,2001-10-05,18.9,11.3,15.1,0.3,80,11.5,7.599999999999998
117,2001-09-09,2001-10-06,22.8,11.3,16,0,79,12,11.5
117,2001-09-09,2001-10-07,16.6,14.4,15.5,44.6,88,13.5,2.200000000000001
118,2001-09-25,2001-08-28,18,12.8,15.4,27.5,92,14.1,5.199999999999999
118,2001-09-25,2001-08-29,21.2,13.6,16.5,17.2,85,13.9,7.6
118,2001-09-25,2001-08-30,24.2,13.5,18.4,0.1,84,15.4,10.7
118,2001-09-25,2001-08-31,26.9,17.9,21.2,0.7,84,18.3,9
118,2001-09-25,2001-09-01,27.5,17.4,21.9,0,76,17.2,10.100000000000001
118,2001-09-25,2001-09-02,27.6,17.2,21.8,0,74,16.7,10.400000000000002
118,2001-09-25,2001-09-03,26.1,17.1,21.3,0.2,75,16.4,9
118,2001-09-25,2001-09-04,20.7,15.3,18.3,24,93,17.1,5.399999999999999
118,2001-09-25,2001-09-05,17.3,13.4,14.9,2.5,88,12.8,3.9000000000000004
118,2001-09-25,2001-09-06,17.8,13.4,15.2,3.3,82,12,4.4
118,2001-09-25,2001-09-07,22.8,13.3,17.3,0,76,12.9,9.5
118,2001-09-25,2001-09-08,20.3,15.4,17.6,12.1,85,15,4.9
118,2001-09-25,2001-09-09,23.2,13.6,17.5,5,89,15.5,9.6
118,2001-09-25,2001-09-10,14.5,9.2,11.6,13.4,89,9.8,5.300000000000001
118,2001-09-25,2001-09-11,16.4,6.9,11.4,0,79,7.4,9.499999999999998
118,2001-09-25,2001-09-12,17.6,6,11.5,0,76,7.1,11.600000000000001
118,2001-09-25,2001-09-13,18.2,10.9,14.5,21.3,80,11,7.299999999999999
118,2001-09-25,2001-09-14,18.6,12.7,15.3,1.9,83,12.1,5.900000000000002
118,2001-09-25,2001-09-15,13.8,8.1,11.2,0.2,71,5.9,5.700000000000001
118,2001-09-25,2001-09-16,9.9,3.8,6.4,0.2,69,1,6.1000000000000005
118,2001-09-25,2001-09-17,16.2,0.7,7.7,0,73,2.8,15.5
118,2001-09-25,2001-09-18,19.1,7,12.3,0,71,6.8,12.100000000000001
118,2001-09-25,2001-09-19,20,8.9,14,0,71,8.7,11.1
118,2001-09-25,2001-09-20,23.2,12.3,16.9,1.7,74,12.2,10.899999999999999
118,2001-09-25,2001-09-21,21.3,13.3,16.9,0,74,12.1,8
118,2001-09-25,2001-09-22,17,14.8,16,3.2,80,12.5,2.1999999999999993
118,2001-09-25,2001-09-23,21.5,14.3,17.4,1.4,78,13.4,7.199999999999999
118,2001-09-25,2001-09-24,22.5,14.4,18,1.2,81,14.6,8.1
118,2001-09-25,2001-09-25,19.6,16.2,17.7,7.4,91,16.1,3.400000000000002
118,2001-09-25,2001-09-26,16.8,11.7,13.6,3.9,94,12.6,5.100000000000001
118,2001-09-25,2001-09-27,22.1,9.5,15.2,0.3,80,11.4,12.600000000000001
118,2001-09-25,2001-09-28,18.5,13.8,15.8,12.3,87,13.7,4.699999999999999
118,2001-09-25,2001-09-29,18.6,13.3,15.8,11.2,85,13.2,5.300000000000001
118,2001-09-25,2001-09-30,20,14.4,16.8,16.8,88,14.7,5.6
118,2001-09-25,2001-10-01,22.2,16.9,18.5,66.7,91,16.9,5.300000000000001
118,2001-09-25,2001-10-02,16.6,12.4,13.9,3.9,84,11.2,4.200000000000001
118,2001-09-25,2001-10-03,15.5,11.3,13,2.5,85,10.4,4.199999999999999
118,2001-09-25,2001-10-04,16.5,12.1,13.9,0.1,81,10.6,4.4
118,2001-09-25,2001-10-05,18.9,11.3,15.1,0.3,80,11.5,7.599999999999998
118,2001-09-25,2001-10-06,22.8,11.3,16,0,79,12,11.5
118,2001-09-25,2001-10-07,16.6,14.4,15.5,44.6,88,13.5,2.200000000000001
118,2001-09-25,2001-10-08,20.7,14.1,16.4,41.7,84,13.7,6.6
118,2001-09-25,2001-10-09,20.5,14.3,16.9,1,73,11.7,6.199999999999999
118,2001-09-25,2001-10-10,21.3,9.7,15.7,0,71,10,11.600000000000001
118,2001-09-25,2001-10-11,23.7,11.2,17.2,0,75,12.3,12.5
118,2001-09-25,2001-10-12,25.2,14,19,0,78,14.6,11.2
118,2001-09-25,2001-10-13,25.4,15.4,19.4,1.9,82,16.1,9.999999999999998
118,2001-09-25,2001-10-14,26.1,15.8,20,7.2,84,16.9,10.3
118,2001-09-25,2001-10-15,25.6,16.3,20,11.9,85,17.3,9.3
118,2001-09-25,2001-10-16,23.1,16.4,19,23.8,86,16.4,6.700000000000003
118,2001-09-25,2001-10-17,21.5,14.7,18,8.7,86,15.6,6.800000000000001
118,2001-09-25,2001-10-18,23.7,14.9,19.1,1.7,79,15.1,8.799999999999999
118,2001-09-25,2001-10-19,22,16,18.2,10.1,87,15.9,6
118,2001-09-25,2001-10-20,24.6,14.3,19.3,0.2,78,15,10.3
118,2001-09-25,2001-10-21,21.7,15.7,18.2,13.6,88,16.2,6
118,2001-09-25,2001-10-22,17.9,8.9,14,0,74,8.8,8.999999999999998
118,2001-09-25,2001-10-23,19.2,6.6,13.2,0,63,5.6,12.6
119,2001-10-04,2001-09-06,17.8,13.4,15.2,3.3,82,12,4.4
119,2001-10-04,2001-09-07,22.8,13.3,17.3,0,76,12.9,9.5
119,2001-10-04,2001-09-08,20.3,15.4,17.6,12.1,85,15,4.9
119,2001-10-04,2001-09-09,23.2,13.6,17.5,5,89,15.5,9.6
119,2001-10-04,2001-09-10,14.5,9.2,11.6,13.4,89,9.8,5.300000000000001
119,2001-10-04,2001-09-11,16.4,6.9,11.4,0,79,7.4,9.499999999999998
119,2001-10-04,2001-09-12,17.6,6,11.5,0,76,7.1,11.600000000000001
119,2001-10-04,2001-09-13,18.2,10.9,14.5,21.3,80,11,7.299999999999999
119,2001-10-04,2001-09-14,18.6,12.7,15.3,1.9,83,12.1,5.900000000000002
119,2001-10-04,2001-09-15,13.8,8.1,11.2,0.2,71,5.9,5.700000000000001
119,2001-10-04,2001-09-16,9.9,3.8,6.4,0.2,69,1,6.1000000000000005
119,2001-10-04,2001-09-17,16.2,0.7,7.7,0,73,2.8,15.5
119,2001-10-04,2001-09-18,19.1,7,12.3,0,71,6.8,12.100000000000001
119,2001-10-04,2001-09-19,20,8.9,14,0,71,8.7,11.1
119,2001-10-04,2001-09-20,23.2,12.3,16.9,1.7,74,12.2,10.899999999999999
119,2001-10-04,2001-09-21,21.3,13.3,16.9,0,74,12.1,8
119,2001-10-04,2001-09-22,17,14.8,16,3.2,80,12.5,2.1999999999999993
119,2001-10-04,2001-09-23,21.5,14.3,17.4,1.4,78,13.4,7.199999999999999
119,2001-10-04,2001-09-24,22.5,14.4,18,1.2,81,14.6,8.1
119,2001-10-04,2001-09-25,19.6,16.2,17.7,7.4,91,16.1,3.400000000000002
119,2001-10-04,2001-09-26,16.8,11.7,13.6,3.9,94,12.6,5.100000000000001
119,2001-10-04,2001-09-27,22.1,9.5,15.2,0.3,80,11.4,12.600000000000001
119,2001-10-04,2001-09-28,18.5,13.8,15.8,12.3,87,13.7,4.699999999999999
119,2001-10-04,2001-09-29,18.6,13.3,15.8,11.2,85,13.2,5.300000000000001
119,2001-10-04,2001-09-30,20,14.4,16.8,16.8,88,14.7,5.6
119,2001-10-04,2001-10-01,22.2,16.9,18.5,66.7,91,16.9,5.300000000000001
119,2001-10-04,2001-10-02,16.6,12.4,13.9,3.9,84,11.2,4.200000000000001
119,2001-10-04,2001-10-03,15.5,11.3,13,2.5,85,10.4,4.199999999999999
119,2001-10-04,2001-10-04,16.5,12.1,13.9,0.1,81,10.6,4.4
119,2001-10-04,2001-10-05,18.9,11.3,15.1,0.3,80,11.5,7.599999999999998
119,2001-10-04,2001-10-06,22.8,11.3,16,0,79,12,11.5
119,2001-10-04,2001-10-07,16.6,14.4,15.5,44.6,88,13.5,2.200000000000001
119,2001-10-04,2001-10-08,20.7,14.1,16.4,41.7,84,13.7,6.6
119,2001-10-04,2001-10-09,20.5,14.3,16.9,1,73,11.7,6.199999999999999
119,2001-10-04,2001-10-10,21.3,9.7,15.7,0,71,10,11.600000000000001
119,2001-10-04,2001-10-11,23.7,11.2,17.2,0,75,12.3,12.5
119,2001-10-04,2001-10-12,25.2,14,19,0,78,14.6,11.2
119,2001-10-04,2001-10-13,25.4,15.4,19.4,1.9,82,16.1,9.999999999999998
119,2001-10-04,2001-10-14,26.1,15.8,20,7.2,84,16.9,10.3
119,2001-10-04,2001-10-15,25.6,16.3,20,11.9,85,17.3,9.3
119,2001-10-04,2001-10-16,23.1,16.4,19,23.8,86,16.4,6.700000000000003
119,2001-10-04,2001-10-17,21.5,14.7,18,8.7,86,15.6,6.800000000000001
119,2001-10-04,2001-10-18,23.7,14.9,19.1,1.7,79,15.1,8.799999999999999
119,2001-10-04,2001-10-19,22,16,18.2,10.1,87,15.9,6
119,2001-10-04,2001-10-20,24.6,14.3,19.3,0.2,78,15,10.3
119,2001-10-04,2001-10-21,21.7,15.7,18.2,13.6,88,16.2,6
119,2001-10-04,2001-10-22,17.9,8.9,14,0,74,8.8,8.999999999999998
119,2001-10-04,2001-10-23,19.2,6.6,13.2,0,63,5.6,12.6
119,2001-10-04,2001-10-24,24.6,10.3,16.9,0,61,9.1,14.3
119,2001-10-04,2001-10-25,27.2,14.1,20.3,0,66,13.3,13.1
119,2001-10-04,2001-10-26,27,15.2,21,0,65,13.9,11.8
119,2001-10-04,2001-10-27,28.5,16.7,22.2,0,66,15.2,11.8
119,2001-10-04,2001-10-28,29.9,17.9,23.8,0,62,15.6,12
119,2001-10-04,2001-10-29,28.9,19.3,22.5,5.8,76,17.7,9.599999999999998
119,2001-10-04,2001-10-30,23,17.9,20.2,8.6,86,17.6,5.100000000000001
119,2001-10-04,2001-10-31,22.1,12.6,17.8,0,74,12.7,9.500000000000002
119,2001-10-04,2001-11-01,22.1,11.3,16.9,0,72,11.3,10.8
120,2003-08-20,2003-07-23,21.1,14.9,17.6,0,76,13.3,6.200000000000001
120,2003-08-20,2003-07-24,20.8,12.6,16,0.2,85,13.5,8.200000000000001
120,2003-08-20,2003-07-25,18.7,12.5,15,0,91,13.5,6.199999999999999
120,2003-08-20,2003-07-26,21.1,12.5,16.1,0,87,13.8,8.600000000000001
120,2003-08-20,2003-07-27,21,13.7,16.8,0,78,12.8,7.300000000000001
120,2003-08-20,2003-07-28,20.9,12.7,16.2,0,79,12.3,8.2
120,2003-08-20,2003-07-29,21.7,13.5,16.9,0,76,12.6,8.2
120,2003-08-20,2003-07-30,17.3,11,14.2,0,81,10.5,6.300000000000001
120,2003-08-20,2003-07-31,20.2,5.7,12,0,74,6.9,14.5
120,2003-08-20,2003-08-01,22.3,8.2,14.1,0,78,10.1,14.100000000000001
120,2003-08-20,2003-08-02,23.1,12.2,16.6,0,79,12.7,10.900000000000002
120,2003-08-20,2003-08-03,23.3,13.2,16.9,0,77,12.6,10.100000000000001
120,2003-08-20,2003-08-04,23.9,13.9,18,0,70,12.3,9.999999999999998
120,2003-08-20,2003-08-05,20.3,13.4,16.8,5.2,71,11.4,6.9
120,2003-08-20,2003-08-06,14.4,9.6,12.5,0.2,81,9,4.800000000000001
120,2003-08-20,2003-08-07,13.1,4.5,8.3,0,70,3.2,8.6
120,2003-08-20,2003-08-08,17.8,3.4,9.5,0,75,4.7,14.4
120,2003-08-20,2003-08-09,10.8,2,7.2,0.1,71,2.1,8.8
120,2003-08-20,2003-08-10,12.9,2.1,7,0,75,2.8,10.8
120,2003-08-20,2003-08-11,16,3.3,8.5,0,81,5,12.7
120,2003-08-20,2003-08-12,18.3,6.2,11.1,0,72,5.8,12.100000000000001
120,2003-08-20,2003-08-13,20.2,7.3,12.6,0,74,7.6,12.899999999999999
120,2003-08-20,2003-08-14,20.2,9,13.9,1.4,75,9.4,11.2
120,2003-08-20,2003-08-15,15.3,9.8,12.4,9.9,88,10.3,5.5
120,2003-08-20,2003-08-16,11.5,7.2,9.5,0.1,73,4.5,4.3
120,2003-08-20,2003-08-17,13.2,1.7,7.2,0,69,1.5,11.5
120,2003-08-20,2003-08-18,19.6,3.5,10.3,0,68,4,16.1
120,2003-08-20,2003-08-19,21.9,8.8,14.2,0,62,6.6,13.099999999999998
120,2003-08-20,2003-08-20,24.2,10,16,0,66,9.3,14.2
120,2003-08-20,2003-08-21,25.9,13,18.4,0,59,10,12.899999999999999
120,2003-08-20,2003-08-22,26.7,13,18.9,0,57,9.9,13.7
120,2003-08-20,2003-08-23,26.7,13.2,18.8,0,66,11.6,13.5
120,2003-08-20,2003-08-24,18,9.7,13.7,30.6,95,12.8,8.3
120,2003-08-20,2003-08-25,10.5,6.3,8.3,1.8,78,4.2,4.2
120,2003-08-20,2003-08-26,11.4,1.3,7.1,0,66,0.9,10.1
120,2003-08-20,2003-08-27,12.9,1.2,7,0,72,2,11.700000000000001
120,2003-08-20,2003-08-28,9.6,3.7,6.5,0.1,74,1.8,5.8999999999999995
120,2003-08-20,2003-08-29,12,3.5,7.1,0,78,3.4,8.5
120,2003-08-20,2003-08-30,12.4,6.6,8.9,2,87,6.8,5.800000000000001
120,2003-08-20,2003-08-31,16.8,7.4,11.1,0.1,81,7.7,9.4
120,2003-08-20,2003-09-01,19.1,6.6,12,0,80,8.2,12.500000000000002
120,2003-08-20,2003-09-02,20.8,6.4,12.6,0,77,8,14.4
120,2003-08-20,2003-09-03,22.9,9.7,14.8,0,68,8.6,13.2
120,2003-08-20,2003-09-04,23.1,9.9,15.8,0,58,7.2,13.200000000000001
120,2003-08-20,2003-09-05,26.8,13.2,19,0,68,12.5,13.600000000000001
120,2003-08-20,2003-09-06,27.5,15.5,20.8,0,60,12.4,12
120,2003-08-20,2003-09-07,28.6,15.9,20.7,0.1,56,11.4,12.700000000000001
120,2003-08-20,2003-09-08,19.7,16.8,18,19.4,85,15.4,2.8999999999999986
120,2003-08-20,2003-09-09,17.2,8.7,11.5,16.1,96,11,8.5
120,2003-08-20,2003-09-10,11,6.2,8.4,2.1,75,3.6,4.8
120,2003-08-20,2003-09-11,13.6,1.5,7.5,0,63,0.5,12.1
120,2003-08-20,2003-09-12,19.2,5.6,11.5,0,64,4.6,13.6
120,2003-08-20,2003-09-13,15.8,7.6,12,0,76,7.6,8.200000000000001
120,2003-08-20,2003-09-14,17.6,4.1,9.9,0,74,5.2,13.500000000000002
120,2003-08-20,2003-09-15,21,7.8,12.9,2.2,75,8.4,13.2
120,2003-08-20,2003-09-16,13.8,9.3,11.7,1.5,89,9.9,4.5
120,2003-08-20,2003-09-17,18.6,6.9,11.9,0,77,7.5,11.700000000000001
121,2003-10-04,2003-09-06,27.5,15.5,20.8,0,60,12.4,12
121,2003-10-04,2003-09-07,28.6,15.9,20.7,0.1,56,11.4,12.700000000000001
121,2003-10-04,2003-09-08,19.7,16.8,18,19.4,85,15.4,2.8999999999999986
121,2003-10-04,2003-09-09,17.2,8.7,11.5,16.1,96,11,8.5
121,2003-10-04,2003-09-10,11,6.2,8.4,2.1,75,3.6,4.8
121,2003-10-04,2003-09-11,13.6,1.5,7.5,0,63,0.5,12.1
121,2003-10-04,2003-09-12,19.2,5.6,11.5,0,64,4.6,13.6
121,2003-10-04,2003-09-13,15.8,7.6,12,0,76,7.6,8.200000000000001
121,2003-10-04,2003-09-14,17.6,4.1,9.9,0,74,5.2,13.500000000000002
121,2003-10-04,2003-09-15,21,7.8,12.9,2.2,75,8.4,13.2
121,2003-10-04,2003-09-16,13.8,9.3,11.7,1.5,89,9.9,4.5
121,2003-10-04,2003-09-17,18.6,6.9,11.9,0,77,7.5,11.700000000000001
121,2003-10-04,2003-09-18,23.3,7.4,14.6,0,71,8.6,15.9
121,2003-10-04,2003-09-19,25.4,12.6,17.9,0,62,10,12.799999999999999
121,2003-10-04,2003-09-20,21.8,14.8,17.6,2.1,74,12.7,7
121,2003-10-04,2003-09-21,27.6,14.8,19.4,0.9,77,14.8,12.8
121,2003-10-04,2003-09-22,30.3,17,22.8,0,61,14.4,13.3
121,2003-10-04,2003-09-23,30,16.9,22.9,1.2,58,13.7,13.100000000000001
121,2003-10-04,2003-09-24,23.1,15.8,19.7,2.6,83,16.6,7.300000000000001
121,2003-10-04,2003-09-25,23.3,13.2,16.3,7.4,82,13.2,10.100000000000001
121,2003-10-04,2003-09-26,18.6,14.6,16.1,8.5,91,14.5,4.000000000000002
121,2003-10-04,2003-09-27,22,14.2,17.3,0.5,80,13.4,7.800000000000001
121,2003-10-04,2003-09-28,20.9,10.3,15.5,1.1,81,12,10.599999999999998
121,2003-10-04,2003-09-29,17.4,11.1,13.6,0.1,81,10.2,6.299999999999999
121,2003-10-04,2003-09-30,23.6,10,16.1,0,74,10.8,13.600000000000001
121,2003-10-04,2003-10-01,25.6,12.6,18.4,0,72,12.9,13.000000000000002
121,2003-10-04,2003-10-02,24.8,14.3,19.3,0.8,73,14.1,10.5
121,2003-10-04,2003-10-03,27.1,15.9,20.2,1.7,80,16.3,11.200000000000001
121,2003-10-04,2003-10-04,28.6,16.3,21.7,0,74,16.2,12.3
121,2003-10-04,2003-10-05,21.9,18.4,20.1,14.2,82,17,3.5
121,2003-10-04,2003-10-06,20.1,16.4,17.8,9.8,94,16.7,3.700000000000003
121,2003-10-04,2003-10-07,25,15.5,19.4,0.8,75,14.5,9.5
121,2003-10-04,2003-10-08,26.1,16.7,21.3,0.3,75,16.6,9.400000000000002
121,2003-10-04,2003-10-09,21.7,15.5,18.5,24.4,91,17.1,6.199999999999999
121,2003-10-04,2003-10-10,20.6,9.3,14.8,0,71,8.7,11.3
121,2003-10-04,2003-10-11,15,7.3,10.8,10.2,79,7.1,7.7
121,2003-10-04,2003-10-12,18.3,9,12.9,0,71,7.4,9.3
121,2003-10-04,2003-10-13,20.3,6.7,12.9,0,73,7.8,13.600000000000001
121,2003-10-04,2003-10-14,22.6,9.4,15.3,0,70,9.4,13.200000000000001
121,2003-10-04,2003-10-15,23.8,10.8,17,0,68,10.4,13
121,2003-10-04,2003-10-16,25.4,11.5,18.1,0,60,9.5,13.899999999999999
121,2003-10-04,2003-10-17,26.6,12.7,19.6,0,59,10.8,13.900000000000002
121,2003-10-04,2003-10-18,28.8,14.2,21.3,0,53,10.6,14.600000000000001
121,2003-10-04,2003-10-19,22.2,18.4,20.2,9.9,72,14.7,3.8000000000000007
121,2003-10-04,2003-10-20,25.5,15.5,20,0,82,16.3,10
121,2003-10-04,2003-10-21,20.2,17,18.2,73.5,93,17,3.1999999999999993
121,2003-10-04,2003-10-22,20.9,14.6,17.3,0.9,78,12.8,6.299999999999999
121,2003-10-04,2003-10-23,23.8,10.3,16.9,0,66,10,13.5
121,2003-10-04,2003-10-24,27.1,14.6,20.4,0,69,14.2,12.500000000000002
121,2003-10-04,2003-10-25,23,18.5,20.5,6.9,79,16.7,4.5
121,2003-10-04,2003-10-26,21.8,19.3,20.4,22.9,93,19.2,2.5
121,2003-10-04,2003-10-27,20.6,13.3,17.5,0.1,78,13.4,7.300000000000001
121,2003-10-04,2003-10-28,23.7,11.6,17.2,0,67,11,12.1
121,2003-10-04,2003-10-29,25.1,13.9,19.3,0,74,14.2,11.200000000000001
121,2003-10-04,2003-10-30,26.3,15.3,20.7,0,70,14.7,11
121,2003-10-04,2003-10-31,26.6,16,21.4,0.1,69,15.1,10.600000000000001
121,2003-10-04,2003-11-01,20.8,11.5,14.6,8.1,86,12.2,9.3
122,2009-10-02,2009-09-04,19.8,15.9,17.8,5.8,91,16.2,3.9000000000000004
122,2009-10-02,2009-09-05,19.3,8.6,14.1,0,83,11,10.700000000000001
122,2009-10-02,2009-09-06,23.9,10.2,16.3,0.7,82,13,13.7
122,2009-10-02,2009-09-07,21.7,16.9,18.6,15.8,89,16.8,4.800000000000001
122,2009-10-02,2009-09-08,17.5,10.9,13.5,5.2,86,11.1,6.6
122,2009-10-02,2009-09-09,11.9,7.2,9.6,2.3,78,5.9,4.7
122,2009-10-02,2009-09-10,11.7,9.4,10.3,0.2,83,7.6,2.299999999999999
122,2009-10-02,2009-09-11,13.8,9.6,11.8,22.8,92,10.6,4.200000000000001
122,2009-10-02,2009-09-12,16.8,12.6,13.8,15.6,92,12.5,4.200000000000001
122,2009-10-02,2009-09-13,17.4,12.7,14.4,0.4,89,12.5,4.699999999999999
122,2009-10-02,2009-09-14,22.3,12.8,16.3,0,80,12.6,9.5
122,2009-10-02,2009-09-15,26.6,13.4,19,0,80,15.1,13.200000000000001
122,2009-10-02,2009-09-16,27.1,17.7,21.3,1,82,18,9.400000000000002
122,2009-10-02,2009-09-17,22.8,17.6,19.4,5.8,91,17.9,5.199999999999999
122,2009-10-02,2009-09-18,19.5,14.3,17.8,24.7,88,15.7,5.199999999999999
122,2009-10-02,2009-09-19,17.6,10.6,13.7,0,67,7.5,7.000000000000002
122,2009-10-02,2009-09-20,16.8,5,11.3,0,71,5.8,11.8
122,2009-10-02,2009-09-21,21.9,7,13.5,0,73,8.3,14.899999999999999
122,2009-10-02,2009-09-22,22.8,11.9,17.2,0.9,81,13.8,10.9
122,2009-10-02,2009-09-23,17.9,11.4,14.5,3.3,86,12.2,6.499999999999998
122,2009-10-02,2009-09-24,14,7.5,10.5,0,77,6.4,6.5
122,2009-10-02,2009-09-25,22,6.5,13.8,0,71,8.3,15.5
122,2009-10-02,2009-09-26,22.1,13.7,17.8,7.5,78,13.9,8.400000000000002
122,2009-10-02,2009-09-27,25.2,16.7,19.4,57.9,92,18,8.5
122,2009-10-02,2009-09-28,19.2,10.4,13.9,27.6,93,12.8,8.799999999999999
122,2009-10-02,2009-09-29,13.2,6.6,10.2,0,64,3.4,6.6
122,2009-10-02,2009-09-30,18.4,4.9,10.8,0,67,4.5,13.499999999999998
122,2009-10-02,2009-10-01,14.1,12.3,13.2,13,85,10.6,1.799999999999999
122,2009-10-02,2009-10-02,16.7,9.8,13,0,80,9.3,6.899999999999999
122,2009-10-02,2009-10-03,22.6,7.5,14.4,0,74,9.4,15.100000000000001
122,2009-10-02,2009-10-04,28.2,12.3,19.9,0.2,79,15.8,15.899999999999999
122,2009-10-02,2009-10-05,29.7,20.8,24.5,6.8,72,18.9,8.899999999999999
122,2009-10-02,2009-10-06,23,18.4,20.5,21.5,88,18.4,4.600000000000001
122,2009-10-02,2009-10-07,19.5,13.8,16.7,0.9,84,14,5.699999999999999
122,2009-10-02,2009-10-08,18.3,11.1,14.3,0,78,10.3,7.200000000000001
122,2009-10-02,2009-10-09,23.2,9.6,15.7,0,74,10.9,13.6
122,2009-10-02,2009-10-10,25.7,12,18.2,0,74,13,13.7
122,2009-10-02,2009-10-11,24.6,16.1,19.6,33.6,71,14,8.5
122,2009-10-02,2009-10-12,21,12.8,16.8,25.6,72,10.6,8.2
122,2009-10-02,2009-10-13,23.1,7.3,15.5,0,65,8.1,15.8
122,2009-10-02,2009-10-14,25.7,12.7,18.2,7.7,75,13.4,13
122,2009-10-02,2009-10-15,18.3,13.4,15.8,1.2,87,13.7,4.9
122,2009-10-02,2009-10-16,18.9,9.5,13.6,0.6,71,8.4,9.399999999999999
122,2009-10-02,2009-10-17,23.9,10.5,16.4,0,73,11.2,13.399999999999999
122,2009-10-02,2009-10-18,23.4,12.4,17.5,0,77,13.1,10.999999999999998
122,2009-10-02,2009-10-19,26.1,13.7,19.1,0.5,78,14.8,12.400000000000002
122,2009-10-02,2009-10-20,25,12.8,19.1,0,69,12.5,12.2
122,2009-10-02,2009-10-21,26.2,13.6,18.8,2.5,79,14.8,12.6
122,2009-10-02,2009-10-22,24,13.1,18.2,0,79,14.2,10.9
122,2009-10-02,2009-10-23,28.5,13.7,20.7,0,72,14.9,14.8
122,2009-10-02,2009-10-24,21.9,14.6,19.4,41.7,84,16.5,7.299999999999999
122,2009-10-02,2009-10-25,21.6,13.5,16.7,0,78,12.7,8.100000000000001
122,2009-10-02,2009-10-26,22.6,14.6,18.2,1,72,12.5,8.000000000000002
122,2009-10-02,2009-10-27,25,10.2,17,0,70,11.3,14.8
122,2009-10-02,2009-10-28,27.6,15,20.8,0,73,15.4,12.600000000000001
122,2009-10-02,2009-10-29,29.1,17.4,23.3,0,72,17.5,11.700000000000003
122,2009-10-02,2009-10-30,30.8,18.9,24.7,0,66,17.3,11.900000000000002
123,2009-10-08,2009-09-10,9.8,8.2,8.9,4.9,95,8.1,1.6000000000000014
123,2009-10-08,2009-09-11,16.2,9.1,12.5,15.1,95,11.8,7.1
123,2009-10-08,2009-09-12,14.1,13.1,13.8,40.2,97,13.2,1
123,2009-10-08,2009-09-13,17.1,11.1,13.7,1.2,87,11.4,6.000000000000002
123,2009-10-08,2009-09-14,21.8,10.9,15.6,0,80,11.7,10.9
123,2009-10-08,2009-09-15,25.2,12.7,18,0,79,14,12.5
123,2009-10-08,2009-09-16,25.8,15,19.6,1.4,81,16.1,10.8
123,2009-10-08,2009-09-17,24.1,16.5,18.9,3.2,90,17.1,7.600000000000001
123,2009-10-08,2009-09-18,20.2,14.6,16.9,15.7,87,14.8,5.6
123,2009-10-08,2009-09-19,16.9,9.9,12.8,0,72,7.7,6.999999999999998
123,2009-10-08,2009-09-20,15.7,4.5,10.4,0,73,5.4,11.2
123,2009-10-08,2009-09-21,21.6,6.7,13.3,0,73,8.1,14.900000000000002
123,2009-10-08,2009-09-22,20.8,13.1,16.8,2.8,84,14,7.700000000000001
123,2009-10-08,2009-09-23,16.7,10.6,14,14.6,94,13,6.1
123,2009-10-08,2009-09-24,13.5,8,10.3,0.2,77,6.1,5.5
123,2009-10-08,2009-09-25,20.8,6.6,12.9,0,73,7.8,14.200000000000001
123,2009-10-08,2009-09-26,21,12.5,16.4,9.6,77,12.4,8.5
123,2009-10-08,2009-09-27,25.6,16.1,19.1,34.3,90,17.3,9.5
123,2009-10-08,2009-09-28,18.7,10.2,14.7,40.1,94,13.7,8.5
123,2009-10-08,2009-09-29,12.7,6.9,9.6,0,71,4.3,5.799999999999999
123,2009-10-08,2009-09-30,17.6,3.8,9.8,0.2,68,4,13.8
123,2009-10-08,2009-10-01,13.4,10.1,11.8,19.6,90,10.1,3.3000000000000007
123,2009-10-08,2009-10-02,16.5,9.7,12.7,0.1,81,9.2,6.800000000000001
123,2009-10-08,2009-10-03,22.6,6.6,14.1,0,77,9.8,16
123,2009-10-08,2009-10-04,26.6,12.6,19.3,0.3,80,15.5,14.000000000000002
123,2009-10-08,2009-10-05,28.2,17.6,22.3,0,75,17.3,10.599999999999998
123,2009-10-08,2009-10-06,22.3,17.4,19.7,24.7,87,17.5,4.900000000000002
123,2009-10-08,2009-10-07,17.9,13.4,15.6,0.3,89,13.8,4.499999999999998
123,2009-10-08,2009-10-08,17.2,11.8,14.1,0,81,10.8,5.399999999999999
123,2009-10-08,2009-10-09,21.7,11.8,15.8,0.1,75,11.2,9.899999999999999
123,2009-10-08,2009-10-10,23.4,11.4,16.7,0,73,11.4,11.999999999999998
123,2009-10-08,2009-10-11,25.2,12.7,17.9,13.3,71,12.3,12.5
123,2009-10-08,2009-10-12,19,12.6,16,57.8,78,11.6,6.4
123,2009-10-08,2009-10-13,21.7,6.8,14.4,0,67,7.5,14.899999999999999
123,2009-10-08,2009-10-14,24.9,11.4,17.5,8.8,77,13.1,13.499999999999998
123,2009-10-08,2009-10-15,17,12.5,15.4,9,91,13.8,4.5
123,2009-10-08,2009-10-16,18.4,9.3,13,2.5,77,9,9.099999999999998
123,2009-10-08,2009-10-17,22,11.4,16.1,1,77,12,10.6
123,2009-10-08,2009-10-18,21.8,12.8,17.1,0,80,13.4,9
123,2009-10-08,2009-10-19,22.9,13.5,17.7,4.1,84,14.9,9.399999999999999
123,2009-10-08,2009-10-20,23.9,14.1,18.4,0,79,14,9.799999999999999
123,2009-10-08,2009-10-21,25.5,12.8,17.9,5.2,81,14.4,12.7
123,2009-10-08,2009-10-22,22.7,14.1,17.7,0,83,14.5,8.6
123,2009-10-08,2009-10-23,26.7,13,19.5,0,78,15.1,13.7
123,2009-10-08,2009-10-24,20.8,13.7,18.7,39.5,86,16.3,7.100000000000001
123,2009-10-08,2009-10-25,20,12.5,15.7,0,84,13,7.5
123,2009-10-08,2009-10-26,20.5,14.9,17.5,0.5,81,14,5.6
123,2009-10-08,2009-10-27,24.1,11,16.8,0,73,11.8,13.100000000000001
123,2009-10-08,2009-10-28,25.8,12.8,19.1,0,73,13.9,13
123,2009-10-08,2009-10-29,27.2,14.9,20.9,0,74,15.6,12.299999999999999
123,2009-10-08,2009-10-30,28.9,16.5,22.5,0,68,15.8,12.399999999999999
123,2009-10-08,2009-10-31,29.9,16.5,22.9,0,68,16,13.399999999999999
123,2009-10-08,2009-11-01,29.7,17.2,23.3,0,67,16.4,12.5
123,2009-10-08,2009-11-02,31.1,18.3,24.4,0,66,17,12.8
123,2009-10-08,2009-11-03,30.3,21.1,25,0.2,66,18,9.2
123,2009-10-08,2009-11-04,31.3,19.7,25.4,0.8,71,19.3,11.600000000000001
123,2009-10-08,2009-11-05,31.8,21.9,25.9,3.9,71,20.1,9.900000000000002
124,2009-10-20,2009-09-22,20.7,12.9,16,9.1,86,13.7,7.799999999999999
124,2009-10-20,2009-09-23,16.2,10.3,13.9,16.9,96,13.3,5.899999999999999
124,2009-10-20,2009-09-24,13.7,8,10.3,0.1,78,6.3,5.699999999999999
124,2009-10-20,2009-09-25,19.3,6.9,12.5,0,73,7.4,12.4
124,2009-10-20,2009-09-26,20.8,10.4,15,9.3,82,12,10.4
124,2009-10-20,2009-09-27,23.4,15.6,18.4,41.1,91,16.8,7.799999999999999
124,2009-10-20,2009-09-28,19,9.7,14.6,48,95,13.9,9.3
124,2009-10-20,2009-09-29,12,6.2,8.6,0,75,4.1,5.8
124,2009-10-20,2009-09-30,17.2,2.6,9,1.1,69,3.4,14.6
124,2009-10-20,2009-10-01,12.5,8.5,10.3,17.6,92,9,4
124,2009-10-20,2009-10-02,16.1,9,12.4,1.4,84,9.5,7.100000000000001
124,2009-10-20,2009-10-03,22.6,5.4,13.8,0,79,9.8,17.200000000000003
124,2009-10-20,2009-10-04,25.6,13.4,18.8,0,82,15.4,12.200000000000001
124,2009-10-20,2009-10-05,27.1,16.1,20.8,0.1,79,16.8,11
124,2009-10-20,2009-10-06,22.1,16.5,19.4,10.3,86,16.9,5.600000000000001
124,2009-10-20,2009-10-07,17.8,14.6,16.6,0.1,91,15,3.200000000000001
124,2009-10-20,2009-10-08,18.5,12.5,15.1,0,78,11.3,6
124,2009-10-20,2009-10-09,20.7,13.3,16.1,0,77,11.8,7.399999999999999
124,2009-10-20,2009-10-10,22,10.7,15.7,0,74,10.8,11.3
124,2009-10-20,2009-10-11,23.7,11.5,16.5,0.9,73,11.4,12.2
124,2009-10-20,2009-10-12,18.2,12.3,15.4,46.6,83,12.4,5.899999999999999
124,2009-10-20,2009-10-13,21.2,5.1,13.6,0,69,7.4,16.1
124,2009-10-20,2009-10-14,23.8,12.6,17.2,3.4,78,13.1,11.200000000000001
124,2009-10-20,2009-10-15,17.4,12.3,15.5,10.2,92,14.2,5.099999999999998
124,2009-10-20,2009-10-16,15.4,9.4,12.1,2.9,83,9.3,6
124,2009-10-20,2009-10-17,19,10.6,14.2,1.1,84,11.4,8.4
124,2009-10-20,2009-10-18,21.4,12.5,16.3,0.3,83,13.2,8.899999999999999
124,2009-10-20,2009-10-19,20.5,14.2,17.1,2.4,85,14.5,6.300000000000001
124,2009-10-20,2009-10-20,23.3,16.3,18.9,0,79,14.7,7
124,2009-10-20,2009-10-21,24.8,13,17.9,5.7,81,14.3,11.8
124,2009-10-20,2009-10-22,22.7,14.9,18.2,0.9,83,15,7.799999999999999
124,2009-10-20,2009-10-23,25.3,13.1,19,0,80,15.1,12.200000000000001
124,2009-10-20,2009-10-24,21.9,16,18.5,21.7,85,15.9,5.899999999999999
124,2009-10-20,2009-10-25,21.4,12.5,16,0.4,88,13.8,8.899999999999999
124,2009-10-20,2009-10-26,19.6,15,17.2,0.7,85,14.6,4.600000000000001
124,2009-10-20,2009-10-27,23.3,11.9,16.9,0,72,11.6,11.4
124,2009-10-20,2009-10-28,24.6,11.4,17.7,0,75,13,13.200000000000001
124,2009-10-20,2009-10-29,26.6,13.6,19.7,0,75,14.6,13.000000000000002
124,2009-10-20,2009-10-30,28,15.2,21.3,0,70,14.9,12.8
124,2009-10-20,2009-10-31,28.8,15.9,21.8,0,70,15.5,12.9
124,2009-10-20,2009-11-01,28.5,16.8,22.1,0,72,16.3,11.7
124,2009-10-20,2009-11-02,29.9,17.4,23.1,0,71,17.1,12.5
124,2009-10-20,2009-11-03,29.8,19,24.1,0,71,18.1,10.8
124,2009-10-20,2009-11-04,30.4,19.5,24.7,0.6,73,19.1,10.899999999999999
124,2009-10-20,2009-11-05,30.7,20.9,25.1,0,75,20.1,9.8
124,2009-10-20,2009-11-06,27,20.4,23.1,6.4,83,19.9,6.600000000000001
124,2009-10-20,2009-11-07,23.8,18.7,21,24.3,92,19.7,5.100000000000001
124,2009-10-20,2009-11-08,21.3,14.7,17.5,1.5,86,15.1,6.600000000000001
124,2009-10-20,2009-11-09,25.1,15.4,20.1,2.5,78,15.9,9.700000000000001
124,2009-10-20,2009-11-10,22.3,17.6,19.2,8.2,89,17.2,4.699999999999999
124,2009-10-20,2009-11-11,24.7,17.5,20.4,6.8,86,17.8,7.199999999999999
124,2009-10-20,2009-11-12,24.6,18.8,20.9,9.2,87,18.6,5.800000000000001
124,2009-10-20,2009-11-13,26.3,18.6,21.3,10.9,88,19.1,7.699999999999999
124,2009-10-20,2009-11-14,24.4,19.3,21,12.3,91,19.4,5.099999999999998
124,2009-10-20,2009-11-15,24.5,17.2,20.6,9.4,89,18.7,7.300000000000001
124,2009-10-20,2009-11-16,24.3,17.8,20.7,1.3,86,18,6.5
124,2009-10-20,2009-11-17,27.1,16.1,21,0,75,16.1,11
125,2009-10-25,2009-09-27,22.1,14,16.9,40.2,93,15.8,8.100000000000001
125,2009-10-25,2009-09-28,18.1,8.8,13.9,53.3,96,13.3,9.3
125,2009-10-25,2009-09-29,11.3,5.4,7.8,0,75,3.5,5.9
125,2009-10-25,2009-09-30,16.4,1.5,8.1,1.8,70,2.7,14.899999999999999
125,2009-10-25,2009-10-01,11,7.3,9,18.1,94,8.1,3.7
125,2009-10-25,2009-10-02,15.5,8.4,11.8,2.8,84,9,7.1
125,2009-10-25,2009-10-03,21.9,4.4,12.9,0,80,9.1,17.5
125,2009-10-25,2009-10-04,24.5,12.7,17.6,0.1,82,14.1,11.8
125,2009-10-25,2009-10-05,26.2,14.8,19.5,0.6,80,15.6,11.399999999999999
125,2009-10-25,2009-10-06,21.7,15.8,18.5,11,86,16,5.899999999999999
125,2009-10-25,2009-10-07,17.4,13.9,15.8,0.6,91,14.3,3.4999999999999982
125,2009-10-25,2009-10-08,17.7,11.4,14.1,0.3,78,10.3,6.299999999999999
125,2009-10-25,2009-10-09,19.5,12,14.9,0.1,77,10.8,7.5
125,2009-10-25,2009-10-10,20.8,10,14.7,0,74,9.8,10.8
125,2009-10-25,2009-10-11,22.5,10.4,15.4,0,74,10.4,12.1
125,2009-10-25,2009-10-12,17.3,10.8,14.3,41.1,85,11.6,6.5
125,2009-10-25,2009-10-13,20.4,3.8,12.8,0,69,6.7,16.599999999999998
125,2009-10-25,2009-10-14,23.1,11.1,16.1,1.4,78,12,12.000000000000002
125,2009-10-25,2009-10-15,17.1,11.7,14.8,10.7,92,13.5,5.400000000000002
125,2009-10-25,2009-10-16,14.9,8.4,11.5,5.8,83,8.7,6.5
125,2009-10-25,2009-10-17,17.1,9.8,13,1.1,85,10.5,7.300000000000001
125,2009-10-25,2009-10-18,20.4,11.7,15.2,0.5,84,12.3,8.7
125,2009-10-25,2009-10-19,19.2,13.2,16,2.1,86,13.7,6
125,2009-10-25,2009-10-20,22.3,14.9,17.7,0.3,80,13.7,7.4
125,2009-10-25,2009-10-21,24.1,12.1,17.1,6.5,81,13.3,12.000000000000002
125,2009-10-25,2009-10-22,21.8,13.9,17.2,1.3,83,14.2,7.9
125,2009-10-25,2009-10-23,24.5,12.3,18.1,0,80,14.2,12.2
125,2009-10-25,2009-10-24,21.5,15.4,17.7,17.4,86,15.3,6.1
125,2009-10-25,2009-10-25,20.4,11.9,15.2,1,88,13.1,8.499999999999998
125,2009-10-25,2009-10-26,18.8,14.1,16.2,0.6,86,13.7,4.700000000000001
125,2009-10-25,2009-10-27,22.4,10.8,15.9,0,72,10.7,11.599999999999998
125,2009-10-25,2009-10-28,23.7,10.3,16.6,0,76,12.2,13.399999999999999
125,2009-10-25,2009-10-29,25.5,12.7,18.6,0,75,13.4,12.8
125,2009-10-25,2009-10-30,27.1,14.3,20.1,0,71,13.9,12.8
125,2009-10-25,2009-10-31,27.9,14.8,20.8,0,70,14.5,13.099999999999998
125,2009-10-25,2009-11-01,27.7,15.7,21.2,0,70,15.1,12
125,2009-10-25,2009-11-02,29,16.3,22.1,0,72,16.2,12.7
125,2009-10-25,2009-11-03,29,18.2,23,0,73,17.4,10.8
125,2009-10-25,2009-11-04,29.7,18.2,23.7,0,73,18.1,11.5
125,2009-10-25,2009-11-05,29.9,19.7,24.2,0,76,19.4,10.2
125,2009-10-25,2009-11-06,27.3,19.2,22.4,6.1,81,18.9,8.100000000000001
125,2009-10-25,2009-11-07,23,17.8,20.1,24.1,93,18.9,5.199999999999999
125,2009-10-25,2009-11-08,20.5,14.1,16.9,2.2,86,14.4,6.4
125,2009-10-25,2009-11-09,24.2,14.3,19,2.6,78,14.9,9.899999999999999
125,2009-10-25,2009-11-10,21.8,16.4,18.2,8.6,89,16.3,5.400000000000002
125,2009-10-25,2009-11-11,23.7,16.6,19.2,5.6,88,17,7.099999999999998
125,2009-10-25,2009-11-12,23.5,17.8,19.6,6.5,88,17.6,5.699999999999999
125,2009-10-25,2009-11-13,25.2,17.5,20.3,1.5,88,18.1,7.699999999999999
125,2009-10-25,2009-11-14,24.1,18.1,20,10.6,92,18.6,6
125,2009-10-25,2009-11-15,23.9,16.2,19.6,12.9,90,17.9,7.699999999999999
125,2009-10-25,2009-11-16,23,17,19.6,2.3,87,17.1,6
125,2009-10-25,2009-11-17,26.1,15.3,19.9,0,75,15.1,10.8
125,2009-10-25,2009-11-18,26.7,16.9,21.1,0.4,79,17.1,9.8
125,2009-10-25,2009-11-19,28.7,19,22.6,12.4,83,19.4,9.7
125,2009-10-25,2009-11-20,25.1,17,20.7,13.2,90,18.9,8.100000000000001
125,2009-10-25,2009-11-21,21.1,15.6,18.3,7.2,88,16.2,5.500000000000002
125,2009-10-25,2009-11-22,23.5,17,19.8,6.4,89,17.8,6.5
